subject,activity,record,start_sample,start_time,hr_bpm,prediction_model,prediction_raw,prediction_temporal,error_raw_bpm,error_temporal_bpm
s18,run,s18_run,0,2021-01-01 19:27:57.339017,85.9598853868195,86.32554304368436,86.32554304368436,86.32554304368436,0.36565765686486884,0.36565765686486884
s18,run,s18_run,1000,2021-01-01 19:27:59.339017,85.71428571428572,85.96948450845541,85.96948450845541,86.20092255635423,0.2551987941696865,0.4866368420685063
s18,run,s18_run,2000,2021-01-01 19:28:01.339017,84.6262341325811,84.63838182081514,84.63838182081514,85.65403329891555,0.012147688234037446,1.0277991663344466
s18,run,s18_run,3000,2021-01-01 19:28:03.339017,84.6262341325811,85.00863872904048,85.00863872904048,85.42814519945928,0.38240459645938074,0.8019110668781764
s18,run,s18_run,4000,2021-01-01 19:28:05.339017,84.98583569405099,84.31894418308347,84.31894418308347,85.03992484372775,-0.6668915109675169,0.05408914967675571
s18,run,s18_run,5000,2021-01-01 19:28:07.339017,86.20689655172414,85.90496311566086,85.90496311566086,85.34268823890434,-0.3019334360632797,-0.8642083128197982
s18,run,s18_run,6000,2021-01-01 19:28:09.339017,87.46355685131195,88.81933614851079,88.81933614851079,86.5595150072666,1.3557792971988363,-0.9040418440453521
s18,run,s18_run,7000,2021-01-01 19:28:11.339017,91.1854103343465,92.19185231794076,92.19185231794076,88.53083306600256,1.0064419835942573,-2.6545772683439424
s18,run,s18_run,8000,2021-01-01 19:28:13.339017,91.1854103343465,91.45756552140136,91.45756552140136,89.55518942539214,0.27215518705486375,-1.6302209089543567
s18,run,s18_run,9000,2021-01-01 19:28:15.339017,89.02077151335311,89.73942192244665,89.73942192244665,89.61967079936122,0.7186504090935415,0.5988992860081055
s18,run,s18_run,10000,2021-01-01 19:28:17.339017,87.2093023255814,87.5072833948759,87.5072833948759,88.88033520779135,0.29798106929449375,1.6710328822099427
s18,run,s18_run,11000,2021-01-01 19:28:19.339017,87.2093023255814,87.26215893035963,87.26215893035963,88.31397351069025,0.052856604778227734,1.1046711851088418
s18,run,s18_run,12000,2021-01-01 19:28:21.339017,90.9090909090909,89.46555498868787,89.46555498868787,88.71702702798942,-1.4435359204030362,-2.1920638811014896
s18,run,s18_run,13000,2021-01-01 19:28:23.339017,92.0245398773006,92.58276886442441,92.58276886442441,90.07003667074167,0.5582289871238117,-1.9545032065589254
s18,run,s18_run,14000,2021-01-01 19:28:25.339017,92.0245398773006,92.47989713408437,92.47989713408437,90.91348783291161,0.4553572567837705,-1.111052044388984
s18,run,s18_run,15000,2021-01-01 19:28:27.339017,86.70520231213874,89.99774841681294,89.99774841681294,90.59297903727708,3.2925461046742015,3.8877767251383375
s18,run,s18_run,16000,2021-01-01 19:28:29.339017,86.45533141210375,86.25974291092162,86.25974291092162,89.07634639305266,-0.19558850118212945,2.621014980948914
s18,run,s18_run,17000,2021-01-01 19:28:31.339017,86.45533141210375,86.07309445491722,86.07309445491722,88.02520821470526,-0.38223695718652095,1.569876802601513
s18,run,s18_run,18000,2021-01-01 19:28:33.339017,92.5925925925926,88.7526349929492,88.7526349929492,88.27980758709063,-3.839957599643398,-4.312785005501965
s18,run,s18_run,19000,2021-01-01 19:28:35.339017,95.84664536741214,94.93259497882362,94.93259497882362,90.60828317419717,-0.914050388588521,-5.238362193214968
s18,run,s18_run,20000,2021-01-01 19:28:37.339017,95.84664536741214,95.30202133648363,95.30202133648363,92.25109153099743,-0.5446240309285031,-3.595553836414709
s18,run,s18_run,21000,2021-01-01 19:28:39.339017,94.33962264150944,94.07529789802865,94.07529789802865,92.88956375945835,-0.2643247434807847,-1.4500588820510814
s18,run,s18_run,22000,2021-01-01 19:28:41.339017,91.1854103343465,92.44475004186826,92.44475004186826,92.73387895830182,1.259339707521761,1.5484686239553156
s18,run,s18_run,23000,2021-01-01 19:28:43.339017,91.1854103343465,91.76292234861096,91.76292234861096,92.39404414491001,0.5775120142644568,1.2086338105635122
s18,run,s18_run,24000,2021-01-01 19:28:45.339017,94.9367088607595,94.40989625032805,94.40989625032805,93.09959238180633,-0.526812610431449,-1.8371164789531633
s18,run,s18_run,25000,2021-01-01 19:28:47.339017,97.87928221859708,97.50568430096304,97.50568430096304,94.64172455351118,-0.3735979176340436,-3.2375576650859017
s18,run,s18_run,26000,2021-01-01 19:28:49.339017,97.87928221859708,97.76940564687418,97.76940564687418,95.73641293618823,-0.1098765717229071,-2.142869282408853
s18,run,s18_run,27000,2021-01-01 19:28:51.339017,97.0873786407767,95.12529799382501,95.12529799382501,95.52252270636112,-1.9620806469516907,-1.56485593441559
s18,run,s18_run,28000,2021-01-01 19:28:53.339017,89.02077151335311,90.15293059430122,90.15293059430122,93.64316546714015,1.1321590809481137,4.622393953787039
s18,run,s18_run,29000,2021-01-01 19:28:55.339017,88.75739644970413,88.22367915575032,88.22367915575032,91.74634525815371,-0.5337172939538135,2.988948808449578
s18,run,s18_run,30000,2021-01-01 19:28:57.339017,89.02077151335311,88.5004489023304,88.5004489023304,90.61028153361556,-0.5203226110227064,1.589510020262452
s18,run,s18_run,31000,2021-01-01 19:28:59.339017,92.87925696594426,92.0658249484422,92.0658249484422,91.11972172880488,-0.8134320175020662,-1.7595352371393886
s18,run,s18_run,32000,2021-01-01 19:29:01.339017,94.6372239747634,94.1830785059093,94.1830785059093,92.19189660079142,-0.454145468854108,-2.4453273739719776
s18,run,s18_run,33000,2021-01-01 19:29:03.339017,94.6372239747634,94.8384919420773,94.8384919420773,93.11820497024148,0.20126796731389618,-1.5190190045219225
s18,run,s18_run,34000,2021-01-01 19:29:05.339017,93.45794392523364,92.39648210340691,92.39648210340691,92.86560196684937,-1.0614618218267253,-0.5923419583842673
s18,run,s18_run,35000,2021-01-01 19:29:07.339017,89.28571428571428,90.07397697446768,90.07397697446768,91.88853321951578,0.7882626887534059,2.602818933801501
s18,run,s18_run,36000,2021-01-01 19:29:09.339017,87.97653958944281,88.47513150639595,88.47513150639595,90.69384261992384,0.49859191695314564,2.717303030481034
s18,run,s18_run,37000,2021-01-01 19:29:11.339017,87.97653958944281,88.62093677074418,88.62093677074418,89.96832557271097,0.6443971813013718,1.9917859832681586
s18,run,s18_run,38000,2021-01-01 19:29:13.339017,90.9090909090909,90.35447148573013,90.35447148573013,90.10347664226767,-0.5546194233607764,-0.8056142668232411
s18,run,s18_run,39000,2021-01-01 19:29:15.339017,90.9090909090909,90.48165698551811,90.48165698551811,90.23583976240532,-0.4274339235727922,-0.6732511466855868
s18,run,s18_run,40000,2021-01-01 19:29:17.339017,89.28571428571428,89.31602613251995,89.31602613251995,89.91390499194544,0.03031184680567378,0.628190706231166
s18,run,s18_run,41000,2021-01-01 19:29:19.339017,86.45533141210375,86.90072143330285,86.90072143330285,88.85929074642054,0.44539002119910265,2.403959334316795
s18,run,s18_run,42000,2021-01-01 19:29:21.339017,86.45533141210375,85.67449054063955,85.67449054063955,87.7446106743972,-0.7808408714641928,1.289279262293448
s18,run,s18_run,43000,2021-01-01 19:29:23.339017,90.36144578313252,88.53357968090496,88.53357968090496,88.02074982667492,-1.82786610222756,-2.3406959564576084
s18,run,s18_run,44000,2021-01-01 19:29:25.339017,90.36144578313252,89.88947942419384,89.88947942419384,88.67480518580653,-0.4719663589386869,-1.6866405973259901
s18,run,s18_run,45000,2021-01-01 19:29:27.339017,90.09009009009009,89.20944713487938,89.20944713487938,88.86192986798203,-0.8806429552107033,-1.228160222108059
s18,run,s18_run,46000,2021-01-01 19:29:29.339017,87.71929824561403,87.58563694940936,87.58563694940936,88.4152273464816,-0.13366129620466438,0.6959291008675734
s18,run,s18_run,47000,2021-01-01 19:29:31.339017,87.71929824561403,87.06980727970766,87.06980727970766,87.94433032311072,-0.6494909659063666,0.2250320774966923
s18,run,s18_run,48000,2021-01-01 19:29:33.339017,90.9090909090909,89.59953296514517,89.59953296514517,88.52365124782278,-1.3095579439457339,-2.385439661268123
s18,run,s18_run,49000,2021-01-01 19:29:35.339017,91.74311926605505,91.10457929157022,91.10457929157022,89.42697606313439,-0.6385399744848286,-2.3161432029206566
s18,run,s18_run,50000,2021-01-01 19:29:37.339017,91.74311926605505,91.12599805831606,91.12599805831606,90.02163376144797,-0.6171212077389896,-1.7214855046070738
s18,run,s18_run,51000,2021-01-01 19:29:39.339017,89.55223880597015,90.27068928694308,90.27068928694308,90.10880319537125,0.7184504809729333,0.5565643894011032
s18,run,s18_run,52000,2021-01-01 19:29:41.339017,89.55223880597015,89.67011900883578,89.67011900883578,89.95526373008384,0.11788020286563494,0.4030249241136943
s18,run,s18_run,53000,2021-01-01 19:29:43.339017,90.36144578313252,90.38401372086831,90.38401372086831,90.10532622685841,0.02256793773578636,-0.25611955627411476
s18,run,s18_run,54000,2021-01-01 19:29:45.339017,90.36144578313252,90.91598069407112,90.91598069407112,90.38905529038286,0.5545349109385995,0.0276095072503324
s18,run,s18_run,55000,2021-01-01 19:29:47.339017,89.82035928143712,90.37805021792907,90.37805021792907,90.38520351502403,0.5576909364919516,0.5648442335869106
s18,run,s18_run,56000,2021-01-01 19:29:49.339017,86.70520231213874,88.13895286944839,88.13895286944839,89.59901578907255,1.4337505573096507,2.893813476933815
s18,run,s18_run,57000,2021-01-01 19:29:51.339017,86.58008658008659,86.71817838142952,86.71817838142952,88.59072269639749,0.13809180134293797,2.0106361163109057
s18,run,s18_run,58000,2021-01-01 19:29:53.339017,87.3362445414847,87.70600815126096,87.70600815126096,88.2810726055997,0.3697636097762569,0.9448280641150006
s18,run,s18_run,59000,2021-01-01 19:29:55.339017,87.71929824561403,88.31425435251064,88.31425435251064,88.29268621701853,0.5949561068966176,0.5733879714045003
s18,run,s18_run,60000,2021-01-01 19:29:57.339017,87.3362445414847,87.21227530675972,87.21227530675972,87.91454239842794,-0.12396923472498145,0.5782978569432373
s18,run,s18_run,61000,2021-01-01 19:29:59.339017,84.26966292134831,84.9529908318819,84.9529908318819,86.87799935013683,0.6833279105335919,2.608336428788519
s18,run,s18_run,62000,2021-01-01 19:30:01.339017,84.26966292134831,84.8874803659421,84.8874803659421,86.18131770566868,0.6178174445937827,1.911654784320362
s18,run,s18_run,63000,2021-01-01 19:30:03.339017,87.2093023255814,87.31568114147552,87.31568114147552,86.57834490820107,0.1063788158941179,-0.6309574173803298
s18,run,s18_run,64000,2021-01-01 19:30:05.339017,90.09009009009009,90.09480471500535,90.09480471500535,87.80910584058257,0.004714624915266086,-2.2809842495075117
s18,run,s18_run,65000,2021-01-01 19:30:07.339017,90.09009009009009,89.56912209519251,89.56912209519251,88.42511152969605,-0.5209679948975747,-1.664978560394033
s18,run,s18_run,66000,2021-01-01 19:30:09.339017,87.71929824561403,88.40792298909032,88.40792298909032,88.41909554048405,0.6886247434762964,0.6997972948700237
s18,run,s18_run,67000,2021-01-01 19:30:11.339017,87.71929824561403,87.86245891562064,87.86245891562064,88.22427272178186,0.14316067000660837,0.5049744761678312
s18,run,s18_run,68000,2021-01-01 19:30:13.339017,88.49557522123894,87.92101031064023,87.92101031064023,88.1181308778823,-0.5745649105987098,-0.37744434335664323
s18,run,s18_run,69000,2021-01-01 19:30:15.339017,89.55223880597015,89.57672315613635,89.57672315613635,88.6286381752712,0.02448435016620465,-0.9236006306989424
s18,run,s18_run,70000,2021-01-01 19:30:17.339017,90.36144578313252,89.77591473898988,89.77591473898988,89.03018497257274,-0.5855310441426411,-1.3312608105597832
s18,run,s18_run,71000,2021-01-01 19:30:19.339017,90.36144578313252,90.43117901872452,90.43117901872452,89.52053288872585,0.06973323559199684,-0.8409128944066708
s18,run,s18_run,72000,2021-01-01 19:30:21.339017,89.82035928143712,89.7397635889441,89.7397635889441,89.59726363380224,-0.08059569249302001,-0.223095647634878
s18,run,s18_run,73000,2021-01-01 19:30:23.339017,90.36144578313252,90.90282653827511,90.90282653827511,90.05421065036775,0.5413807551425833,-0.30723513276477377
s18,run,s18_run,74000,2021-01-01 19:30:25.339017,92.3076923076923,92.28357884566572,92.28357884566572,90.83448951872204,-0.024113462026591037,-1.4732027889702692
s18,run,s18_run,75000,2021-01-01 19:30:27.339017,92.3076923076923,92.89762323426623,92.89762323426623,91.5565863191625,0.5899309265739276,-0.751105988529801
s18,run,s18_run,76000,2021-01-01 19:30:29.339017,91.74311926605505,92.90806305560936,92.90806305560936,92.0296031769189,1.1649437895543144,0.2864839108638506
s18,run,s18_run,77000,2021-01-01 19:30:31.339017,89.82035928143712,91.20399682440197,91.20399682440197,91.74064095353796,1.3836375429648484,1.9202816721008418
s18,run,s18_run,78000,2021-01-01 19:30:33.339017,89.02077151335311,90.24416581454459,90.24416581454459,91.21687465489029,1.223394301191476,2.1961031415371792
s18,run,s18_run,79000,2021-01-01 19:30:35.339017,89.82035928143712,90.72763945448337,90.72763945448337,91.04564233474787,0.9072801730462459,1.225283053310747
s18,run,s18_run,80000,2021-01-01 19:30:37.339017,94.33962264150944,93.85828201378756,93.85828201378756,92.03006622241176,-0.48134062772187747,-2.3095564190976745
s18,run,s18_run,81000,2021-01-01 19:30:39.339017,94.33962264150944,93.84740678844146,93.84740678844146,92.66613542052215,-0.4922158530679752,-1.6734872209872833
s18,run,s18_run,82000,2021-01-01 19:30:41.339017,88.75739644970413,89.90216849724035,89.90216849724035,91.69874699737352,1.1447720475362217,2.941350547669387
s18,run,s18_run,83000,2021-01-01 19:30:43.339017,88.23529411764706,88.28957821449416,88.28957821449416,90.50553792336575,0.05428409684709834,2.2702438057186924
s18,run,s18_run,84000,2021-01-01 19:30:45.339017,88.75739644970413,89.54301351332465,89.54301351332465,90.16865437985138,0.7856170636205206,1.4112579301472437
s18,run,s18_run,85000,2021-01-01 19:30:47.339017,92.87925696594426,92.5842313646361,92.5842313646361,91.01410632452603,-0.29502560130816846,-1.8651506414182393
s18,run,s18_run,86000,2021-01-01 19:30:49.339017,92.87925696594426,91.04782810805116,91.04782810805116,91.02590894875982,-1.8314288578931013,-1.8533480171844445
s18,run,s18_run,87000,2021-01-01 19:30:51.339017,87.71929824561403,87.1040608287663,87.1040608287663,89.65326210676209,-0.6152374168477337,1.933963861148058
s18,run,s18_run,88000,2021-01-01 19:30:53.339017,83.56545961002786,83.83145502280476,83.83145502280476,87.61562962737702,0.26599541277690264,4.05017001734916
s18,run,s18_run,89000,2021-01-01 19:30:55.339017,83.44923504867873,83.60306070653614,83.60306070653614,86.21123050508271,0.15382565785741065,2.76199545640398
s18,run,s18_run,90000,2021-01-01 19:30:57.339017,86.95652173913044,85.25015898093875,85.25015898093875,85.87485547163233,-1.7063627581916876,-1.0816662674981075
s18,run,s18_run,91000,2021-01-01 19:30:59.339017,92.3076923076923,89.4373879322498,89.4373879322498,87.12174183284844,-2.870304375442501,-5.185950474843864
s18,run,s18_run,92000,2021-01-01 19:31:01.339017,94.9367088607595,94.79012342238752,94.79012342238752,89.80567538918712,-0.14658543837197158,-5.13103347157238
s18,run,s18_run,93000,2021-01-01 19:31:03.339017,95.08716323296356,94.8927317089553,94.8927317089553,91.58614510110598,-0.1944315240082659,-3.5010181318575775
s18,run,s18_run,94000,2021-01-01 19:31:05.339017,94.33962264150944,92.85848630093966,92.85848630093966,92.03146452104778,-1.4811363405697762,-2.3081581204616555
s18,run,s18_run,95000,2021-01-01 19:31:07.339017,89.28571428571428,90.4025711555789,90.4025711555789,91.46135184313367,1.1168568698646197,2.1756375574193925
s18,run,s18_run,96000,2021-01-01 19:31:09.339017,89.28571428571428,90.00540773103062,90.00540773103062,90.9517714038976,0.7196934453163379,1.6660571181833177
s18,run,s18_run,97000,2021-01-01 19:31:11.339017,92.87925696594426,91.51686032855548,91.51686032855548,91.14955252752785,-1.362396637388784,-1.7297044384164195
s18,run,s18_run,98000,2021-01-01 19:31:13.339017,94.9367088607595,93.81617812151809,93.81617812151809,92.08287148542442,-1.1205307392414028,-2.8538373753350754
s18,run,s18_run,99000,2021-01-01 19:31:15.339017,94.9367088607595,92.62262473734683,92.62262473734683,92.27178512359725,-2.3140841234126697,-2.6649237371622405
s18,run,s18_run,100000,2021-01-01 19:31:17.339017,90.09009009009009,89.16036744360903,89.16036744360903,91.18278893560138,-0.9297226464810535,1.0926988455112934
s18,run,s18_run,101000,2021-01-01 19:31:19.339017,82.64462809917356,85.5075645474069,85.5075645474069,89.19646039973331,2.8629364482333415,6.551832300559752
s18,run,s18_run,102000,2021-01-01 19:31:21.339017,82.64462809917356,83.87654560217649,83.87654560217649,87.33449022058844,1.2319175030029328,4.689862121414876
s18,run,s18_run,103000,2021-01-01 19:31:23.339017,83.68200836820084,84.56181073122453,84.56181073122453,86.36405239931106,0.8798023630236855,2.682044031110223
s18,run,s18_run,104000,2021-01-01 19:31:25.339017,87.5912408759124,86.69487436598564,86.69487436598564,86.47984008764716,-0.8963665099267644,-1.111400788265243
s18,run,s18_run,105000,2021-01-01 19:31:27.339017,87.5912408759124,87.64331658625844,87.64331658625844,86.8870568621611,0.0520757103460312,-0.704184013751302
s18,run,s18_run,106000,2021-01-01 19:31:29.339017,87.3362445414847,87.56951953153413,87.56951953153413,87.12591879644165,0.23327499004942354,-0.21032574504305046
s18,run,s18_run,107000,2021-01-01 19:31:31.339017,87.71929824561403,87.50010168254107,87.50010168254107,87.25688280657644,-0.21919656307295554,-0.462415439037585
s18,run,s18_run,108000,2021-01-01 19:31:33.339017,87.71929824561403,88.50705811710019,88.50705811710019,87.69444416525975,0.7877598714861591,-0.024854080354273833
s18,run,s18_run,109000,2021-01-01 19:31:35.339018,87.71929824561403,87.4194822544681,87.4194822544681,87.59820749648267,-0.29981599114593394,-0.12109074913135487
s18,run,s18_run,110000,2021-01-01 19:31:37.339018,85.9598853868195,86.53271951395693,86.53271951395693,87.22528670259867,0.5728341271374404,1.2654013157791724
s18,run,s18_run,111000,2021-01-01 19:31:39.339018,84.1514726507714,84.70167697776718,84.70167697776718,86.34202329890765,0.5502043269957824,2.190550648136252
s18,run,s18_run,112000,2021-01-01 19:31:41.339018,84.1514726507714,84.60948191217572,84.60948191217572,85.73563381355147,0.45800926140432807,1.5841611627800773
s18,run,s18_run,113000,2021-01-01 19:31:43.339018,87.2093023255814,87.08086872868365,87.08086872868365,86.20646603384773,-0.12843359689775014,-1.0028362917336722
s18,run,s18_run,114000,2021-01-01 19:31:45.339018,87.5912408759124,87.87216918439248,87.87216918439248,86.78946213653839,0.2809283084800711,-0.801778739374015
s18,run,s18_run,115000,2021-01-01 19:31:47.339018,88.49557522123894,88.33515289055889,88.33515289055889,87.33045390044556,-0.16042233068004919,-1.165121320793375
s18,run,s18_run,116000,2021-01-01 19:31:49.339018,89.02077151335311,90.00744827953002,90.00744827953002,88.26740193312511,0.9866767661769131,-0.7533695802279965
s18,run,s18_run,117000,2021-01-01 19:31:51.339018,90.36144578313252,90.71888057862613,90.71888057862613,89.12541945905048,0.357434795493603,-1.2360263240820473
s18,run,s18_run,118000,2021-01-01 19:31:53.339018,91.1854103343465,91.47350508917954,91.47350508917954,89.94724942959564,0.2880947548330397,-1.2381609047508562
s18,run,s18_run,119000,2021-01-01 19:31:55.339018,91.1854103343465,91.20061480039432,91.20061480039432,90.38592730937518,0.015204466047819665,-0.7994830249713232
s18,run,s18_run,120000,2021-01-01 19:31:57.339018,90.36144578313252,89.88811160429422,89.88811160429422,90.21169181259684,-0.4733341788383001,-0.1497539705356843
s18,run,s18_run,121000,2021-01-01 19:31:59.339018,89.55223880597015,89.61046207579001,89.61046207579001,90.00126140471446,0.05822326981986237,0.44902259874430683
s18,run,s18_run,122000,2021-01-01 19:32:01.339018,89.82035928143712,90.96218501658514,90.96218501658514,90.3375846688692,1.1418257351480179,0.5172253874320774
s18,run,s18_run,123000,2021-01-01 19:32:03.339018,94.19152276295134,95.36966800497346,95.36966800497346,92.09881383650568,1.1781452420221257,-2.0927089264456527
s18,run,s18_run,124000,2021-01-01 19:32:05.339018,94.19152276295134,90.98370225102606,90.98370225102606,91.70852478158781,-3.207820511925277,-2.482997981363525
s18,run,s18_run,125000,2021-01-01 19:32:07.339018,93.45794392523364,87.2930492193586,87.2930492193586,90.16310833480759,-6.164894705875042,-3.2948355904260467
s18,run,s18_run,126000,2021-01-01 19:32:09.339018,80.75370121130553,83.37873832362362,83.37873832362362,87.7885788308932,2.625037112318097,7.034877619587675
s18,run,s18_run,127000,2021-01-01 19:32:11.339018,80.75370121130553,81.53348053593888,81.53348053593888,85.59929442765919,0.7797793246333526,4.845593216353663
s18,run,s18_run,128000,2021-01-01 19:32:13.339018,84.86562942008487,83.59936767989116,83.59936767989116,84.89932006594037,-1.2662617401937126,0.033690645855500634
s18,run,s18_run,129000,2021-01-01 19:32:15.339018,90.09009009009009,88.99848811248505,88.99848811248505,86.33402888223101,-1.0916019776050376,-3.7560612078590765
s18,run,s18_run,130000,2021-01-01 19:32:17.339018,90.09009009009009,90.48368047223539,90.48368047223539,87.78640693873254,0.3935903821453053,-2.3036831513575464
s18,run,s18_run,131000,2021-01-01 19:32:19.339018,90.09009009009009,90.62043288271806,90.62043288271806,88.77831601912747,0.5303427926279767,-1.3117740709626133
s18,run,s18_run,132000,2021-01-01 19:32:21.339018,87.2093023255814,88.04286132556774,88.04286132556774,88.52090687638157,0.8335589999863373,1.311604550800169
s18,run,s18_run,133000,2021-01-01 19:32:23.339018,86.95652173913044,86.19802974904115,86.19802974904115,87.70789988181242,-0.7584919900892828,0.7513781426819861
s18,run,s18_run,134000,2021-01-01 19:32:25.339018,87.08272859216257,86.96776053589603,86.96776053589603,87.44885111074169,-0.11496805626653384,0.36612251857911815
s18,run,s18_run,135000,2021-01-01 19:32:27.339018,88.49557522123894,87.91647752598415,87.91647752598415,87.61252035607654,-0.5790976952547879,-0.8830548651623928
s18,run,s18_run,136000,2021-01-01 19:32:29.339018,89.82035928143712,90.38059906045697,90.38059906045697,88.58134790260969,0.5602397790198523,-1.2390113788274277
s18,run,s18_run,137000,2021-01-01 19:32:31.339018,90.63444108761328,90.92824969971099,90.92824969971099,89.40276353159516,0.29380861209770615,-1.231677556018127
s18,run,s18_run,138000,2021-01-01 19:32:33.339018,90.7715582450832,91.29529709892033,91.29529709892033,90.06515028015897,0.5237388538371306,-0.7064079649242245
s18,run,s18_run,139000,2021-01-01 19:32:35.339018,90.9090909090909,90.57305022452351,90.57305022452351,90.24291526068656,-0.33604068456739355,-0.666175648404348
s18,run,s18_run,140000,2021-01-01 19:32:37.339018,90.63444108761328,90.97650446697453,90.97650446697453,90.49967148288735,0.34206337936124953,-0.1347696047259319
s18,run,s18_run,141000,2021-01-01 19:32:39.339018,90.63444108761328,90.57658566174894,90.57658566174894,90.5265914454889,-0.057855425864346444,-0.10784964212437842
s18,run,s18_run,142000,2021-01-01 19:32:41.339018,89.55223880597015,90.59268975157146,90.59268975157146,90.5497258526178,1.0404509456013074,0.9974870466476489
s18,run,s18_run,143000,2021-01-01 19:32:43.339018,89.02077151335311,90.11002627336566,90.11002627336566,90.39583099987955,1.089254760012551,1.375059486526439
s18,run,s18_run,144000,2021-01-01 19:32:45.339018,88.36524300441826,88.57612995238779,88.57612995238779,89.75893563325744,0.21088694796952723,1.393692628839176
s18,run,s18_run,145000,2021-01-01 19:32:47.339018,88.49557522123894,88.99007578734926,88.99007578734926,89.48983468718957,0.4945005661103181,0.9942594659506341
s18,run,s18_run,146000,2021-01-01 19:32:49.339018,91.46341463414632,90.80109344026559,90.80109344026559,89.94877525076618,-0.6623211938807287,-1.5146393833801426
s18,run,s18_run,147000,2021-01-01 19:32:51.339018,92.5925925925926,92.77919534358828,92.77919534358828,90.93942228325392,0.18660275099568935,-1.6531703093386767
s18,run,s18_run,148000,2021-01-01 19:32:53.339018,92.0245398773006,92.71071651685197,92.71071651685197,91.55937526501324,0.6861766395513769,-0.46516461228735295
s18,run,s18_run,149000,2021-01-01 19:32:55.339018,90.09009009009009,91.32710961206924,91.32710961206924,91.47808228648285,1.2370195219791498,1.3879921963927586
s18,run,s18_run,150000,2021-01-01 19:32:57.339018,89.82035928143712,89.58331010857081,89.58331010857081,90.81491202421364,-0.2370491728663069,0.99455274277652
s18,run,s18_run,151000,2021-01-01 19:32:59.339018,89.82035928143712,89.88917084597597,89.88917084597597,90.49090261183045,0.06881156453884785,0.670543330393329
s18,run,s18_run,152000,2021-01-01 19:33:01.339018,91.46341463414632,90.83159711684351,90.83159711684351,90.61014568858502,-0.6318175173028067,-0.8532689455612967
s18,run,s18_run,153000,2021-01-01 19:33:03.339018,91.74311926605505,91.57346131201231,91.57346131201231,90.94730615678458,-0.16965795404273365,-0.795813109270469
s18,run,s18_run,154000,2021-01-01 19:33:05.339018,90.9090909090909,90.99908992644245,90.99908992644245,90.96543047616483,0.08999901735154481,0.05633956707391974
s18,run,s18_run,155000,2021-01-01 19:33:07.339018,89.55223880597015,90.14494285145007,90.14494285145007,90.67825980751466,0.5927040454799197,1.1260210015445153
s18,run,s18_run,156000,2021-01-01 19:33:09.339018,89.55223880597015,89.69748219663657,89.69748219663657,90.33498764370734,0.14524339066642256,0.7827488377371878
s18,run,s18_run,157000,2021-01-01 19:33:11.339018,89.82035928143712,89.81949712593365,89.81949712593365,90.15456596248654,-0.0008621555034693529,0.3342066810494231
s18,run,s18_run,158000,2021-01-01 19:33:13.339018,90.09009009009009,90.5656719008275,90.5656719008275,90.29845304090588,0.4755818107374097,0.20836295081579692
s18,run,s18_run,159000,2021-01-01 19:33:15.339018,90.09009009009009,90.74009871332834,90.74009871332834,90.45302902625374,0.65000862323825,0.36293893616365835
s18,run,s18_run,160000,2021-01-01 19:33:17.339018,89.28571428571428,89.70808777654618,89.70808777654618,90.19229958885609,0.4223734908319017,0.9065853031418101
s18,run,s18_run,161000,2021-01-01 19:33:19.339018,89.28571428571428,90.69997514167258,90.69997514167258,90.36998603234186,1.4142608559583039,1.0842717466275786
s18,run,s18_run,162000,2021-01-01 19:33:21.339018,90.9090909090909,90.93268431664065,90.93268431664065,90.56693043184643,0.02359340754973971,-0.3421604772444766
s18,run,s18_run,163000,2021-01-01 19:33:23.339018,90.9090909090909,90.96142395938196,90.96142395938196,90.70500316648386,0.05233305029105395,-0.20408774260704377
s18,run,s18_run,164000,2021-01-01 19:33:25.339018,89.82035928143712,90.30561284220742,90.30561284220742,90.56521655298711,0.48525356077030324,0.7448572715499893
s18,run,s18_run,165000,2021-01-01 19:33:27.339018,89.82035928143712,90.18272377312688,90.18272377312688,90.43134408003604,0.36236449168976037,0.6109847985989205
s18,run,s18_run,166000,2021-01-01 19:33:29.339018,92.87925696594426,91.86758693039742,91.86758693039742,90.93402907766253,-1.0116700355468424,-1.9452278882817353
s18,run,s18_run,167000,2021-01-01 19:33:31.339018,92.87925696594426,92.86605469200559,92.86605469200559,91.6102380426826,-0.013202273938674125,-1.2690189232616689
s18,run,s18_run,168000,2021-01-01 19:33:33.339018,92.3076923076923,92.1376583174329,92.1376583174329,91.7948351388452,-0.17003399025941235,-0.5128571688471055
s18,run,s18_run,169000,2021-01-01 19:33:35.339018,89.02077151335311,89.78386155949802,89.78386155949802,91.09099438607369,0.7630900461449102,2.070222872720578
s18,run,s18_run,170000,2021-01-01 19:33:37.339018,89.02077151335311,88.05257678789627,88.05257678789627,90.02754822671159,-0.9681947254568399,1.0067767133584766
s18,run,s18_run,171000,2021-01-01 19:33:39.339018,89.02077151335311,88.317797608324,88.317797608324,89.42913551027593,-0.7029739050291113,0.4083639969228159
s18,run,s18_run,172000,2021-01-01 19:33:41.339018,90.36144578313252,90.39448713439339,90.39448713439339,89.76700857871704,0.03304135126086294,-0.5944372044154846
s18,run,s18_run,173000,2021-01-01 19:33:43.339018,90.36144578313252,90.65687914501349,90.65687914501349,90.0784632769208,0.295433361880967,-0.2829825062117237
s18,run,s18_run,174000,2021-01-01 19:33:45.339018,91.1854103343465,90.16840224525322,90.16840224525322,90.10994191583715,-1.0170080890932809,-1.0754684185093453
s18,run,s18_run,175000,2021-01-01 19:33:47.339018,91.1854103343465,91.15780383098436,91.15780383098436,90.47669358613868,-0.027606503362136436,-0.70871674820782
s18,run,s18_run,176000,2021-01-01 19:33:49.339018,91.74311926605505,92.22197706632369,92.22197706632369,91.08754280420342,0.4788578002686421,-0.6555764618516235
s18,run,s18_run,177000,2021-01-01 19:33:51.339018,93.75,93.9182963112476,93.9182963112476,92.07830653166889,0.1682963112476017,-1.6716934683311138
s18,run,s18_run,178000,2021-01-01 19:33:53.339018,93.75,93.70510575158235,93.70510575158235,92.6476862586386,-0.04489424841764844,-1.1023137413613995
s18,run,s18_run,179000,2021-01-01 19:33:55.339018,92.0245398773006,92.8720328054633,92.8720328054633,92.72620755002725,0.8474929281627084,0.7016676727266571
s18,run,s18_run,180000,2021-01-01 19:33:57.339018,92.16589861751152,92.06364060030154,92.06364060030154,92.49430911762326,-0.10225801720997652,0.3284105001117439
s18,run,s18_run,181000,2021-01-01 19:33:59.339018,92.7357032457496,93.12684634292758,93.12684634292758,92.71569714647977,0.3911430971779737,-0.02000609926983543
s18,run,s18_run,182000,2021-01-01 19:34:01.339018,95.84664536741214,94.34713294223383,94.34713294223383,93.28669967499368,-1.4995124251783096,-2.5599456924184523
s18,run,s18_run,183000,2021-01-01 19:34:03.339018,96.15384615384616,95.94159925840776,95.94159925840776,94.21591452918861,-0.2122468954383976,-1.9379316246575513
s18,run,s18_run,184000,2021-01-01 19:34:05.339018,96.15384615384616,96.00653346197959,96.00653346197959,94.84263115566546,-0.14731269186657414,-1.3112149981807022
s18,run,s18_run,185000,2021-01-01 19:34:07.339018,94.04388714733544,93.45214031004606,93.45214031004606,94.35595935969867,-0.5917468372893779,0.31207221236323335
s18,run,s18_run,186000,2021-01-01 19:34:09.339018,93.89671361502349,93.67818782947833,93.67818782947833,94.11873932412155,-0.2185257855451539,0.2220257090980624
s18,run,s18_run,187000,2021-01-01 19:34:11.339018,94.04388714733544,93.37104181955206,93.37104181955206,93.85704519752223,-0.6728453277833779,-0.18684194981321411
s18,run,s18_run,188000,2021-01-01 19:34:13.339018,94.33962264150944,93.42419241138472,93.42419241138472,93.7055467223741,-0.9154302301247128,-0.6340759191353413
s18,run,s18_run,189000,2021-01-01 19:34:15.339018,94.48818897637796,94.7223699554892,94.7223699554892,94.06143485396439,0.23418097911124391,-0.4267541224135698
s18,run,s18_run,190000,2021-01-01 19:34:17.339018,94.33962264150944,93.70580547243192,93.70580547243192,93.93696457042802,-0.633817169077517,-0.4026580710814187
s18,run,s18_run,191000,2021-01-01 19:34:19.339018,91.46341463414632,92.24297377808944,92.24297377808944,93.34406779310952,0.7795591439431178,1.8806531589631987
s18,run,s18_run,192000,2021-01-01 19:34:21.339018,91.46341463414632,92.11839019365031,92.11839019365031,92.9150806332988,0.6549755595039954,1.4516659991524818
s18,run,s18_run,193000,2021-01-01 19:34:23.339018,95.54140127388536,93.55920925615169,93.55920925615169,93.14052565129731,-1.9821920177336665,-2.400875622588046
s18,run,s18_run,194000,2021-01-01 19:34:25.339018,97.7198697068404,97.69245098193214,97.69245098193214,94.7336995170195,-0.027418724908258696,-2.9861701898208963
s18,run,s18_run,195000,2021-01-01 19:34:27.339018,97.7198697068404,97.28819404109338,97.28819404109338,95.62777260044535,-0.4316756657470222,-2.0920971063950446
s18,run,s18_run,196000,2021-01-01 19:34:29.339018,96.61835748792272,95.87976947879959,95.87976947879959,95.71597150786934,-0.7385880091231343,-0.9023859800533813
s18,run,s18_run,197000,2021-01-01 19:34:31.339018,93.75,94.1569183088503,94.1569183088503,95.17030288821267,0.4069183088502939,1.4203028882126745
s18,run,s18_run,198000,2021-01-01 19:34:33.339018,93.45794392523364,93.18892290871474,93.18892290871474,94.4768198953884,-0.26902101651889154,1.0188759701547667
s18,run,s18_run,199000,2021-01-01 19:34:35.339018,93.45794392523364,93.65892344367903,93.65892344367903,94.19055613729012,0.20097951844539352,0.7326122120564804
s18,run,s18_run,200000,2021-01-01 19:34:37.339018,93.45794392523364,93.48659193044485,93.48659193044485,93.94416866489428,0.028648005211209693,0.48622473966064206
s18,run,s18_run,201000,2021-01-01 19:34:39.339018,93.45794392523364,93.71756425474531,93.71756425474531,93.86485712134214,0.2596203295116766,0.40691319610850485
s18,run,s18_run,202000,2021-01-01 19:34:41.339018,94.33962264150944,94.77267056815576,94.77267056815576,94.18259182772691,0.4330479266463243,-0.15703081378252648
s18,run,s18_run,203000,2021-01-01 19:34:43.339018,94.9367088607595,95.61858897776243,95.61858897776243,94.68519083023935,0.6818801170029332,-0.25151803052014543
s18,run,s18_run,204000,2021-01-01 19:34:45.339018,94.9367088607595,95.44309383859631,95.44309383859631,94.95045688316429,0.5063849778368166,0.013748022404797666
s18,run,s18_run,205000,2021-01-01 19:34:47.339018,94.33962264150944,94.03746087314761,94.03746087314761,94.63090827965846,-0.3021617683618274,0.2912856381490201
s18,run,s18_run,206000,2021-01-01 19:34:49.339018,94.19152276295134,94.43040813942221,94.43040813942221,94.56073323057578,0.2388853764708756,0.3692104676244412
s18,run,s18_run,207000,2021-01-01 19:34:51.339018,93.45794392523364,94.15971020798467,94.15971020798467,94.42037517266888,0.7017662827510378,0.9624312474352479
s18,run,s18_run,208000,2021-01-01 19:34:53.339018,93.16770186335404,91.30637297543886,91.30637297543886,93.33047440363838,-1.8613288879151781,0.16277254028433674
s18,run,s18_run,209000,2021-01-01 19:34:55.339018,86.20689655172414,87.99166893519997,87.99166893519997,91.46189248968493,1.7847723834758256,5.254995937960786
s18,run,s18_run,210000,2021-01-01 19:34:57.339018,85.83690987124464,86.65236323259873,86.65236323259873,89.77855724970476,0.8154533613540877,3.941647378460118
s18,run,s18_run,211000,2021-01-01 19:34:59.339018,87.46355685131195,87.49222028181023,87.49222028181023,88.97833931094168,0.028663430498284015,1.5147824596297284
s18,run,s18_run,212000,2021-01-01 19:35:01.339018,87.46355685131195,87.93391869034994,87.93391869034994,88.61279209373457,0.47036183903799156,1.1492352424226198
s18,run,s18_run,213000,2021-01-01 19:35:03.339018,85.71428571428572,87.04385122506446,87.04385122506446,88.06366278970003,1.3295655107787354,2.34937707541431
s18,run,s18_run,214000,2021-01-01 19:35:05.339018,85.71428571428572,85.50275566905528,85.50275566905528,87.16734529747437,-0.21153004523044672,1.4530595831886473
s18,run,s18_run,215000,2021-01-01 19:35:07.339018,86.70520231213874,85.90978559192233,85.90978559192233,86.72719940053115,-0.7954167202164086,0.021997088392410546
s18,run,s18_run,216000,2021-01-01 19:35:09.339018,88.23529411764706,88.31106246553855,88.31106246553855,87.28155147328374,0.075768347891497,-0.9537426443633166
s18,run,s18_run,217000,2021-01-01 19:35:11.339018,88.23529411764706,89.0259872795098,89.0259872795098,87.89210400546287,0.7906931618627482,-0.34319011218418893
s18,run,s18_run,218000,2021-01-01 19:35:13.339018,89.28571428571428,89.54252938147853,89.54252938147853,88.46975288706835,0.256815095764253,-0.8159613986459249
s18,run,s18_run,219000,2021-01-01 19:35:15.339018,89.55223880597015,89.68147802263513,89.68147802263513,88.89385668451672,0.12923921666498472,-0.6583821214534282
s18,run,s18_run,220000,2021-01-01 19:35:17.339018,89.82035928143712,90.62057638183606,90.62057638183606,89.49820857857848,0.8002171003989389,-0.3221507028586359
s18,run,s18_run,221000,2021-01-01 19:35:19.339018,90.63444108761328,90.68695021360368,90.68695021360368,89.9142681508373,0.052509125990397365,-0.720172936775981
s18,run,s18_run,222000,2021-01-01 19:35:21.339018,91.74311926605505,91.26731584550556,91.26731584550556,90.38783484397119,-0.4758034205494823,-1.3552844220838551
s18,run,s18_run,223000,2021-01-01 19:35:23.339018,91.74311926605505,92.13333484129362,92.13333484129362,90.99875984303404,0.390215575238571,-0.7443594230210095
s18,run,s18_run,224000,2021-01-01 19:35:25.339018,92.3076923076923,92.47453442905163,92.47453442905163,91.5152809481402,0.16684212135932341,-0.792411359552105
s18,run,s18_run,225000,2021-01-01 19:35:27.339018,92.3076923076923,92.35792018857774,92.35792018857774,91.81020468229335,0.050227880885429954,-0.49748762539896063
s18,run,s18_run,226000,2021-01-01 19:35:29.339018,92.0245398773006,92.23998169012135,92.23998169012135,91.96062663503315,0.2154418128207567,-0.06391324226744644
s18,run,s18_run,227000,2021-01-01 19:35:31.339018,92.0245398773006,92.39979163966754,92.39979163966754,92.11433438665519,0.37525176236694335,0.08979450935458999
s18,run,s18_run,228000,2021-01-01 19:35:33.339018,91.74311926605505,92.13142847233901,92.13142847233901,92.12031731664453,0.3883092062839637,0.3771980505894845
s18,run,s18_run,229000,2021-01-01 19:35:35.339018,91.74311926605505,92.15097150187458,92.15097150187458,92.13104628147505,0.4078522358195329,0.3879270154200043
s18,run,s18_run,230000,2021-01-01 19:35:37.339018,90.9090909090909,90.97846583490325,90.97846583490325,91.72764312517492,0.0693749258123404,0.8185522160840151
s18,run,s18_run,231000,2021-01-01 19:35:39.339018,89.02077151335311,89.64670521371697,89.64670521371697,90.99931485616463,0.6259337003638592,1.9785433428115198
s18,run,s18_run,232000,2021-01-01 19:35:41.339018,87.71929824561403,88.39206761059782,88.39206761059782,90.08677832021625,0.6727693649837931,2.367480074602227
s18,run,s18_run,233000,2021-01-01 19:35:43.339018,88.49557522123894,87.88870534190278,87.88870534190278,89.31745277780654,-0.6068698793361591,0.8218775565675998
s18,run,s18_run,234000,2021-01-01 19:35:45.339018,88.75739644970413,88.0501756422723,88.0501756422723,88.87390578036955,-0.7072208074318382,0.1165093306654228
s18,run,s18_run,235000,2021-01-01 19:35:47.339018,88.75739644970413,88.4798740356891,88.4798740356891,88.7359946697314,-0.2775224140150385,-0.021401779972734403
s18,run,s18_run,236000,2021-01-01 19:35:49.339018,88.75739644970413,89.24579837665286,89.24579837665286,88.9144259671539,0.4884019269487254,0.15702951744977156
s18,run,s18_run,237000,2021-01-01 19:35:51.339018,89.02077151335311,89.33110493983581,89.33110493983581,89.06026360759257,0.3103334264826998,0.03949209423946343
s18,run,s18_run,238000,2021-01-01 19:35:53.339018,91.46341463414632,90.51582962479897,90.51582962479897,89.56971171361482,-0.9475850093473497,-1.8937029205314957
s18,sit,s18_sit,0,2021-01-01 19:47:38.631051,74.62686567164178,74.7073886702096,74.7073886702096,74.7073886702096,0.08052299856781531,0.08052299856781531
s18,sit,s18_sit,1000,2021-01-01 19:47:40.631051,74.07407407407408,74.18010603905238,74.18010603905238,74.52283974930457,0.1060319649782997,0.44876567523049005
s18,sit,s18_sit,2000,2021-01-01 19:47:42.631051,74.62686567164178,74.7370437399649,74.7370437399649,74.59781114603568,0.1101780683231226,-0.029054525606099446
s18,sit,s18_sit,3000,2021-01-01 19:47:44.631051,74.25742574257426,74.1982581076108,74.1982581076108,74.45796758258697,-0.05916763496345823,0.20054184001271835
s18,sit,s18_sit,4000,2021-01-01 19:47:46.631051,75.0,75.33455310612328,75.33455310612328,74.76477251582469,0.3345531061232805,-0.23522748417531147
s18,sit,s18_sit,5000,2021-01-01 19:47:48.631051,78.74015748031496,78.86813347390542,78.86813347390542,76.20094885115294,0.12797599359045364,-2.539208629162019
s18,sit,s18_sit,6000,2021-01-01 19:47:50.631051,78.74015748031496,79.23628791991982,79.23628791991982,77.26331752522135,0.4961304396048547,-1.4768399550936095
s18,sit,s18_sit,7000,2021-01-01 19:47:52.631051,78.32898172323759,78.9640308857091,78.9640308857091,77.85856720139206,0.6350491624715033,-0.4704145218455267
s18,sit,s18_sit,8000,2021-01-01 19:47:54.631051,76.92307692307692,77.3204811138627,77.3204811138627,77.67023707075678,0.39740419078577816,0.7471601476798639
s18,sit,s18_sit,9000,2021-01-01 19:47:56.631051,76.53061224489795,75.96636240489201,75.96636240489201,77.07388093770412,-0.5642498400059424,0.5432686928061656
s18,sit,s18_sit,10000,2021-01-01 19:47:58.631051,75.56675062972292,74.15307821682121,74.15307821682121,76.0515999853951,-1.413672412901704,0.484849355672182
s18,sit,s18_sit,11000,2021-01-01 19:48:00.631051,70.6713780918728,71.57546190052913,71.57546190052913,74.48495165569202,0.9040838086563383,3.8135735638192187
s18,sit,s18_sit,12000,2021-01-01 19:48:02.631051,71.59904534606206,70.80123391079454,70.80123391079454,73.1956504449779,-0.7978114352675192,1.5966050989158447
s18,sit,s18_sit,13000,2021-01-01 19:48:04.631051,73.89162561576354,73.23275694963147,73.23275694963147,73.20863772160665,-0.6588686661320793,-0.682987894156895
s18,sit,s18_sit,14000,2021-01-01 19:48:06.631051,78.74015748031496,78.01540177663274,78.01540177663274,74.89100514086579,-0.7247557036822201,-3.8491523394491765
s18,sit,s18_sit,15000,2021-01-01 19:48:08.631051,80.4289544235925,80.53911653632672,80.53911653632672,76.8678441292771,0.11016211273421561,-3.561110294315398
s18,sit,s18_sit,16000,2021-01-01 19:48:10.631051,81.9672131147541,81.8635583695229,81.8635583695229,78.61634411336314,-0.10365474523119644,-3.3508690013909614
s18,sit,s18_sit,17000,2021-01-01 19:48:12.631051,81.9672131147541,81.94474619446935,81.94474619446935,79.7812848417503,-0.022466920284756497,-2.185928273003796
s18,sit,s18_sit,18000,2021-01-01 19:48:14.631051,81.08108108108108,80.78904012507599,80.78904012507599,80.1339991909143,-0.2920409560050956,-0.9470818901667855
s18,sit,s18_sit,19000,2021-01-01 19:48:16.631051,76.62835249042145,77.51800388202287,77.51800388202287,79.2184008328023,0.8896513916014186,2.590048342380854
s18,sit,s18_sit,20000,2021-01-01 19:48:18.631051,75.56675062972292,76.36588185018607,76.36588185018607,78.22001918888662,0.7991312204631527,2.653268559163706
s18,sit,s18_sit,21000,2021-01-01 19:48:20.631051,77.12082262210797,76.40089970974557,76.40089970974557,77.58332737118727,-0.7199229123623923,0.46250474907930084
s18,sit,s18_sit,22000,2021-01-01 19:48:22.631051,77.12082262210797,76.78697756644537,76.78697756644537,77.3046049395276,-0.3338450556625929,0.18378231741962736
s18,sit,s18_sit,23000,2021-01-01 19:48:24.631051,77.12082262210797,75.78545095161888,75.78545095161888,76.77290104375955,-1.3353716704890815,-0.3479215783484193
s18,sit,s18_sit,24000,2021-01-01 19:48:26.631051,74.44168734491315,73.7159956156187,73.7159956156187,75.70298414391024,-0.7256917292944536,1.261296798997094
s18,sit,s18_sit,25000,2021-01-01 19:48:28.631051,72.46376811594203,73.19423260790535,73.19423260790535,74.82492110630852,0.7304644919633176,2.3611529903664916
s18,sit,s18_sit,26000,2021-01-01 19:48:30.631051,73.34963325183375,73.62198196165784,73.62198196165784,74.40389240568078,0.27234870982408665,1.0542591538470276
s18,sit,s18_sit,27000,2021-01-01 19:48:32.631052,76.14213197969544,75.81950226810493,75.81950226810493,74.89935585752923,-0.32262971159050835,-1.2427761221662053
s18,sit,s18_sit,28000,2021-01-01 19:48:34.631052,76.14213197969544,76.46830041702789,76.46830041702789,75.44848645335375,0.3261684373324556,-0.6936455263416832
s18,sit,s18_sit,29000,2021-01-01 19:48:36.631052,74.25742574257426,75.92750248150168,75.92750248150168,75.61614206320553,1.6700767389274205,1.3587163206312738
s18,sit,s18_sit,30000,2021-01-01 19:48:38.631052,73.89162561576354,73.45221123015108,73.45221123015108,74.85876627163648,-0.4394143856124657,0.9671406558729387
s18,sit,s18_sit,31000,2021-01-01 19:48:40.631052,72.90400972053463,72.89127043423458,72.89127043423458,74.17014272854581,-0.012739286300046615,1.266133008011181
s18,sit,s18_sit,32000,2021-01-01 19:48:42.631052,72.46376811594203,72.80876301365153,72.80876301365153,73.69365982833281,0.34499489770949765,1.2298917123907813
s18,sit,s18_sit,33000,2021-01-01 19:48:44.631052,73.34963325183375,73.2422593748662,73.2422593748662,73.5356696696195,-0.10737387696755718,0.18603641778574342
s18,sit,s18_sit,34000,2021-01-01 19:48:46.631052,72.81553398058253,73.21845745831166,73.21845745831166,73.42464539566176,0.4029234777291322,0.6091114150792265
s18,sit,s18_sit,35000,2021-01-01 19:48:48.631052,72.28915662650603,72.44099647644349,72.44099647644349,73.08036827393536,0.1518398499374598,0.7912116474293356
s18,sit,s18_sit,36000,2021-01-01 19:48:50.631052,72.81553398058253,72.5362441131806,72.5362441131806,72.88992481767119,-0.2792898674019284,0.07439083708865724
s18,sit,s18_sit,37000,2021-01-01 19:48:52.631052,73.17073170731707,72.73378070891458,72.73378070891458,72.83527437960637,-0.4369509984024944,-0.33545732771069936
s18,sit,s18_sit,38000,2021-01-01 19:48:54.631052,73.34963325183375,73.41426562034421,73.41426562034421,73.03792131386462,0.06463236851045906,-0.311711937969136
s18,sit,s18_sit,39000,2021-01-01 19:48:56.631052,73.34963325183375,73.45984747242004,73.45984747242004,73.18559546935901,0.11021422058628616,-0.1640377824747361
s18,sit,s18_sit,40000,2021-01-01 19:48:58.631052,72.81553398058253,73.07759524264745,73.07759524264745,73.14779539000996,0.2620612620649183,0.33226140942743143
s18,sit,s18_sit,41000,2021-01-01 19:49:00.631052,71.94244604316548,72.09982361786058,72.09982361786058,72.78100526975769,0.15737757469510427,0.8385592265922099
s18,sit,s18_sit,42000,2021-01-01 19:49:02.631052,72.28915662650603,72.03860862623091,72.03860862623091,72.52116644452332,-0.25054800027511703,0.23200981801728915
s18,sit,s18_sit,43000,2021-01-01 19:49:04.631052,71.17437722419929,71.26428156525854,71.26428156525854,72.08125673678065,0.0899043410592526,0.9068795125813551
s18,sit,s18_sit,44000,2021-01-01 19:49:06.631052,71.25890736342043,71.54541352725201,71.54541352725201,71.89371161344562,0.2865061638315751,0.6348042500251836
s18,sit,s18_sit,45000,2021-01-01 19:49:08.631052,71.51370679380214,72.05327947600928,72.05327947600928,71.9495603653429,0.5395726822071367,0.4358535715407612
s18,sit,s18_sit,46000,2021-01-01 19:49:10.631052,71.77033492822967,72.03855282724363,72.03855282724363,71.98070772700817,0.26821789901396187,0.21037279877849357
s18,sit,s18_sit,47000,2021-01-01 19:49:12.631052,72.46376811594203,72.50068906345832,72.50068906345832,72.16270119476572,0.03692094751629327,-0.3010669211763144
s18,sit,s18_sit,48000,2021-01-01 19:49:14.631052,73.52941176470588,74.06232388706465,74.06232388706465,72.82756913707034,0.5329121223587663,-0.7018426276355427
s18,sit,s18_sit,49000,2021-01-01 19:49:16.631052,76.92307692307692,76.29183534607411,76.29183534607411,74.04006231022166,-0.631241577002811,-2.8830146128552627
s18,sit,s18_sit,50000,2021-01-01 19:49:18.631052,78.74015748031496,78.37714842907438,78.37714842907438,75.55804245182011,-0.36300905124058147,-3.1821150284948487
s18,sit,s18_sit,51000,2021-01-01 19:49:20.631052,81.19079837618403,81.40757773162082,81.40757773162082,77.60537979975035,0.21677935543678473,-3.585418576433682
s18,sit,s18_sit,52000,2021-01-01 19:49:22.631052,82.64462809917356,81.49618149400693,81.49618149400693,78.96716039274015,-1.148446605166626,-3.6774677064334043
s18,sit,s18_sit,53000,2021-01-01 19:49:24.631052,78.125,78.14444381374096,78.14444381374096,78.67920959009044,0.019443813740963378,0.5542095900904371
s18,sit,s18_sit,54000,2021-01-01 19:49:26.631052,75.75757575757575,75.91274858410655,75.91274858410655,77.71094823799608,0.15517282653080144,1.9533724804203274
s18,sit,s18_sit,55000,2021-01-01 19:49:28.631052,75.75757575757575,75.94547054960839,75.94547054960839,77.09303104706039,0.18789479203263681,1.335455289484642
s18,sit,s18_sit,56000,2021-01-01 19:49:30.631052,78.125,77.6857308480296,77.6857308480296,77.30047597739963,-0.43926915197039307,-0.8245240226003716
s18,sit,s18_sit,57000,2021-01-01 19:49:32.631052,80.86253369272237,80.19418653695841,80.19418653695841,78.3132746732452,-0.6683471557639535,-2.5492590194771623
s18,sit,s18_sit,58000,2021-01-01 19:49:34.631052,80.10680907877169,79.94544919884946,79.94544919884946,78.88453575720669,-0.16135987992223022,-1.2222733215649981
s18,sit,s18_sit,59000,2021-01-01 19:49:36.631052,77.41935483870968,78.2948272087589,78.2948272087589,78.67813776524997,0.8754723700492235,1.2587829265402917
s18,sit,s18_sit,60000,2021-01-01 19:49:38.631052,75.37688442211055,76.0245884800237,76.0245884800237,77.74939551542077,0.6477040579131454,2.372511093310223
s18,sit,s18_sit,61000,2021-01-01 19:49:40.631052,76.14213197969544,76.1194286338085,76.1194286338085,77.17890710685649,-0.022703345886938564,1.0367751271610501
s18,sit,s18_sit,62000,2021-01-01 19:49:42.631052,76.14213197969544,75.97209856447276,75.97209856447276,76.75652411702218,-0.1700334152226759,0.614392137326746
s18,sit,s18_sit,63000,2021-01-01 19:49:44.631052,76.14213197969544,76.19161455127094,76.19161455127094,76.55880576900925,0.04948257157550984,0.41667378931381904
s18,sit,s18_sit,64000,2021-01-01 19:49:46.631052,77.12082262210797,77.26907151826224,77.26907151826224,76.8073987812478,0.1482488961542714,-0.3134238408601675
s18,sit,s18_sit,65000,2021-01-01 19:49:48.631052,78.32898172323759,77.82001375871906,77.82001375871906,77.16181402336274,-0.5089679645185328,-1.1671676998748524
s18,sit,s18_sit,66000,2021-01-01 19:49:50.631052,78.84362680683311,78.78419254513376,78.78419254513376,77.7296465059826,-0.05943426169935151,-1.113980300850514
s18,sit,s18_sit,67000,2021-01-01 19:49:52.631052,79.15567282321899,78.46558835056004,78.46558835056004,77.98722615158471,-0.6900844726589526,-1.1684466716342854
s18,sit,s18_sit,68000,2021-01-01 19:49:54.631052,78.94736842105263,78.59219950242276,78.59219950242276,78.19896682437803,-0.35516891862987165,-0.7484015966745972
s18,sit,s18_sit,69000,2021-01-01 19:49:56.631052,80.32128514056225,78.58490570872418,78.58490570872418,78.33404543389918,-1.736379431838074,-1.9872397066630754
s18,sit,s18_sit,70000,2021-01-01 19:49:58.631052,82.19178082191782,81.53194169727563,81.53194169727563,79.45330912608094,-0.6598391246421897,-2.7384716958368784
s18,sit,s18_sit,71000,2021-01-01 19:50:00.631052,82.19178082191782,81.56585834841026,81.56585834841026,80.1927013538962,-0.6259224735075577,-1.9990794680216197
s18,sit,s18_sit,72000,2021-01-01 19:50:02.631052,78.32898172323759,78.72347061848593,78.72347061848593,79.6784705965026,0.39448889524834385,1.3494888732650168
s18,sit,s18_sit,73000,2021-01-01 19:50:04.631052,77.51937984496124,77.75797064043634,77.75797064043634,79.00629561187941,0.23859079547510476,1.4869157669181732
s18,sit,s18_sit,74000,2021-01-01 19:50:06.631052,77.51937984496124,76.11836731413293,76.11836731413293,77.99552070766813,-1.4010125308283108,0.4761408627068988
s18,sit,s18_sit,75000,2021-01-01 19:50:08.631052,72.28915662650603,74.37265389795301,74.37265389795301,76.72751732426784,2.083497271446987,4.438360697761809
s18,sit,s18_sit,76000,2021-01-01 19:50:10.631052,71.94244604316548,71.97252369755788,71.97252369755788,75.06326955491934,0.030077654392400177,3.120823511753869
s18,sit,s18_sit,77000,2021-01-01 19:50:12.631052,71.77033492822967,71.35402635057231,71.35402635057231,73.76503443339789,-0.41630857765736096,1.9946995051682137
s18,sit,s18_sit,78000,2021-01-01 19:50:14.631052,71.94244604316548,71.57533111332542,71.57533111332542,72.99863827137253,-0.36711492984005645,1.0561922282070526
s18,sit,s18_sit,79000,2021-01-01 19:50:16.631052,72.46376811594203,72.17764388329836,72.17764388329836,72.71129023554657,-0.28612423264367237,0.24752211960453963
s18,sit,s18_sit,80000,2021-01-01 19:50:18.631052,72.99270072992701,73.0558311638966,73.0558311638966,72.83187956046908,0.06313043396959017,-0.16082116945793246
s18,sit,s18_sit,81000,2021-01-01 19:50:20.631052,74.25742574257426,73.939851949108,73.939851949108,73.21966989649269,-0.31757379346625214,-1.0377558460815663
s18,sit,s18_sit,82000,2021-01-01 19:50:22.631052,72.99270072992701,73.89381335272115,73.89381335272115,73.45562010617265,0.9011126227941446,0.4629193762456367
s18,sit,s18_sit,83000,2021-01-01 19:50:24.631052,72.99270072992701,72.81878689547922,72.81878689547922,73.23272848242995,-0.17391383444778796,0.2400277525029395
s18,sit,s18_sit,84000,2021-01-01 19:50:26.631052,73.52941176470588,72.9037249565122,72.9037249565122,73.11757724835874,-0.6256868081936773,-0.41183451634714174
s18,sit,s18_sit,85000,2021-01-01 19:50:28.631052,72.81553398058253,73.30718825810926,73.30718825810926,73.18394110177142,0.4916542775267345,0.36840712118889485
s18,sit,s18_sit,86000,2021-01-01 19:50:30.631052,73.61963190184049,73.39689310468525,73.39689310468525,73.25847430279126,-0.22273879715524458,-0.3611575990492355
s18,sit,s18_sit,87000,2021-01-01 19:50:32.631052,72.81553398058253,72.84542059237363,72.84542059237363,73.11390550414508,0.02988661179109897,0.29837152356255103
s18,sit,s18_sit,88000,2021-01-01 19:50:34.631052,71.94244604316548,72.10743642103024,72.10743642103024,72.76164132505488,0.16499037786476833,0.8191952818894066
s18,sit,s18_sit,89000,2021-01-01 19:50:36.631052,71.59904534606206,71.97757493670291,71.97757493670291,72.48721808913169,0.3785295906408521,0.8881727430696316
s18,sit,s18_sit,90000,2021-01-01 19:50:38.631052,72.28915662650603,72.12230528746785,72.12230528746785,72.35949860854934,-0.16685133903817473,0.07034198204331688
s18,sit,s18_sit,91000,2021-01-01 19:50:40.631052,72.99270072992701,72.60195085286612,72.60195085286612,72.44435689406022,-0.39074987706088393,-0.5483438358667883
s18,sit,s18_sit,92000,2021-01-01 19:50:42.631052,73.52941176470588,73.39243355981738,73.39243355981738,72.77618372707522,-0.1369782048885071,-0.753228037630663
s18,sit,s18_sit,93000,2021-01-01 19:50:44.631052,73.52941176470588,73.56752537222722,73.56752537222722,73.05315330287843,0.03811360752133908,-0.4762584618274559
s18,sit,s18_sit,94000,2021-01-01 19:50:46.631052,74.44168734491315,73.70299366836792,73.70299366836792,73.28059743079976,-0.7386936765452248,-1.16108991411339
s18,sit,s18_sit,95000,2021-01-01 19:50:48.631052,74.44168734491315,73.96125550608228,73.96125550608228,73.51882775714864,-0.48043183883086726,-0.9228595877645063
s18,sit,s18_sit,96000,2021-01-01 19:50:50.631052,75.37688442211055,75.48630860566112,75.48630860566112,74.20744605412801,0.1094241835505727,-1.1694383679825364
s18,sit,s18_sit,97000,2021-01-01 19:50:52.631052,78.84362680683311,78.39211897783198,78.39211897783198,75.67208157742441,-0.4515078290011303,-3.171545229408707
s18,sit,s18_sit,98000,2021-01-01 19:50:54.631052,80.32128514056225,80.28136063743854,80.28136063743854,77.28532924842935,-0.03992450312371432,-3.035955892132904
s18,sit,s18_sit,99000,2021-01-01 19:50:56.631052,81.08108108108108,81.061447029845,81.061447029845,78.60697047192483,-0.019634051236081973,-2.4741106091562557
s18,sit,s18_sit,100000,2021-01-01 19:50:58.631052,81.85538881309687,81.61436915146083,81.61436915146083,79.65956000976243,-0.24101966163603095,-2.195828803334436
s18,sit,s18_sit,101000,2021-01-01 19:51:00.631052,81.19079837618403,81.41976275756373,81.41976275756373,80.27563097149289,0.2289643813796971,-0.9151674046911467
s18,sit,s18_sit,102000,2021-01-01 19:51:02.631052,81.08108108108108,80.30300652194488,80.30300652194488,80.28521241415109,-0.7780745591362006,-0.7958686669299908
s18,sit,s18_sit,103000,2021-01-01 19:51:04.631052,77.51937984496124,78.45304790350745,78.45304790350745,79.64395483542582,0.9336680585462176,2.1245749904645805
s18,sit,s18_sit,104000,2021-01-01 19:51:06.631052,76.92307692307692,76.99785809939821,76.99785809939821,78.71782097781616,0.0747811763212951,1.7947440547392404
s18,sit,s18_sit,105000,2021-01-01 19:51:08.631052,79.57559681697613,78.16981940457359,78.16981940457359,78.52602042718127,-1.4057774124025428,-1.049576389794865
s18,sit,s18_sit,106000,2021-01-01 19:51:10.631052,80.86253369272237,81.15208523351333,81.15208523351333,79.44514310939749,0.289551540790967,-1.4173905833248739
s18,sit,s18_sit,107000,2021-01-01 19:51:12.631052,85.9598853868195,85.73005405528372,85.73005405528372,81.64486194045767,-0.2298313315357774,-4.3150234463618204
s18,sit,s18_sit,108000,2021-01-01 19:51:14.631052,85.9598853868195,86.34364926665602,86.34364926665602,83.2894375046271,0.38376387983652194,-2.6704478821923914
s18,sit,s18_sit,109000,2021-01-01 19:51:16.631052,85.59201141226819,82.95796498736922,82.95796498736922,83.17342212358685,-2.634046424898969,-2.4185892886813463
s18,sit,s18_sit,110000,2021-01-01 19:51:18.631052,77.92207792207792,77.27185394405988,77.27185394405988,81.10787326075241,-0.6502239780180332,3.1857953386744953
s18,sit,s18_sit,111000,2021-01-01 19:51:20.631052,73.52941176470588,73.35748663499751,73.35748663499751,78.3952379417382,-0.17192512970837015,4.865826177032318
s18,sit,s18_sit,112000,2021-01-01 19:51:22.631052,73.52941176470588,72.27621355872593,72.27621355872593,76.2535794076839,-1.253198205979956,2.724167642978017
s18,sit,s18_sit,113000,2021-01-01 19:51:24.631052,74.25742574257426,75.79654231628426,75.79654231628426,76.09361642569402,1.5391165737100039,1.8361906831197672
s18,sit,s18_sit,114000,2021-01-01 19:51:26.631052,80.4289544235925,79.84567166346203,79.84567166346203,77.40683575891282,-0.5832827601304729,-3.022118664679681
s18,sit,s18_sit,115000,2021-01-01 19:51:28.631052,79.6812749003984,80.72347392320304,80.72347392320304,78.5676591164144,1.0421990228046383,-1.1136157839840024
s18,sit,s18_sit,116000,2021-01-01 19:51:30.631052,77.12082262210797,78.76293295105984,78.76293295105984,78.6360049585403,1.6421103289518726,1.515182336432332
s18,sit,s18_sit,117000,2021-01-01 19:51:32.631052,74.9063670411985,74.75448124477042,74.75448124477042,77.27747165872084,-0.15188579642807554,2.3711046175223487
s18,sit,s18_sit,118000,2021-01-01 19:51:34.631052,73.34963325183375,73.15787739670502,73.15787739670502,75.83561366701531,-0.19175585512873283,2.485980415181558
s18,sit,s18_sit,119000,2021-01-01 19:51:36.631052,74.25742574257426,74.07688921977271,74.07688921977271,75.2200601104804,-0.18053652280154608,0.9626343679061478
s18,sit,s18_sit,120000,2021-01-01 19:51:38.631052,74.62686567164178,74.58302802736014,74.58302802736014,74.99709888138831,-0.04383764428163772,0.3702332097465302
s18,sit,s18_sit,121000,2021-01-01 19:51:40.631052,75.0,74.80624759366039,74.80624759366039,74.93030093068354,-0.19375240633961255,-0.06969906931645653
s18,sit,s18_sit,122000,2021-01-01 19:51:42.631052,77.51937984496124,77.29414751725963,77.29414751725963,75.75764723598517,-0.22523232770160462,-1.761732608976061
s18,sit,s18_sit,123000,2021-01-01 19:51:44.631052,79.15567282321899,78.25695983909337,78.25695983909337,76.63240664707304,-0.8987129841256234,-2.5232661761459525
s18,sit,s18_sit,124000,2021-01-01 19:51:46.631052,79.6812749003984,79.47831368535967,79.47831368535967,77.62847411047336,-0.20296121503874076,-2.052800789925044
s18,sit,s18_sit,125000,2021-01-01 19:51:48.631052,80.0,80.26833890696523,80.26833890696523,78.55242678924552,0.26833890696522644,-1.4475732107544843
s18,sit,s18_sit,126000,2021-01-01 19:51:50.631052,81.30081300813008,81.06336175169142,81.06336175169142,79.43125402610158,-0.2374512564386606,-1.8695589820284937
s18,sit,s18_sit,127000,2021-01-01 19:51:52.631052,81.52173913043478,80.13523506598891,80.13523506598891,79.67764739006215,-1.386504064445873,-1.8440917403726331
s18,sit,s18_sit,128000,2021-01-01 19:51:54.631052,76.92307692307692,77.93813790352199,77.93813790352199,79.0688190697731,1.015060980445071,2.145742146696179
s18,sit,s18_sit,129000,2021-01-01 19:51:56.631052,70.92198581560284,72.38207367859533,72.38207367859533,76.72845818286088,1.460087862992495,5.8064723672580385
s18,sit,s18_sit,130000,2021-01-01 19:51:58.631052,70.92198581560284,70.77239056318906,70.77239056318906,74.64383451597574,-0.14959525241377492,3.7218487003729024
s18,sit,s18_sit,131000,2021-01-01 19:52:00.631052,72.11538461538461,71.98621060958777,71.98621060958777,73.71366614873995,-0.12917400579684113,1.5982815333553333
s18,sit,s18_sit,132000,2021-01-01 19:52:02.631052,74.07407407407408,74.18575660704762,74.18575660704762,73.87889780914763,0.11168253297354624,-0.19517626492644524
s18,sit,s18_sit,133000,2021-01-01 19:52:04.631052,74.44168734491315,74.64484809079038,74.64484809079038,74.1469804077226,0.2031607458772271,-0.2947069371905542
s18,sit,s18_sit,134000,2021-01-01 19:52:06.631052,74.1656365883807,74.2793909678075,74.2793909678075,74.1933241037523,0.11375437942679412,0.027687515371596305
s18,sit,s18_sit,135000,2021-01-01 19:52:08.631052,74.07407407407408,74.10963861396968,74.10963861396968,74.16403418232838,0.03556453989560282,0.0899601082543029
s18,sit,s18_sit,136000,2021-01-01 19:52:10.631052,73.52941176470588,73.85522558464511,73.85522558464511,74.05595117313923,0.32581381993922776,0.5265394084333508
s18,sit,s18_sit,137000,2021-01-01 19:52:12.631053,74.07407407407408,74.04401054578767,74.04401054578767,74.05177195356619,-0.030063528286405017,-0.022302120507887935
s18,sit,s18_sit,138000,2021-01-01 19:52:14.631053,73.71007371007371,73.67548229287475,73.67548229287475,73.92007057232418,-0.03459141719896763,0.20999686225046332
s18,sit,s18_sit,139000,2021-01-01 19:52:16.631053,73.34963325183375,73.50686096029953,73.50686096029953,73.77544720811555,0.1572277084657827,0.4258139562818002
s18,sit,s18_sit,140000,2021-01-01 19:52:18.631053,74.81296758104737,74.86915328953363,74.86915328953363,74.15824433661189,0.056185708486253816,-0.6547232444354876
s18,sit,s18_sit,141000,2021-01-01 19:52:20.631053,77.12082262210797,75.88006750964104,75.88006750964104,74.7608824471721,-1.2407551124669283,-2.359940174935872
s18,sit,s18_sit,142000,2021-01-01 19:52:22.631053,78.22685788787483,78.14450466584057,78.14450466584057,75.94515022370607,-0.0823532220342571,-2.2817076641687635
s18,sit,s18_sit,143000,2021-01-01 19:52:24.631053,80.64516129032258,80.3391397480472,80.3391397480472,77.48304655722546,-0.30602154227537426,-3.1621147330971127
s18,sit,s18_sit,144000,2021-01-01 19:52:26.631053,80.21390374331551,80.52233676548563,80.52233676548563,78.54679813011653,0.3084330221701208,-1.6671056131989843
s18,sit,s18_sit,145000,2021-01-01 19:52:28.631053,79.57559681697613,80.51773971138834,80.51773971138834,79.23662768356166,0.9421428944122141,-0.3389691334144658
s18,sit,s18_sit,146000,2021-01-01 19:52:30.631053,79.36507936507937,79.84809724941623,79.84809724941623,79.45064203161076,0.48301788433686,0.08556266653138778
s18,sit,s18_sit,147000,2021-01-01 19:52:32.631053,80.10680907877169,81.03599193131919,81.03599193131919,80.00551449650871,0.9291828525474983,-0.10129458226298027
s18,sit,s18_sit,148000,2021-01-01 19:52:34.631053,83.79888268156425,83.63466671356151,83.63466671356151,81.2757177724772,-0.1642159680027362,-2.5231649090870576
s18,sit,s18_sit,149000,2021-01-01 19:52:36.631053,83.79888268156425,82.95524396704543,82.95524396704543,81.86355194057607,-0.8436387145188178,-1.935330740988178
s18,sit,s18_sit,150000,2021-01-01 19:52:38.631053,81.52173913043478,81.4883487026362,81.4883487026362,81.73223080729711,-0.03339042779857948,0.2104916768623326
s18,sit,s18_sit,151000,2021-01-01 19:52:40.631053,81.41112618724559,79.58790515130553,79.58790515130553,80.98171682770007,-1.8232210359400511,-0.4294093595455166
s18,sit,s18_sit,152000,2021-01-01 19:52:42.631053,82.07934336525308,82.04309027957883,82.04309027957883,81.35319753585763,-0.03625308567424668,-0.726145829395449
s18,sit,s18_sit,153000,2021-01-01 19:52:44.631053,86.45533141210375,84.62618938283345,84.62618938283345,82.49874468229916,-1.829142029270301,-3.9565867298045845
s18,sit,s18_sit,154000,2021-01-01 19:52:46.631053,84.98583569405099,87.7735198009764,87.7735198009764,84.3449159738362,2.7876841069254112,-0.6409197202147965
s18,sit,s18_sit,155000,2021-01-01 19:52:48.631053,84.98583569405099,84.35469251148764,84.35469251148764,84.34833776201421,-0.6311431825633491,-0.63749793203678
s18,sit,s18_sit,156000,2021-01-01 19:52:50.631053,79.6812749003984,80.26580353495807,80.26580353495807,82.91945078254456,0.5845286345596605,3.2381758821461517
s18,sit,s18_sit,157000,2021-01-01 19:52:52.631053,78.125,78.00525654001774,78.00525654001774,81.19948279766018,-0.11974345998225999,3.074482797660181
s18,sit,s18_sit,158000,2021-01-01 19:52:54.631053,75.94936708860759,76.61188633896539,76.61188633896539,79.593824037117,0.6625192503578035,3.644456948509415
s18,sit,s18_sit,159000,2021-01-01 19:52:56.631053,73.17073170731707,73.83803273465185,73.83803273465185,77.5792970812542,0.6673010273347728,4.4085653739371224
s18,sit,s18_sit,160000,2021-01-01 19:52:58.631053,71.51370679380214,71.90659380841896,71.90659380841896,75.59385093576186,0.39288701461681796,4.080144141959721
s18,sit,s18_sit,161000,2021-01-01 19:53:00.631053,71.42857142857143,71.0364930304383,71.0364930304383,73.99877566889862,-0.39207839813313683,2.570204240327186
s18,sit,s18_sit,162000,2021-01-01 19:53:02.631053,72.02881152460985,72.26525815693346,72.26525815693346,73.39204453971081,0.23644663232360585,1.3632330151009597
s18,sit,s18_sit,163000,2021-01-01 19:53:04.631053,72.81553398058253,72.69812427728702,72.69812427728702,73.14917244786248,-0.11740970329550748,0.33363846727995394
s18,sit,s18_sit,164000,2021-01-01 19:53:06.631053,72.81553398058253,73.31275294781561,73.31275294781561,73.20642562284607,0.49721896723308134,0.39089164226354
s18,sit,s18_sit,165000,2021-01-01 19:53:08.631053,73.52941176470588,73.73193628785681,73.73193628785681,73.39035435559983,0.2025245231509274,-0.13905740910605857
s18,sit,s18_sit,166000,2021-01-01 19:53:10.631053,73.34963325183375,73.16201577932236,73.16201577932236,73.3104358539027,-0.18761747251139127,-0.03919739793104782
s18,sit,s18_sit,167000,2021-01-01 19:53:12.631053,73.34963325183375,73.43985703633858,73.43985703633858,73.35573326775526,0.09022378450482904,0.006100015921504109
s18,sit,s18_sit,168000,2021-01-01 19:53:14.631053,75.0,75.03848777503329,75.03848777503329,73.94469734530257,0.03848777503328904,-1.055302654697428
s18,sit,s18_sit,169000,2021-01-01 19:53:16.631053,76.33587786259541,75.88985148905617,75.88985148905617,74.62550129561633,-0.44602637353924024,-1.710376566979079
s18,sit,s18_sit,170000,2021-01-01 19:53:18.631053,76.92307692307692,77.5266244825369,77.5266244825369,75.64089441103853,0.6035475594599831,-1.2821825120383892
s18,sit,s18_sit,171000,2021-01-01 19:53:20.631053,78.125,78.11511308864083,78.11511308864083,76.50687094819934,-0.009886911359174633,-1.6181290518006648
s18,sit,s18_sit,172000,2021-01-01 19:53:22.631053,78.02340702210662,77.88446905588951,77.88446905588951,76.98903028589089,-0.13893796621711374,-1.0343767362157337
s18,sit,s18_sit,173000,2021-01-01 19:53:24.631053,78.125,77.89407571360451,77.89407571360451,77.30579618559065,-0.23092428639549212,-0.8192038144093488
s18,sit,s18_sit,174000,2021-01-01 19:53:26.631053,78.84362680683311,79.64579073772869,79.64579073772869,78.12479427883896,0.8021639308955741,-0.7188325279941523
s18,sit,s18_sit,175000,2021-01-01 19:53:28.631053,80.10680907877169,81.82257494173925,81.82257494173925,79.41901751085406,1.715765862967558,-0.6877915679176283
s18,sit,s18_sit,176000,2021-01-01 19:53:30.631053,80.64516129032258,78.90513019253835,78.90513019253835,79.23915694944355,-1.7400310977842253,-1.4060043408790222
s18,sit,s18_sit,177000,2021-01-01 19:53:32.631053,71.77033492822967,71.91657404651227,71.91657404651227,76.6762529334176,0.14623911828259395,4.905918005187928
s18,sit,s18_sit,178000,2021-01-01 19:53:34.631053,70.92198581560284,70.85775876127745,70.85775876127745,74.63977997316854,-0.06422705432538578,3.717794157565706
s18,sit,s18_sit,179000,2021-01-01 19:53:36.631053,71.17437722419929,71.29204025280247,71.29204025280247,73.46807107104041,0.11766302860317523,2.2936938468411228
s18,sit,s18_sit,180000,2021-01-01 19:53:38.631053,73.89162561576354,74.42228994314667,74.42228994314667,73.8020476762776,0.5306643273831213,-0.08957793948594883
s18,sit,s18_sit,181000,2021-01-01 19:53:40.631053,78.84362680683311,77.40237940434814,77.40237940434814,75.06216378110229,-1.4412474024849757,-3.7814630257308295
s18,sit,s18_sit,182000,2021-01-01 19:53:42.631053,79.36507936507937,79.2613063755272,79.2613063755272,76.53186368915101,-0.10377298955216929,-2.8332156759283578
s18,sit,s18_sit,183000,2021-01-01 19:53:44.631053,79.15567282321899,78.46112369463944,78.46112369463944,77.20710469107196,-0.6945491285795526,-1.948568132147031
s18,sit,s18_sit,184000,2021-01-01 19:53:46.631053,75.75757575757575,75.88158211693434,75.88158211693434,76.7431717901238,0.12400635935858872,0.9855960325480453
s18,sit,s18_sit,185000,2021-01-01 19:53:48.631053,74.25742574257426,74.90810854923618,74.90810854923618,76.10089965581312,0.6506828066619192,1.8434739132388671
s18,sit,s18_sit,186000,2021-01-01 19:53:50.631053,74.25742574257426,74.49225022653607,74.49225022653607,75.53787235556615,0.2348244839618161,1.280446612991895
s18,sit,s18_sit,187000,2021-01-01 19:53:52.631053,75.37688442211055,74.85103023984125,74.85103023984125,75.29747761506243,-0.525854182269299,-0.07940680704811598
s18,sit,s18_sit,188000,2021-01-01 19:53:54.631053,76.72634271099744,76.18423791718357,76.18423791718357,75.60784372080482,-0.542104793813877,-1.1184989901926201
s18,sit,s18_sit,189000,2021-01-01 19:53:56.631053,77.31958762886597,77.25751540034436,77.25751540034436,76.18522880864366,-0.06207222852161465,-1.1343588202223174
s18,sit,s18_sit,190000,2021-01-01 19:53:58.631053,78.53403141361257,78.32805232121774,78.32805232121774,76.93521703804458,-0.20597909239482703,-1.598814375567983
s18,sit,s18_sit,191000,2021-01-01 19:54:00.631053,78.53403141361257,77.56024585349735,77.56024585349735,77.15397712345305,-0.9737855601152177,-1.3800542901595207
s18,sit,s18_sit,192000,2021-01-01 19:54:02.631053,76.53061224489795,75.38991607967299,75.38991607967299,76.53655575813002,-1.1406961652249663,0.0059435132320686535
s18,sit,s18_sit,193000,2021-01-01 19:54:04.631053,74.25742574257426,74.06039385615841,74.06039385615841,75.66989909243996,-0.1970318864158429,1.4124733498657065
s18,sit,s18_sit,194000,2021-01-01 19:54:06.631053,74.07407407407408,72.90246757599309,72.90246757599309,74.70129806168356,-1.1716064980809904,0.627223987609483
s18,sit,s18_sit,195000,2021-01-01 19:54:08.631053,74.44168734491315,73.69732057707895,73.69732057707895,74.34990594207196,-0.7443667678341939,-0.09178140284119252
s18,sit,s18_sit,196000,2021-01-01 19:54:10.631053,77.61966364812419,78.61188116057016,78.61188116057016,75.84159726854634,0.9922175124459756,-1.7780663795778509
s18,sit,s18_sit,197000,2021-01-01 19:54:12.631053,77.92207792207792,78.78752585176088,78.78752585176088,76.87267227267142,0.8654479296829578,-1.049405649406495
s18,sit,s18_sit,198000,2021-01-01 19:54:14.631053,77.92207792207792,76.11709441664355,76.11709441664355,76.60822002306166,-1.8049835054343646,-1.3138578990162557
s18,sit,s18_sit,199000,2021-01-01 19:54:16.631053,71.25890736342043,72.06772810867089,72.06772810867089,75.01904785302489,0.8088207452504577,3.760140489604453
s18,sit,s18_sit,200000,2021-01-01 19:54:18.631053,71.17437722419929,71.36412282892263,71.36412282892263,73.7398240945891,0.1897456047233419,2.565446870389806
s18,sit,s18_sit,201000,2021-01-01 19:54:20.631053,72.63922518159806,72.71636413208832,72.71636413208832,73.38161310771382,0.07713895049025155,0.7423879261157538
s18,sit,s18_sit,202000,2021-01-01 19:54:22.631053,77.82101167315174,76.5192093868327,76.5192093868327,74.47977180540542,-1.3018022863190453,-3.3412398677463244
s18,sit,s18_sit,203000,2021-01-01 19:54:24.631053,82.3045267489712,83.85691605464987,83.85691605464987,77.76177229264098,1.5523893056786733,-4.542754456330215
s18,sit,s18_sit,204000,2021-01-01 19:54:26.631053,82.3045267489712,81.67235293660251,81.67235293660251,79.13047551802751,-0.6321738123686913,-3.1740512309436895
s18,sit,s18_sit,205000,2021-01-01 19:54:28.631053,79.7872340425532,78.42933301588317,78.42933301588317,78.885075642277,-1.3579010266700209,-0.9021584002761927
s18,sit,s18_sit,206000,2021-01-01 19:54:30.631053,72.28915662650603,72.91203732799168,72.91203732799168,76.79451223227714,0.6228807014856557,4.505355605771115
s18,sit,s18_sit,207000,2021-01-01 19:54:32.631053,72.28915662650603,71.67405508091471,71.67405508091471,75.0023522293003,-0.6151015455913154,2.713195602794272
s18,sit,s18_sit,208000,2021-01-01 19:54:34.631053,73.34963325183375,71.85597424872252,71.85597424872252,73.90111993609807,-1.4936590031112331,0.5514866842643187
s18,sit,s18_sit,209000,2021-01-01 19:54:36.631053,74.07407407407408,74.25139667443257,74.25139667443257,74.02371679451514,0.1773226003584938,-0.05035727955893776
s18,sit,s18_sit,210000,2021-01-01 19:54:38.631053,78.125,77.63709946162517,77.63709946162517,75.28840072800365,-0.4879005383748307,-2.8365992719963486
s18,sit,s18_sit,211000,2021-01-01 19:54:40.631053,78.02340702210662,78.32019029835433,78.32019029835433,76.34952707762639,0.2967832762477087,-1.673879944480234
s18,sit,s18_sit,212000,2021-01-01 19:54:42.631053,77.720207253886,77.71642182217981,77.71642182217981,76.8279402382201,-0.003785431706191389,-0.892267015665908
s18,sit,s18_sit,213000,2021-01-01 19:54:44.631053,76.92307692307692,77.00193929132027,77.00193929132027,76.88883990680516,0.07886236824334958,-0.03423701627176001
s18,sit,s18_sit,214000,2021-01-01 19:54:46.631053,76.72634271099744,76.32063963753403,76.32063963753403,76.68996981256026,-0.40570307346341394,-0.03637289843717895
s18,sit,s18_sit,215000,2021-01-01 19:54:48.631053,76.53061224489795,76.2797861502588,76.2797861502588,76.54640553075475,-0.2508260946391516,0.01579328585680173
s18,sit,s18_sit,216000,2021-01-01 19:54:50.631053,76.72634271099744,77.4012567425897,77.4012567425897,76.84560345489699,0.6749140315922517,0.11926074389954522
s18,sit,s18_sit,217000,2021-01-01 19:54:52.631053,77.92207792207792,77.90944919888904,77.90944919888904,77.2179494652942,-0.012628723188882418,-0.7041284567837209
s18,sit,s18_sit,218000,2021-01-01 19:54:54.631053,78.125,78.15415868425455,78.15415868425455,77.54562269193032,0.029158684254554146,-0.5793773080696809
s18,sit,s18_sit,219000,2021-01-01 19:54:56.631053,77.92207792207792,78.29489542227788,78.29489542227788,77.80786814755197,0.3728175001999574,-0.11420977452594627
s18,sit,s18_sit,220000,2021-01-01 19:54:58.631053,77.41935483870968,77.63256205340124,77.63256205340124,77.74651101459922,0.21320721469156467,0.3271561758895416
s18,sit,s18_sit,221000,2021-01-01 19:55:00.631053,76.92307692307692,76.55831286654461,76.55831286654461,77.33064166278011,-0.3647640565323087,0.40756473970319007
s18,sit,s18_sit,222000,2021-01-01 19:55:02.631053,77.31958762886597,77.16326127167716,77.16326127167716,77.27205852589408,-0.15632635718881716,-0.04752910297189317
s18,sit,s18_sit,223000,2021-01-01 19:55:04.631053,77.41935483870968,77.61222173206777,77.61222173206777,77.39111564805488,0.1928668933580866,-0.028239190654801405
s18,sit,s18_sit,224000,2021-01-01 19:55:06.631053,77.51937984496124,76.4603495645791,76.4603495645791,77.06534751883837,-1.0590302803821317,-0.4540323261228707
s18,sit,s18_sit,225000,2021-01-01 19:55:08.631053,76.82458386683739,75.8976989372718,75.8976989372718,76.65667051529007,-0.9268849295655883,-0.16791335154731257
s18,sit,s18_sit,226000,2021-01-01 19:55:10.631053,76.72634271099744,75.86301412469197,75.86301412469197,76.37889077858074,-0.8633285863054709,-0.34745193241670336
s18,sit,s18_sit,227000,2021-01-01 19:55:12.631053,79.36507936507937,77.67245749383014,77.67245749383014,76.83163912891803,-1.69262187124923,-2.53344023616134
s18,sit,s18_sit,228000,2021-01-01 19:55:14.631053,80.64516129032258,81.18418454825272,81.18418454825272,78.35503002568517,0.5390232579301397,-2.2901312646374095
s18,sit,s18_sit,229000,2021-01-01 19:55:16.631053,80.86253369272237,81.12505083301497,81.12505083301497,79.3245373082506,0.2625171402926014,-1.537996384471768
s18,sit,s18_sit,230000,2021-01-01 19:55:18.631053,79.7872340425532,79.99781882291683,79.99781882291683,79.56018583838377,0.21058478036363226,-0.22704820416942084
s18,sit,s18_sit,231000,2021-01-01 19:55:20.631053,77.720207253886,77.75104296364893,77.75104296364893,78.92698583222658,0.03083570976292549,1.2067785783405753
s18,sit,s18_sit,232000,2021-01-01 19:55:22.631053,77.720207253886,77.5801320433052,77.5801320433052,78.4555870061041,-0.14007521058080386,0.735379752218094
s18,sit,s18_sit,233000,2021-01-01 19:55:24.631053,78.32898172323759,78.27163119092303,78.27163119092303,78.39120247079072,-0.05735053231455822,0.0622207475531269
s18,sit,s18_sit,234000,2021-01-01 19:55:26.631053,79.15567282321899,79.13778293570607,79.13778293570607,78.65250563351108,-0.017889887512922087,-0.5031671897079093
s18,sit,s18_sit,235000,2021-01-01 19:55:28.631053,79.15567282321899,75.50504287041926,75.50504287041926,77.55089366642895,-3.650629952799733,-1.6047791567900447
s18,sit,s18_sit,236000,2021-01-01 19:55:30.631053,69.28406466512702,71.11577795983486,71.11577795983486,75.29860316912102,1.8317132947078392,6.014538503994004
s18,sit,s18_sit,237000,2021-01-01 19:55:32.631053,69.20415224913495,69.59296812558951,69.59296812558951,73.30163090388498,0.38881587645455795,4.097478654750034
s18,sit,s18_sit,238000,2021-01-01 19:55:34.631053,71.42857142857143,71.152673164709,71.152673164709,72.54949569517339,-0.2758982638624303,1.1209242666019605
s18,walk,s18_walk,0,2021-01-01 19:37:54.094987,91.74311926605505,90.39854359527858,90.39854359527858,90.39854359527858,-1.3445756707764644,-1.3445756707764644
s18,walk,s18_walk,1000,2021-01-01 19:37:56.094987,92.3076923076923,91.97525514907653,91.97525514907653,90.95039263910786,-0.3324371586157753,-1.3572996685844458
s18,walk,s18_walk,2000,2021-01-01 19:37:58.094987,94.9367088607595,94.39142070778384,94.39142070778384,92.15475246314446,-0.5452881529756581,-2.7819563976150334
s18,walk,s18_walk,3000,2021-01-01 19:38:00.094987,98.19967266775778,97.32706654011777,97.32706654011777,93.96506239008511,-0.8726061276400117,-4.234610277672672
s18,walk,s18_walk,4000,2021-01-01 19:38:02.094987,98.52216748768473,99.67793866722562,99.67793866722562,95.96456908708429,1.155771179540892,-2.5575984006004404
s18,walk,s18_walk,5000,2021-01-01 19:38:04.094987,99.33774834437088,99.77264865848595,99.77264865848595,97.29739693707486,0.4349003141150689,-2.040351407296015
s18,walk,s18_walk,6000,2021-01-01 19:38:06.094987,98.6842105263158,99.85839046434621,99.85839046434621,98.19374467161984,1.17417993803042,-0.4904658546959553
s18,walk,s18_walk,7000,2021-01-01 19:38:08.094987,96.30818619582664,98.46010937292967,98.46010937292967,98.28697231707828,2.151923177103029,1.9787861212516447
s18,walk,s18_walk,8000,2021-01-01 19:38:10.094987,96.30818619582664,96.43934240158866,96.43934240158866,97.64030184665691,0.13115620576202502,1.332115650830275
s18,walk,s18_walk,9000,2021-01-01 19:38:12.094987,99.33774834437088,97.80871512192873,97.80871512192873,97.69924649300205,-1.529033222442152,-1.6385018513688294
s18,walk,s18_walk,10000,2021-01-01 19:38:14.094987,100.33444816053512,98.90318571028268,98.90318571028268,98.12062521905028,-1.431262450252433,-2.2138229414848354
s18,walk,s18_walk,11000,2021-01-01 19:38:16.094987,100.33444816053512,99.40903243553001,99.40903243553001,98.57156774481818,-0.9254157250051094,-1.7628804157169355
s18,walk,s18_walk,12000,2021-01-01 19:38:18.094987,98.03921568627452,98.91278979709189,98.91278979709189,98.69099546311398,0.8735741108173727,0.6517797768394615
s18,walk,s18_walk,13000,2021-01-01 19:38:20.094987,97.0873786407767,96.9804125376086,96.9804125376086,98.0922914391871,-0.10696610316810506,1.0049127984103876
s18,walk,s18_walk,14000,2021-01-01 19:38:22.094987,97.2447325769854,97.31562200866473,97.31562200866473,97.82045713850427,0.07088943167933337,0.575724561518868
s18,walk,s18_walk,15000,2021-01-01 19:38:24.094987,97.5609756097561,98.3542709957564,98.3542709957564,98.0072919885425,0.7932953860002954,0.4463163787864062
s18,walk,s18_walk,16000,2021-01-01 19:38:26.094987,98.36065573770492,99.50200893262652,99.50200893262652,98.53044291897191,1.1413531949216065,0.16978718126699732
s18,walk,s18_walk,17000,2021-01-01 19:38:28.094987,98.84678747940691,99.78929032568107,99.78929032568107,98.97103951132011,0.9425028462741523,0.12425203191320122
s18,walk,s18_walk,18000,2021-01-01 19:38:30.094987,97.7198697068404,97.89585492433835,97.89585492433835,98.59472490587649,0.17598521749795282,0.8748551990360909
s18,walk,s18_walk,19000,2021-01-01 19:38:32.094987,97.7198697068404,97.48923041391176,97.48923041391176,98.20780183368883,-0.23063929292864316,0.4879321268484347
s18,walk,s18_walk,20000,2021-01-01 19:38:34.094987,99.50248756218906,98.17235652305672,98.17235652305672,98.1953959749676,-1.3301310391323398,-1.3070915872214641
s18,walk,s18_walk,21000,2021-01-01 19:38:36.094987,100.0,99.45008664308332,99.45008664308332,98.6345377088081,-0.5499133569166759,-1.3654622911919034
s18,walk,s18_walk,22000,2021-01-01 19:38:38.094987,100.0,98.55097388897114,98.55097388897114,98.60529037186517,-1.4490261110288571,-1.3947096281348337
s18,walk,s18_walk,23000,2021-01-01 19:38:40.094987,97.87928221859708,97.62059852574417,97.62059852574417,98.26064822572282,-0.2586836928529124,0.38136600712573454
s18,walk,s18_walk,24000,2021-01-01 19:38:42.094987,96.61835748792272,96.42921078957673,96.42921078957673,97.61964512307168,-0.1891466983459935,1.0012876351489552
s18,walk,s18_walk,25000,2021-01-01 19:38:44.094987,96.15384615384616,95.8762017541429,95.8762017541429,97.0094399439466,-0.27764439970326293,0.8555937901004427
s18,walk,s18_walk,26000,2021-01-01 19:38:46.094987,97.0873786407767,96.77234375437703,96.77234375437703,96.92645627759725,-0.3150348863996726,-0.16092236317945208
s18,walk,s18_walk,27000,2021-01-01 19:38:48.094987,97.4025974025974,97.36029682446944,97.36029682446944,97.07830046900253,-0.04230057812794996,-0.3242969335948658
s18,walk,s18_walk,28000,2021-01-01 19:38:50.094987,96.7741935483871,95.85697867338101,95.85697867338101,96.65083784053499,-0.9172148750060956,-0.12335570785211303
s18,walk,s18_walk,29000,2021-01-01 19:38:52.094987,92.5925925925926,92.03450701683114,92.03450701683114,95.03512205223865,-0.5580855757614529,2.442529459646053
s18,walk,s18_walk,30000,2021-01-01 19:38:54.094987,85.47008547008548,87.30542871792824,87.30542871792824,92.32972938523,1.8353432478427578,6.859643915144517
s18,walk,s18_walk,31000,2021-01-01 19:38:56.094987,85.47008547008548,85.35515836564196,85.35515836564196,89.88862952837418,-0.11492710444352383,4.418544058288703
s18,walk,s18_walk,32000,2021-01-01 19:38:58.094987,85.71428571428572,85.4440914246666,85.4440914246666,88.33304119207652,-0.27019428961912695,2.618755477790799
s18,walk,s18_walk,33000,2021-01-01 19:39:00.094987,86.95652173913044,87.27398896583956,87.27398896583956,87.96237291289358,0.31746722670912675,1.0058511737631477
s18,walk,s18_walk,34000,2021-01-01 19:39:02.094987,90.09009009009009,88.8627882886531,88.8627882886531,88.27751829440942,-1.2273018014369796,-1.8125717956806682
s18,walk,s18_walk,35000,2021-01-01 19:39:04.094987,90.63444108761328,90.51483369135526,90.51483369135526,89.06057868334047,-0.11960739625801864,-1.5738624042728162
s18,walk,s18_walk,36000,2021-01-01 19:39:06.094987,94.9367088607595,93.67414019239682,93.67414019239682,90.6753252115102,-1.2625686683626753,-4.2613836492492965
s18,walk,s18_walk,37000,2021-01-01 19:39:08.094987,98.6842105263158,97.55887953328356,97.55887953328356,93.08456922413087,-1.125330993032236,-5.599641302184921
s18,walk,s18_walk,38000,2021-01-01 19:39:10.094987,101.18043844856662,100.48567699077445,100.48567699077445,95.67495694245613,-0.6947614577921684,-5.505481506110485
s18,walk,s18_walk,39000,2021-01-01 19:39:12.094987,101.52284263959392,102.20318358902948,102.20318358902948,97.9598362687568,0.6803409494355606,-3.5630063708371154
s18,walk,s18_walk,40000,2021-01-01 19:39:14.094987,101.52284263959392,100.20767345345963,100.20767345345963,98.7465792834028,-1.315169186134284,-2.776263356191123
s18,walk,s18_walk,41000,2021-01-01 19:39:16.094987,86.20689655172414,91.30528595848354,91.30528595848354,96.14212661968105,5.098389406759395,9.935230067956908
s18,walk,s18_walk,42000,2021-01-01 19:39:18.094987,85.22727272727273,86.85316170376005,86.85316170376005,92.89098889910869,1.6258889764873174,7.663716171835958
s18,walk,s18_walk,43000,2021-01-01 19:39:20.094987,85.22727272727273,85.60630667088776,85.60630667088776,90.34135011923136,0.3790339436150276,5.114077391958631
s18,walk,s18_walk,44000,2021-01-01 19:39:22.094987,90.36144578313252,89.73154920298467,89.73154920298467,90.12791979854502,-0.6298965801478573,-0.2335259845875015
s18,walk,s18_walk,45000,2021-01-01 19:39:24.094987,94.33962264150944,93.57564966366961,93.57564966366961,91.33462525133862,-0.7639729778398276,-3.0049973901708142
s18,walk,s18_walk,46000,2021-01-01 19:39:26.094987,97.0873786407767,98.09814742183498,98.09814742183498,93.70185801101235,1.0107687810582746,-3.3855206297643576
s18,walk,s18_walk,47000,2021-01-01 19:39:28.094987,97.0873786407767,96.09759503446114,96.09759503446114,94.54036596921942,-0.9897836063155694,-2.547012671557283
s18,walk,s18_walk,48000,2021-01-01 19:39:30.094987,90.09009009009009,89.98686377337447,89.98686377337447,92.94664020067368,-0.10322631671562021,2.8565501105835978
s18,walk,s18_walk,49000,2021-01-01 19:39:32.094987,87.46355685131195,87.48333009732359,87.48333009732359,91.03448166450114,0.019773246011638435,3.570924813189194
s18,walk,s18_walk,50000,2021-01-01 19:39:34.094987,87.97653958944281,89.14493660951358,89.14493660951358,90.37314089525549,1.1683970200707705,2.3966013058126805
s18,walk,s18_walk,51000,2021-01-01 19:39:36.094987,92.44992295839754,92.33357824323448,92.33357824323448,91.05929396704815,-0.11634471516305211,-1.3906289913493879
s18,walk,s18_walk,52000,2021-01-01 19:39:38.094987,94.48818897637796,95.55722418763617,95.55722418763617,92.63356954425396,1.0690352112582104,-1.8546194321239966
s18,walk,s18_walk,53000,2021-01-01 19:39:40.094987,96.93053311793214,96.93414325201425,96.93414325201425,94.13877034197006,0.0036101340821090844,-2.791762775962084
s18,walk,s18_walk,54000,2021-01-01 19:39:42.094987,95.84664536741214,95.97496580553208,95.97496580553208,94.78143875421677,0.12832043811994254,-1.0652066131953717
s18,walk,s18_walk,55000,2021-01-01 19:39:44.094987,95.69377990430624,95.63554000984854,95.63554000984854,95.08037419368789,-0.05823989445769939,-0.6134057106183519
s18,walk,s18_walk,56000,2021-01-01 19:39:46.094987,97.0873786407767,97.71779942436704,97.71779942436704,96.0034730244256,0.6304207835903384,-1.0839056163511032
s18,walk,s18_walk,57000,2021-01-01 19:39:48.094987,97.87928221859708,98.15131999774495,98.15131999774495,96.75521946508738,0.2720377791478654,-1.1240627535097047
s18,walk,s18_walk,58000,2021-01-01 19:39:50.094987,97.87928221859708,95.81981939377273,95.81981939377273,96.42782944012725,-2.059462824824351,-1.4514527784698288
s18,walk,s18_walk,59000,2021-01-01 19:39:52.094987,92.5925925925926,92.75413188139436,92.75413188139436,95.14203529457075,0.16153928880176238,2.549442701978151
s18,walk,s18_walk,60000,2021-01-01 19:39:54.094987,89.55223880597015,90.4866478029841,90.4866478029841,93.51264967251542,0.9344089970139464,3.960410866545274
s18,walk,s18_walk,61000,2021-01-01 19:39:56.094987,89.55223880597015,90.03402621835139,90.03402621835139,92.29513146355801,0.48178741238123735,2.742892657587859
s18,walk,s18_walk,62000,2021-01-01 19:39:58.094987,91.6030534351145,90.46792115864478,90.46792115864478,91.65560785683839,-1.1351322764697187,0.05255442172388314
s18,walk,s18_walk,63000,2021-01-01 19:40:00.094987,98.36065573770492,98.07510391330675,98.07510391330675,93.90243147660232,-0.2855518243981692,-4.4582242611026
s18,walk,s18_walk,64000,2021-01-01 19:40:02.094987,100.67114093959732,100.3341157572905,100.3341157572905,96.15352097484319,-0.33702518230681733,-4.517619964754132
s18,walk,s18_walk,65000,2021-01-01 19:40:04.094987,100.67114093959732,96.65495167070604,96.65495167070604,96.32902171839518,-4.0161892688912815,-4.34211922120214
s18,walk,s18_walk,66000,2021-01-01 19:40:06.094987,92.5925925925926,92.00141699338748,92.00141699338748,94.81436006464249,-0.5911755992051155,2.2217674720498906
s18,walk,s18_walk,67000,2021-01-01 19:40:08.094987,90.63444108761328,90.62736489878978,90.62736489878978,93.34891175659403,-0.007076188823504026,2.714470668980752
s18,walk,s18_walk,68000,2021-01-01 19:40:10.094987,90.63444108761328,91.24413496610374,91.24413496610374,92.61223987992243,0.6096938784904609,1.9777987923091445
s18,walk,s18_walk,69000,2021-01-01 19:40:12.094987,97.2447325769854,94.28907889320216,94.28907889320216,93.19913353457034,-2.9556536837832397,-4.045599042415063
s18,walk,s18_walk,70000,2021-01-01 19:40:14.094987,97.87928221859708,97.35839255704393,97.35839255704393,94.6548741924361,-0.5208896615531557,-3.2244080261609867
s18,walk,s18_walk,71000,2021-01-01 19:40:16.094987,98.03921568627452,97.36987506223915,97.36987506223915,95.60512449686716,-0.669340624035371,-2.4340911894073542
s18,walk,s18_walk,72000,2021-01-01 19:40:18.094987,97.87928221859708,97.04950749723461,97.04950749723461,96.11065854699578,-0.8297747213624689,-1.7686236716013042
s18,walk,s18_walk,73000,2021-01-01 19:40:20.094987,92.5925925925926,93.70510784477895,93.70510784477895,95.26871580121988,1.1125152521863555,2.6761232086272884
s18,walk,s18_walk,74000,2021-01-01 19:40:22.094987,93.75,93.70995158062489,93.70995158062489,94.72314832401165,-0.040048419375111166,0.9731483240116461
s18,walk,s18_walk,75000,2021-01-01 19:40:24.094987,96.30818619582664,95.8147648553489,95.8147648553489,95.10521410997968,-0.4934213404777381,-1.2029720858469517
s18,walk,s18_walk,76000,2021-01-01 19:40:26.094987,98.19967266775778,97.80861698075563,97.80861698075563,96.05140511475128,-0.3910556870021509,-2.148267553006505
s18,walk,s18_walk,77000,2021-01-01 19:40:28.094987,98.36065573770492,97.46383519232108,97.46383519232108,96.54575564190071,-0.8968205453838323,-1.8149000958042052
s18,walk,s18_walk,78000,2021-01-01 19:40:30.094987,97.5609756097561,97.37417918768674,97.37417918768674,96.83570388292583,-0.18679642206936364,-0.7252717268302717
s18,walk,s18_walk,79000,2021-01-01 19:40:32.094987,97.0873786407767,96.80332608173327,96.80332608173327,96.82437165250843,-0.2840525590434311,-0.2630069882682733
s18,walk,s18_walk,80000,2021-01-01 19:40:34.094987,97.4025974025974,97.26727321885191,97.26727321885191,96.97938720072865,-0.13532418374548172,-0.42321020186874136
s18,walk,s18_walk,81000,2021-01-01 19:40:36.094987,99.009900990099,98.72383329403885,98.72383329403885,97.58994333338723,-0.2860676960601438,-1.419957656711773
s18,walk,s18_walk,82000,2021-01-01 19:40:38.094987,100.0,100.02668363598947,100.02668363598947,98.44280243929802,0.0266836359894711,-1.5571975607019795
s18,walk,s18_walk,83000,2021-01-01 19:40:40.094987,100.0,100.1809641066025,100.1809641066025,99.05115902285459,0.18096410660250228,-0.9488409771454087
s18,walk,s18_walk,84000,2021-01-01 19:40:42.094987,98.6842105263158,98.64143141575869,98.64143141575869,98.90775436037103,-0.04277911055710604,0.22354383405523492
s18,walk,s18_walk,85000,2021-01-01 19:40:44.094987,98.19967266775778,98.86035512054914,98.86035512054914,98.89116462643337,0.6606824527913631,0.6914919586755843
s18,walk,s18_walk,86000,2021-01-01 19:40:46.094987,98.84678747940691,99.5843177952466,99.5843177952466,99.13376823551799,0.7375303158396918,0.28698075611107754
s18,walk,s18_walk,87000,2021-01-01 19:40:48.094987,99.33774834437088,98.85805325185649,98.85805325185649,99.03726799123646,-0.47969509251439035,-0.300480353134418
s18,walk,s18_walk,88000,2021-01-01 19:40:50.094987,99.009900990099,98.49432979911188,98.49432979911188,98.84723962399286,-0.5155711909871172,-0.16266136610613557
s18,walk,s18_walk,89000,2021-01-01 19:40:52.094987,92.16589861751152,93.63645285844379,93.63645285844379,97.02346425605069,1.4705542409322732,4.857565638539171
s18,walk,s18_walk,90000,2021-01-01 19:40:54.094988,91.88361408882082,91.53081576769092,91.53081576769092,95.10103728512478,-0.35279832112989595,3.2174231963039546
s18,walk,s18_walk,91000,2021-01-01 19:40:56.094988,93.16770186335404,92.89176487345176,92.89176487345176,94.32779194103922,-0.2759369899022772,1.160090077685183
s18,walk,s18_walk,92000,2021-01-01 19:40:58.094988,98.03921568627452,96.6050002462098,96.6050002462098,95.12481484784892,-1.434215440064719,-2.9144008384255926
s18,walk,s18_walk,93000,2021-01-01 19:41:00.094988,97.4025974025974,96.81153978388187,96.81153978388187,95.71516857546045,-0.5910576187155243,-1.6874288271369409
s18,walk,s18_walk,94000,2021-01-01 19:41:02.094988,96.61835748792272,96.02562555981066,96.02562555981066,95.82382851998304,-0.5927319281120589,-0.7945289679396836
s18,walk,s18_walk,95000,2021-01-01 19:41:04.094988,93.45794392523364,93.08542336381808,93.08542336381808,94.8653867153253,-0.37252056141555556,1.4074427900916646
s18,walk,s18_walk,96000,2021-01-01 19:41:06.094988,93.45794392523364,92.34242790811034,92.34242790811034,93.98235113280006,-1.1155160171232978,0.5244072075664263
s18,walk,s18_walk,97000,2021-01-01 19:41:08.094988,94.04388714733544,92.06446539550706,92.06446539550706,93.31109112474752,-1.979421751828383,-0.7327960225879195
s18,walk,s18_walk,98000,2021-01-01 19:41:10.094988,96.4630225080386,95.79729033492517,95.79729033492517,94.1812608483097,-0.6657321731134402,-2.2817616597289003
s18,walk,s18_walk,99000,2021-01-01 19:41:12.094988,98.6842105263158,97.90862080162589,97.90862080162589,95.48583683197037,-0.7755897246899082,-3.1983736943454204
s18,walk,s18_walk,100000,2021-01-01 19:41:14.094988,99.83361064891848,98.91730026165403,98.91730026165403,96.68684903235965,-0.9163103872644456,-3.146761616558834
s18,walk,s18_walk,101000,2021-01-01 19:41:16.094988,99.83361064891848,99.47175106822979,99.47175106822979,97.66156474491419,-0.3618595806886873,-2.1720459040042925
s18,walk,s18_walk,102000,2021-01-01 19:41:18.094988,99.33774834437088,100.5442838942331,100.5442838942331,98.6705164471758,1.2065355498622239,-0.6672318971950801
s18,walk,s18_walk,103000,2021-01-01 19:41:20.094988,98.84678747940691,98.86300611097796,98.86300611097796,98.73788782950655,0.01621863157104997,-0.1088996499003656
s18,walk,s18_walk,104000,2021-01-01 19:41:22.094988,98.36065573770492,98.32853247806399,98.32853247806399,98.59461345650166,-0.032123259640925994,0.23395771879674498
s18,walk,s18_walk,105000,2021-01-01 19:41:24.094988,97.5609756097561,96.49578899261384,96.49578899261384,97.86002489414092,-1.0651866171422597,0.2990492843848216
s18,walk,s18_walk,106000,2021-01-01 19:41:26.094988,97.0873786407767,93.82137155121161,93.82137155121161,96.44649622411566,-3.2660070895650932,-0.640882416661043
s18,walk,s18_walk,107000,2021-01-01 19:41:28.094988,87.97653958944281,89.3790571943418,89.3790571943418,93.97289256369481,1.4025176048989891,5.996352974252005
s18,walk,s18_walk,108000,2021-01-01 19:41:30.094988,86.20689655172414,86.54387265628793,86.54387265628793,91.3727355961024,0.3369761045637887,5.165839044378259
s18,walk,s18_walk,109000,2021-01-01 19:41:32.094988,86.70520231213874,86.78628837703468,86.78628837703468,89.7674790694287,0.08108606489594194,3.0622767572899647
s18,walk,s18_walk,110000,2021-01-01 19:41:34.094988,92.3076923076923,90.421177725358,90.421177725358,89.99627359900396,-1.8865145823343,-2.3114187086883504
s18,walk,s18_walk,111000,2021-01-01 19:41:36.094988,94.04388714733544,92.41086610948717,92.41086610948717,90.84138097767308,-1.6330210378482661,-3.2025061696623567
s18,walk,s18_walk,112000,2021-01-01 19:41:38.094988,94.33962264150944,93.6654522275658,93.6654522275658,91.82980591513552,-0.6741704139436422,-2.509816726373913
s18,walk,s18_walk,113000,2021-01-01 19:41:40.094988,94.33962264150944,92.87895178017591,92.87895178017591,92.19700696789965,-1.4606708613335257,-2.1426156736097823
s18,walk,s18_walk,114000,2021-01-01 19:41:42.094988,94.04388714733544,92.8599914312305,92.8599914312305,92.42905153006545,-1.1838957161049422,-1.6148356172699891
s18,walk,s18_walk,115000,2021-01-01 19:41:44.094988,94.19152276295134,93.03187393760618,93.03187393760618,92.6400393727047,-1.1596488253451582,-1.5514833902466307
s18,walk,s18_walk,116000,2021-01-01 19:41:46.094988,94.6372239747634,94.78426235583808,94.78426235583808,93.39051741680139,0.1470383810746796,-1.246706557962014
s18,walk,s18_walk,117000,2021-01-01 19:41:48.094988,94.6372239747634,94.70501410782373,94.70501410782373,93.85059125865921,0.06779013306032766,-0.7866327161041937
s18,walk,s18_walk,118000,2021-01-01 19:41:50.094988,91.1854103343465,93.07778737759953,93.07778737759953,93.58010990028832,1.8923770432530347,2.3946995659418207
s18,walk,s18_walk,119000,2021-01-01 19:41:52.094988,90.09009009009009,90.74106805063647,90.74106805063647,92.58644525291018,0.6509779605463848,2.4963551628200946
s18,walk,s18_walk,120000,2021-01-01 19:41:54.094988,90.09009009009009,90.10475967862025,90.10475967862025,91.71785530190871,0.014669588530168198,1.6277652118186268
s18,walk,s18_walk,121000,2021-01-01 19:41:56.094988,93.89671361502349,91.66591649506961,91.66591649506961,91.69967671951503,-2.230797119953877,-2.197036895508461
s18,walk,s18_walk,122000,2021-01-01 19:41:58.094988,98.03921568627452,98.59917762793654,98.59917762793654,94.11450203746256,0.5599619416620243,-3.9247136488119594
s18,walk,s18_walk,123000,2021-01-01 19:42:00.094988,98.03921568627452,97.71700707855882,97.71700707855882,95.37537880184624,-0.3222086077156945,-2.663836884428278
s18,walk,s18_walk,124000,2021-01-01 19:42:02.094988,96.4630225080386,96.04025948045172,96.04025948045172,95.60808703935817,-0.4227630275868819,-0.8549354686804378
s18,walk,s18_walk,125000,2021-01-01 19:42:04.094988,90.36144578313252,92.24346847510579,92.24346847510579,94.43047054186984,1.8820226919732619,4.069024758737314
s18,walk,s18_walk,126000,2021-01-01 19:42:06.094988,90.36144578313252,91.32427295352186,91.32427295352186,93.34330138594805,0.9628271703893319,2.9818556028155285
s18,walk,s18_walk,127000,2021-01-01 19:42:08.094988,91.74311926605505,92.7999542805491,92.7999542805491,93.15312989905843,1.0568350144940553,1.410010633003381
s18,walk,s18_walk,128000,2021-01-01 19:42:10.094988,98.6842105263158,99.08828622420705,99.08828622420705,95.23043461286045,0.4040756978912583,-3.4537759134553454
s18,walk,s18_walk,129000,2021-01-01 19:42:12.094988,98.6842105263158,97.63094168988445,97.63094168988445,96.07061208981885,-1.053268836431343,-2.613598436496943
s18,walk,s18_walk,130000,2021-01-01 19:42:14.094988,96.15384615384616,95.9474279423731,95.9474279423731,96.02749763821284,-0.20641821147306416,-0.1263485156333246
s18,walk,s18_walk,131000,2021-01-01 19:42:16.094988,95.38950715421304,93.65534333576876,93.65534333576876,95.19724363235741,-1.734163818444273,-0.19226352185562234
s18,walk,s18_walk,132000,2021-01-01 19:42:18.094988,94.9367088607595,93.40775688198497,93.40775688198497,94.57092326972706,-1.5289519787745292,-0.36578559103243435
s18,walk,s18_walk,133000,2021-01-01 19:42:20.094988,98.52216748768473,96.8578815224647,96.8578815224647,95.37135865818524,-1.6642859652200315,-3.150808829499482
s18,walk,s18_walk,134000,2021-01-01 19:42:22.094988,98.6842105263158,98.40553735347899,98.40553735347899,96.43332120153806,-0.27867317283680393,-2.250889324777731
s18,walk,s18_walk,135000,2021-01-01 19:42:24.094988,98.6842105263158,97.54778887846315,97.54778887846315,96.82338488846185,-1.136421647852643,-1.8608256378539494
s18,walk,s18_walk,136000,2021-01-01 19:42:26.094988,95.08716323296356,92.85696824467715,92.85696824467715,95.4351390631372,-2.2301949882864136,0.3479758301736382
s18,walk,s18_walk,137000,2021-01-01 19:42:28.094988,92.87925696594426,92.75926131506796,92.75926131506796,94.49858185131296,-0.11999565087630515,1.6193248853686981
s18,walk,s18_walk,138000,2021-01-01 19:42:30.094988,98.03921568627452,96.36250257719786,96.36250257719786,95.15095410537268,-1.6767131090766583,-2.8882615809018404
s18,walk,s18_walk,139000,2021-01-01 19:42:32.094988,98.84678747940691,98.70198272678961,98.70198272678961,96.3938141228686,-0.1448047526173042,-2.4529733565383083
s18,walk,s18_walk,140000,2021-01-01 19:42:34.094988,99.009900990099,98.65201019611754,98.65201019611754,97.18418274850573,-0.3578907939814542,-1.8257182415932647
s18,walk,s18_walk,141000,2021-01-01 19:42:36.094988,99.33774834437088,99.11728316193971,99.11728316193971,97.86076789320762,-0.22046518243116964,-1.4769804511632572
s18,walk,s18_walk,142000,2021-01-01 19:42:38.094988,98.84678747940691,98.85292283556653,98.85292283556653,98.20802212303323,0.0061353561596178,-0.6387653563736819
s18,walk,s18_walk,143000,2021-01-01 19:42:40.094988,99.009900990099,98.2406546769696,98.2406546769696,98.21944351691096,-0.7692463131294005,-0.7904574731880416
s18,walk,s18_walk,144000,2021-01-01 19:42:42.094988,97.87928221859708,96.88003406540597,96.88003406540597,97.75065020888421,-0.9992481531911181,-0.1286320097128737
s18,walk,s18_walk,145000,2021-01-01 19:42:44.094988,96.4630225080386,95.97731207508363,95.97731207508363,97.12998186205401,-0.4857104329549742,0.666959354015404
s18,walk,s18_walk,146000,2021-01-01 19:42:46.094988,93.45794392523364,95.27791664969034,95.27791664969034,96.48175903772673,1.8199727244567043,3.0238151124930965
s18,walk,s18_walk,147000,2021-01-01 19:42:48.094988,94.19152276295134,93.16173853329128,93.16173853329128,95.31975186117432,-1.0297842296600521,1.1282290982229881
s18,walk,s18_walk,148000,2021-01-01 19:42:50.094988,95.54140127388536,94.90785061315064,94.90785061315064,95.17558642436603,-0.6335506607347128,-0.3658148495193245
s18,walk,s18_walk,149000,2021-01-01 19:42:52.094988,96.7741935483871,96.57904339398584,96.57904339398584,95.66679636373297,-0.1951501544012615,-1.1073971846541326
s18,walk,s18_walk,150000,2021-01-01 19:42:54.094988,96.7741935483871,95.91783650537543,95.91783650537543,95.75466041330783,-0.8563570430116698,-1.0195331350792713
s18,walk,s18_walk,151000,2021-01-01 19:42:56.094988,92.3076923076923,92.40873827637644,92.40873827637644,94.58358766538184,0.10104596868413296,2.275895357689535
s18,walk,s18_walk,152000,2021-01-01 19:42:58.094988,92.3076923076923,92.43525122219285,92.43525122219285,93.8316699102657,0.1275589145005398,1.523977602573396
s18,walk,s18_walk,153000,2021-01-01 19:43:00.094988,95.38950715421304,93.7589578492158,93.7589578492158,93.80622068889824,-1.6305493049972313,-1.5832864653147993
s18,walk,s18_walk,154000,2021-01-01 19:43:02.094988,96.4630225080386,96.57939693413783,96.57939693413783,94.7768323747321,0.11637442609922743,-1.6861901333065106
s18,walk,s18_walk,155000,2021-01-01 19:43:04.094988,96.4630225080386,96.13329902602524,96.13329902602524,95.2515957026847,-0.3297234820133639,-1.2114268053539092
s18,walk,s18_walk,156000,2021-01-01 19:43:06.094988,91.1854103343465,92.40561411830721,92.40561411830721,94.25550214815257,1.220203783960713,3.070091813806073
s18,walk,s18_walk,157000,2021-01-01 19:43:08.094988,91.1854103343465,90.08653542833325,90.08653542833325,92.79636379621581,-1.0988749060132506,1.6109534618693147
s18,walk,s18_walk,158000,2021-01-01 19:43:10.094988,92.3076923076923,92.11469938913808,92.11469938913808,92.55778125373861,-0.19299291855422496,0.2500889460463043
s18,walk,s18_walk,159000,2021-01-01 19:43:12.094988,96.61835748792272,94.0060830608627,94.0060830608627,93.06468688623204,-2.6122744270600293,-3.5536706016906834
s18,walk,s18_walk,160000,2021-01-01 19:43:14.094988,98.03921568627452,96.90792223714807,96.90792223714807,94.40981925905265,-1.1312934491264457,-3.629396427221863
s18,walk,s18_walk,161000,2021-01-01 19:43:16.094988,98.03921568627452,97.20475566950192,97.20475566950192,95.3880470027099,-0.8344600167725957,-2.65116868356462
s18,walk,s18_walk,162000,2021-01-01 19:43:18.094988,97.87928221859708,97.72432784699548,97.72432784699548,96.20574529820985,-0.15495437160160463,-1.6735369203872352
s18,walk,s18_walk,163000,2021-01-01 19:43:20.094988,97.87928221859708,99.44571969472098,99.44571969472098,97.33973633698875,1.5664374761238946,-0.5395458816083334
s18,walk,s18_walk,164000,2021-01-01 19:43:22.094988,100.50251256281408,99.83324914047407,99.83324914047407,98.21246581820861,-0.6692634223400091,-2.290046744605462
s18,walk,s18_walk,165000,2021-01-01 19:43:24.094988,100.50251256281408,98.9140201223188,98.9140201223188,98.45800982464718,-1.5884924404952727,-2.044502738166898
s18,walk,s18_walk,166000,2021-01-01 19:43:26.094988,97.2447325769854,95.99751301777499,95.99751301777499,97.59683594224191,-1.2472195592104072,0.35210336525651087
s18,walk,s18_walk,167000,2021-01-01 19:43:28.094988,91.74311926605505,91.1461578881515,91.1461578881515,95.33909862331026,-0.5969613779035399,3.5959793572552172
s18,walk,s18_walk,168000,2021-01-01 19:43:30.094988,91.74311926605505,90.60910185623308,90.60910185623308,93.68359975483325,-1.1340174098219649,1.9404804887782063
s18,walk,s18_walk,169000,2021-01-01 19:43:32.094988,93.45794392523364,92.07145882669046,92.07145882669046,93.11935042998327,-1.3864850985431758,-0.33859349525036464
s18,walk,s18_walk,170000,2021-01-01 19:43:34.094988,95.54140127388536,94.1779563870191,94.1779563870191,93.48986251494581,-1.3634448868662616,-2.051538758939543
s18,walk,s18_walk,171000,2021-01-01 19:43:36.094988,95.54140127388536,95.30298328164217,95.30298328164217,94.12445478328954,-0.2384179922431855,-1.4169464905958193
s18,walk,s18_walk,172000,2021-01-01 19:43:38.094988,95.54140127388536,94.88786564267997,94.88786564267997,94.3916485840762,-0.6535356312053864,-1.1497526898091621
s18,walk,s18_walk,173000,2021-01-01 19:43:40.094988,96.0,94.28196390957798,94.28196390957798,94.35325894800182,-1.718036090422018,-1.6467410519981769
s18,walk,s18_walk,174000,2021-01-01 19:43:42.094988,96.15384615384616,95.37377151460142,95.37377151460142,94.71043834631168,-0.7800746392447451,-1.4434078075344843
s18,walk,s18_walk,175000,2021-01-01 19:43:44.094988,96.15384615384616,96.2847972070449,96.2847972070449,95.2614639475683,0.13095105319874278,-0.8923822062778584
s18,walk,s18_walk,176000,2021-01-01 19:43:46.094988,96.61835748792272,97.15645321873725,97.15645321873725,95.92471019247743,0.5380957308145327,-0.6936472954452881
s18,walk,s18_walk,177000,2021-01-01 19:43:48.094988,96.0,96.57762019050607,96.57762019050607,96.15322869178746,0.5776201905060674,0.15322869178746146
s18,walk,s18_walk,178000,2021-01-01 19:43:50.094988,95.84664536741214,95.47175853402801,95.47175853402801,95.91471413657166,-0.37488683338412443,0.06806876915952387
s18,walk,s18_walk,179000,2021-01-01 19:43:52.094988,94.33962264150944,94.62316027157054,94.62316027157054,95.46267028382127,0.28353763006110455,1.1230476423118319
s18,walk,s18_walk,180000,2021-01-01 19:43:54.094988,95.54140127388536,94.49667038162416,94.49667038162416,95.12457031805228,-1.0447308922611995,-0.4168309558330776
s18,walk,s18_walk,181000,2021-01-01 19:43:56.094988,96.7741935483871,96.35909699594795,96.35909699594795,95.55665465531577,-0.41509655243915233,-1.2175388930713353
s18,walk,s18_walk,182000,2021-01-01 19:43:58.094988,97.0873786407767,97.53381987187997,97.53381987187997,96.24866248111324,0.4464412311032646,-0.8387161596634627
s18,walk,s18_walk,183000,2021-01-01 19:44:00.094988,97.0873786407767,97.04409930458482,97.04409930458482,96.5270653693283,-0.04327933619188684,-0.5603132714484076
s18,walk,s18_walk,184000,2021-01-01 19:44:02.094988,94.6372239747634,96.417274952175,96.417274952175,96.48863872332464,1.7800509774116051,1.8514147485612398
s18,walk,s18_walk,185000,2021-01-01 19:44:04.094988,94.6372239747634,93.8632890142253,93.8632890142253,95.56976632513988,-0.7739349605380994,0.9325423503764796
s18,walk,s18_walk,186000,2021-01-01 19:44:06.094988,96.7741935483871,97.38188855780737,97.38188855780737,96.2040091065735,0.6076950094202687,-0.570184441813609
s18,walk,s18_walk,187000,2021-01-01 19:44:08.094988,98.6842105263158,97.9241131273333,97.9241131273333,96.80604551383942,-0.7600973989824951,-1.878165012476373
s18,walk,s18_walk,188000,2021-01-01 19:44:10.094988,98.6842105263158,97.9133918467171,97.9133918467171,97.1936167303466,-0.7708186795986904,-1.4905937959691897
s18,walk,s18_walk,189000,2021-01-01 19:44:12.094988,97.0873786407767,96.58525943273814,96.58525943273814,96.98069167618365,-0.5021192080385646,-0.10668696459305238
s18,walk,s18_walk,190000,2021-01-01 19:44:14.094988,93.16770186335404,93.99832896990456,93.99832896990456,95.93686472898597,0.8306271065505229,2.7691628656319267
s18,walk,s18_walk,191000,2021-01-01 19:44:16.094988,92.5925925925926,92.72573242710355,92.72573242710355,94.81296842332712,0.13313983451095623,2.2203758307345254
s18,walk,s18_walk,192000,2021-01-01 19:44:18.094988,93.16770186335404,93.22523948114684,93.22523948114684,94.25726329356402,0.05753761779280353,1.089561430209983
s18,walk,s18_walk,193000,2021-01-01 19:44:20.094988,98.03921568627452,96.24154746343336,96.24154746343336,94.9517627530183,-1.7976682228411534,-3.087452933256216
s18,walk,s18_walk,194000,2021-01-01 19:44:22.094988,97.5609756097561,97.01869062078275,97.01869062078275,95.67518750673585,-0.5422849889733499,-1.8857881030202464
s18,walk,s18_walk,195000,2021-01-01 19:44:24.094988,95.38950715421304,96.68994374576235,96.68994374576235,96.03035219039512,1.300436591549314,0.6408450361820854
s18,walk,s18_walk,196000,2021-01-01 19:44:26.094988,93.89671361502349,93.04343399558603,93.04343399558603,94.98493082221194,-0.8532796194374583,1.0882172071884497
s18,walk,s18_walk,197000,2021-01-01 19:44:28.094988,93.89671361502349,94.28544366364076,94.28544366364076,94.74011031671202,0.3887300486172762,0.8433967016885333
s18,walk,s18_walk,198000,2021-01-01 19:44:30.094988,99.66777408637874,98.6446538081952,98.6446538081952,96.10670053873113,-1.0231202781835407,-3.5610735476476094
s18,walk,s18_walk,199000,2021-01-01 19:44:32.094988,102.21465076660988,101.57919208843221,101.57919208843221,98.02207258112651,-0.6354586781776703,-4.19257818548337
s18,walk,s18_walk,200000,2021-01-01 19:44:34.094988,103.09278350515464,103.69881238997344,103.69881238997344,100.00893151422294,0.606028884818798,-3.0838519909317057
s18,walk,s18_walk,201000,2021-01-01 19:44:36.094988,102.38907849829351,103.12678752815513,103.12678752815513,101.1001811190992,0.7377090298616196,-1.2888973791943101
s18,walk,s18_walk,202000,2021-01-01 19:44:38.094988,102.21465076660988,102.64723747006693,102.64723747006693,101.6416508419379,0.43258670345704786,-0.5729999246719757
s18,walk,s18_walk,203000,2021-01-01 19:44:40.094988,99.33774834437088,100.53263396535588,100.53263396535588,101.2534949351342,1.194885620985005,1.9157465907633195
s18,walk,s18_walk,204000,2021-01-01 19:44:42.094988,97.7198697068404,97.31689027692241,97.31689027692241,99.87568330476009,-0.4029794299179912,2.155813597919689
s18,walk,s18_walk,205000,2021-01-01 19:44:44.094988,97.0873786407767,95.00931759066273,95.00931759066273,98.17245530482602,-2.0780610501139734,1.0850766640493106
s18,walk,s18_walk,206000,2021-01-01 19:44:46.094988,93.89671361502349,92.86700489020735,92.86700489020735,96.3155476597095,-1.0297087248161318,2.418834044686008
s18,walk,s18_walk,207000,2021-01-01 19:44:48.094988,93.89671361502349,93.39040847373775,93.39040847373775,95.29174894461939,-0.5063051412857362,1.395035329595899
s18,walk,s18_walk,208000,2021-01-01 19:44:50.094989,100.33444816053512,99.38291787771537,99.38291787771537,96.72365807120298,-0.9515302828197463,-3.6107900893321414
s18,walk,s18_walk,209000,2021-01-01 19:44:52.094989,100.67114093959732,101.77866879163834,101.77866879163834,98.49291182335536,1.1075278520410166,-2.1782291162419654
s18,walk,s18_walk,210000,2021-01-01 19:44:54.094989,102.56410256410255,101.95080274057055,101.95080274057055,99.70317364438067,-0.6132998235320031,-2.8609289197218857
s18,walk,s18_walk,211000,2021-01-01 19:44:56.094989,102.38907849829351,101.75358679560105,101.75358679560105,100.4208182473078,-0.6354917026924625,-1.9682602509857077
s18,walk,s18_walk,212000,2021-01-01 19:44:58.094989,102.04081632653062,101.76801681102528,101.76801681102528,100.89233774460894,-0.27279951550534065,-1.1484785819216796
s18,walk,s18_walk,213000,2021-01-01 19:45:00.094989,101.35135135135135,101.76372018958726,101.76372018958726,101.19732160035136,0.4123688382359063,-0.15402975099999594
s18,walk,s18_walk,214000,2021-01-01 19:45:02.094989,99.33774834437088,99.17015948473626,99.17015948473626,100.48781485988607,-0.16758885963461978,1.1500665155151921
s18,walk,s18_walk,215000,2021-01-01 19:45:04.094989,100.67114093959732,99.63784647376815,99.63784647376815,100.1903259247448,-1.0332944658291723,-0.4808150148525243
s18,walk,s18_walk,216000,2021-01-01 19:45:06.094989,100.1669449081803,100.01512629465728,100.01512629465728,100.12900605421416,-0.1518186135230195,-0.03793885396613916
s18,walk,s18_walk,217000,2021-01-01 19:45:08.094989,100.1669449081803,99.45498895429446,99.45498895429446,99.89310006924227,-0.711955953885834,-0.27384483893803235
s18,walk,s18_walk,218000,2021-01-01 19:45:10.094989,97.87928221859708,99.11619495455014,99.11619495455014,99.62118327910002,1.2369127359530552,1.74190106050294
s18,walk,s18_walk,219000,2021-01-01 19:45:12.094989,97.87928221859708,97.54950588664121,97.54950588664121,98.89609619173943,-0.32977633195586975,1.016813973142348
s18,walk,s18_walk,220000,2021-01-01 19:45:14.094989,97.0873786407767,97.39120223889967,97.39120223889967,98.36938330824552,0.30382359812296045,1.2820046674688115
s18,walk,s18_walk,221000,2021-01-01 19:45:16.094989,97.0873786407767,97.09297446688822,97.09297446688822,97.92264021377046,0.005595826111516544,0.8352615729937583
s18,walk,s18_walk,222000,2021-01-01 19:45:18.094989,94.48818897637796,95.17271282659563,95.17271282659563,96.96016562825926,0.6845238502176727,2.471976651881306
s18,walk,s18_walk,223000,2021-01-01 19:45:20.094989,94.48818897637796,95.50899395262664,95.50899395262664,96.45225554178785,1.0208049762486837,1.9640665654098939
s18,walk,s18_walk,224000,2021-01-01 19:45:22.094989,101.35135135135135,101.1703723566188,101.1703723566188,98.10359642697868,-0.18097899473255552,-3.2477549243726713
s18,walk,s18_walk,225000,2021-01-01 19:45:24.094989,101.35135135135135,102.810154050562,102.810154050562,99.75089159523284,1.4588026992106506,-1.6004597561185108
s18,walk,s18_walk,226000,2021-01-01 19:45:26.094989,103.44827586206895,103.07941853488578,103.07941853488578,100.91587602411136,-0.36885732718317854,-2.5323998379575983
s18,walk,s18_walk,227000,2021-01-01 19:45:28.094989,102.73972602739728,102.2675284210462,102.2675284210462,101.38895436303855,-0.472197606351088,-1.3507716643587315
s18,walk,s18_walk,228000,2021-01-01 19:45:30.094989,99.33774834437088,100.41864744016364,100.41864744016364,101.04934694003234,1.0808990957927591,1.7115985956614566
s18,walk,s18_walk,229000,2021-01-01 19:45:32.094989,96.61835748792272,97.58465451839162,97.58465451839162,99.83670459245809,0.966297030468894,3.2183471045353684
s18,walk,s18_walk,230000,2021-01-01 19:45:34.094989,93.16770186335404,93.42909905491044,93.42909905491044,97.59404265431641,0.26139719155639796,4.426340790962371
s18,walk,s18_walk,231000,2021-01-01 19:45:36.094989,92.5925925925926,92.07932984686838,92.07932984686838,95.66389317170959,-0.5132627457242194,3.0713005791169934
s18,walk,s18_walk,232000,2021-01-01 19:45:38.094989,94.9367088607595,93.6866070265427,93.6866070265427,94.97184302090118,-1.2501018342167924,0.03513416014168058
s18,walk,s18_walk,233000,2021-01-01 19:45:40.094989,94.9367088607595,94.06525871345231,94.06525871345231,94.65453851329407,-0.8714501473071863,-0.28217034746542424
s18,walk,s18_walk,234000,2021-01-01 19:45:42.094989,94.04388714733544,92.95294730317815,92.95294730317815,94.0589815897535,-1.0909398441572904,0.015094442418060794
s18,walk,s18_walk,235000,2021-01-01 19:45:44.094989,93.02325581395348,92.88929391146809,92.88929391146809,93.64959090235361,-0.13396190248539597,0.6263350884001255
s18,walk,s18_walk,236000,2021-01-01 19:45:46.094989,91.74311926605505,92.13626761598033,92.13626761598033,93.11992775212296,0.39314834992528347,1.3768084860679153
s18,walk,s18_walk,237000,2021-01-01 19:45:48.094989,92.5925925925926,92.11582764046538,92.11582764046538,92.7684927130428,-0.4767649521272119,0.17590012045020842
s18,walk,s18_walk,238000,2021-01-01 19:45:50.094989,92.7357032457496,92.76355467831098,92.76355467831098,92.76676440088667,0.02785143256137701,0.031061155137066976
s19,run,s19_run,0,2021-01-01 11:58:42.369887,93.45794392523364,91.71830536177929,91.71830536177929,91.71830536177929,-1.7396385634543492,-1.7396385634543492
s19,run,s19_run,1000,2021-01-01 11:58:44.369887,94.33962264150944,96.85890710534943,96.85890710534943,93.51751597202883,2.5192844638399947,-0.8221066694806041
s19,run,s19_run,2000,2021-01-01 11:58:46.369887,95.23809523809524,97.1205109980835,97.1205109980835,94.77856423114795,1.8824157599882625,-0.4595310069472873
s19,run,s19_run,3000,2021-01-01 11:58:48.369887,95.38950715421304,96.43527673013212,96.43527673013212,95.3584136057924,1.0457695759190813,-0.03109354842062828
s19,run,s19_run,4000,2021-01-01 11:58:50.369887,95.84664536741214,95.87751190078762,95.87751190078762,95.54009800904073,0.030866533375487393,-0.3065473583714038
s19,run,s19_run,5000,2021-01-01 11:58:52.369887,95.38950715421304,94.56398048780336,94.56398048780336,95.19845687660765,-0.8255266664096723,-0.19105027760538462
s19,run,s19_run,6000,2021-01-01 11:58:54.369887,97.4025974025974,96.9358180844081,96.9358180844081,95.80653329933781,-0.4667793181892961,-1.5960641032595788
s19,run,s19_run,7000,2021-01-01 11:58:56.369887,97.5609756097561,97.3685631404477,97.3685631404477,96.35324374372627,-0.19241246930839395,-1.2077318660298317
s19,run,s19_run,8000,2021-01-01 11:58:58.369887,98.6842105263158,96.7282615301334,96.7282615301334,96.48449996896876,-1.9559489961824,-2.199710557347032
s19,run,s19_run,9000,2021-01-01 11:59:00.369887,98.6842105263158,98.5698953735562,98.5698953735562,97.21438836057436,-0.1143151527596018,-1.4698221657414337
s19,run,s19_run,10000,2021-01-01 11:59:02.369887,97.2447325769854,97.06677483624775,97.06677483624775,97.16272362706005,-0.17795774073765358,-0.08200894992535268
s19,run,s19_run,11000,2021-01-01 11:59:04.369887,96.15384615384616,97.08111021669278,97.08111021669278,97.13415893343151,0.9272640628466178,0.980312779585347
s19,run,s19_run,12000,2021-01-01 11:59:06.369887,97.0873786407767,95.84150542749676,95.84150542749676,96.68173020635435,-1.2458732132799497,-0.40564843442236054
s19,run,s19_run,13000,2021-01-01 11:59:08.369887,98.84678747940691,97.63811728171511,97.63811728171511,97.01646568273061,-1.2086701976918022,-1.8303217966763015
s19,run,s19_run,14000,2021-01-01 11:59:10.369887,99.33774834437088,97.3364910386841,97.3364910386841,97.12847455731433,-2.001257305686778,-2.2092737870565458
s19,run,s19_run,15000,2021-01-01 11:59:12.369887,99.50248756218906,99.63606002729746,99.63606002729746,98.00612947180844,0.1335724651084007,-1.4963580903806246
s19,run,s19_run,16000,2021-01-01 11:59:14.369887,100.50251256281408,92.47194209234493,92.47194209234493,96.06916388899621,-8.030570470469144,-4.433348673817861
s19,run,s19_run,17000,2021-01-01 11:59:16.369887,101.010101010101,106.32983369599211,106.32983369599211,99.66039832144477,5.319732685891111,-1.3497026886562224
s19,run,s19_run,18000,2021-01-01 11:59:18.369887,102.04081632653062,101.96226973488983,101.96226973488983,100.46605331615054,-0.07854659164078726,-1.5747630103800816
s19,run,s19_run,19000,2021-01-01 11:59:20.369887,105.63380281690142,104.86263805551997,104.86263805551997,102.00485797492983,-0.7711647613814563,-3.628944841971588
s19,run,s19_run,20000,2021-01-01 11:59:22.369888,105.63380281690142,105.0667434026667,105.0667434026667,103.07651787463774,-0.5670594142347198,-2.557284942263678
s19,run,s19_run,21000,2021-01-01 11:59:24.369888,104.52961672473867,104.5230699850651,104.5230699850651,103.58281111328732,-0.006546739673567004,-0.946805611451353
s19,run,s19_run,22000,2021-01-01 11:59:26.369888,102.04081632653062,102.80374645812103,102.80374645812103,103.31013848397913,0.7629301315904087,1.2693221574485136
s19,run,s19_run,23000,2021-01-01 11:59:28.369888,101.86757215619694,101.23547557854407,101.23547557854407,102.58400646707685,-0.6320965776528737,0.7164343108799045
s19,run,s19_run,24000,2021-01-01 11:59:30.369888,104.16666666666669,105.31631658333639,105.31631658333639,103.54031500776767,1.149649916669702,-0.6263516588990115
s19,run,s19_run,25000,2021-01-01 11:59:32.369888,105.07880910683014,105.33681628696361,105.33681628696361,104.16909045548624,0.25800718013347534,-0.9097186513438942
s19,run,s19_run,26000,2021-01-01 11:59:34.369888,104.71204188481676,102.2731679499803,102.2731679499803,103.50551757855916,-2.438873934836451,-1.2065243062575917
s19,run,s19_run,27000,2021-01-01 11:59:36.369888,99.009900990099,96.61687131501154,96.61687131501154,101.09449138631749,-2.393029675087462,2.0845903962184877
s19,run,s19_run,28000,2021-01-01 11:59:38.369888,99.009900990099,97.7023606014142,97.7023606014142,99.90724561160133,-1.3075403886847994,0.8973446215023273
s19,run,s19_run,29000,2021-01-01 11:59:40.369888,100.0,98.79370345246558,98.79370345246558,99.5175058559038,-1.2062965475344214,-0.4824941440961936
s19,run,s19_run,30000,2021-01-01 11:59:42.369888,102.04081632653062,102.34503867064696,102.34503867064696,100.50714234106391,0.3042223441163401,-1.5336739854667059
s19,run,s19_run,31000,2021-01-01 11:59:44.369888,106.0070671378092,104.12577664376919,104.12577664376919,101.77366434701075,-1.881290494040016,-4.233402790798451
s19,run,s19_run,32000,2021-01-01 11:59:46.369888,106.0070671378092,105.07434407834269,105.07434407834269,102.92890225297693,-0.932723059466511,-3.078164884832276
s19,run,s19_run,33000,2021-01-01 11:59:48.369888,104.71204188481676,104.97169877081166,104.97169877081166,103.64388103421908,0.2596568859949002,-1.0681608505976783
s19,run,s19_run,34000,2021-01-01 11:59:50.369888,104.16666666666669,99.91070182702354,99.91070182702354,102.33726831170065,-4.255964839643141,-1.829398354966031
s19,run,s19_run,35000,2021-01-01 11:59:52.369888,102.04081632653062,99.7553110820776,99.7553110820776,101.43358328133259,-2.28550524445302,-0.6072330451980292
s19,run,s19_run,36000,2021-01-01 11:59:54.369888,103.09278350515464,104.7346072818445,104.7346072818445,102.58894168151176,1.6418237766898613,-0.5038418236428868
s19,run,s19_run,37000,2021-01-01 11:59:56.369888,104.16666666666669,104.62355365142601,104.62355365142601,103.30105587098174,0.456886984759322,-0.8656107956849439
s19,run,s19_run,38000,2021-01-01 11:59:58.369888,104.16666666666669,105.11839661879488,105.11839661879488,103.93712513271635,0.9517299521281899,-0.22954153395033927
s19,run,s19_run,39000,2021-01-01 12:00:00.369888,105.26315789473684,104.9059859285646,104.9059859285646,104.27622641126322,-0.35717196617223124,-0.9869314834736116
s19,run,s19_run,40000,2021-01-01 12:00:02.369888,105.63380281690142,102.14162384990884,102.14162384990884,103.5291155147892,-3.492178966992583,-2.104687302112225
s19,run,s19_run,41000,2021-01-01 12:00:04.369888,104.52961672473867,103.62125653686006,103.62125653686006,103.56136487251399,-0.9083601878786141,-0.9682518522246824
s19,run,s19_run,42000,2021-01-01 12:00:06.369888,96.61835748792272,98.33514280687375,98.33514280687375,101.73218714953991,1.7167853189510254,5.1138296616171885
s19,run,s19_run,43000,2021-01-01 12:00:08.369888,94.19152276295134,95.47704598130265,95.47704598130265,99.54288774065687,1.2855232183513152,5.351364977705529
s19,run,s19_run,44000,2021-01-01 12:00:10.369888,95.08716323296356,92.8039417536412,92.8039417536412,97.18425664520137,-2.283221479322364,2.097093412237811
s19,run,s19_run,45000,2021-01-01 12:00:12.369888,96.4630225080386,95.9425087640365,95.9425087640365,96.74964488679367,-0.5205137440021019,0.28662237875506946
s19,run,s19_run,46000,2021-01-01 12:00:14.369888,100.33444816053512,95.92278517352624,95.92278517352624,96.46024398715008,-4.4116629870088815,-3.8742041733850385
s19,run,s19_run,47000,2021-01-01 12:00:16.369888,102.38907849829351,100.68458911960096,100.68458911960096,97.93876478350788,-1.704489378692557,-4.450313714785636
s19,run,s19_run,48000,2021-01-01 12:00:18.369888,100.67114093959732,101.26331144785313,101.26331144785313,99.10235611602872,0.5921705082558049,-1.5687848235686062
s19,run,s19_run,49000,2021-01-01 12:00:20.369888,99.66777408637874,95.67745140890312,95.67745140890312,97.90363946853475,-3.9903226774756178,-1.7641346178439932
s19,run,s19_run,50000,2021-01-01 12:00:22.369888,98.6842105263158,94.42142035244613,94.42142035244613,96.68486277790373,-4.262790173869661,-1.9993477484120632
s19,run,s19_run,51000,2021-01-01 12:00:24.369888,97.0873786407767,95.72627510828725,95.72627510828725,96.34935709353796,-1.3611035324894516,-0.7380215472387448
s19,run,s19_run,52000,2021-01-01 12:00:26.369888,96.7741935483871,96.08712778567116,96.08712778567116,96.25757683578458,-0.687065762715946,-0.5166167126025272
s19,run,s19_run,53000,2021-01-01 12:00:28.369888,96.61835748792272,95.68142301064425,95.68142301064425,96.05592299698546,-0.93693447727847,-0.5624344909372638
s19,run,s19_run,54000,2021-01-01 12:00:30.369888,95.84664536741214,95.06461009277005,95.06461009277005,95.70896348051006,-0.7820352746420838,-0.1376818869020724
s19,run,s19_run,55000,2021-01-01 12:00:32.369888,95.38950715421304,96.73335759000797,96.73335759000797,96.06750141883433,1.3438504357949341,0.6779942646212902
s19,run,s19_run,56000,2021-01-01 12:00:34.369888,94.9367088607595,94.32322367302962,94.32322367302962,95.45700420780267,-0.6134851877298786,0.5202953470431737
s19,run,s19_run,57000,2021-01-01 12:00:36.369888,95.23809523809524,94.80147739775785,94.80147739775785,95.22756982428697,-0.4366178403373908,-0.010525413808267103
s19,run,s19_run,58000,2021-01-01 12:00:38.369888,96.30818619582664,95.23693113171527,95.23693113171527,95.23084628188687,-1.0712550641113694,-1.0773399139397668
s19,run,s19_run,59000,2021-01-01 12:00:40.369888,96.7741935483871,98.08684918516833,98.08684918516833,96.23044729803539,1.3126556367812299,-0.5437462503517168
s19,run,s19_run,60000,2021-01-01 12:00:42.369888,96.30818619582664,96.87681047250909,96.87681047250909,96.45667440910118,0.5686242766824563,0.14848821327454687
s19,run,s19_run,61000,2021-01-01 12:00:44.369888,96.30818619582664,97.74424760222595,97.74424760222595,96.90732502669485,1.4360614063993182,0.5991388308682133
s19,run,s19_run,62000,2021-01-01 12:00:46.369888,99.009900990099,98.87705035975986,98.87705035975986,97.5967288932676,-0.13285063033913502,-1.4131720968314028
s19,run,s19_run,63000,2021-01-01 12:00:48.369888,101.35135135135135,101.71232891771558,101.71232891771558,99.03718890182438,0.36097756636422673,-2.3141624495269753
s19,run,s19_run,64000,2021-01-01 12:00:50.369888,101.35135135135135,101.30479018017273,101.30479018017273,99.83084934924631,-0.046561171178623795,-1.5205020021050473
s19,run,s19_run,65000,2021-01-01 12:00:52.369888,99.33774834437088,99.01421185495305,99.01421185495305,99.54502622624366,-0.3235364894178332,0.20727788187278406
s19,run,s19_run,66000,2021-01-01 12:00:54.369888,97.2447325769854,98.33297577420636,98.33297577420636,99.12080856803061,1.0882431972209616,1.8760759910452123
s19,run,s19_run,67000,2021-01-01 12:00:56.369888,97.2447325769854,97.79512129046445,97.79512129046445,98.65681802088245,0.5503887134790517,1.4120854438970554
s19,run,s19_run,68000,2021-01-01 12:00:58.369888,99.009900990099,98.31270364439338,98.31270364439338,98.53637798911129,-0.697197345705618,-0.4735230009877114
s19,run,s19_run,69000,2021-01-01 12:01:00.369888,102.38907849829351,102.55876489135272,102.55876489135272,99.94421340489578,0.16968639305920874,-2.4448650933977376
s19,run,s19_run,70000,2021-01-01 12:01:02.369888,102.73972602739728,102.8327134982243,102.8327134982243,100.95518843756075,0.09298747082701198,-1.7845375898365319
s19,run,s19_run,71000,2021-01-01 12:01:04.369888,102.38907849829351,101.87061483775193,101.87061483775193,101.27558767762767,-0.5184636605415847,-1.1134908206658451
s19,run,s19_run,72000,2021-01-01 12:01:06.369888,101.52284263959392,100.14214595778532,100.14214595778532,100.87888307568284,-1.380696681808601,-0.643959563911082
s19,run,s19_run,73000,2021-01-01 12:01:08.369888,101.35135135135135,99.28750675148214,99.28750675148214,100.3219013622126,-2.0638445998692134,-1.0294499891387545
s19,run,s19_run,74000,2021-01-01 12:01:10.369888,101.35135135135135,99.40774634926241,99.40774634926241,100.00194710768002,-1.943605002088944,-1.34940424367133
s19,run,s19_run,75000,2021-01-01 12:01:12.369888,101.52284263959392,101.81057642935116,101.81057642935116,100.63496737026492,0.2877337897572403,-0.8878752693290011
s19,run,s19_run,76000,2021-01-01 12:01:14.369888,101.35135135135135,101.70992735397454,101.70992735397454,101.01120336456329,0.358576002623181,-0.3401479867880681
s19,run,s19_run,77000,2021-01-01 12:01:16.369888,101.35135135135135,101.26557480242047,101.26557480242047,101.1002333678133,-0.08577654893088038,-0.2511179835380517
s19,run,s19_run,78000,2021-01-01 12:01:18.369888,101.010101010101,97.67491586907089,97.67491586907089,99.90137224325346,-3.3351851410301094,-1.108728766847534
s19,run,s19_run,79000,2021-01-01 12:01:20.369888,101.69491525423727,99.86676093975483,99.86676093975483,99.88925828702894,-1.8281543144824468,-1.8056569672083356
s19,run,s19_run,80000,2021-01-01 12:01:22.369888,102.38907849829351,100.1834212337429,100.1834212337429,99.99221531837883,-2.2056572645506094,-2.396863179914689
s19,run,s19_run,81000,2021-01-01 12:01:24.369888,102.73972602739728,101.90943054673093,101.90943054673093,100.66324064830206,-0.8302954806663507,-2.0764853790952174
s19,run,s19_run,82000,2021-01-01 12:01:26.369888,102.73972602739728,104.07088280104169,104.07088280104169,101.85591540176094,1.331156773644409,-0.8838106256363432
s19,run,s19_run,83000,2021-01-01 12:01:28.369888,102.04081632653062,101.31475955302471,101.31475955302471,101.66651085470326,-0.7260567735059027,-0.3743054718273555
s19,run,s19_run,84000,2021-01-01 12:01:30.369888,101.35135135135135,101.01135861378529,101.01135861378529,101.43720757038196,-0.33999273756606385,0.08585621903060314
s19,run,s19_run,85000,2021-01-01 12:01:32.369888,102.38907849829351,101.24715572442177,101.24715572442177,101.3706894242959,-1.141922773871741,-1.0183890739976107
s19,run,s19_run,86000,2021-01-01 12:01:34.369888,102.04081632653062,99.47114969702105,99.47114969702105,100.7058505197497,-2.5696666295095696,-1.3349658067809145
s19,run,s19_run,87000,2021-01-01 12:01:36.369888,102.04081632653062,100.30350686286855,100.30350686286855,100.56503023984129,-1.737309463662072,-1.4757860866893253
s19,run,s19_run,88000,2021-01-01 12:01:38.369888,101.35135135135135,100.09092163921302,100.09092163921302,100.3990922296214,-1.2604297121383325,-0.9522591217299521
s19,run,s19_run,89000,2021-01-01 12:01:40.369888,101.010101010101,100.0887530752587,100.0887530752587,100.29047352559445,-0.9213479348423022,-0.719627484506546
s19,run,s19_run,90000,2021-01-01 12:01:42.369888,99.83361064891848,98.46955249408828,98.46955249408828,99.65315116456728,-1.3640581548302038,-0.18045948435120351
s19,run,s19_run,91000,2021-01-01 12:01:44.369888,100.1669449081803,99.24674904551975,99.24674904551975,99.51091042290064,-0.9201958626605489,-0.6560344852796618
s19,run,s19_run,92000,2021-01-01 12:01:46.369888,99.009900990099,99.61509808219847,99.61509808219847,99.54737610365488,0.6051970920994734,0.5374751135558853
s19,run,s19_run,93000,2021-01-01 12:01:48.369888,98.84678747940691,98.55535711865588,98.55535711865588,99.20016945890524,-0.29143036075103623,0.35338197949832306
s19,run,s19_run,94000,2021-01-01 12:01:50.369888,98.84678747940691,97.40136752303671,97.40136752303671,98.57058878135125,-1.445419956370202,-0.27619869805566566
s19,run,s19_run,95000,2021-01-01 12:01:52.369888,99.009900990099,97.41205518451544,97.41205518451544,98.16510202245871,-1.5978458055835603,-0.844798967640287
s19,run,s19_run,96000,2021-01-01 12:01:54.369888,100.50251256281408,98.48255689158799,98.48255689158799,98.27621122665397,-2.0199556712260858,-2.2263013361601054
s19,run,s19_run,97000,2021-01-01 12:01:56.369888,101.010101010101,100.63730320381666,100.63730320381666,99.10259341866092,-0.3727978062843391,-1.9075075914400799
s19,run,s19_run,98000,2021-01-01 12:01:58.369888,102.38907849829351,103.2851520204883,103.2851520204883,100.5664889293005,0.8960735221947829,-1.8225895689930098
s19,run,s19_run,99000,2021-01-01 12:02:00.369888,106.0070671378092,103.5365359426352,103.5365359426352,101.60600538396764,-2.4705311951740043,-4.40106175384156
s19,run,s19_run,100000,2021-01-01 12:02:02.369888,106.0070671378092,105.36604977680062,105.36604977680062,102.9220209214592,-0.6410173610085792,-3.0850462163500083
s19,run,s19_run,101000,2021-01-01 12:02:04.369888,105.82010582010582,102.63598423300618,102.63598423300618,102.82190808050063,-3.1841215870996393,-2.998197739605189
s19,run,s19_run,102000,2021-01-01 12:02:06.369888,105.63380281690142,102.67729119579573,102.67729119579573,102.77129217085391,-2.9565116211056903,-2.862510646047511
s19,run,s19_run,103000,2021-01-01 12:02:08.369888,105.63380281690142,102.55023794294264,102.55023794294264,102.69392319108496,-3.083564873958778,-2.9398796258164595
s19,run,s19_run,104000,2021-01-01 12:02:10.369888,106.76156583629891,106.17134992539339,106.17134992539339,103.91102254809292,-0.5902159109055276,-2.850543288205998
s19,run,s19_run,105000,2021-01-01 12:02:12.369888,108.30324909747291,107.236850739237,107.236850739237,105.07506241499334,-1.0663983582359151,-3.228186682479574
s19,run,s19_run,106000,2021-01-01 12:02:14.369888,108.30324909747291,106.01998086157842,106.01998086157842,105.40578387129813,-2.2832682358944965,-2.8974652261747877
s19,run,s19_run,107000,2021-01-01 12:02:16.369888,106.0070671378092,105.14001915455694,105.14001915455694,105.3127662204387,-0.8670479832522631,-0.6943009173704979
s19,run,s19_run,108000,2021-01-01 12:02:18.369888,105.63380281690142,104.57603048782816,104.57603048782816,105.054908714025,-1.0577723290732592,-0.5788941028764185
s19,run,s19_run,109000,2021-01-01 12:02:20.369888,104.52961672473867,102.69980513539639,102.69980513539639,104.23062246150499,-1.8298115893422846,-0.2989942632336806
s19,run,s19_run,110000,2021-01-01 12:02:22.369888,105.26315789473684,102.11762263660717,102.11762263660717,103.49107252279076,-3.1455352581296694,-1.7720853719460763
s19,run,s19_run,111000,2021-01-01 12:02:24.369888,104.52961672473867,102.30963986474828,102.30963986474828,103.07757109247589,-2.219976859990396,-1.4520456322627808
s19,run,s19_run,112000,2021-01-01 12:02:26.369888,105.4481546572935,102.91234437604075,102.91234437604075,103.0197417417236,-2.5358102812527505,-2.4284129155698935
s19,run,s19_run,113000,2021-01-01 12:02:28.369888,106.0070671378092,104.4652772894889,104.4652772894889,103.52567918344145,-1.541789848320306,-2.4813879543677473
s19,run,s19_run,114000,2021-01-01 12:02:30.369888,106.38297872340424,105.23394067296084,105.23394067296084,104.12357070477324,-1.1490380504433944,-2.2594080186309924
s19,run,s19_run,115000,2021-01-01 12:02:32.369888,106.38297872340426,105.41083008014917,105.41083008014917,104.57411148615482,-0.9721486432550961,-1.8088672372494443
s19,run,s19_run,116000,2021-01-01 12:02:34.369888,106.38297872340426,104.64036109374214,104.64036109374214,104.59729884881038,-1.7426176296621207,-1.7856798745938818
s19,run,s19_run,117000,2021-01-01 12:02:36.369888,106.0070671378092,104.15009826895543,104.15009826895543,104.44077864586114,-1.8569688688537695,-1.5662884919480575
s19,run,s19_run,118000,2021-01-01 12:02:38.369888,106.38297872340426,105.00813006688408,105.00813006688408,104.63935164321919,-1.3748486565201858,-1.7436270801850782
s19,run,s19_run,119000,2021-01-01 12:02:40.369888,106.76156583629891,106.3268558670041,106.3268558670041,105.22997812154391,-0.43470996929481487,-1.5315877147550054
s19,run,s19_run,120000,2021-01-01 12:02:42.369888,106.38297872340426,104.92361627452144,104.92361627452144,105.12275147508603,-1.4593624488828283,-1.2602272483182304
s19,run,s19_run,121000,2021-01-01 12:02:44.369888,106.38297872340426,104.8567272239858,104.8567272239858,105.02964298720096,-1.5262514994184642,-1.3533357362033058
s19,run,s19_run,122000,2021-01-01 12:02:46.369888,104.89510489510492,104.10509989808217,104.10509989808217,104.70605290600938,-0.7900049970227485,-0.189051989095546
s19,run,s19_run,123000,2021-01-01 12:02:48.369888,103.09278350515464,101.5808871480291,101.5808871480291,103.61224489071628,-1.5118963571255364,0.519461385561641
s19,run,s19_run,124000,2021-01-01 12:02:50.369888,102.38907849829351,100.67170547519682,100.67170547519682,102.58305609528446,-1.7173730230966981,0.19397759699094763
s19,run,s19_run,125000,2021-01-01 12:02:52.369888,102.38907849829351,102.89586523313511,102.89586523313511,102.69253929353218,0.5067867348415973,0.30346079523866365
s19,run,s19_run,126000,2021-01-01 12:02:54.369888,104.89510489510492,103.02774914064341,103.02774914064341,102.8098627400211,-1.8673557544615136,-2.0852421550838187
s19,run,s19_run,127000,2021-01-01 12:02:56.369888,104.89510489510492,103.30619539429041,103.30619539429041,102.98357916901537,-1.588909500814509,-1.9115257260895504
s19,run,s19_run,128000,2021-01-01 12:02:58.369888,104.89510489510492,102.91138756927863,102.91138756927863,102.95831210910751,-1.9837173258262908,-1.9367927859974117
s19,run,s19_run,129000,2021-01-01 12:03:00.369888,101.010101010101,98.14971454726557,98.14971454726557,101.27530296246283,-2.8603864628354216,0.26520195236183497
s19,run,s19_run,130000,2021-01-01 12:03:02.369888,101.010101010101,97.29551302462708,97.29551302462708,99.88237648422032,-3.714587985473912,-1.12772452588068
s19,run,s19_run,131000,2021-01-01 12:03:04.369888,101.86757215619694,97.06304937625032,97.06304937625032,98.8956119964308,-4.804522779946623,-2.971960159766141
s19,run,s19_run,132000,2021-01-01 12:03:06.369888,102.38907849829351,104.2793974531671,104.2793974531671,100.77993690628851,1.8903189548735924,-1.6091415920050025
s19,run,s19_run,133000,2021-01-01 12:03:08.369888,102.38907849829351,99.76025220637813,99.76025220637813,100.42304726131988,-2.628826291915388,-1.9660312369736346
s19,run,s19_run,134000,2021-01-01 12:03:10.369888,101.86757215619694,97.69096616944009,97.69096616944009,99.46681887916195,-4.176605986756854,-2.400753277034994
s19,run,s19_run,135000,2021-01-01 12:03:12.369888,99.33774834437088,97.1483641453504,97.1483641453504,98.65535972232792,-2.1893841990204805,-0.6823886220429642
s19,run,s19_run,136000,2021-01-01 12:03:14.369888,99.33774834437088,98.23029977014674,98.23029977014674,98.50658873906451,-1.1074485742241365,-0.8311596053063681
s19,run,s19_run,137000,2021-01-01 12:03:16.369888,102.38907849829351,101.67842333211776,101.67842333211776,99.61673084663315,-0.710655166175755,-2.7723476516603682
s19,run,s19_run,138000,2021-01-01 12:03:18.369888,102.38907849829351,102.82283674295418,102.82283674295418,100.7388679103455,0.43375824466066604,-1.6502105879480098
s19,run,s19_run,139000,2021-01-01 12:03:20.369888,101.010101010101,100.59057194020231,100.59057194020231,100.68696432079538,-0.41952906989868666,-0.32313668930561334
s19,run,s19_run,140000,2021-01-01 12:03:22.369888,100.67114093959732,97.47133323404955,97.47133323404955,99.56149344043435,-3.1998077055477694,-1.1096474991629748
s19,run,s19_run,141000,2021-01-01 12:03:24.369888,102.38907849829351,101.10791084326483,101.10791084326483,100.10273953142502,-1.281167655028682,-2.286338966868499
s19,run,s19_run,142000,2021-01-01 12:03:26.369888,102.38907849829351,102.17938704468784,102.17938704468784,100.82956616106699,-0.20969145360567154,-1.559512337226522
s19,run,s19_run,143000,2021-01-01 12:03:28.369888,102.38907849829351,99.27954599608478,99.27954599608478,100.28705910332323,-3.1095325022087366,-2.1020193949702843
s19,run,s19_run,144000,2021-01-01 12:03:30.369888,101.18043844856662,100.06047184045885,100.06047184045885,100.20775356132069,-1.1199666081077737,-0.9726848872459328
s19,run,s19_run,145000,2021-01-01 12:03:32.369888,99.33774834437088,99.2882957726708,99.2882957726708,99.88594333529323,-0.04945257170007267,0.5481949909223545
s19,run,s19_run,146000,2021-01-01 12:03:34.369888,99.17355371900828,98.42467145639014,98.42467145639014,99.37449817767715,-0.7488822626181388,0.20094445866887156
s19,run,s19_run,147000,2021-01-01 12:03:36.369888,100.50251256281408,96.52926033408718,96.52926033408718,98.37866493242066,-3.973252228726892,-2.1238476303934135
s19,run,s19_run,148000,2021-01-01 12:03:38.369888,99.33774834437088,95.7404277426554,95.7404277426554,97.45528191600283,-3.597320601715481,-1.8824664283680477
s19,run,s19_run,149000,2021-01-01 12:03:40.369888,99.83361064891848,97.13118446231502,97.13118446231502,97.3418478072121,-2.7024261866034607,-2.4917628417063753
s19,run,s19_run,150000,2021-01-01 12:03:42.369889,99.83361064891848,99.88898196685743,99.88898196685743,98.23334476308797,0.055371317938949005,-1.6002658858305097
s19,run,s19_run,151000,2021-01-01 12:03:44.369889,106.0070671378092,101.0553300159298,101.0553300159298,99.2210396015826,-4.951737121879404,-6.786027536226598
s19,run,s19_run,152000,2021-01-01 12:03:46.369889,106.38297872340426,103.04872813276278,103.04872813276278,100.56073058749567,-3.3342505906414885,-5.822248135908595
s19,run,s19_run,153000,2021-01-01 12:03:48.369889,106.0070671378092,101.74262794930178,101.74262794930178,100.9743946641278,-4.264439188507424,-5.0326724736814015
s19,run,s19_run,154000,2021-01-01 12:03:50.369889,104.16666666666669,101.56699372559785,101.56699372559785,101.18180433564233,-2.5996729410688317,-2.9848623310243596
s19,run,s19_run,155000,2021-01-01 12:03:52.369889,100.67114093959732,98.04172031918458,98.04172031918458,100.0827749298821,-2.629420620412745,-0.5883660097152159
s19,run,s19_run,156000,2021-01-01 12:03:54.369889,100.50251256281408,98.60095190588308,98.60095190588308,99.56413687148245,-1.9015606569309966,-0.938375691331629
s19,run,s19_run,157000,2021-01-01 12:03:56.369889,102.73972602739728,101.35474410460233,101.35474410460233,100.19084940307441,-1.3849819227949496,-2.5488766243228724
s19,run,s19_run,158000,2021-01-01 12:03:58.369889,103.09278350515464,102.88281555855231,102.88281555855231,101.13303755749168,-0.2099679466023332,-1.9597459476629666
s19,run,s19_run,159000,2021-01-01 12:04:00.369889,103.27022375215148,103.04774378856698,103.04774378856698,101.80318473836803,-0.2224799635845045,-1.4670390137834488
s19,run,s19_run,160000,2021-01-01 12:04:02.369889,103.09278350515464,101.72067906969295,101.72067906969295,101.77430775433174,-1.3721044354616936,-1.3184757508228984
s19,run,s19_run,161000,2021-01-01 12:04:04.369889,103.09278350515464,101.41974036168415,101.41974036168415,101.65020916690509,-1.673043143470494,-1.4425743382495568
s19,run,s19_run,162000,2021-01-01 12:04:06.369889,106.38297872340426,105.41408995806081,105.41408995806081,102.96756744380959,-0.9688887653434506,-3.4154112795946787
s19,run,s19_run,163000,2021-01-01 12:04:08.369889,106.76156583629891,104.37083780271315,104.37083780271315,103.45871206942584,-2.3907280335857592,-3.3028537668730706
s19,run,s19_run,164000,2021-01-01 12:04:10.369889,106.38297872340426,105.50832124327671,105.50832124327671,104.17607528027364,-0.8746574801275528,-2.206903443130628
s19,run,s19_run,165000,2021-01-01 12:04:12.369889,104.52961672473867,104.37654549157027,104.37654549157027,104.24623985422745,-0.15307123316840432,-0.2833768705112192
s19,run,s19_run,166000,2021-01-01 12:04:14.369889,102.73972602739728,99.035031291563,99.035031291563,102.4223168572949,-3.7046947358342806,-0.3174091701023798
s19,run,s19_run,167000,2021-01-01 12:04:16.369889,102.04081632653062,95.15389565552816,95.15389565552816,99.87836943667654,-6.886920671002457,-2.162446889854081
s19,run,s19_run,168000,2021-01-01 12:04:18.369889,102.38907849829351,102.3623000797353,102.3623000797353,100.7477451617471,-0.026778418558208728,-1.6413333365464098
s19,run,s19_run,169000,2021-01-01 12:04:20.369889,103.44827586206895,104.6686841433395,104.6686841433395,102.12007380530443,1.2204082812705508,-1.3282020567645247
s19,run,s19_run,170000,2021-01-01 12:04:22.369889,103.09278350515464,102.11578047372709,102.11578047372709,102.11857113925235,-0.9770030314275573,-0.9742123659022894
s19,run,s19_run,171000,2021-01-01 12:04:24.369889,103.09278350515464,101.04092736101876,101.04092736101876,101.7413958168706,-2.0518561441358827,-1.3513876882840492
s19,run,s19_run,172000,2021-01-01 12:04:26.369889,103.80622837370242,100.87821310762877,100.87821310762877,101.43928186863596,-2.9280152660736576,-2.3669465050664655
s19,run,s19_run,173000,2021-01-01 12:04:28.369889,104.89510489510492,101.08941203759065,101.08941203759065,101.3168274277701,-3.8056928575142734,-3.5782774673348285
s19,run,s19_run,174000,2021-01-01 12:04:30.369889,104.89510489510492,105.73612497086692,105.73612497086692,102.86358156785397,0.8410200757620032,-2.0315233272509516
s19,run,s19_run,175000,2021-01-01 12:04:32.369889,105.26315789473684,105.28472076956405,105.28472076956405,103.7109802884525,0.021562874827210976,-1.5521776062843315
s19,run,s19_run,176000,2021-01-01 12:04:34.369889,104.16666666666669,103.81458427377513,103.81458427377513,103.74724168331542,-0.3520823928915604,-0.4194249833512629
s19,run,s19_run,177000,2021-01-01 12:04:36.369889,103.09278350515464,103.90537099456695,103.90537099456695,103.80258694225344,0.8125874894123086,0.7098034370987989
s19,run,s19_run,178000,2021-01-01 12:04:38.369889,106.0070671378092,104.92271951819244,104.92271951819244,104.1946333438321,-1.0843476196167643,-1.8124337939771067
s19,run,s19_run,179000,2021-01-01 12:04:40.369889,105.63380281690142,104.63718435442364,104.63718435442364,104.34952619753913,-0.9966184624777839,-1.2842766193622879
s19,run,s19_run,180000,2021-01-01 12:04:42.369889,104.89510489510492,105.17975158187448,105.17975158187448,104.64010508205652,0.2846466867695625,-0.2549998130483999
s19,run,s19_run,181000,2021-01-01 12:04:44.369889,102.04081632653062,101.0916958354926,101.0916958354926,103.39816184575915,-0.9491204910380162,1.3573455192285309
s19,run,s19_run,182000,2021-01-01 12:04:46.369889,101.35135135135135,97.37645638825074,97.37645638825074,101.29056493563121,-3.97489496310061,-0.06078641572014476
s19,run,s19_run,183000,2021-01-01 12:04:48.369889,102.04081632653062,101.56626968210252,101.56626968210252,101.38706159689617,-0.4745466444281021,-0.6537547296344428
s19,run,s19_run,184000,2021-01-01 12:04:50.369889,106.0070671378092,95.72797060943724,95.72797060943724,99.40637975128556,-10.279096528371966,-6.600687386523646
s19,run,s19_run,185000,2021-01-01 12:04:52.369889,106.0070671378092,91.6430747397815,91.6430747397815,96.68922299725914,-14.363992398027705,-9.317844140550065
s19,run,s19_run,186000,2021-01-01 12:04:54.369889,105.63380281690142,92.12365997211708,92.12365997211708,95.09127593845942,-13.51014284478434,-10.542526878442004
s19,run,s19_run,187000,2021-01-01 12:04:56.369889,104.52961672473867,93.34881008078166,93.34881008078166,94.4814128882722,-11.180806643957013,-10.04820383646647
s19,run,s19_run,188000,2021-01-01 12:04:58.369889,101.35135135135135,93.47579926873331,93.47579926873331,94.1294481214336,-7.875552082618043,-7.221903229917757
s19,run,s19_run,189000,2021-01-01 12:05:00.369889,100.0,94.10827365486138,94.10827365486138,94.12203705813332,-5.891726345138622,-5.877962941866684
s19,run,s19_run,190000,2021-01-01 12:05:02.369889,92.7357032457496,89.60925618209811,89.60925618209811,92.54256375152099,-3.126447063651497,-0.19313949422861754
s19,run,s19_run,191000,2021-01-01 12:05:04.369889,91.1854103343465,89.80258517175946,89.80258517175946,91.58357124860446,-1.3828251625870394,0.3981609142579572
s19,run,s19_run,192000,2021-01-01 12:05:06.369889,93.603744149766,97.45777963175694,97.45777963175694,93.63954418270782,3.854035481990934,0.03580003294182177
s19,run,s19_run,193000,2021-01-01 12:05:08.369889,98.52216748768473,91.46306420384197,91.46306420384197,92.87777619010478,-7.059103283842759,-5.6443912975799435
s19,run,s19_run,194000,2021-01-01 12:05:10.369889,99.66777408637874,96.07785891019257,96.07785891019257,93.99780514213552,-3.5899151761861674,-5.669968944243223
s19,run,s19_run,195000,2021-01-01 12:05:12.369889,101.35135135135135,91.6337840049164,91.6337840049164,93.17039774410881,-9.717567346434961,-8.180953607242543
s19,run,s19_run,196000,2021-01-01 12:05:14.369889,103.44827586206895,100.56363887986893,100.56363887986893,95.75803214162485,-2.8846369822000213,-7.690243720444101
s19,run,s19_run,197000,2021-01-01 12:05:16.369889,103.09278350515464,93.42020906539386,93.42020906539386,94.93979406494401,-9.67257443976078,-8.152989440210632
s19,run,s19_run,198000,2021-01-01 12:05:18.369889,100.67114093959732,95.04206612802086,95.04206612802086,94.97558928702091,-5.629074811576459,-5.6955516525764125
s19,run,s19_run,199000,2021-01-01 12:05:20.369889,98.6842105263158,94.17122951551548,94.17122951551548,94.69406336699402,-4.512981010800317,-3.990147159321779
s19,run,s19_run,200000,2021-01-01 12:05:22.369889,98.36065573770492,76.42479846761458,76.42479846761458,88.29982065221121,-21.935857270090338,-10.060835085493707
s19,run,s19_run,201000,2021-01-01 12:05:24.369889,97.5609756097561,78.49214837093837,78.49214837093837,84.86713535376572,-19.068827238817732,-12.69384025599038
s19,run,s19_run,202000,2021-01-01 12:05:26.369889,98.19967266775778,94.64869994101495,94.64869994101495,88.29068295930296,-3.5509727267428275,-9.908989708454826
s19,run,s19_run,203000,2021-01-01 12:05:28.369889,98.6842105263158,80.85255378964511,80.85255378964511,85.6873377499227,-17.83165673667068,-12.99687277639309
s19,run,s19_run,204000,2021-01-01 12:05:30.369889,98.6842105263158,94.68942629742162,94.68942629742162,88.83806874154732,-3.9947842288941757,-9.846141784768477
s19,run,s19_run,205000,2021-01-01 12:05:32.369889,97.0873786407767,94.97826917818851,94.97826917818851,90.98713889437174,-2.1091094625881937,-6.1002397464049665
s19,run,s19_run,206000,2021-01-01 12:05:34.369889,95.54140127388536,86.70379482188046,86.70379482188046,89.48796846899978,-8.837606452004891,-6.053432804885574
s19,run,s19_run,207000,2021-01-01 12:05:36.369889,95.38950715421304,87.55429822753415,87.55429822753415,88.81118388448681,-7.835208926678888,-6.578323269726226
s19,run,s19_run,208000,2021-01-01 12:05:38.369889,96.15384615384616,95.8499974110077,95.8499974110077,91.27476861876912,-0.3038487428384542,-4.879077535077045
s19,run,s19_run,209000,2021-01-01 12:05:40.369889,96.7741935483871,96.91951194434834,96.91951194434834,93.25042878272185,0.1453183959612403,-3.5237647656652484
s19,run,s19_run,210000,2021-01-01 12:05:42.369889,97.87928221859708,97.19963172967003,97.19963172967003,94.63264981415372,-0.6796504889270523,-3.2466324044433605
s19,run,s19_run,211000,2021-01-01 12:05:44.369889,98.84678747940691,96.57417810076372,96.57417810076372,95.31218471446722,-2.272609378643196,-3.5346027649396916
s19,run,s19_run,212000,2021-01-01 12:05:46.369889,101.010101010101,97.25852725725207,97.25852725725207,95.99340460444192,-3.751573752848927,-5.016696405659076
s19,run,s19_run,213000,2021-01-01 12:05:48.369889,102.04081632653062,98.35998861463551,98.35998861463551,96.82170900800968,-3.6808277118951054,-5.2191073185209405
s19,run,s19_run,214000,2021-01-01 12:05:50.369889,102.04081632653062,99.35087375748803,99.35087375748803,97.7069166703271,-2.6899425690425858,-4.3338996562035135
s19,run,s19_run,215000,2021-01-01 12:05:52.369889,101.69491525423727,92.65947291978674,92.65947291978674,95.94031135763797,-9.035442334450536,-5.754603896599306
s19,run,s19_run,216000,2021-01-01 12:05:54.369889,101.35135135135135,99.58860667873091,99.58860667873091,97.21721472002051,-1.7627446726204425,-4.134136631330847
s19,run,s19_run,217000,2021-01-01 12:05:56.369889,101.35135135135135,91.59549096754147,91.59549096754147,95.24961140665285,-9.755860383809889,-6.101739944698508
s19,run,s19_run,218000,2021-01-01 12:05:58.369889,100.67114093959732,95.36904782881156,95.36904782881156,95.2914141544084,-5.302093110785762,-5.379726785188922
s19,run,s19_run,219000,2021-01-01 12:06:00.369889,99.83361064891848,97.3756925412553,97.3756925412553,96.02091158980483,-2.4579181076631755,-3.8126990591136547
s19,run,s19_run,220000,2021-01-01 12:06:02.369889,103.44827586206895,79.73543407598989,79.73543407598989,90.3209944599696,-23.712841786079068,-13.127281402099356
s19,run,s19_run,221000,2021-01-01 12:06:04.369889,104.71204188481676,91.66717227817405,91.66717227817405,90.79215669634115,-13.044869606642706,-13.919885188475604
s19,run,s19_run,222000,2021-01-01 12:06:06.369889,106.0070671378092,105.84130474028548,105.84130474028548,96.05935851172165,-0.16576239752372146,-9.947708626087547
s19,run,s19_run,223000,2021-01-01 12:06:08.369889,106.0070671378092,105.80735246489444,105.80735246489444,99.47115639533213,-0.19971467291476586,-6.535910742477071
s19,run,s19_run,224000,2021-01-01 12:06:10.369889,105.63380281690142,105.26719383303585,105.26719383303585,101.49976949852844,-0.36660898386557506,-4.134033318372985
s19,run,s19_run,225000,2021-01-01 12:06:12.369889,104.89510489510492,104.65366786806304,104.65366786806304,102.60363392786554,-0.24143702704188286,-2.291470967239377
s19,run,s19_run,226000,2021-01-01 12:06:14.369889,103.44827586206895,101.85848236416402,101.85848236416402,102.34283088057,-1.5897934979049353,-1.1054449814989482
s19,run,s19_run,227000,2021-01-01 12:06:16.369889,103.09278350515464,102.3999976196495,102.3999976196495,102.36283923924782,-0.6927858855051454,-0.7299442659068234
s19,run,s19_run,228000,2021-01-01 12:06:18.369889,103.09278350515464,95.40250543737857,95.40250543737857,99.92672240859358,-7.690278067776077,-3.166061096561066
s19,run,s19_run,229000,2021-01-01 12:06:20.369889,103.44827586206895,101.76227131829296,101.76227131829296,100.56916452698836,-1.6860045437759936,-2.8791113350805944
s19,run,s19_run,230000,2021-01-01 12:06:22.369889,103.80622837370242,95.00318268740659,95.00318268740659,98.62107088313473,-8.803045686295832,-5.18515749056769
s19,run,s19_run,231000,2021-01-01 12:06:24.369889,103.80622837370242,86.33271384588608,86.33271384588608,94.32014592009772,-17.47351452781635,-9.486082453604709
s19,run,s19_run,232000,2021-01-01 12:06:26.369889,103.80622837370242,96.56943266675502,96.56943266675502,95.10739628142778,-7.2367957069474045,-8.698832092274642
s19,run,s19_run,233000,2021-01-01 12:06:28.369889,104.16666666666669,101.89261685490935,101.89261685490935,97.48222348214632,-2.2740498117573367,-6.684443184520362
s19,run,s19_run,234000,2021-01-01 12:06:30.369889,104.16666666666669,94.89445576599581,94.89445576599581,96.57650478149364,-9.27221090067087,-7.590161885173046
s19,run,s19_run,235000,2021-01-01 12:06:32.369889,104.89510489510492,101.11584257353788,101.11584257353788,98.16527300870912,-3.779262321567046,-6.7298318863958
s19,run,s19_run,236000,2021-01-01 12:06:34.369889,105.4481546572935,88.92767597751616,88.92767597751616,94.93211404779159,-16.52047867977734,-10.516040609501914
s19,run,s19_run,237000,2021-01-01 12:06:36.369889,107.9136690647482,73.07480610439778,73.07480610439778,87.93211404779159,-34.838862960350426,-19.98155501695662
s19,run,s19_run,238000,2021-01-01 12:06:38.369889,110.09174311926604,88.99023942485832,88.99023942485832,88.30245792976494,-21.101503694407725,-21.7892851895011
s19,sit,s19_sit,0,2021-01-01 11:47:24.443665,77.02182284980745,75.09568948390267,75.09568948390267,75.09568948390267,-1.926133365904775,-1.926133365904775
s19,sit,s19_sit,1000,2021-01-01 11:47:26.443667,74.07407407407408,75.00592067976784,75.00592067976784,75.06427040245548,0.9318466056937638,0.9901963283814013
s19,sit,s19_sit,2000,2021-01-01 11:47:28.443667,72.20216606498195,71.83307066093238,71.83307066093238,73.93335049292239,-0.36909540404957397,1.731184427940434
s19,sit,s19_sit,3000,2021-01-01 11:47:30.443667,68.3371298405467,69.360606310829,69.360606310829,72.3328900291897,1.0234764702823043,3.995760188643004
s19,sit,s19_sit,4000,2021-01-01 11:47:32.443667,65.71741511500548,66.69682781174386,66.69682781174386,70.36026825308366,0.9794126967383789,4.642853138078181
s19,sit,s19_sit,5000,2021-01-01 11:47:34.443667,64.58557588805166,64.49142590608297,64.49142590608297,68.30617343163343,-0.09414998196869817,3.7205975435817606
s19,sit,s19_sit,6000,2021-01-01 11:47:36.443667,65.21739130434783,65.51526856799265,65.51526856799265,67.32935672935915,0.29787726364482126,2.11196542501132
s19,sit,s19_sit,7000,2021-01-01 11:47:38.443667,68.25938566552901,67.39826125014665,67.39826125014665,67.35347331163477,-0.8611244153823634,-0.9059123538942373
s19,sit,s19_sit,8000,2021-01-01 11:47:40.443667,72.11538461538461,70.68243221658733,70.68243221658733,68.51860892836817,-1.4329523987972834,-3.5967756870164465
s19,sit,s19_sit,9000,2021-01-01 11:47:42.443667,72.11538461538461,70.74807014400677,70.74807014400677,69.29892035384168,-1.3673144713778385,-2.816464261542933
s19,sit,s19_sit,10000,2021-01-01 11:47:44.443667,72.11538461538461,67.35732907380863,67.35732907380863,68.61936340583011,-4.758055541575985,-3.496021209554499
s19,sit,s19_sit,11000,2021-01-01 11:47:46.443667,73.17073170731707,68.38416105224883,68.38416105224883,68.53704258207667,-4.786570655068246,-4.633689125240409
s19,sit,s19_sit,12000,2021-01-01 11:47:48.443667,70.2576112412178,68.52696376817313,68.52696376817313,68.53351499721043,-1.7306474730446695,-1.7240962440073702
s19,sit,s19_sit,13000,2021-01-01 11:47:50.443667,73.17073170731707,72.69588594313161,72.69588594313161,69.99034482828284,-0.47484576418546,-3.1803868790342307
s19,sit,s19_sit,14000,2021-01-01 11:47:52.443667,71.77033492822967,72.53990047072895,72.53990047072895,70.88268930313897,0.7695655424992793,-0.8876456250906983
s19,sit,s19_sit,15000,2021-01-01 11:47:54.443667,74.25742574257426,73.09578453036845,73.09578453036845,71.65727263266929,-1.161641212205808,-2.6001531099049657
s19,sit,s19_sit,16000,2021-01-01 11:47:56.443667,77.02182284980745,75.75623007009229,75.75623007009229,73.09190773576734,-1.2655927797151634,-3.9299151140401136
s19,sit,s19_sit,17000,2021-01-01 11:47:58.443667,85.9598853868195,81.41840001463797,81.41840001463797,76.00618003337206,-4.541485372181526,-9.953705353447432
s19,sit,s19_sit,18000,2021-01-01 11:48:00.443667,82.53094910591471,84.78479142986976,84.78479142986976,79.07869402214625,2.253842323955041,-3.4522550837684634
s19,sit,s19_sit,19000,2021-01-01 11:48:02.443667,76.33587786259541,77.16666795372755,77.16666795372755,78.40948489819971,0.830790091132144,2.0736070356042973
s19,sit,s19_sit,20000,2021-01-01 11:48:04.443667,76.33587786259541,75.191352804257,75.191352804257,77.28313866531975,-1.1445250583384166,0.9472608027243439
s19,sit,s19_sit,21000,2021-01-01 11:48:06.443667,77.92207792207792,77.98032625908016,77.98032625908016,77.5271543231359,0.05824833700224019,-0.39492359894201456
s19,sit,s19_sit,22000,2021-01-01 11:48:08.443667,79.15567282321899,79.13082365248276,79.13082365248276,78.08843858840731,-0.02484917073623194,-1.0672342348116786
s19,sit,s19_sit,23000,2021-01-01 11:48:10.443667,79.15567282321899,78.0256805279753,78.0256805279753,78.0664732672561,-1.1299922952436958,-1.0891995559628924
s19,sit,s19_sit,24000,2021-01-01 11:48:12.443667,73.52941176470588,73.4390712290894,73.4390712290894,76.44688255389775,-0.09034053561649102,2.917470789191867
s19,sit,s19_sit,25000,2021-01-01 11:48:14.443667,73.17073170731707,72.53451490010562,72.53451490010562,75.0775538750705,-0.6362168072114542,1.9068221677534325
s19,sit,s19_sit,26000,2021-01-01 11:48:16.443667,73.71007371007371,73.15155171385268,73.15155171385268,74.40345311864426,-0.5585219962210317,0.69337940857055
s19,sit,s19_sit,27000,2021-01-01 11:48:18.443667,74.9063670411985,74.64274969871195,74.64274969871195,74.48720692166796,-0.26361734248654045,-0.419160119530531
s19,sit,s19_sit,28000,2021-01-01 11:48:20.443667,75.18796992481202,75.26940413040109,75.26940413040109,74.76097594472455,0.081434205589062,-0.4269939800874738
s19,sit,s19_sit,29000,2021-01-01 11:48:22.443667,75.0,74.65793143183461,74.65793143183461,74.72491036521308,-0.3420685681653879,-0.27508963478692294
s19,sit,s19_sit,30000,2021-01-01 11:48:24.443667,71.25890736342043,72.26976149407577,72.26976149407577,73.86560826031501,1.010854130655332,2.60670089689458
s19,sit,s19_sit,31000,2021-01-01 11:48:26.443667,70.75471698113208,70.93341391065337,70.93341391065337,72.83934023793344,0.17869692952129412,2.0846232568013647
s19,sit,s19_sit,32000,2021-01-01 11:48:28.443667,71.42857142857143,71.17470161220052,71.17470161220052,72.25671671892692,-0.25386981637090855,0.8281452903554936
s19,sit,s19_sit,33000,2021-01-01 11:48:30.443667,71.42857142857143,71.72477809832765,71.72477809832765,72.07053820171717,0.29620666975621646,0.6419667731457395
s19,sit,s19_sit,34000,2021-01-01 11:48:32.443667,73.7100737100737,73.03672166322629,73.03672166322629,72.40870241324536,-0.6733520468474126,-1.3013712968283357
s19,sit,s19_sit,35000,2021-01-01 11:48:34.443667,73.52941176470588,74.51237755201183,74.51237755201183,73.14498871181362,0.9829657873059432,-0.3844230528922594
s19,sit,s19_sit,36000,2021-01-01 11:48:36.443667,73.26007326007327,73.33627230817596,73.33627230817596,73.21193797054045,0.07619904810269418,-0.04813528953282287
s19,sit,s19_sit,37000,2021-01-01 11:48:38.443667,73.52941176470588,73.71893448837226,73.71893448837226,73.38938675178159,0.18952272366637146,-0.1400250129242977
s19,sit,s19_sit,38000,2021-01-01 11:48:40.443667,75.85335018963337,75.67427840445723,75.67427840445723,74.18909883021806,-0.17907178517614852,-1.6642513594153172
s19,sit,s19_sit,39000,2021-01-01 11:48:42.443667,86.45533141210375,84.46322958388541,84.46322958388541,77.78504459400163,-1.9921018282183383,-8.670286818102113
s19,sit,s19_sit,40000,2021-01-01 11:48:44.443667,86.45533141210375,89.2744424898674,89.2744424898674,81.80633385755465,2.819111077763651,-4.648997554549098
s19,sit,s19_sit,41000,2021-01-01 11:48:46.443667,82.07934336525308,90.48679825199977,90.48679825199977,84.84449639561043,8.407454886746692,2.7651530303573537
s19,sit,s19_sit,42000,2021-01-01 11:48:48.443667,82.07934336525308,85.29539541154708,85.29539541154708,85.00231105118826,3.2160520462939957,2.922967685935177
s19,sit,s19_sit,43000,2021-01-01 11:48:50.443667,86.83068017366136,87.0586038756961,87.0586038756961,85.72201353976601,0.22792370203472956,-1.1086666338953535
s19,sit,s19_sit,44000,2021-01-01 11:48:52.443667,90.36144578313252,90.75051698759329,90.75051698759329,87.48198974650555,0.3890712044607625,-2.8794560366269764
s19,sit,s19_sit,45000,2021-01-01 11:48:54.443667,92.3076923076923,91.62618155747454,91.62618155747454,88.93245688034469,-0.6815107502177682,-3.3752354273476186
s19,sit,s19_sit,46000,2021-01-01 11:48:56.443667,88.23529411764706,91.02865475639324,91.02865475639324,89.66612613696168,2.7933606387461793,1.4308320193146216
s19,sit,s19_sit,47000,2021-01-01 11:48:58.443667,85.9598853868195,85.36630569648752,85.36630569648752,88.16118898279572,-0.5935796903319783,2.2013035959762277
s19,sit,s19_sit,48000,2021-01-01 11:49:00.443667,85.9598853868195,84.83022366660259,84.83022366660259,86.99535112212813,-1.1296617202169017,1.0354657353086338
s19,sit,s19_sit,49000,2021-01-01 11:49:02.443667,86.20689655172414,85.0041870161725,85.0041870161725,86.29844368504365,-1.202709535551648,0.09154713331950859
s19,sit,s19_sit,50000,2021-01-01 11:49:04.443667,86.20689655172414,84.93965338895676,84.93965338895676,85.82286708141324,-1.267243162767386,-0.3840294703109066
s19,sit,s19_sit,51000,2021-01-01 11:49:06.443667,80.86253369272237,83.02650470410111,83.02650470410111,84.844140249354,2.1639710113787487,3.9816065566316325
s19,sit,s19_sit,52000,2021-01-01 11:49:08.443667,76.92307692307692,77.74606945359388,77.74606945359388,82.35981547083796,0.8229925305169559,5.436738547761038
s19,sit,s19_sit,53000,2021-01-01 11:49:10.443667,73.52941176470588,74.18253554836119,74.18253554836119,79.49776749797108,0.6531237836553032,5.968355733265199
s19,sit,s19_sit,54000,2021-01-01 11:49:12.443667,74.44168734491315,74.98013704010461,74.98013704010461,77.91659683771782,0.5384496951914599,3.47490949280467
s19,sit,s19_sit,55000,2021-01-01 11:49:14.443667,72.63922518159806,73.71386816175952,73.71386816175952,76.44564180113241,1.0746429801614568,3.806416619534346
s19,sit,s19_sit,56000,2021-01-01 11:49:16.443667,74.44168734491315,74.73280586704587,74.73280586704587,75.84614922420212,0.29111852213272016,1.4044618792889736
s19,sit,s19_sit,57000,2021-01-01 11:49:18.443667,72.81553398058253,77.39873916712344,77.39873916712344,76.38955570422459,4.5832051865409085,3.574021723642062
s19,sit,s19_sit,58000,2021-01-01 11:49:20.443667,75.0,79.057718826484,79.057718826484,77.32341279701538,4.057718826484006,2.3234127970153793
s19,sit,s19_sit,59000,2021-01-01 11:49:22.443667,90.36144578313252,81.16913657708818,81.16913657708818,78.66941612004086,-9.192309206044342,-11.69202966309166
s19,sit,s19_sit,60000,2021-01-01 11:49:24.443667,99.009900990099,78.05621000364634,78.05621000364634,78.45479397930278,-20.953690986452656,-20.55510701079622
s19,sit,s19_sit,61000,2021-01-01 11:49:26.443667,99.66777408637874,93.58916851770609,93.58916851770609,83.75182506774394,-6.078605568672657,-15.915949018634805
s19,sit,s19_sit,62000,2021-01-01 11:49:28.443667,100.33444816053512,99.27060176343886,99.27060176343886,89.18339691123717,-1.0638463970962562,-11.15105124929795
s19,sit,s19_sit,63000,2021-01-01 11:49:30.443667,101.52284263959392,97.75604247683836,97.75604247683836,92.18382285919759,-3.7668001627555583,-9.339019780396328
s19,sit,s19_sit,64000,2021-01-01 11:49:32.443667,99.50248756218906,96.43182824620405,96.43182824620405,93.67062474464984,-3.0706593159850115,-5.831862817539218
s19,sit,s19_sit,65000,2021-01-01 11:49:34.443667,99.33774834437088,86.4531546561039,86.4531546561039,91.14451021365876,-12.884593688266975,-8.193238130712118
s19,sit,s19_sit,66000,2021-01-01 11:49:36.443667,86.45533141210375,85.60288672852838,85.60288672852838,89.20494199386312,-0.8524446835753707,2.74961058175937
s19,sit,s19_sit,67000,2021-01-01 11:49:38.443667,86.45533141210375,88.43184764836161,88.43184764836161,88.93435897293759,1.976516236257865,2.479027560833842
s19,sit,s19_sit,68000,2021-01-01 11:49:40.443667,88.75739644970413,88.57412896140465,88.57412896140465,88.80827846890107,-0.18326748829947803,0.05088201919693347
s19,sit,s19_sit,69000,2021-01-01 11:49:42.443667,88.75739644970413,85.39219649281888,85.39219649281888,87.61264977727231,-3.365199956885249,-1.1447466724318218
s19,sit,s19_sit,70000,2021-01-01 11:49:44.443667,79.57559681697613,78.99798679203877,78.99798679203877,84.59751773244056,-0.577610024937357,5.021920915464435
s19,sit,s19_sit,71000,2021-01-01 11:49:46.443667,79.57559681697613,78.56937027884202,78.56937027884202,82.48766612368107,-1.006226538134115,2.912069306704936
s19,sit,s19_sit,72000,2021-01-01 11:49:48.443667,87.71929824561404,87.1294172260082,87.1294172260082,84.11227900949555,-0.5898810196058406,-3.6070192361184894
s19,sit,s19_sit,73000,2021-01-01 11:49:50.443667,89.28571428571428,90.92106572228893,90.92106572228893,86.49535435897323,1.635351436574652,-2.790359926741047
s19,sit,s19_sit,74000,2021-01-01 11:49:52.443667,90.7715582450832,92.18450900592592,92.18450900592592,88.48655848540668,1.412950760842719,-2.2849997596765235
s19,sit,s19_sit,75000,2021-01-01 11:49:54.443667,81.41112618724559,89.77004921530117,89.77004921530117,88.93578024086975,8.358923028055585,7.524654053624161
s19,sit,s19_sit,76000,2021-01-01 11:49:56.443667,81.41112618724559,83.95516972480375,83.95516972480375,87.19256656024665,2.544043537558167,5.781440373001061
s19,sit,s19_sit,77000,2021-01-01 11:49:58.443667,88.10572687224669,86.222647681589,86.222647681589,86.85309495271646,-1.8830791906576962,-1.2526319195302307
s19,sit,s19_sit,78000,2021-01-01 11:50:00.443667,89.82035928143712,91.39095602127367,91.39095602127367,88.44134632671148,1.570596739836546,-1.3790129547256385
s19,sit,s19_sit,79000,2021-01-01 11:50:02.443667,90.09009009009009,91.42552384989085,91.42552384989085,89.48580845982426,1.3354337598007646,-0.6042816302658309
s19,sit,s19_sit,80000,2021-01-01 11:50:04.443667,90.63444108761328,90.6822898653529,90.6822898653529,89.90457695175928,0.04784877773961682,-0.729864135854001
s19,sit,s19_sit,81000,2021-01-01 11:50:06.443667,89.82035928143712,89.12117058968896,89.12117058968896,89.63038472503467,-0.6991886917481622,-0.1899745564024471
s19,sit,s19_sit,82000,2021-01-01 11:50:08.443667,87.2093023255814,85.66687874974676,85.66687874974676,88.24315763368391,-1.542423575834647,1.0338553081025026
s19,sit,s19_sit,83000,2021-01-01 11:50:10.443667,86.20689655172414,85.54255642172663,85.54255642172663,87.29794720949886,-0.6643401299975125,1.0910506577747157
s19,sit,s19_sit,84000,2021-01-01 11:50:12.443667,86.70520231213874,85.42937985817018,85.42937985817018,86.64394863653382,-1.2758224539685585,-0.06125367560491668
s19,sit,s19_sit,85000,2021-01-01 11:50:14.443667,88.49557522123894,87.91673987697258,87.91673987697258,87.08942557068738,-0.5788353442663521,-1.406149650551555
s19,sit,s19_sit,86000,2021-01-01 11:50:16.443667,91.46341463414632,90.50614737051197,90.50614737051197,88.28527820062598,-0.9572672636343498,-3.1781364335203364
s19,sit,s19_sit,87000,2021-01-01 11:50:18.443667,92.0245398773006,91.43451441096146,91.43451441096146,89.38751087424339,-0.5900254663391422,-2.637029003057208
s19,sit,s19_sit,88000,2021-01-01 11:50:20.443667,92.3076923076923,92.16720376828371,92.16720376828371,90.3604033871575,-0.14048853940859374,-1.9472889205348025
s19,sit,s19_sit,89000,2021-01-01 11:50:22.443667,91.88361408882082,90.53359013795307,90.53359013795307,90.42101874993595,-1.350023950867751,-1.4625953388848671
s19,sit,s19_sit,90000,2021-01-01 11:50:24.443667,84.03361344537815,84.80270885068222,84.80270885068222,88.45461028519715,0.7690954053040713,4.420996839818997
s19,sit,s19_sit,91000,2021-01-01 11:50:26.443667,84.03361344537815,83.79140923205539,83.79140923205539,86.82248991659753,-0.24220421332276487,2.788876471219382
s19,sit,s19_sit,92000,2021-01-01 11:50:28.443667,86.0832137733142,85.38306215591948,85.38306215591948,86.31869020036021,-0.7001516173947238,0.23547642704600946
s19,sit,s19_sit,93000,2021-01-01 11:50:30.443667,89.55223880597015,86.79209401248393,86.79209401248393,86.4843815346035,-2.7601447934862193,-3.0678572713666483
s19,sit,s19_sit,94000,2021-01-01 11:50:32.443667,89.82035928143712,92.71822464383555,92.71822464383555,88.66622662283473,2.8978653623984343,-1.1541326586023928
s19,sit,s19_sit,95000,2021-01-01 11:50:34.443667,84.50704225352113,84.70425643055756,84.70425643055756,87.27953705553773,0.19721417703642885,2.7724948020165954
s19,sit,s19_sit,96000,2021-01-01 11:50:36.443667,84.98583569405099,85.10792020489669,85.10792020489669,86.51947115781337,0.1220845108456956,1.53363546376238
s19,sit,s19_sit,97000,2021-01-01 11:50:38.443667,85.9598853868195,85.91655638058378,85.91655638058378,86.30845098578303,-0.04332900623570879,0.3485655989635319
s19,sit,s19_sit,98000,2021-01-01 11:50:40.443667,84.74576271186442,85.1127400365278,85.1127400365278,85.8899521535437,0.36697732466338095,1.1441894416792877
s19,sit,s19_sit,99000,2021-01-01 11:50:42.443667,83.91608391608392,83.20687318216464,83.20687318216464,84.95087451356103,-0.7092107339192779,1.0347905974771123
s19,sit,s19_sit,100000,2021-01-01 11:50:44.443667,76.82458386683739,77.61594654578982,77.61594654578982,82.3836497248411,0.7913626789524386,5.55906585800372
s19,sit,s19_sit,101000,2021-01-01 11:50:46.443667,76.43312101910827,76.17066278159112,76.17066278159112,80.20910429470361,-0.26245823751715136,3.775983275595337
s19,sit,s19_sit,102000,2021-01-01 11:50:48.443667,77.51937984496124,77.51919789480958,77.51919789480958,79.2676370547407,-0.00018195015165645145,1.7482572097794673
s19,sit,s19_sit,103000,2021-01-01 11:50:50.443667,78.53403141361257,78.3501220521481,78.3501220521481,78.9465068038333,-0.18390936146447245,0.41247539022073454
s19,sit,s19_sit,104000,2021-01-01 11:50:52.443667,78.53403141361257,78.71331729628429,78.71331729628429,78.86489047619115,0.17928588267172074,0.33085906257858255
s19,sit,s19_sit,105000,2021-01-01 11:50:54.443667,76.14213197969544,76.74400358014898,76.74400358014898,78.12258006257639,0.6018716004535491,1.9804480828809545
s19,sit,s19_sit,106000,2021-01-01 11:50:56.443667,76.72634271099744,76.3569402070608,76.3569402070608,77.50460611314594,-0.36940250393664087,0.7782634021484967
s19,sit,s19_sit,107000,2021-01-01 11:50:58.443667,78.53403141361257,78.68905242669916,78.68905242669916,77.91916232288956,0.15502101308659633,-0.6148690907230048
s19,sit,s19_sit,108000,2021-01-01 11:51:00.443667,79.89347536617844,80.20774026955515,80.20774026955515,78.72016460422252,0.31426490337671,-1.1733107619559178
s19,sit,s19_sit,109000,2021-01-01 11:51:02.443667,81.30081300813008,81.04944130716453,81.04944130716453,79.53541145025223,-0.2513717009655494,-1.7654015578778512
s19,sit,s19_sit,110000,2021-01-01 11:51:04.443667,82.64462809917356,82.21293034568644,82.21293034568644,80.4725430636542,-0.43169775348711426,-2.172085035519359
s19,sit,s19_sit,111000,2021-01-01 11:51:06.443667,79.89347536617844,80.06797855982906,80.06797855982906,80.3309454873154,0.17450319365062228,0.43747012113696826
s19,sit,s19_sit,112000,2021-01-01 11:51:08.443667,82.19178082191782,81.71064348048272,81.71064348048272,80.81383978492396,-0.481137341435101,-1.3779410369938603
s19,sit,s19_sit,113000,2021-01-01 11:51:10.443667,80.86253369272237,82.12488061048312,82.12488061048312,81.27270407386966,1.2623469177607518,0.41017038114729587
s19,sit,s19_sit,114000,2021-01-01 11:51:12.443667,80.86253369272237,81.16188804095113,81.16188804095113,81.23391846234817,0.2993543482287606,0.3713847696258057
s19,sit,s19_sit,115000,2021-01-01 11:51:14.443667,80.4289544235925,81.00228568956236,81.00228568956236,81.15284699187313,0.5733312659698555,0.7238925682806325
s19,sit,s19_sit,116000,2021-01-01 11:51:16.443667,80.4289544235925,81.1505882790249,81.1505882790249,81.15205644237625,0.7216338554324011,0.7231020187837487
s19,sit,s19_sit,117000,2021-01-01 11:51:18.443667,80.4289544235925,80.84874773202064,80.84874773202064,81.04589839375178,0.4197933084281402,0.6169439701592836
s19,sit,s19_sit,118000,2021-01-01 11:51:20.443667,80.32128514056225,80.7302407705077,80.7302407705077,80.93541822561636,0.40895562994545287,0.6141330850541067
s19,sit,s19_sit,119000,2021-01-01 11:51:22.443667,78.02340702210662,79.4351164953206,79.4351164953206,80.41031262001285,1.4117094732139748,2.386905597906221
s19,sit,s19_sit,120000,2021-01-01 11:51:24.443667,77.31958762886597,77.66183274035001,77.66183274035001,79.44834466213086,0.3422451114840328,2.1287570332648897
s19,sit,s19_sit,121000,2021-01-01 11:51:26.443667,79.36507936507937,79.17567591977955,79.17567591977955,79.3529106023079,-0.189403445299817,-0.01216876277146639
s19,sit,s19_sit,122000,2021-01-01 11:51:28.443667,80.64516129032258,80.22264091261343,80.22264091261343,79.65731621091484,-0.42252037770914797,-0.9878450794077338
s19,sit,s19_sit,123000,2021-01-01 11:51:30.443667,80.86253369272237,80.47307742823224,80.47307742823224,79.94283263697594,-0.3894562644901214,-0.9197010557464296
s19,sit,s19_sit,124000,2021-01-01 11:51:32.443667,80.75370121130553,79.7021723282741,79.7021723282741,79.8586015289303,-1.0515288830314233,-0.895099682375232
s19,sit,s19_sit,125000,2021-01-01 11:51:34.443667,81.74386920980926,81.53201695237912,81.53201695237912,80.44429692713739,-0.21185225743013802,-1.2995722826718747
s19,sit,s19_sit,126000,2021-01-01 11:51:36.443667,89.68609865470852,85.58371104589176,85.58371104589176,82.24309186870141,-4.1023876088167555,-7.443006786007103
s19,sit,s19_sit,127000,2021-01-01 11:51:38.443667,92.0245398773006,89.2087308005579,89.2087308005579,84.68106549485118,-2.8158090767426955,-7.343474382449415
s19,sit,s19_sit,128000,2021-01-01 11:51:40.443667,92.44992295839754,93.72326692205245,93.72326692205245,87.84583599437163,1.2733439636549093,-4.60408696402591
s19,sit,s19_sit,129000,2021-01-01 11:51:42.443667,81.74386920980926,82.51513125056621,82.51513125056621,85.98008933403973,0.7712620407569517,4.236220124230471
s19,sit,s19_sit,130000,2021-01-01 11:51:44.443667,81.74386920980926,81.9375918941567,81.9375918941567,84.56521523008067,0.1937226843474349,2.821346020271406
s19,sit,s19_sit,131000,2021-01-01 11:51:46.443667,84.98583569405099,83.94249168273328,83.94249168273328,84.34726198850908,-1.0433440113177141,-0.6385737055419156
s19,sit,s19_sit,132000,2021-01-01 11:51:48.443667,84.98583569405099,84.44435798972052,84.44435798972052,84.38124558893308,-0.5414777043304753,-0.6045901051179072
s19,sit,s19_sit,133000,2021-01-01 11:51:50.443667,84.6262341325811,82.82209576521682,82.82209576521682,83.83554315063239,-1.8041383673642883,-0.790690981948714
s19,sit,s19_sit,134000,2021-01-01 11:51:52.443667,81.63265306122449,80.55883859300349,80.55883859300349,82.68869655546227,-1.073814468221002,1.0560434942377839
s19,sit,s19_sit,135000,2021-01-01 11:51:54.443667,81.63265306122449,80.82207933675176,80.82207933675176,82.03538052891359,-0.8105737244727322,0.40272746768910395
s19,sit,s19_sit,136000,2021-01-01 11:51:56.443667,83.10249307479225,83.6544683328358,83.6544683328358,82.60206126028636,0.5519752580435551,-0.5004318145058875
s19,sit,s19_sit,137000,2021-01-01 11:51:58.443667,92.5925925925926,87.66159179184616,87.66159179184616,84.3728969463323,-4.931000800746432,-8.219695646260291
s19,sit,s19_sit,138000,2021-01-01 11:52:00.443667,92.87925696594426,91.34112307463002,91.34112307463002,86.81177609123651,-1.5381338913142457,-6.067480874707755
s19,sit,s19_sit,139000,2021-01-01 11:52:02.443667,94.33962264150944,93.67548832328853,93.67548832328853,89.21407537245472,-0.6641343182209027,-5.125547269054721
s19,sit,s19_sit,140000,2021-01-01 11:52:04.443667,94.6372239747634,94.62328964955556,94.62328964955556,91.10730036944001,-0.01393432520784188,-3.52992360532339
s19,sit,s19_sit,141000,2021-01-01 11:52:06.443667,97.2447325769854,98.4253666768038,98.4253666768038,93.66862357701734,1.1806340998184055,-3.5761089999680564
s19,sit,s19_sit,142000,2021-01-01 11:52:08.443667,97.2447325769854,100.0425858209157,100.0425858209157,95.89951036238176,2.797853243930305,-1.3452222146036377
s19,sit,s19_sit,143000,2021-01-01 11:52:10.443668,91.88361408882082,97.87542016749276,97.87542016749276,96.59107879417061,5.991806078671942,4.707464705349793
s19,sit,s19_sit,144000,2021-01-01 11:52:12.443668,91.46341463414632,92.65276196309553,92.65276196309553,95.21266790329435,1.1893473289492107,3.749253269148028
s19,sit,s19_sit,145000,2021-01-01 11:52:14.443668,92.3076923076923,95.05114590882596,95.05114590882596,95.15613520523041,2.743453601133652,2.8484428975381064
s19,sit,s19_sit,146000,2021-01-01 11:52:16.443668,92.3076923076923,90.41064460324182,90.41064460324182,93.4952134945344,-1.897047704450486,1.1875211868420905
s19,sit,s19_sit,147000,2021-01-01 11:52:18.443668,84.98583569405099,87.60672762796905,87.60672762796905,91.43424344123653,2.6208919339180596,6.448407747185541
s19,sit,s19_sit,148000,2021-01-01 11:52:20.443668,84.98583569405099,84.67426467239662,84.67426467239662,89.06825087214256,-0.3115710216543732,4.082415178091566
s19,sit,s19_sit,149000,2021-01-01 11:52:22.443668,84.98583569405099,85.78071171230296,85.78071171230296,87.9176121661987,0.7948760182519692,2.9317764721477033
s19,sit,s19_sit,150000,2021-01-01 11:52:24.443668,85.47008547008548,85.96436949345771,85.96436949345771,87.23397723073936,0.49428402337223076,1.7638917606538769
s19,sit,s19_sit,151000,2021-01-01 11:52:26.443668,85.47008547008548,84.6229680829528,84.6229680829528,86.32012402901405,-0.847117387132684,0.8500385589285742
s19,sit,s19_sit,152000,2021-01-01 11:52:28.443668,83.10249307479225,82.35118465159174,82.35118465159174,84.93099524691624,-0.7513084232005127,1.82850217212399
s19,sit,s19_sit,153000,2021-01-01 11:52:30.443668,80.86253369272237,79.12864338688331,79.12864338688331,82.90017209590471,-1.7338903058390542,2.037638403182342
s19,sit,s19_sit,154000,2021-01-01 11:52:32.443668,78.32898172323759,77.63126009576253,77.63126009576253,81.05605289585495,-0.6977216274750617,2.7270711726173573
s19,sit,s19_sit,155000,2021-01-01 11:52:34.443668,79.15567282321899,79.24949351549058,79.24949351549058,80.42375711272743,0.09382069227159207,1.2680842895084368
s19,sit,s19_sit,156000,2021-01-01 11:52:36.443668,79.26023778071334,78.89796874791065,78.89796874791065,79.88973118504155,-0.3622690328026863,0.6294934043282154
s19,sit,s19_sit,157000,2021-01-01 11:52:38.443668,79.57559681697613,80.06136871099844,80.06136871099844,79.94980431912646,0.4857718940223066,0.37420750215032683
s19,sit,s19_sit,158000,2021-01-01 11:52:40.443668,79.7872340425532,79.49185505430468,79.49185505430468,79.78952207643883,-0.2953789882485154,0.002288033885633922
s19,sit,s19_sit,159000,2021-01-01 11:52:42.443668,79.05138339920948,78.58717885501781,78.58717885501781,79.36870194894148,-0.46420454419167356,0.31731854973199347
s19,sit,s19_sit,160000,2021-01-01 11:52:44.443668,79.05138339920948,78.20688984278166,78.20688984278166,78.96206771178555,-0.8444935564278211,-0.08931568742393381
s19,sit,s19_sit,161000,2021-01-01 11:52:46.443668,79.15567282321899,79.15031207749472,79.15031207749472,79.02795323978376,-0.005360745724274807,-0.12771958343523693
s19,sit,s19_sit,162000,2021-01-01 11:52:48.443668,81.30081300813008,81.8821187327802,81.8821187327802,80.02691116233251,0.5813057246501216,-1.2739018457975675
s19,sit,s19_sit,163000,2021-01-01 11:52:50.443668,78.32898172323759,79.02755441655246,79.02755441655246,79.67713630130949,0.6985726933148726,1.3481545780718989
s19,sit,s19_sit,164000,2021-01-01 11:52:52.443668,79.36507936507937,79.48422451424578,79.48422451424578,79.60961717583719,0.11914514916641394,0.24453781075781933
s19,sit,s19_sit,165000,2021-01-01 11:52:54.443668,82.98755186721992,84.470878947842,84.470878947842,81.31105879603886,1.4833270806220753,-1.6764930711810564
s19,sit,s19_sit,166000,2021-01-01 11:52:56.443668,84.26966292134831,85.51829043437883,85.51829043437883,82.78358986945786,1.2486275130305131,-1.4860730518904575
s19,sit,s19_sit,167000,2021-01-01 11:52:58.443668,84.26966292134831,85.21265155275346,85.21265155275346,83.63376145861132,0.942988631405143,-0.6359014627369959
s19,sit,s19_sit,168000,2021-01-01 11:53:00.443668,78.53403141361257,79.35938292915024,79.35938292915024,82.13772897329994,0.825351515537676,3.603697559687376
s19,sit,s19_sit,169000,2021-01-01 11:53:02.443668,76.23888182973316,76.24746493811239,76.24746493811239,80.0761365609843,0.008583108379227156,3.837254731251136
s19,sit,s19_sit,170000,2021-01-01 11:53:04.443668,76.72634271099744,77.22114625571452,77.22114625571452,79.07688995413987,0.49480354471707244,2.3505472431424295
s19,sit,s19_sit,171000,2021-01-01 11:53:06.443668,79.05138339920948,78.51909756246093,78.51909756246093,78.88166261705224,-0.5322858367485566,-0.16972078215724196
s19,sit,s19_sit,172000,2021-01-01 11:53:08.443668,79.57559681697613,79.31565146250956,79.31565146250956,79.0335587129623,-0.2599453544665664,-0.5420381040138267
s19,sit,s19_sit,173000,2021-01-01 11:53:10.443668,79.57559681697613,78.59432493655895,78.59432493655895,78.87982689122113,-0.9812718804171823,-0.6957699257550019
s19,sit,s19_sit,174000,2021-01-01 11:53:12.443668,76.23888182973316,77.09312214740612,77.09312214740612,78.25448023088587,0.8542403176729607,2.0155984011527153
s19,sit,s19_sit,175000,2021-01-01 11:53:14.443668,76.14213197969544,76.15277495604155,76.15277495604155,77.51888338469035,0.010642976346119326,1.3767514049949199
s19,sit,s19_sit,176000,2021-01-01 11:53:16.443668,78.125,78.23324543985588,78.23324543985588,77.76891010399828,0.10824543985587809,-0.3560898960017198
s19,sit,s19_sit,177000,2021-01-01 11:53:18.443668,78.43137254901961,79.46330932570139,79.46330932570139,78.36194983159436,1.0319367766817749,-0.06942271742525463
s19,sit,s19_sit,178000,2021-01-01 11:53:20.443668,79.7872340425532,78.71345479469193,78.71345479469193,78.4849765686785,-1.0737792478612675,-1.3022574738746897
s19,sit,s19_sit,179000,2021-01-01 11:53:22.443668,77.12082262210797,77.88531378230682,77.88531378230682,78.27509459344842,0.7644911601988582,1.1542719713404495
s19,sit,s19_sit,180000,2021-01-01 11:53:24.443668,77.12082262210797,76.8279503222468,76.8279503222468,77.76859409852786,-0.29287229986115904,0.6477714764198907
s19,sit,s19_sit,181000,2021-01-01 11:53:26.443668,77.31958762886597,77.7032454141106,77.7032454141106,77.74572205898181,0.3836577852446226,0.4261344301158374
s19,sit,s19_sit,182000,2021-01-01 11:53:28.443668,79.05138339920948,79.65252083529217,79.65252083529217,78.41310163069043,0.6011374360826807,-0.6382817685190503
s19,sit,s19_sit,183000,2021-01-01 11:53:30.443668,82.98755186721992,82.50789816259282,82.50789816259282,79.84628041685627,-0.479653704627097,-3.1412714503636465
s19,sit,s19_sit,184000,2021-01-01 11:53:32.443668,81.52173913043478,81.55878853534786,81.55878853534786,80.44565825832834,0.037049404913076955,-1.076080872106445
s19,sit,s19_sit,185000,2021-01-01 11:53:34.443668,83.21775312066575,81.83170591044242,81.83170591044242,80.93077493656827,-1.3860472102233246,-2.286978184097478
s19,sit,s19_sit,186000,2021-01-01 11:53:36.443668,81.08108108108108,80.1524643502717,80.1524643502717,80.65836623136447,-0.9286167308093809,-0.42271484971661266
s19,sit,s19_sit,187000,2021-01-01 11:53:38.443668,79.36507936507937,78.60103619626649,78.60103619626649,79.93830071908017,-0.7640431688128757,0.5732213540008075
s19,sit,s19_sit,188000,2021-01-01 11:53:40.443668,80.32128514056225,79.60623341051739,79.60623341051739,79.8220771610832,-0.7150517300448627,-0.4992079794790527
s19,sit,s19_sit,189000,2021-01-01 11:53:42.443668,81.08108108108108,81.28294228884259,81.28294228884259,80.33337995579899,0.2018612077615103,-0.7477011252820915
s19,sit,s19_sit,190000,2021-01-01 11:53:44.443668,79.6812749003984,79.85514008180188,79.85514008180188,80.16599599989999,0.17386518140347107,0.48472109950158426
s19,sit,s19_sit,191000,2021-01-01 11:53:46.443668,79.7872340425532,79.47799233678367,79.47799233678367,79.92519471780929,-0.3092417057695229,0.137960675256096
s19,sit,s19_sit,192000,2021-01-01 11:53:48.443668,77.12082262210797,77.11197605738742,77.11197605738742,78.94056818666164,-0.00884656472054246,1.8197455645536706
s19,sit,s19_sit,193000,2021-01-01 11:53:50.443668,79.15567282321899,78.26876823293065,78.26876823293065,78.70543820285579,-0.8869045902883386,-0.4502346203632044
s19,sit,s19_sit,194000,2021-01-01 11:53:52.443668,78.53403141361257,78.85810673782765,78.85810673782765,78.75887219009594,0.32407532421508733,0.22484077648337575
s19,sit,s19_sit,195000,2021-01-01 11:53:54.443668,78.43137254901961,78.77780785949183,78.77780785949183,78.7654996743845,0.34643531047221643,0.334127125364887
s19,sit,s19_sit,196000,2021-01-01 11:53:56.443668,77.82101167315174,77.89559960624777,77.89559960624777,78.46103465053665,0.0745879330960264,0.640022977384902
s19,sit,s19_sit,197000,2021-01-01 11:53:58.443668,77.12082262210797,77.29193317068277,77.29193317068277,78.05184913258779,0.17111054857480212,0.9310265104798248
s19,sit,s19_sit,198000,2021-01-01 11:54:00.443668,76.82458386683739,77.58656811965629,77.58656811965629,77.88900077806177,0.7619842528189054,1.0644169112243844
s19,sit,s19_sit,199000,2021-01-01 11:54:02.443668,77.12082262210797,77.41198539175033,77.41198539175033,77.72204539285278,0.2911627696423693,0.6012227707448119
s19,sit,s19_sit,200000,2021-01-01 11:54:04.443668,75.75757575757575,76.22935065653702,76.22935065653702,77.19960223514227,0.47177489896127156,1.4420264775665146
s19,sit,s19_sit,201000,2021-01-01 11:54:06.443668,75.75757575757575,75.53828572079325,75.53828572079325,76.61814145512011,-0.21929003678249614,0.8605656975443594
s19,sit,s19_sit,202000,2021-01-01 11:54:08.443668,76.33587786259541,77.19097740742575,77.19097740742575,76.81863403842708,0.8550995448303382,0.48275617583166763
s19,sit,s19_sit,203000,2021-01-01 11:54:10.443668,77.720207253886,77.96187364902002,77.96187364902002,77.2187679021346,0.24166639513401833,-0.5014393517514009
s19,sit,s19_sit,204000,2021-01-01 11:54:12.443668,78.74015748031496,79.08524413342064,79.08524413342064,77.87203458308471,0.34508665310568176,-0.8681228972302506
s19,sit,s19_sit,205000,2021-01-01 11:54:14.443668,78.84362680683311,78.8189570594009,78.8189570594009,78.20345744979538,-0.024669747432213285,-0.6401693570377347
s19,sit,s19_sit,206000,2021-01-01 11:54:16.443668,77.92207792207792,77.74882983716361,77.74882983716361,78.04433778537427,-0.17324808491430588,0.12225986329634964
s19,sit,s19_sit,207000,2021-01-01 11:54:18.443668,78.84362680683311,78.9174141544748,78.9174141544748,78.34991451455946,0.07378734764168371,-0.4937122922736563
s19,sit,s19_sit,208000,2021-01-01 11:54:20.443668,84.74576271186442,83.454079916214,83.454079916214,80.13637240513854,-1.2916827956504164,-4.609390306725871
s19,sit,s19_sit,209000,2021-01-01 11:54:22.443668,85.9598853868195,86.25618730809849,86.25618730809849,82.27830762117452,0.2963019212789959,-3.681577765644974
s19,sit,s19_sit,210000,2021-01-01 11:54:24.443668,82.41758241758242,85.40659216190967,85.40659216190967,83.37320721043181,2.989009744327248,0.9556247928493917
s19,sit,s19_sit,211000,2021-01-01 11:54:26.443668,78.94736842105263,79.79767111307596,79.79767111307596,82.12176957635727,0.8503026920233339,3.1744011553046363
s19,sit,s19_sit,212000,2021-01-01 11:54:28.443668,78.94736842105263,78.3137745160772,78.3137745160772,80.78897130525925,-0.6335939049754273,1.8416028842066225
s19,sit,s19_sit,213000,2021-01-01 11:54:30.443668,80.10680907877169,80.12711253822746,80.12711253822746,80.55732073679812,0.02030345945577494,0.45051165802642856
s19,sit,s19_sit,214000,2021-01-01 11:54:32.443668,84.86562942008487,83.18786947247833,83.18786947247833,81.47801279428619,-1.6777599476065461,-3.3876166257986853
s19,sit,s19_sit,215000,2021-01-01 11:54:34.443668,82.87292817679558,86.59395586665327,86.59395586665327,83.26859286961466,3.721027689857692,0.3956646928190821
s19,sit,s19_sit,216000,2021-01-01 11:54:36.443668,81.41112618724559,93.67520043286711,93.67520043286711,86.91090551675302,12.26407424562153,5.499779329507433
s19,sit,s19_sit,217000,2021-01-01 11:54:38.443668,81.41112618724559,88.54898152294332,88.54898152294332,87.48423211891962,7.137855335697736,6.073105931674036
s19,sit,s19_sit,218000,2021-01-01 11:54:40.468613,85.47008547008548,90.32768866994239,90.32768866994239,88.4794419117776,4.857603199856911,3.0093564416921197
s19,sit,s19_sit,219000,2021-01-01 11:54:42.468613,88.75739644970413,91.81028752899891,91.81028752899891,89.64523787780506,3.052891079294781,0.887841428100927
s19,sit,s19_sit,220000,2021-01-01 11:54:44.468613,88.75739644970413,89.54582695807613,89.54582695807613,89.61044405589993,0.7884305083720022,0.8530476061958012
s19,sit,s19_sit,221000,2021-01-01 11:54:46.468613,89.02077151335311,89.2353950319,89.2353950319,89.47917689749995,0.21462351854688677,0.4584053841468432
s19,sit,s19_sit,222000,2021-01-01 11:54:48.468613,89.02077151335311,91.51331244850938,91.51331244850938,90.19112434035324,2.4925409351562706,1.17035282700013
s19,sit,s19_sit,223000,2021-01-01 11:54:50.468613,89.02077151335311,90.45695578231405,90.45695578231405,90.28416534503953,1.4361842689609432,1.2633938316864146
s19,sit,s19_sit,224000,2021-01-01 11:54:52.468613,88.23529411764706,87.03026260709507,87.03026260709507,89.14529938675896,-1.20503151055199,0.910005269111906
s19,sit,s19_sit,225000,2021-01-01 11:54:54.468613,82.98755186721992,83.86137648701276,83.86137648701276,87.2959263718478,0.8738246197928419,4.308374504627878
s19,sit,s19_sit,226000,2021-01-01 11:54:56.468613,82.98755186721992,83.35886932770937,83.35886932770937,85.91795640639936,0.37131746048945047,2.9304045391794347
s19,sit,s19_sit,227000,2021-01-01 11:54:58.468613,82.53094910591471,83.01827549994833,83.01827549994833,84.9030680891415,0.4873263940336159,2.372118983226784
s19,sit,s19_sit,228000,2021-01-01 11:55:00.468613,81.9672131147541,83.59476179958091,83.59476179958091,84.4451608877953,1.627548684826806,2.477947773041194
s19,sit,s19_sit,229000,2021-01-01 11:55:02.468613,80.75370121130553,80.91295315460835,80.91295315460835,83.20888818117987,0.1592519433028201,2.4551869698743474
s19,sit,s19_sit,230000,2021-01-01 11:55:04.468613,78.94736842105263,78.79987539889692,78.79987539889692,81.66573370738084,-0.14749302215571447,2.7183652863282077
s19,sit,s19_sit,231000,2021-01-01 11:55:06.468613,78.125,77.86963886683796,77.86963886683796,80.33710051319082,-0.25536113316204023,2.212100513190819
s19,sit,s19_sit,232000,2021-01-01 11:55:08.468613,78.32898172323759,77.91001793684032,77.91001793684032,79.48762161146814,-0.4189637863972706,1.158639888230553
s19,sit,s19_sit,233000,2021-01-01 11:55:10.468613,78.84362680683311,78.44650859255246,78.44650859255246,79.12323205484766,-0.39711821428065264,0.27960524801454767
s19,sit,s19_sit,234000,2021-01-01 11:55:12.468613,78.74015748031496,78.52056879580239,78.52056879580239,78.91229991418182,-0.21958868451257274,0.17214243386685268
s19,sit,s19_sit,235000,2021-01-01 11:55:14.468613,80.32128514056225,80.91564908344371,80.91564908344371,79.61347212342348,0.5943639428814578,-0.7078130171387755
s19,sit,s19_sit,236000,2021-01-01 11:55:16.468613,81.19079837618403,81.37984507632301,81.37984507632301,80.23170265693832,0.18904670013897373,-0.9590957192457097
s19,sit,s19_sit,237000,2021-01-01 11:55:18.468613,80.64516129032258,81.43274140839425,81.43274140839425,80.6520662199479,0.7875801180716735,0.006904929625321188
s19,sit,s19_sit,238000,2021-01-01 11:55:20.468613,80.32128514056225,80.4009284169566,80.4009284169566,80.56416798890095,0.07964327639434998,0.2428828483386951
s19,sit,s19_sit,239000,2021-01-01 11:55:22.468613,80.32128514056225,80.19037837044947,80.19037837044947,80.43334162244292,-0.13090677011278729,0.1120564818806713
s19,sit,s19_sit,240000,2021-01-01 11:55:24.468613,81.9672131147541,81.60682979512937,81.60682979512937,80.84406248288317,-0.3603833196247308,-1.123150631870928
s19,sit,s19_sit,241000,2021-01-01 11:55:26.468613,91.04704097116844,89.52298589695212,89.52298589695212,83.8816856778073,-1.5240550742163208,-7.165355293361145
s19,sit,s19_sit,242000,2021-01-01 11:55:28.468613,90.63444108761328,90.54176648760625,90.54176648760625,86.21271396123693,-0.09267460000702954,-4.421727126376354
s19,sit,s19_sit,243000,2021-01-01 11:55:30.468613,90.09009009009009,90.58152895134602,90.58152895134602,87.7417992077751,0.4914388612559293,-2.348290882314984
s19,sit,s19_sit,244000,2021-01-01 11:55:32.468613,81.30081300813008,82.90436787934539,82.90436787934539,86.0486982428247,1.6035548712153087,4.747885234694621
s19,sit,s19_sit,245000,2021-01-01 11:55:34.468613,80.53691275167785,80.77764087984764,80.77764087984764,84.20382816578272,0.24072812816979194,3.666915414104878
s19,walk,s19_walk,0,2021-01-01 11:37:39.295021,85.47008547008548,85.32603372709181,85.32603372709181,85.32603372709181,-0.14405174299366763,-0.14405174299366763
s19,walk,s19_walk,1000,2021-01-01 11:37:41.295021,86.58008658008657,87.89626226615363,87.89626226615363,86.22561371576344,1.316175686067055,-0.3544728643231281
s19,walk,s19_walk,2000,2021-01-01 11:37:43.295021,85.47008547008548,87.36603876298523,87.36603876298523,86.62476248229106,1.8959532928997476,1.1546770122055818
s19,walk,s19_walk,3000,2021-01-01 11:37:45.295021,88.36524300441826,88.57597346720536,88.57597346720536,87.30768632701107,0.2107304627870974,-1.0575566774071916
s19,walk,s19_walk,4000,2021-01-01 11:37:47.295021,90.09009009009009,88.53844194468829,88.53844194468829,87.7384507931981,-1.5516481454017992,-2.351639296891989
s19,walk,s19_walk,5000,2021-01-01 11:37:49.295021,90.9090909090909,89.80266076723944,89.80266076723944,88.46092428411256,-1.1064301418514617,-2.4481666249783416
s19,walk,s19_walk,6000,2021-01-01 11:37:51.295021,94.48818897637796,90.82456955774364,90.82456955774364,89.28820012988345,-3.663619418634312,-5.199988846494506
s19,walk,s19_walk,7000,2021-01-01 11:37:53.295021,94.04388714733544,94.00773926099768,94.00773926099768,90.94003882577343,-0.03614788633775845,-3.103848321562012
s19,walk,s19_walk,8000,2021-01-01 11:37:55.295021,91.74311926605505,90.00474268980523,90.00474268980523,90.61268517818456,-1.73837657624982,-1.1304340878704835
s19,walk,s19_walk,9000,2021-01-01 11:37:57.295021,92.5925925925926,90.23047976437107,90.23047976437107,90.47891328334984,-2.3621128282215267,-2.1136793092427553
s19,walk,s19_walk,10000,2021-01-01 11:37:59.295021,92.5925925925926,89.13738611808299,89.13738611808299,90.00937877550643,-3.455206474509609,-2.583213817086161
s19,walk,s19_walk,11000,2021-01-01 11:38:01.295021,92.5925925925926,88.06407339672954,88.06407339672954,89.32852189293452,-4.528519195863055,-3.2640706996580775
s19,walk,s19_walk,12000,2021-01-01 11:38:03.295021,89.4187779433681,84.8273382970864,84.8273382970864,87.75310763438767,-4.5914396462816995,-1.665670308980424
s19,walk,s19_walk,13000,2021-01-01 11:38:05.295021,76.82458386683739,77.89658293185155,77.89658293185155,84.30332398850004,1.0719990650141682,7.4787401216626535
s19,walk,s19_walk,14000,2021-01-01 11:38:07.295021,76.53061224489795,78.07005164394134,78.07005164394134,82.12167866790449,1.5394393990433883,5.591066423006538
s19,walk,s19_walk,15000,2021-01-01 11:38:09.295021,86.08321377331421,83.63888098395313,83.63888098395313,82.65269947852151,-2.4443327893610842,-3.430514294792701
s19,walk,s19_walk,16000,2021-01-01 11:38:11.295021,89.82035928143712,89.17557001409183,89.17557001409183,84.93570416597112,-0.6447892673452884,-4.884655115466003
s19,walk,s19_walk,17000,2021-01-01 11:38:13.295021,90.22556390977444,90.29922177666357,90.29922177666357,86.81293532971347,0.07365786688913545,-3.412628580060968
s19,walk,s19_walk,18000,2021-01-01 11:38:15.295021,89.82035928143712,85.8022043907662,85.8022043907662,86.45917950108193,-4.018154890670914,-3.3611797803551866
s19,walk,s19_walk,19000,2021-01-01 11:38:17.295021,82.64462809917356,82.0599514652764,82.0599514652764,84.91944968855,-0.5846766338971605,2.274821589376444
s19,walk,s19_walk,20000,2021-01-01 11:38:19.295021,84.1514726507714,83.40853933890146,83.40853933890146,84.39063106617301,-0.7429333118699333,0.23915841540161864
s19,walk,s19_walk,21000,2021-01-01 11:38:21.295021,89.82035928143712,84.57667407551884,84.57667407551884,84.45574611944406,-5.243685205918283,-5.364613161993063
s19,walk,s19_walk,22000,2021-01-01 11:38:23.295021,92.3076923076923,87.0627389618289,87.0627389618289,85.36819361427875,-5.244953345863408,-6.9394986934135545
s19,walk,s19_walk,23000,2021-01-01 11:38:25.295021,93.45794392523364,86.18743636461437,86.18743636461437,85.65492857689622,-7.270507560619265,-7.803015348337411
s19,walk,s19_walk,24000,2021-01-01 11:38:27.295021,92.87925696594426,87.22547006099923,87.22547006099923,86.20461809633227,-5.653786904945036,-6.6746388696119965
s19,walk,s19_walk,25000,2021-01-01 11:38:29.295021,81.9672131147541,80.04581755716475,80.04581755716475,84.04903790762364,-1.9213955575893493,2.08182479286954
s19,walk,s19_walk,26000,2021-01-01 11:38:31.295021,81.9672131147541,80.51866868545984,80.51866868545984,82.81340867986631,-1.4485444292942589,0.8461955651122111
s19,walk,s19_walk,27000,2021-01-01 11:38:33.295021,91.1854103343465,81.32674232495025,81.32674232495025,82.29307545564569,-9.858668009396254,-8.892334878700808
s19,walk,s19_walk,28000,2021-01-01 11:38:35.295021,96.4630225080386,87.83686132446581,87.83686132446581,84.23340050973273,-8.62616118357279,-12.229621998305873
s19,walk,s19_walk,29000,2021-01-01 11:38:37.295021,95.23809523809524,87.62471539352367,87.62471539352367,85.42036071905956,-7.613379844571568,-9.817734519035682
s19,walk,s19_walk,30000,2021-01-01 11:38:39.295021,98.36065573770492,87.89953274215985,87.89953274215985,86.28807092714466,-10.461122995545068,-12.072584810560258
s19,walk,s19_walk,31000,2021-01-01 11:38:41.295021,93.45794392523364,82.80812151197023,82.80812151197023,85.07008863183361,-10.649822413263408,-8.387855293400023
s19,walk,s19_walk,32000,2021-01-01 11:38:43.295021,92.3076923076923,87.75739086937313,87.75739086937313,86.01064441497245,-4.550301438319181,-6.29704789271986
s19,walk,s19_walk,33000,2021-01-01 11:38:45.295021,92.3076923076923,89.47278626083788,89.47278626083788,87.22239406102535,-2.834906046854428,-5.085298246666952
s19,walk,s19_walk,34000,2021-01-01 11:38:47.295021,92.3076923076923,91.17058143598585,91.17058143598585,88.60425964226152,-1.1371108717064544,-3.703432665430782
s19,walk,s19_walk,35000,2021-01-01 11:38:49.295021,93.02325581395348,90.06449893595723,90.06449893595723,89.11534339505502,-2.958756877996251,-3.907912418898462
s19,walk,s19_walk,36000,2021-01-01 11:38:51.295021,93.16770186335404,91.80404648597553,91.80404648597553,90.0563894768772,-1.3636553773785067,-3.1113123864768397
s19,walk,s19_walk,37000,2021-01-01 11:38:53.295021,89.82035928143712,87.59837791392846,87.59837791392846,89.19608542984514,-2.2219813675086613,-0.6242738515919797
s19,walk,s19_walk,38000,2021-01-01 11:38:55.295021,85.22727272727273,83.3613020710028,83.3613020710028,87.15391125425032,-1.865970656269937,1.9266385269775839
s19,walk,s19_walk,39000,2021-01-01 11:38:57.295021,84.26966292134831,85.67725467945374,85.67725467945374,86.63708145307152,1.4075917581054256,2.367418531723203
s19,walk,s19_walk,40000,2021-01-01 11:38:59.295021,84.50704225352113,84.44913314435688,84.44913314435688,85.8712995450214,-0.057909109164256733,1.364257291500266
s19,walk,s19_walk,41000,2021-01-01 11:39:01.295021,85.47008547008548,86.37476357048456,86.37476357048456,86.04751195393351,0.9046781003990816,0.5774264838480292
s19,walk,s19_walk,42000,2021-01-01 11:39:03.295021,88.49557522123894,87.71995705620724,87.71995705620724,86.6328677397293,-0.7756181650317018,-1.8627074815096307
s19,walk,s19_walk,43000,2021-01-01 11:39:05.295021,89.02077151335311,87.55675596627212,87.55675596627212,86.9562286190193,-1.4640155470809901,-2.0645428943338118
s19,walk,s19_walk,44000,2021-01-01 11:39:07.295021,89.02077151335311,87.91580851757435,87.91580851757435,87.29208158351356,-1.104962995778763,-1.7286899298395468
s19,walk,s19_walk,45000,2021-01-01 11:39:09.295021,89.02077151335311,87.67196655064102,87.67196655064102,87.42504132200818,-1.3488049627120944,-1.595730191344927
s19,walk,s19_walk,46000,2021-01-01 11:39:11.295021,86.95652173913044,87.0924089278605,87.0924089278605,87.30861998405649,0.13588718873006655,0.35209824492605435
s19,walk,s19_walk,47000,2021-01-01 11:39:13.295021,86.95652173913044,85.8108289414214,85.8108289414214,86.78439311913421,-1.1456927977090317,-0.1721286199962293
s19,walk,s19_walk,48000,2021-01-01 11:39:15.295021,88.75739644970413,90.51247023846791,90.51247023846791,88.08922011090101,1.7550737887637808,-0.6681763388031214
s19,walk,s19_walk,49000,2021-01-01 11:39:17.295021,90.09009009009009,92.39039098979767,92.39039098979767,89.59462991851484,2.3003008997075796,-0.495460171575246
s19,walk,s19_walk,50000,2021-01-01 11:39:19.295021,90.49773755656108,88.5667268578353,88.5667268578353,89.23486384727701,-1.9310106987257711,-1.2628737092840652
s19,walk,s19_walk,51000,2021-01-01 11:39:21.295021,93.31259720062208,88.75464778681089,88.75464778681089,89.06678822611387,-4.557949413811187,-4.245808974508208
s19,walk,s19_walk,52000,2021-01-01 11:39:23.295021,93.02325581395348,88.98755220718385,88.98755220718385,89.03905561948837,-4.03570360676963,-3.9842001944651173
s19,walk,s19_walk,53000,2021-01-01 11:39:25.295021,94.04388714733544,90.25943750214691,90.25943750214691,89.46618927841885,-3.7844496451885306,-4.577697868916587
s19,walk,s19_walk,54000,2021-01-01 11:39:27.295021,93.45794392523364,88.04393420144787,88.04393420144787,88.96840000147901,-5.414009723785767,-4.489543923754624
s19,walk,s19_walk,55000,2021-01-01 11:39:29.295022,93.45794392523364,89.39295153356552,89.39295153356552,89.11699303770929,-4.064992391668113,-4.340950887524343
s19,walk,s19_walk,56000,2021-01-01 11:39:31.295022,93.45794392523364,89.81034965171467,89.81034965171467,89.35966785261118,-3.647594273518962,-4.098276072622454
s19,walk,s19_walk,57000,2021-01-01 11:39:33.295022,92.5925925925926,89.73880526547237,89.73880526547237,89.4923659471126,-2.85378732712023,-3.1002266454799923
s19,walk,s19_walk,58000,2021-01-01 11:39:35.295022,91.1854103343465,88.36948223623932,88.36948223623932,89.09935664830695,-2.815928098107179,-2.0860536860395484
s19,walk,s19_walk,59000,2021-01-01 11:39:37.295022,91.74311926605505,91.67647041383105,91.67647041383105,90.00134646624039,-0.06664885222399164,-1.7417727998146546
s19,walk,s19_walk,60000,2021-01-01 11:39:39.295022,91.74311926605505,90.99994897061572,90.99994897061572,90.35085734277175,-0.7431702954393273,-1.3922619232833
s19,walk,s19_walk,61000,2021-01-01 11:39:41.295022,95.08716323296356,90.44197533521402,90.44197533521402,90.38274864012655,-4.645187897749537,-4.704414592837011
s19,walk,s19_walk,62000,2021-01-01 11:39:43.295022,96.15384615384616,92.75465999828684,92.75465999828684,91.21291761548264,-3.3991861555593204,-4.940928538363522
s19,walk,s19_walk,63000,2021-01-01 11:39:45.295022,95.69377990430624,92.95707550997511,92.95707550997511,91.823372878555,-2.7367043943311273,-3.870407025751234
s19,walk,s19_walk,64000,2021-01-01 11:39:47.295022,94.19152276295134,82.61890240302591,82.61890240302591,88.60180821211982,-11.572620359925423,-5.589714550831516
s19,walk,s19_walk,65000,2021-01-01 11:39:49.295022,92.5925925925926,89.37648794577929,89.37648794577929,88.87294611890064,-3.2161046468133065,-3.7196464736919523
s19,walk,s19_walk,66000,2021-01-01 11:39:51.295022,93.16770186335404,87.3471591101066,87.3471591101066,88.33892066582273,-5.820542753247437,-4.828781197531313
s19,walk,s19_walk,67000,2021-01-01 11:39:53.295022,93.89671361502349,92.51682794942614,92.51682794942614,89.80118821508393,-1.3798856655973424,-4.095525399939561
s19,walk,s19_walk,68000,2021-01-01 11:39:55.295022,93.603744149766,89.52327780151562,89.52327780151562,89.70391957033502,-4.080466348250383,-3.899824579430984
s19,walk,s19_walk,69000,2021-01-01 11:39:57.295022,95.54140127388536,92.92657542826936,92.92657542826936,90.83184912061205,-2.6148258456159965,-4.709552153273307
s19,walk,s19_walk,70000,2021-01-01 11:39:59.295022,97.5609756097561,90.63996080610475,90.63996080610475,90.76468821053449,-6.921014803651346,-6.796287399221612
s19,walk,s19_walk,71000,2021-01-01 11:40:01.295022,96.93053311793214,84.75780423426716,84.75780423426716,88.66227881884092,-12.172728883664988,-8.268254299091225
s19,walk,s19_walk,72000,2021-01-01 11:40:03.295022,96.93053311793214,85.6642671793708,85.6642671793708,87.61297474502638,-11.266265938561347,-9.317558372905765
s19,walk,s19_walk,73000,2021-01-01 11:40:05.295022,96.15384615384616,84.92151761896152,84.92151761896152,86.67096475090368,-11.232328534884644,-9.482881402942482
s19,walk,s19_walk,74000,2021-01-01 11:40:07.295022,95.84664536741214,84.12949947714598,84.12949947714598,85.78145190508849,-11.717145890266153,-10.065193462323649
s19,walk,s19_walk,75000,2021-01-01 11:40:09.295022,95.23809523809524,90.42277736193998,90.42277736193998,87.40591581498651,-4.815317876155262,-7.832179423108727
s19,walk,s19_walk,76000,2021-01-01 11:40:11.295022,95.84664536741214,91.42962698199314,91.42962698199314,88.81421472343882,-4.417018385418999,-7.0324306439733135
s19,walk,s19_walk,77000,2021-01-01 11:40:13.295022,96.7741935483871,91.94910112584144,91.94910112584144,89.91142496427975,-4.825092422545666,-6.862768584107357
s19,walk,s19_walk,78000,2021-01-01 11:40:15.295022,100.67114093959732,90.17555212259043,90.17555212259043,90.00386946968848,-10.49558881700689,-10.66727146990884
s19,walk,s19_walk,79000,2021-01-01 11:40:17.295022,103.09278350515464,83.91563209169836,83.91563209169836,87.87298638739193,-19.177151413456286,-15.21979711776271
s19,walk,s19_walk,80000,2021-01-01 11:40:19.295022,102.21465076660988,86.81321417804725,86.81321417804725,87.50206611412129,-15.401436588562632,-14.712584652488587
s19,walk,s19_walk,81000,2021-01-01 11:40:21.295022,90.9090909090909,90.2012380745953,90.2012380745953,88.44677630028718,-0.7078528344956112,-2.462314608803723
s19,walk,s19_walk,82000,2021-01-01 11:40:23.295022,88.49557522123894,88.86953478115045,88.86953478115045,88.59474176858933,0.373959559911512,0.09916654735039288
s19,walk,s19_walk,83000,2021-01-01 11:40:25.295022,88.49557522123894,86.9216637383821,86.9216637383821,88.0091644580168,-1.5739114828568432,-0.48641076322213905
s19,walk,s19_walk,84000,2021-01-01 11:40:27.295022,94.6372239747634,84.84067252560214,84.84067252560214,86.90019228167166,-9.796551449161257,-7.737031693091737
s19,walk,s19_walk,85000,2021-01-01 11:40:29.295022,94.6372239747634,87.06357658357807,87.06357658357807,86.95737678733892,-7.573647391185332,-7.679847187424485
s19,walk,s19_walk,86000,2021-01-01 11:40:31.295022,94.33962264150944,87.60325815217465,87.60325815217465,87.18343526503142,-6.73636448933479,-7.156187376478016
s19,walk,s19_walk,87000,2021-01-01 11:40:33.295022,91.46341463414632,90.5290396999997,90.5290396999997,88.35439681727031,-0.9343749341466179,-3.1090178168760048
s19,walk,s19_walk,88000,2021-01-01 11:40:35.295022,89.82035928143712,88.24905725387994,88.24905725387994,88.31752797008369,-1.5713020275571807,-1.5028313113534324
s19,walk,s19_walk,89000,2021-01-01 11:40:37.295022,89.28571428571428,87.92544105103369,87.92544105103369,88.18029754841618,-1.3602732346805908,-1.1054167372980999
s19,walk,s19_walk,90000,2021-01-01 11:40:39.295022,89.28571428571428,86.15644423097514,86.15644423097514,87.47194888731181,-3.1292700547391377,-1.8137653984024666
s19,walk,s19_walk,91000,2021-01-01 11:40:41.295022,90.9090909090909,82.88123294951765,82.88123294951765,85.86519830908385,-8.027857959573254,-5.043892600007055
s19,walk,s19_walk,92000,2021-01-01 11:40:43.295022,94.9367088607595,86.04448953635276,86.04448953635276,85.92795023862797,-8.892219324406739,-9.008758622131523
s19,walk,s19_walk,93000,2021-01-01 11:40:45.295022,95.54140127388536,87.0874946949239,87.0874946949239,86.33379079833155,-8.453906578961451,-9.207610475553807
s19,walk,s19_walk,94000,2021-01-01 11:40:47.295022,96.4630225080386,86.0342369851982,86.0342369851982,86.22894696373488,-10.4287855228404,-10.234075544303721
s19,walk,s19_walk,95000,2021-01-01 11:40:49.295022,96.93053311793214,84.79844888217892,84.79844888217892,85.7282726351903,-12.132084235753226,-11.202260482741849
s19,walk,s19_walk,96000,2021-01-01 11:40:51.295022,100.0,85.99118865150896,85.99118865150896,85.82029324090183,-14.008811348491037,-14.179706759098167
s19,walk,s19_walk,97000,2021-01-01 11:40:53.295022,98.52216748768473,84.80341229828257,84.80341229828257,85.46438491098509,-13.71875518940216,-13.057782576699637
s19,walk,s19_walk,98000,2021-01-01 11:40:55.295022,97.0873786407767,87.5071859283371,87.5071859283371,86.17936526705829,-9.580192712439612,-10.908013373718418
s19,walk,s19_walk,99000,2021-01-01 11:40:57.295022,97.0873786407767,82.43638026328117,82.43638026328117,84.86932051573629,-14.65099837749554,-12.218058125040415
s19,walk,s19_walk,100000,2021-01-01 11:40:59.295022,93.45794392523364,85.98613058139301,85.98613058139301,85.26020403871615,-7.471813343840623,-8.197739886517482
s19,walk,s19_walk,101000,2021-01-01 11:41:01.295022,93.45794392523364,86.64267896674167,86.64267896674167,85.74407026352509,-6.815264958491966,-7.713873661708547
s19,walk,s19_walk,102000,2021-01-01 11:41:03.295022,94.7867298578199,85.11031881536401,85.11031881536401,85.52225725666871,-9.676411042455896,-9.264472601151198
s19,walk,s19_walk,103000,2021-01-01 11:41:05.295022,96.0,85.39059868943652,85.39059868943652,85.47617675813744,-10.609401310563484,-10.523823241862559
s19,walk,s19_walk,104000,2021-01-01 11:41:07.295022,96.0,85.44617110306741,85.44617110306741,85.46567477886293,-10.553828896932586,-10.534325221137067
s19,walk,s19_walk,105000,2021-01-01 11:41:09.295022,98.03921568627452,83.91528986570842,83.91528986570842,84.92304005925885,-14.1239258205661,-13.116175627015664
s19,walk,s19_walk,106000,2021-01-01 11:41:11.295022,98.19967266775778,82.71229173359842,82.71229173359842,84.1492781452777,-15.487380934159361,-14.050394522480076
s19,walk,s19_walk,107000,2021-01-01 11:41:13.295022,99.83361064891848,80.09050258269268,80.09050258269268,82.72870669837295,-19.7431080662258,-17.104903950545534
s19,walk,s19_walk,108000,2021-01-01 11:41:15.295022,100.0,82.78331063236848,82.78331063236848,82.74781807527138,-17.216689367631517,-17.252181924728617
s19,walk,s19_walk,109000,2021-01-01 11:41:17.295022,100.33444816053512,82.809936128857,82.809936128857,82.76955939402634,-17.524512031678114,-17.564888766508773
s19,walk,s19_walk,110000,2021-01-01 11:41:19.295022,101.69491525423727,83.39020147027682,83.39020147027682,82.986784120714,-18.30471378396045,-18.708131133523267
s19,walk,s19_walk,111000,2021-01-01 11:41:21.295022,104.16666666666669,84.73157409055675,84.73157409055675,83.59746061015896,-19.435092576109938,-20.569206056507724
s19,walk,s19_walk,112000,2021-01-01 11:41:23.295022,106.0070671378092,79.44162190627556,79.44162190627556,82.14291706379977,-26.565445231533644,-23.86415007400943
s19,walk,s19_walk,113000,2021-01-01 11:41:25.295022,104.16666666666669,83.20735648741116,83.20735648741116,82.51547086206375,-20.959310179255525,-21.651195804602935
s19,walk,s19_walk,114000,2021-01-01 11:41:27.295022,104.16666666666669,85.38411821853671,85.38411821853671,83.51949743682928,-18.782548448129972,-20.647169229837402
s19,walk,s19_walk,115000,2021-01-01 11:41:29.295022,98.36065573770492,84.77856418432653,84.77856418432653,83.96017079845332,-13.58209155337839,-14.400484939251598
s19,walk,s19_walk,116000,2021-01-01 11:41:31.295022,98.36065573770492,87.74545578843471,87.74545578843471,85.2850205449468,-10.615199949270206,-13.075635192758114
s19,walk,s19_walk,117000,2021-01-01 11:41:33.295022,100.8403361344538,85.80278674555879,85.80278674555879,85.466238715161,-15.037549388895016,-15.37409741929281
s19,walk,s19_walk,118000,2021-01-01 11:41:35.295022,102.21465076660988,86.55765929249863,86.55765929249863,85.84823591722916,-15.656991474111251,-16.366414849380718
s19,walk,s19_walk,119000,2021-01-01 11:41:37.295022,103.44827586206895,79.46815476204623,79.46815476204623,83.61520751291513,-23.98012110002273,-19.83306834915382
s19,walk,s19_walk,120000,2021-01-01 11:41:39.295022,103.80622837370242,84.22737029594785,84.22737029594785,83.82946448697658,-19.578858077754575,-19.97676388672585
s19,walk,s19_walk,121000,2021-01-01 11:41:41.295022,103.62694300518136,85.12882854603136,85.12882854603136,84.28424190764575,-18.498114459150003,-19.34270109753561
s19,walk,s19_walk,122000,2021-01-01 11:41:43.295022,102.38907849829351,86.67619359520664,86.67619359520664,85.12142499829207,-15.712884903086874,-17.267653500001444
s19,walk,s19_walk,123000,2021-01-01 11:41:45.295022,101.18043844856662,82.68771289354402,82.68771289354402,84.26962576163025,-18.492725555022602,-16.910812686936367
s19,walk,s19_walk,124000,2021-01-01 11:41:47.295022,100.67114093959732,86.0367717093223,86.0367717093223,84.88812684332247,-14.634369230275027,-15.783014096274854
s19,walk,s19_walk,125000,2021-01-01 11:41:49.295022,100.67114093959732,85.21176850651031,85.21176850651031,85.00140142543822,-15.459372433087012,-15.669739514159104
s19,walk,s19_walk,126000,2021-01-01 11:41:51.295022,98.84678747940691,85.09373590599797,85.09373590599797,85.03371849363413,-13.75305157340894,-13.813068985772787
s19,walk,s19_walk,127000,2021-01-01 11:41:53.295022,97.5609756097561,88.74631859988368,88.74631859988368,86.33312853082147,-8.81465700987242,-11.22784707893463
s19,walk,s19_walk,128000,2021-01-01 11:41:55.295022,95.69377990430624,88.99482390306567,88.99482390306567,87.26472191110693,-6.698956001240575,-8.429057993199308
s19,walk,s19_walk,129000,2021-01-01 11:41:57.295022,94.9367088607595,86.60089136237148,86.60089136237148,87.03238121904953,-8.33581749838801,-7.904327641709969
s19,walk,s19_walk,130000,2021-01-01 11:41:59.295022,94.33962264150944,88.32908186549626,88.32908186549626,87.48622644530589,-6.010540776013173,-6.853396196203548
s19,walk,s19_walk,131000,2021-01-01 11:42:01.295022,90.36144578313252,84.66894833147882,84.66894833147882,86.50017910546642,-5.692497451653708,-3.8612666776661086
s19,walk,s19_walk,132000,2021-01-01 11:42:03.295022,85.71428571428572,86.05382412200335,86.05382412200335,86.34395486125433,0.339538407717626,0.6296691469686095
s19,walk,s19_walk,133000,2021-01-01 11:42:05.295022,85.71428571428572,85.55509418899007,85.55509418899007,86.06785362596183,-0.15919152529565395,0.3535679116761088
s19,walk,s19_walk,134000,2021-01-01 11:42:07.295022,87.46355685131195,88.96092264507925,88.96092264507925,87.08042778265293,1.497365793767301,-0.3831290686590165
s19,walk,s19_walk,135000,2021-01-01 11:42:09.295022,91.46341463414632,89.99683512194203,89.99683512194203,88.10117035140411,-1.4665795122042908,-3.3622442827422105
s19,walk,s19_walk,136000,2021-01-01 11:42:11.295022,91.46341463414632,89.51382716241172,89.51382716241172,88.59560023525677,-1.9495874717346027,-2.86781439888955
s19,walk,s19_walk,137000,2021-01-01 11:42:13.295022,85.71428571428572,85.37981768718522,85.37981768718522,87.47007634343173,-0.33446802710049894,1.7557906291460057
s19,walk,s19_walk,138000,2021-01-01 11:42:15.295022,85.71428571428572,83.54825656989321,83.54825656989321,86.09743942269324,-2.1660291443925104,0.3831537084075194
s19,walk,s19_walk,139000,2021-01-01 11:42:17.295022,93.16770186335404,88.9162896818598,88.9162896818598,87.08403701340153,-4.251412181494246,-6.0836648499525126
s19,walk,s19_walk,140000,2021-01-01 11:42:19.295022,97.4025974025974,96.11695930635383,96.11695930635383,90.24555981593483,-1.2856380962435594,-7.157037586662568
s19,walk,s19_walk,141000,2021-01-01 11:42:21.295022,97.2447325769854,97.48929250339751,97.48929250339751,92.78086625654677,0.24455992641210855,-4.463866320438626
s19,walk,s19_walk,142000,2021-01-01 11:42:23.295022,96.4630225080386,96.64994552015308,96.64994552015308,94.13504399880898,0.1869230121144767,-2.3279785092296237
s19,walk,s19_walk,143000,2021-01-01 11:42:25.295022,95.54140127388536,93.8452947627081,93.8452947627081,94.03363176617367,-1.6961065111772626,-1.5077695077116857
s19,walk,s19_walk,144000,2021-01-01 11:42:27.295022,95.38950715421304,91.28130163286781,91.28130163286781,93.07031621951661,-4.108205521345226,-2.3191909346964223
s19,walk,s19_walk,145000,2021-01-01 11:42:29.295022,92.3076923076923,89.04855537407647,89.04855537407647,91.66269992361256,-3.259136933615835,-0.6449923840797425
s19,walk,s19_walk,146000,2021-01-01 11:42:31.295022,91.46341463414632,89.23393462826462,89.23393462826462,90.81263207024078,-2.2294800058816975,-0.6507825639055369
s19,walk,s19_walk,147000,2021-01-01 11:42:33.295022,91.74311926605505,88.85140573552562,88.85140573552562,90.12620285309048,-2.8917135305294295,-1.6169164129645708
s19,walk,s19_walk,148000,2021-01-01 11:42:35.295022,91.74311926605505,90.15260373124107,90.15260373124107,90.13544316044319,-1.5905155348139743,-1.6076761056118585
s19,walk,s19_walk,149000,2021-01-01 11:42:37.295022,92.87925696594426,91.30382099057115,91.30382099057115,90.54437540098797,-1.5754359753731109,-2.334881564956291
s19,walk,s19_walk,150000,2021-01-01 11:42:39.295022,94.04388714733544,97.02754818186395,97.02754818186395,92.81348587429457,2.9836610345285095,-1.2304012730408687
s19,walk,s19_walk,151000,2021-01-01 11:42:41.295022,95.38950715421304,94.20227308676924,94.20227308676924,93.2995613986607,-1.1872340674437964,-2.0899457555523355
s19,walk,s19_walk,152000,2021-01-01 11:42:43.295022,95.23809523809524,95.0302563784323,95.0302563784323,93.90530464158076,-0.20783885966294235,-1.332790596514485
s19,walk,s19_walk,153000,2021-01-01 11:42:45.295022,95.08716323296356,94.25271957227793,94.25271957227793,94.02689986732477,-0.8344436606856362,-1.0602633656387894
s19,walk,s19_walk,154000,2021-01-01 11:42:47.295022,93.89671361502349,89.93870814970307,89.93870814970307,92.59603276615718,-3.9580054653204115,-1.3006808488663069
s19,walk,s19_walk,155000,2021-01-01 11:42:49.295022,92.5925925925926,89.06705163873393,89.06705163873393,91.36088937155904,-3.525540953858666,-1.2317032210335555
s19,walk,s19_walk,156000,2021-01-01 11:42:51.295022,92.5925925925926,90.23902228367582,90.23902228367582,90.96823589079992,-2.3535703089167725,-1.6243567017926779
s19,walk,s19_walk,157000,2021-01-01 11:42:53.295022,92.5925925925926,92.4091433447624,92.4091433447624,91.4725534996868,-0.18344924783019678,-1.1200390929057988
s19,walk,s19_walk,158000,2021-01-01 11:42:55.295022,90.36144578313252,99.17545629173301,99.17545629173301,94.16856947690297,8.81401050860049,3.80712369377045
s19,walk,s19_walk,159000,2021-01-01 11:42:57.295022,88.23529411764706,98.68334075645139,98.68334075645139,95.74873942474491,10.448046638804328,7.513445307097854
s19,walk,s19_walk,160000,2021-01-01 11:42:59.295022,88.23529411764706,92.29688982764583,92.29688982764583,94.54059206576022,4.06159570999877,6.305297948113164
s19,walk,s19_walk,161000,2021-01-01 11:43:01.295022,93.16770186335404,91.35025301913807,91.35025301913807,93.42397339944247,-1.8174488442159742,0.256271536088434
s19,walk,s19_walk,162000,2021-01-01 11:43:03.295022,94.04388714733544,93.3678106226002,93.3678106226002,93.40431642754768,-0.6760765247352367,-0.6395707197877556
s19,walk,s19_walk,163000,2021-01-01 11:43:05.295022,94.48818897637796,102.66961530010492,102.66961530010492,96.64717103294271,8.181426323726967,2.158982056564753
s19,walk,s19_walk,164000,2021-01-01 11:43:07.295022,96.30818619582664,96.17006720941218,96.17006720941218,96.48018469470702,-0.13811898641445453,0.17199849888038443
s19,walk,s19_walk,165000,2021-01-01 11:43:09.295022,96.7741935483871,96.76370252993617,96.76370252993617,96.57941593703723,-0.01049101845093503,-0.1947776113498776
s19,walk,s19_walk,166000,2021-01-01 11:43:11.295022,97.7198697068404,91.62396848821251,91.62396848821251,94.84500932994858,-6.095901218627887,-2.8748603768918173
s19,walk,s19_walk,167000,2021-01-01 11:43:13.295022,101.69491525423727,95.59549849245549,95.59549849245549,95.107680536826,-6.099416761781782,-6.5872347174112775
s19,walk,s19_walk,168000,2021-01-01 11:43:15.295022,100.67114093959732,95.54527248174014,95.54527248174014,95.26083771754594,-5.12586845785718,-5.4103032220513825
s19,walk,s19_walk,169000,2021-01-01 11:43:17.295022,103.09278350515464,105.54508904489815,105.54508904489815,98.86032568211921,2.452305539743506,-4.232457823035432
s19,walk,s19_walk,170000,2021-01-01 11:43:19.295022,103.80622837370242,105.03182777155688,105.03182777155688,101.02035141342239,1.2255993978544524,-2.785876960280035
s19,walk,s19_walk,171000,2021-01-01 11:43:21.295022,103.09278350515464,103.98763061956063,103.98763061956063,102.05889913557078,0.8948471144059909,-1.033884369583859
s19,walk,s19_walk,172000,2021-01-01 11:43:23.295022,103.09278350515464,104.01840329858874,104.01840329858874,102.74472559262706,0.9256197934340946,-0.34805791252757956
s19,walk,s19_walk,173000,2021-01-01 11:43:25.295022,99.66777408637874,91.56034818300925,91.56034818300925,98.83019349926083,-8.107425903369489,-0.8375805871179125
s19,walk,s19_walk,174000,2021-01-01 11:43:27.295022,95.08716323296356,98.1378683565209,98.1378683565209,98.58787969930185,3.0507051235573357,3.5007164663382895
s19,walk,s19_walk,175000,2021-01-01 11:43:29.295022,94.33962264150944,89.78623979216081,89.78623979216081,95.50730573180249,-4.553382849348623,1.1676830902930533
s19,walk,s19_walk,176000,2021-01-01 11:43:31.295022,93.45794392523364,89.41688940865232,89.41688940865232,93.37566001869993,-4.041054516581312,-0.08228390653370354
s19,walk,s19_walk,177000,2021-01-01 11:43:33.295022,93.45794392523364,88.34663697921769,88.34663697921769,91.61550195488114,-5.111306946015944,-1.8424419703524961
s19,walk,s19_walk,178000,2021-01-01 11:43:35.295022,93.45794392523364,87.57233022615102,87.57233022615102,90.20039184982559,-5.885613699082612,-3.257552075408043
s19,walk,s19_walk,179000,2021-01-01 11:43:37.295022,87.71929824561403,88.72516471549764,88.72516471549764,89.68406235281081,1.005866469883614,1.9647641071967854
s19,walk,s19_walk,180000,2021-01-01 11:43:39.295022,91.1854103343465,89.06275423334432,89.06275423334432,89.46660451099754,-2.1226561010021783,-1.7188058233489585
s19,walk,s19_walk,181000,2021-01-01 11:43:41.295022,93.45794392523364,88.30914225278192,88.30914225278192,89.06149272062207,-5.148801672451711,-4.396451204611566
s19,walk,s19_walk,182000,2021-01-01 11:43:43.295022,93.45794392523364,86.90865307069252,86.90865307069252,88.30799884314672,-6.549290854541113,-5.149945082086916
s19,walk,s19_walk,183000,2021-01-01 11:43:45.295022,94.33962264150944,98.00665565277626,98.00665565277626,91.70252872651706,3.667033011266824,-2.637093914992377
s19,walk,s19_walk,184000,2021-01-01 11:43:47.295022,94.33962264150944,100.22578184731802,100.22578184731802,94.68566731879739,5.886159205808582,0.3460446772879493
s19,walk,s19_walk,185000,2021-01-01 11:43:49.295022,94.33962264150944,87.96434450127911,87.96434450127911,92.33320433266599,-6.375278140230321,-2.0064183088434504
s19,walk,s19_walk,186000,2021-01-01 11:43:51.295022,93.75,89.37837499029878,89.37837499029878,91.29901406283746,-4.371625009701219,-2.4509859371625424
s19,walk,s19_walk,187000,2021-01-01 11:43:53.295022,93.75,89.21957999400195,89.21957999400195,90.57121213874503,-4.530420005998053,-3.1787878612549747
s19,walk,s19_walk,188000,2021-01-01 11:43:55.295022,97.0873786407767,88.71644645964444,88.71644645964444,89.92204415105982,-8.370932181132261,-7.165334489716884
s19,walk,s19_walk,189000,2021-01-01 11:43:57.295022,96.15384615384616,90.47723532365154,90.47723532365154,90.11636106146692,-5.676610830194619,-6.037485092379242
s19,walk,s19_walk,190000,2021-01-01 11:43:59.295022,94.6372239747634,92.89251915552842,92.89251915552842,91.08801639438843,-1.7447048192349826,-3.5492075803749685
s19,walk,s19_walk,191000,2021-01-01 11:44:01.295022,94.6372239747634,90.10021212914057,90.10021212914057,90.74228490155167,-4.537011845622828,-3.894939073211731
s19,walk,s19_walk,192000,2021-01-01 11:44:03.295022,96.15384615384616,89.32416316174063,89.32416316174063,90.2459422926178,-6.829682992105532,-5.9079038612283625
s19,walk,s19_walk,193000,2021-01-01 11:44:05.295022,99.66777408637874,87.54166903224225,87.54166903224225,89.29944665148636,-12.126105054136488,-10.368327434892379
s19,walk,s19_walk,194000,2021-01-01 11:44:07.295022,102.91595197255576,99.38158958789231,99.38158958789231,92.82819667922845,-3.534362384663453,-10.087755293327305
s19,walk,s19_walk,195000,2021-01-01 11:44:09.295022,103.80622837370242,105.12198358799166,105.12198358799166,97.13102209729558,1.31575521428924,-6.67520627640684
s19,walk,s19_walk,196000,2021-01-01 11:44:11.295022,102.38907849829351,99.69961122050589,99.69961122050589,98.03002829041918,-2.689467277787628,-4.359050207874333
s19,walk,s19_walk,197000,2021-01-01 11:44:13.295022,98.6842105263158,89.39871264821934,89.39871264821934,95.00906781564925,-9.28549787809645,-3.675142710666549
s19,walk,s19_walk,198000,2021-01-01 11:44:15.295022,96.30818619582664,89.03272470337797,89.03272470337797,92.9173477263543,-7.27546149244867,-3.3908384694723424
s19,walk,s19_walk,199000,2021-01-01 11:44:17.295022,96.30818619582664,89.31712019068426,89.31712019068426,91.65726808886978,-6.991066005142372,-4.650918106956851
s19,walk,s19_walk,200000,2021-01-01 11:44:19.295022,96.61835748792272,93.34079617494477,93.34079617494477,92.24650291899603,-3.2775613129779515,-4.371854568926693
s19,walk,s19_walk,201000,2021-01-01 11:44:21.295022,98.52216748768473,92.06283771350306,92.06283771350306,92.1822200970735,-6.459329774181668,-6.339947390611229
s19,walk,s19_walk,202000,2021-01-01 11:44:23.295022,98.52216748768473,90.76776591348754,90.76776591348754,91.6871611328184,-7.754401574197189,-6.835006354866323
s19,walk,s19_walk,203000,2021-01-01 11:44:25.295022,90.36144578313252,90.91241714130803,90.91241714130803,91.41600073578977,0.5509713581755022,1.0545549526572415
s19,walk,s19_walk,204000,2021-01-01 11:44:27.295023,88.23529411764706,89.76612667595309,89.76612667595309,90.83854481484693,1.530832558306031,2.6032506971998686
s19,walk,s19_walk,205000,2021-01-01 11:44:29.295023,88.23529411764706,91.25763078188818,91.25763078188818,90.98522490331136,3.0223366642411236,2.7499307856643043
s19,walk,s19_walk,206000,2021-01-01 11:44:31.295023,92.5925925925926,90.09655715336126,90.09655715336126,90.67419119082882,-2.496035439231335,-1.9184014017637736
s19,walk,s19_walk,207000,2021-01-01 11:44:33.295023,92.5925925925926,90.63858797826823,90.63858797826823,90.66173006643263,-1.9540046143243615,-1.9308625261599701
s19,walk,s19_walk,208000,2021-01-01 11:44:35.295023,89.82035928143712,89.33437693550292,89.33437693550292,90.19715647060723,-0.48598234593420386,0.3767971891701052
s19,walk,s19_walk,209000,2021-01-01 11:44:37.295023,89.82035928143712,89.87588355356668,89.87588355356668,90.08471094964304,0.055524272129559904,0.2643516682059186
s19,walk,s19_walk,210000,2021-01-01 11:44:39.295023,93.75,89.91049404056889,89.91049404056889,90.02373503146708,-3.839505959431108,-3.7262649685329166
s19,walk,s19_walk,211000,2021-01-01 11:44:41.295023,96.61835748792272,92.35809049613883,92.35809049613883,90.84075944410219,-4.260266991783894,-5.777598043820532
s19,walk,s19_walk,212000,2021-01-01 11:44:43.295023,98.36065573770492,92.55598649628229,92.55598649628229,91.44108891236522,-5.80466924142263,-6.9195668253397
s19,walk,s19_walk,213000,2021-01-01 11:44:45.295023,98.36065573770492,92.97801137828982,92.97801137828982,91.97901177543883,-5.382644359415096,-6.381643962266082
s19,walk,s19_walk,214000,2021-01-01 11:44:47.295023,98.36065573770492,95.68442870870899,95.68442870870899,93.27590770208339,-2.6762270289959247,-5.08474803562153
s19,walk,s19_walk,215000,2021-01-01 11:44:49.295023,97.4025974025974,102.2728910553813,102.2728910553813,96.42485187573766,4.8702936527839,-0.977745526859735
s19,walk,s19_walk,216000,2021-01-01 11:44:51.295023,99.33774834437088,97.85754303656897,97.85754303656897,96.92629378202862,-1.48020530780191,-2.411454562342257
s19,walk,s19_walk,217000,2021-01-01 11:44:53.295023,98.52216748768473,102.07420378081422,102.07420378081422,98.72806228160357,3.5520362931294898,0.20589479391884424
s19,walk,s19_walk,218000,2021-01-01 11:44:55.295023,97.7198697068404,97.23867330184254,97.23867330184254,98.2067761386872,-0.4811964049978599,0.4869064318468048
s19,walk,s19_walk,219000,2021-01-01 11:44:57.295023,96.15384615384616,98.33648899806028,98.33648899806028,98.25217563946777,2.182642844214115,2.098329485621605
s19,walk,s19_walk,220000,2021-01-01 11:44:59.295023,96.0,92.2889882683489,92.2889882683489,96.16506005957616,-3.711011731651098,0.1650600595761631
s19,walk,s19_walk,221000,2021-01-01 11:45:01.295023,95.84664536741214,92.7573869962704,92.7573869962704,94.97237448741915,-3.0892583711417387,-0.8742708799929915
s19,walk,s19_walk,222000,2021-01-01 11:45:03.295023,95.84664536741214,96.38886602176224,96.38886602176224,95.46814652443923,0.5422206543501034,-0.3784988429729026
s19,walk,s19_walk,223000,2021-01-01 11:45:05.295023,93.75,92.85753811061933,92.85753811061933,94.55443357960226,-0.8924618893806695,0.8044335796022608
s19,walk,s19_walk,224000,2021-01-01 11:45:07.295023,92.87925696594426,90.43527907680036,90.43527907680036,93.1127295036216,-2.443977889143909,0.23347253767732923
s19,walk,s19_walk,225000,2021-01-01 11:45:09.295023,92.3076923076923,90.40681780670269,90.40681780670269,92.16566040969998,-1.900874500989616,-0.14203189799232518
s19,walk,s19_walk,226000,2021-01-01 11:45:11.295023,92.0245398773006,89.98203739271256,89.98203739271256,91.40139235375437,-2.0425024845880415,-0.6231475235462227
s19,walk,s19_walk,227000,2021-01-01 11:45:13.295023,92.0245398773006,91.73698252186081,91.73698252186081,91.51884891259164,-0.28755735543978744,-0.5056909647089611
s19,walk,s19_walk,228000,2021-01-01 11:45:15.295023,92.16589861751152,93.17847615278777,93.17847615278777,92.09971844666028,1.0125775352762503,-0.06618017085123995
s19,walk,s19_walk,229000,2021-01-01 11:45:17.295023,92.44992295839754,90.10625936198439,90.10625936198439,91.40200776702372,-2.343663596413151,-1.0479151913738178
s19,walk,s19_walk,230000,2021-01-01 11:45:19.295023,94.04388714733544,102.68352955571844,102.68352955571844,95.35054039306686,8.639642408382997,1.3066532457314253
s19,walk,s19_walk,231000,2021-01-01 11:45:21.295023,96.0,91.84787641298891,91.84787641298891,94.12460800003959,-4.15212358701109,-1.8753919999604136
s19,walk,s19_walk,232000,2021-01-01 11:45:23.295023,97.0873786407767,98.94459796624712,98.94459796624712,95.81160448821223,1.8572193254704104,-1.2757741525644803
s19,walk,s19_walk,233000,2021-01-01 11:45:25.295023,97.4025974025974,92.2846305993968,92.2846305993968,94.57716362712682,-5.117966803200588,-2.8254337754705716
s19,walk,s19_walk,234000,2021-01-01 11:45:27.295023,97.5609756097561,99.99775353898188,99.99775353898188,96.47437009627609,2.4367779292257836,-1.0866055134800092
s19,walk,s19_walk,235000,2021-01-01 11:45:29.295023,99.33774834437088,92.65322129274466,92.65322129274466,95.13696801504008,-6.684527051626219,-4.200780329330797
s19,walk,s19_walk,236000,2021-01-01 11:45:31.295023,101.86757215619694,93.09475898930732,93.09475898930732,94.42219485603363,-8.77281316688962,-7.445377300163315
s19,walk,s19_walk,237000,2021-01-01 11:45:33.295023,103.09278350515464,87.47794608368382,87.47794608368382,91.9917077857112,-15.614837421470824,-11.101075719443443
s19,walk,s19_walk,238000,2021-01-01 11:45:35.295023,103.09278350515464,90.35573374434927,90.35573374434927,91.41911687123452,-12.737049760805377,-11.67366663392012
s19,walk,s19_walk,239000,2021-01-01 11:45:37.295023,101.52284263959392,90.1108906856597,90.1108906856597,90.96123770628333,-11.41195195393422,-10.56160493331059
s19,walk,s19_walk,240000,2021-01-01 11:45:39.295023,99.33774834437088,82.03404183530404,82.03404183530404,87.83671915144058,-17.303706509066842,-11.501029192930304
s19,walk,s19_walk,241000,2021-01-01 11:45:41.295023,95.23809523809524,92.06704892777176,92.06704892777176,89.3173345731565,-3.171046310323476,-5.92076066493874
s19,walk,s19_walk,242000,2021-01-01 11:45:43.295023,95.69377990430624,91.80713662920195,91.80713662920195,90.1887652927724,-3.8866432751042908,-5.505014611533838
s20,run,s20_run,0,2021-01-01 11:12:15.240786,82.3045267489712,83.54464715050923,83.54464715050923,83.54464715050923,1.2401204015380358,1.2401204015380358
s20,run,s20_run,1000,2021-01-01 11:12:17.240786,80.64516129032258,81.17003778954826,81.17003778954826,82.7135338741729,0.5248764992256838,2.0683725838503193
s20,run,s20_run,2000,2021-01-01 11:12:19.240786,81.30081300813008,80.76974035504372,80.76974035504372,82.0332061424777,-0.5310726530863548,0.7323931343476175
s20,run,s20_run,3000,2021-01-01 11:12:21.240786,82.75862068965517,81.24487419362221,81.24487419362221,81.75728996037827,-1.5137464960329652,-1.0013307292769014
s20,run,s20_run,4000,2021-01-01 11:12:23.240786,82.75862068965517,82.61446612494532,82.61446612494532,82.05730161797675,-0.14415456470985077,-0.7013190716784266
s20,run,s20_run,5000,2021-01-01 11:12:25.240786,83.33333333333334,83.05615881897343,83.05615881897343,82.40690163832559,-0.27717451435991336,-0.92643169500775
s20,run,s20_run,6000,2021-01-01 11:12:27.240786,84.98583569405099,84.85545250916888,84.85545250916888,83.26389444312073,-0.1303831848821062,-1.7219412509302572
s20,run,s20_run,7000,2021-01-01 11:12:29.240786,87.46355685131195,87.20491433520287,87.20491433520287,84.64325140534947,-0.2586425161090773,-2.8203054459624752
s20,run,s20_run,8000,2021-01-01 11:12:31.240786,87.97653958944281,89.23334552086517,89.23334552086517,86.24978434577997,1.2568059314223632,-1.7267552436628364
s20,run,s20_run,9000,2021-01-01 11:12:33.240786,85.9598853868195,87.93289846141269,87.93289846141269,86.83887428625142,1.9730130745931973,0.8789888994319313
s20,run,s20_run,10000,2021-01-01 11:12:35.240786,85.47008547008548,86.9667828651842,86.9667828651842,86.8836422888779,1.496697395098721,1.413556818792415
s20,run,s20_run,11000,2021-01-01 11:12:37.240786,87.5912408759124,85.83222781630644,85.83222781630644,86.51564722347788,-1.7590130596059623,-1.0755936524345202
s20,run,s20_run,12000,2021-01-01 11:12:39.240786,90.36144578313252,90.52402782187978,90.52402782187978,87.91858043291855,0.16258203874726007,-2.442865350213978
s20,run,s20_run,13000,2021-01-01 11:12:41.240786,91.46341463414632,91.93928345838947,91.93928345838947,89.32582649183337,0.47586882424315036,-2.13758814231295
s20,run,s20_run,14000,2021-01-01 11:12:43.240786,90.36144578313252,89.74086888021266,89.74086888021266,89.47109132776612,-0.6205769029198649,-0.8903544553664062
s20,run,s20_run,15000,2021-01-01 11:12:45.240786,89.28571428571428,89.46657872860486,89.46657872860486,89.46951191805968,0.1808644428905808,0.18379763234540292
s20,run,s20_run,16000,2021-01-01 11:12:47.240786,88.23529411764706,90.01135626954708,90.01135626954708,89.65915744108027,1.776062151900021,1.4238633234332099
s20,run,s20_run,17000,2021-01-01 11:12:49.240786,88.75739644970413,89.30313241852467,89.30313241852467,89.5345486831858,0.5457359688205372,0.7771522334816723
s20,run,s20_run,18000,2021-01-01 11:12:51.240786,88.75739644970413,89.98404584747976,89.98404584747976,89.69187269068868,1.2266493977756312,0.9344762409845515
s20,run,s20_run,19000,2021-01-01 11:12:53.240786,89.02077151335311,89.39674099093041,89.39674099093041,89.58857659577329,0.3759694775772999,0.567805082420179
s20,run,s20_run,20000,2021-01-01 11:12:55.240786,89.28571428571428,88.77816775770997,88.77816775770997,89.30493350245112,-0.5075465280043119,0.019219216736843237
s20,run,s20_run,21000,2021-01-01 11:12:57.240786,89.28571428571428,88.38340281679436,88.38340281679436,88.98239776247125,-0.902311468919919,-0.3033165232430264
s20,run,s20_run,22000,2021-01-01 11:12:59.240786,89.02077151335311,89.18600722286398,89.18600722286398,89.05366107360871,0.16523570951086697,0.032889560255597416
s20,run,s20_run,23000,2021-01-01 11:13:01.240786,90.9090909090909,91.39578833184517,91.39578833184517,89.87340561399147,0.4866974227542613,-1.0356852950994409
s20,run,s20_run,24000,2021-01-01 11:13:03.240786,91.6030534351145,92.49636927326758,92.49636927326758,90.79144289473811,0.8933158381530717,-0.8116105403763925
s20,run,s20_run,25000,2021-01-01 11:13:05.240786,92.0245398773006,93.44491176497249,93.44491176497249,91.72015699932015,1.420371887671891,-0.3043828779804443
s20,run,s20_run,26000,2021-01-01 11:13:07.240786,92.0245398773006,92.9038565715915,92.9038565715915,92.13445184961512,0.8793166942909068,0.10991197231452077
s20,run,s20_run,27000,2021-01-01 11:13:09.240786,88.75739644970413,90.5205710570268,90.5205710570268,91.56959357220921,1.763174607322668,2.812197122505083
s20,run,s20_run,28000,2021-01-01 11:13:11.240786,85.83690987124464,87.67966053364219,87.67966053364219,90.20811700871076,1.842750662397549,4.371207137466115
s20,run,s20_run,29000,2021-01-01 11:13:13.240786,88.75739644970413,88.59604749746528,88.59604749746528,89.64389267977484,-0.16134895223885337,0.8864962300707049
s20,run,s20_run,30000,2021-01-01 11:13:15.240786,89.02077151335311,89.82967376802783,89.82967376802783,89.70891606066338,0.8089022546747202,0.688144547310273
s20,run,s20_run,31000,2021-01-01 11:13:17.240786,89.82035928143712,90.79705703865405,90.79705703865405,90.08976540296013,0.9766977572169253,0.269406121523005
s20,run,s20_run,32000,2021-01-01 11:13:19.240786,90.63444108761328,91.15477892400976,91.15477892400976,90.4625201353275,0.5203378363964788,-0.17192095228578808
s20,run,s20_run,33000,2021-01-01 11:13:21.240786,90.9090909090909,92.39823527025514,92.39823527025514,91.14002043255218,1.4891443611642359,0.2309295234612705
s20,run,s20_run,34000,2021-01-01 11:13:23.240786,91.46341463414632,92.16022589346983,92.16022589346983,91.49709234387336,0.6968112593235105,0.0336777097270442
s20,run,s20_run,35000,2021-01-01 11:13:25.240786,91.74311926605505,91.73695889176875,91.73695889176875,91.58104563563674,-0.006160374286295678,-0.16207363041830547
s20,run,s20_run,36000,2021-01-01 11:13:27.240786,93.02325581395348,91.39881962673114,91.39881962673114,91.51726653251978,-1.6244361872223436,-1.505989281433699
s20,run,s20_run,37000,2021-01-01 11:13:29.240786,92.0245398773006,92.42570565947257,92.42570565947257,91.83522022695325,0.4011657821719723,-0.18931965034734333
s20,run,s20_run,38000,2021-01-01 11:13:31.240786,92.0245398773006,91.46625539002963,91.46625539002963,91.70608253402999,-0.5582844872709671,-0.3184573432706088
s20,run,s20_run,39000,2021-01-01 11:13:33.240786,87.2093023255814,88.28762832902127,88.28762832902127,90.50962356227694,1.0783260034398694,3.300321236695538
s20,run,s20_run,40000,2021-01-01 11:13:35.240786,87.2093023255814,87.19148759837701,87.19148759837701,89.34827597491196,-0.017814727204395808,2.138973649330552
s20,run,s20_run,41000,2021-01-01 11:13:37.240786,87.2093023255814,86.45705492246063,86.45705492246063,88.336348606554,-0.7522474031207764,1.1270462809725927
s20,run,s20_run,42000,2021-01-01 11:13:39.240786,87.97653958944281,88.73127751119762,88.73127751119762,88.47457372317926,0.7547379217548098,0.49803413373645355
s20,run,s20_run,43000,2021-01-01 11:13:41.240786,87.97653958944281,88.08345305133707,88.08345305133707,88.33768148803449,0.10691346189426554,0.3611418985916828
s20,run,s20_run,44000,2021-01-01 11:13:43.240786,88.49557522123894,88.19021631843961,88.19021631843961,88.28606867867629,-0.30535890279932687,-0.2095065425626501
s20,run,s20_run,45000,2021-01-01 11:13:45.240786,89.82035928143712,89.10446336692812,89.10446336692812,88.57250681956442,-0.7158959145090051,-1.2478524618726965
s20,run,s20_run,46000,2021-01-01 11:13:47.240786,90.49773755656108,91.29689716481468,91.29689716481468,89.52604344040202,0.7991596082536034,-0.9716941161590569
s20,run,s20_run,47000,2021-01-01 11:13:49.240786,92.16589861751152,93.65167309972541,93.65167309972541,90.9700138211652,1.4857744822138983,-1.19588479634632
s20,run,s20_run,48000,2021-01-01 11:13:51.240786,92.16589861751152,93.63298845272799,93.63298845272799,91.90205494221217,1.4670898352164699,-0.2638436752993414
s20,run,s20_run,49000,2021-01-01 11:13:53.240786,93.89671361502349,92.56031879539353,92.56031879539353,92.13244729082564,-1.3363948196299589,-1.7642663241978482
s20,run,s20_run,50000,2021-01-01 11:13:55.240786,93.16770186335404,91.97034228571698,91.97034228571698,92.0757105390376,-1.1973595776370587,-1.0919913243164387
s20,run,s20_run,51000,2021-01-01 11:13:57.240786,94.6372239747634,91.46390156216893,91.46390156216893,91.86157739713357,-3.173322412594473,-2.7756465776298285
s20,run,s20_run,52000,2021-01-01 11:13:59.240786,94.6372239747634,93.31578310440548,93.31578310440548,92.37054939467873,-1.3214408703579181,-2.2666745800846684
s20,run,s20_run,53000,2021-01-01 11:14:01.240786,90.9090909090909,89.36880043024318,89.36880043024318,91.31993725712628,-1.540290478847723,0.4108463480353777
s20,run,s20_run,54000,2021-01-01 11:14:03.240786,83.68200836820084,83.30132526775596,83.30132526775596,88.51342306084666,-0.38068310044488385,4.831414692645822
s20,run,s20_run,55000,2021-01-01 11:14:05.240786,83.68200836820084,83.7151162284789,83.7151162284789,86.83401566951794,0.033107860278065004,3.1520073013170986
s20,run,s20_run,56000,2021-01-01 11:14:07.240786,86.33093525179856,87.86438997473053,87.86438997473053,87.19464667634234,1.533454722931964,0.86371142454378
s20,run,s20_run,57000,2021-01-01 11:14:09.240786,86.95652173913044,88.81509273935696,88.81509273935696,87.76180279839747,1.8585710002265188,0.8052810592670312
s20,run,s20_run,58000,2021-01-01 11:14:11.240786,89.82035928143712,90.69524268427215,90.69524268427215,88.78850675845361,0.8748834028350245,-1.0318525229835132
s20,run,s20_run,59000,2021-01-01 11:14:13.240786,89.28571428571428,88.92242971718689,88.92242971718689,88.83537979401025,-0.36328456852739066,-0.4503344917040266
s20,run,s20_run,60000,2021-01-01 11:14:15.240786,89.55223880597015,89.75428010476281,89.75428010476281,89.15699490277365,0.20204129879266475,-0.3952439031965014
s20,run,s20_run,61000,2021-01-01 11:14:17.240786,89.28571428571428,90.34399668904906,90.34399668904906,89.57244552797005,1.0582824033347862,0.28673124225576885
s20,run,s20_run,62000,2021-01-01 11:14:19.240786,89.02077151335311,87.65345198288715,87.65345198288715,88.90079778719104,-1.3673195304659629,-0.11997372616207258
s20,run,s20_run,63000,2021-01-01 11:14:21.240786,89.02077151335311,89.83405953652309,89.83405953652309,89.22743939945725,0.8132880231699744,0.20666788610414244
s20,run,s20_run,64000,2021-01-01 11:14:23.240786,92.3076923076923,91.14927493168068,91.14927493168068,89.90008183573545,-1.1584173760116272,-2.4076104719568576
s20,run,s20_run,65000,2021-01-01 11:14:25.240786,93.16770186335404,93.41142476425709,93.41142476425709,91.12905186071802,0.2437229009030517,-2.038650002636018
s20,run,s20_run,66000,2021-01-01 11:14:27.240786,93.45794392523364,93.46476330371272,93.46476330371272,91.94655086576617,0.006819378479079319,-1.5113930594674656
s20,run,s20_run,67000,2021-01-01 11:14:29.240786,93.45794392523364,93.13675183223751,93.13675183223751,92.36312120403113,-0.32119209299612805,-1.0948227212025046
s20,run,s20_run,68000,2021-01-01 11:14:31.240786,93.31259720062208,92.48012003885125,92.48012003885125,92.40407079621818,-0.8324771617708251,-0.9085264044039008
s20,run,s20_run,69000,2021-01-01 11:14:33.240786,92.87925696594426,92.3183500558765,92.3183500558765,92.3740685370986,-0.5609069100677715,-0.5051884288456705
s20,run,s20_run,70000,2021-01-01 11:14:35.240786,91.6030534351145,91.85259355685606,91.85259355685606,92.19155229401372,0.24954012174156048,0.5884988588992144
s20,run,s20_run,71000,2021-01-01 11:14:37.240786,90.9090909090909,90.79346090554338,90.79346090554338,91.70222030804909,-0.11563000354752262,0.793129398958186
s20,run,s20_run,72000,2021-01-01 11:14:39.240786,90.63444108761328,90.22599268925283,90.22599268925283,91.1855406414704,-0.40844839836044855,0.5510995538571137
s20,run,s20_run,73000,2021-01-01 11:14:41.240786,90.63444108761328,91.43939358415328,91.43939358415328,91.27438917140941,0.8049524965399968,0.6399480837961278
s20,run,s20_run,74000,2021-01-01 11:14:43.240786,93.75,95.4504219018126,95.4504219018126,92.73600062705052,1.7004219018126037,-1.0139993729494847
s20,run,s20_run,75000,2021-01-01 11:14:45.240786,93.75,97.12523457073607,97.12523457073607,94.27223250734045,3.375234570736069,0.5222325073404477
s20,run,s20_run,76000,2021-01-01 11:14:47.240786,93.75,92.47287206100485,92.47287206100485,93.64245635112299,-1.2771279389951502,-0.10754364887701229
s20,run,s20_run,77000,2021-01-01 11:14:49.240786,92.0245398773006,91.19564808123721,91.19564808123721,92.78607345666296,-0.8288917960633881,0.7615335793623643
s20,run,s20_run,78000,2021-01-01 11:14:51.240786,93.75,92.88551690843607,92.88551690843607,92.82087866478355,-0.8644830915639261,-0.9291213352164505
s20,run,s20_run,79000,2021-01-01 11:14:53.240786,93.16770186335404,92.52247232907604,92.52247232907604,92.71643644728591,-0.6452295342780019,-0.4512654160681251
s20,run,s20_run,80000,2021-01-01 11:14:55.240786,92.0245398773006,89.35987448266202,89.35987448266202,91.54163975966756,-2.6646653946385754,-0.48290011763303653
s20,run,s20_run,81000,2021-01-01 11:14:57.240786,85.22727272727273,85.0430229883629,85.0430229883629,89.26712388971093,-0.184249738909827,4.039851162438197
s20,run,s20_run,82000,2021-01-01 11:14:59.240786,82.07934336525308,82.26816923919672,82.26816923919672,86.81748976203096,0.18882587394364236,4.7381463967778785
s20,run,s20_run,83000,2021-01-01 11:15:01.240786,82.07934336525308,82.74813547921283,82.74813547921283,85.39321576304461,0.6687921139597535,3.3138723977915276
s20,run,s20_run,84000,2021-01-01 11:15:03.240786,90.36144578313252,90.85691826787613,90.85691826787613,87.30551163973564,0.49547248474360117,-3.0559341433968825
s20,run,s20_run,85000,2021-01-01 11:15:05.240786,91.74311926605505,91.30338126336765,91.30338126336765,88.70476600800684,-0.4397380026873918,-3.038353258048204
s20,run,s20_run,86000,2021-01-01 11:15:07.240786,91.74311926605505,92.9770648615742,92.9770648615742,90.20007060675542,1.2339455955191596,-1.5430486592996289
s20,run,s20_run,87000,2021-01-01 11:15:09.240786,91.324200913242,91.83367490270078,91.83367490270078,90.7718321103363,0.5094739894587832,-0.5523688029056899
s20,run,s20_run,88000,2021-01-01 11:15:11.240786,91.74311926605505,91.27928902094821,91.27928902094821,90.94944202905047,-0.4638302451068341,-0.793677237004573
s20,run,s20_run,89000,2021-01-01 11:15:13.240786,92.0245398773006,93.22699997947652,93.22699997947652,91.74658731169959,1.2024601021759196,-0.2779525656010122
s20,run,s20_run,90000,2021-01-01 11:15:15.240786,95.54140127388536,97.14255947650024,97.14255947650024,93.6351775693798,1.601158202614883,-1.9062237045055497
s20,run,s20_run,91000,2021-01-01 11:15:17.240786,95.54140127388536,96.81826122367775,96.81826122367775,94.74925684838408,1.2768599497923958,-0.7921444255012773
s20,run,s20_run,92000,2021-01-01 11:15:19.240786,87.2093023255814,90.60831422575774,90.60831422575774,93.29992693046486,3.3990119001763333,6.090624604883459
s20,run,s20_run,93000,2021-01-01 11:15:21.240786,82.87292817679558,84.20717384403898,84.20717384403898,90.1174633502158,1.334245667243394,7.244535173420218
s20,run,s20_run,94000,2021-01-01 11:15:23.240786,82.87292817679558,85.64100317186637,85.64100317186637,88.5507022877935,2.7680749950707906,5.677774110997916
s20,run,s20_run,95000,2021-01-01 11:15:25.240786,89.82035928143712,89.23166461590218,89.23166461590218,88.78903910263153,-0.5886946655349448,-1.0313201788055864
s20,run,s20_run,96000,2021-01-01 11:15:27.240786,90.36144578313252,90.52285275108089,90.52285275108089,89.3958738795888,0.1614069679483663,-0.9655719035437187
s20,run,s20_run,97000,2021-01-01 11:15:29.240786,87.08272859216255,85.92231111176378,85.92231111176378,88.18012691085005,-1.1604174803987775,1.097398318687496
s20,run,s20_run,98000,2021-01-01 11:15:31.240786,83.56545961002786,83.39311876479283,83.39311876479283,86.50467405973002,-0.17234084523502702,2.9392144497021633
s20,run,s20_run,99000,2021-01-01 11:15:33.240786,83.56545961002786,83.09457527616675,83.09457527616675,85.31113948548287,-0.4708843338611075,1.7456798754550107
s20,run,s20_run,100000,2021-01-01 11:15:35.240786,86.95652173913044,87.15438024196573,87.15438024196573,85.95627375025187,0.19785850283528816,-1.00024798887857
s20,run,s20_run,101000,2021-01-01 11:15:37.240786,90.9090909090909,90.50851467403534,90.50851467403534,87.54955807357608,-0.40057623505556705,-3.359532835514827
s20,run,s20_run,102000,2021-01-01 11:15:39.240786,92.87925696594426,90.553830104175,90.553830104175,88.6010532842857,-2.325426861769259,-4.278203681658567
s20,run,s20_run,103000,2021-01-01 11:15:41.240786,93.75,92.18198238951005,92.18198238951005,89.85437847111422,-1.568017610489946,-3.8956215288857834
s20,run,s20_run,104000,2021-01-01 11:15:43.240786,94.33962264150944,90.8882852332951,90.8882852332951,90.21624583787752,-3.451337408214343,-4.123376803631913
s20,run,s20_run,105000,2021-01-01 11:15:45.240786,95.69377990430624,95.79233921722509,95.79233921722509,92.16787852064917,0.09855931291885156,-3.5259013836570716
s20,run,s20_run,106000,2021-01-01 11:15:47.240786,96.93053311793214,95.24554763814885,95.24554763814885,93.24506271177405,-1.6849854797832933,-3.685470406158089
s20,run,s20_run,107000,2021-01-01 11:15:49.240786,96.15384615384616,94.08175187477607,94.08175187477607,93.53790391882475,-2.072094279070086,-2.615942235021407
s20,run,s20_run,108000,2021-01-01 11:15:51.240786,90.36144578313252,89.09017908789535,89.09017908789535,91.98120022799947,-1.2712666952371734,1.6197544448669419
s20,run,s20_run,109000,2021-01-01 11:15:53.240786,89.02077151335311,87.10766018946481,87.10766018946481,90.27546121451233,-1.9131113238883017,1.2546897011592222
s20,run,s20_run,110000,2021-01-01 11:15:55.240786,89.02077151335311,87.52403472922654,87.52403472922654,89.3124619446623,-1.4967367841265684,0.2916904313091919
s20,run,s20_run,111000,2021-01-01 11:15:57.240786,93.16770186335404,91.88320815181602,91.88320815181602,90.2122231171661,-1.284493711538019,-2.9554787461879357
s20,run,s20_run,112000,2021-01-01 11:15:59.240786,93.16770186335404,94.00457680025312,94.00457680025312,91.53954690624656,0.8368749368990791,-1.6281549571074834
s20,run,s20_run,113000,2021-01-01 11:16:01.240786,93.16770186335404,90.32200409401003,90.32200409401003,91.11340692196377,-2.8456977693440138,-2.0542949413902676
s20,run,s20_run,114000,2021-01-01 11:16:03.240786,85.34850640113798,86.34544549610665,86.34544549610665,89.44462042291377,0.996939094968667,4.09611402177579
s20,run,s20_run,115000,2021-01-01 11:16:05.240786,82.75862068965517,83.10218879271592,83.10218879271592,87.22476935234452,0.3435681030607469,4.466148662689349
s20,run,s20_run,116000,2021-01-01 11:16:07.240786,83.79888268156425,85.6142913487823,85.6142913487823,86.66110205109774,1.8154086672180512,2.8622193695334914
s20,run,s20_run,117000,2021-01-01 11:16:09.240787,94.6372239747634,91.17297002147282,91.17297002147282,88.24025584072902,-3.46425395329058,-6.396968134034381
s20,run,s20_run,118000,2021-01-01 11:16:11.240787,94.9367088607595,93.18370274130686,93.18370274130686,89.97046225593127,-1.7530061194526354,-4.966246604828228
s20,run,s20_run,119000,2021-01-01 11:16:13.240787,95.23809523809524,95.59497828077764,95.59497828077764,91.9390428646275,0.3568830426823979,-3.2990523734677453
s20,run,s20_run,120000,2021-01-01 11:16:15.240787,94.7867298578199,93.54752248162652,93.54752248162652,92.50201073057715,-1.2392073761933915,-2.2847191272427523
s20,run,s20_run,121000,2021-01-01 11:16:17.240787,90.36144578313252,92.52754231666448,92.52754231666448,92.51094678570772,2.166096533531956,2.1495010025751924
s20,run,s20_run,122000,2021-01-01 11:16:19.240787,90.36144578313252,90.87966005378321,90.87966005378321,91.93999642953413,0.518214270650688,1.5785506464016095
s20,run,s20_run,123000,2021-01-01 11:16:21.240787,92.3076923076923,91.64400055616578,91.64400055616578,91.83639787385522,-0.6636917515265282,-0.47129443383708747
s20,run,s20_run,124000,2021-01-01 11:16:23.240787,95.84664536741214,94.519374505727,94.519374505727,92.77543969501033,-1.327270861685136,-3.0712056724018026
s20,run,s20_run,125000,2021-01-01 11:16:25.240787,96.4630225080386,96.79256030005511,96.79256030005511,94.181431906776,0.32953779201650946,-2.2815906012626073
s20,run,s20_run,126000,2021-01-01 11:16:27.240787,96.4630225080386,97.41335272515386,97.41335272515386,95.31260419320824,0.9503302171152512,-1.150418314830361
s20,run,s20_run,127000,2021-01-01 11:16:29.240787,84.26966292134831,92.90376317713532,92.90376317713532,94.46950983758272,8.634100255787004,10.199846916234407
s20,run,s20_run,128000,2021-01-01 11:16:31.240787,84.26966292134831,88.5574387696883,88.5574387696883,92.40028496381967,4.28777584833999,8.130622042471359
s20,run,s20_run,129000,2021-01-01 11:16:33.240787,90.09009009009009,86.06946080781685,86.06946080781685,90.18449650921869,-4.020629282273234,0.09440641912860315
s20,run,s20_run,130000,2021-01-01 11:16:35.240787,90.9090909090909,90.53605766871212,90.53605766871212,90.3075429150414,-0.3730332403787884,-0.6015479940495112
s20,run,s20_run,131000,2021-01-01 11:16:37.240787,90.9090909090909,90.76860392767587,90.76860392767587,90.46891426946347,-0.14048698141503735,-0.44017663962743825
s20,run,s20_run,132000,2021-01-01 11:16:39.240787,91.46341463414632,90.62111084708532,90.62111084708532,90.52218307163112,-0.8423037870609988,-0.941231562515199
s20,run,s20_run,133000,2021-01-01 11:16:41.240787,92.3076923076923,93.49348448573467,93.49348448573467,91.56213856656736,1.1857921780423624,-0.7455537411249509
s20,run,s20_run,134000,2021-01-01 11:16:43.240787,97.5609756097561,95.2799108678299,95.2799108678299,92.86335887200926,-2.281064741926201,-4.697616737746841
s20,run,s20_run,135000,2021-01-01 11:16:45.240787,97.5609756097561,98.3078282917286,98.3078282917286,94.76892316891102,0.7468526819724985,-2.792052440845083
s20,run,s20_run,136000,2021-01-01 11:16:47.240787,96.15384615384616,97.3184101297009,97.3184101297009,95.66124360518748,1.1645639758547333,-0.4926025486586809
s20,run,s20_run,137000,2021-01-01 11:16:49.240787,95.84664536741214,96.01067986792471,96.01067986792471,95.7835462971455,0.16403450051257096,-0.06309907026663097
s20,run,s20_run,138000,2021-01-01 11:16:51.240787,95.23809523809524,93.99338940551863,93.99338940551863,95.15699138507611,-1.2447058325766136,-0.0811038530191297
s20,run,s20_run,139000,2021-01-01 11:16:53.240787,95.08716323296356,93.41191943624712,93.41191943624712,94.54621620298596,-1.675243796716444,-0.5409470299776018
s20,run,s20_run,140000,2021-01-01 11:16:55.240787,95.54140127388536,93.60336523011259,93.60336523011259,94.21621836248028,-1.9380360437727688,-1.3251829114050793
s20,run,s20_run,141000,2021-01-01 11:16:57.240787,96.30818619582664,93.44084094058194,93.44084094058194,93.94483626481585,-2.8673452552447003,-2.363349931010788
s20,run,s20_run,142000,2021-01-01 11:16:59.240787,95.84664536741214,91.98452945356678,91.98452945356678,93.25872888087868,-3.862115913845358,-2.5879164865334587
s20,run,s20_run,143000,2021-01-01 11:17:01.240787,91.46341463414632,90.41062577998571,90.41062577998571,92.26189279556614,-1.0527888541606103,0.7984781614198226
s20,run,s20_run,144000,2021-01-01 11:17:03.240787,88.75739644970413,89.57404090152961,89.57404090152961,91.32114463265336,0.8166444518254821,2.563748182949226
s20,run,s20_run,145000,2021-01-01 11:17:05.240787,89.55223880597015,90.76968696325939,90.76968696325939,91.12813444836547,1.2174481572892404,1.5758956423953236
s20,run,s20_run,146000,2021-01-01 11:17:07.240787,92.0245398773006,92.4542605055194,92.4542605055194,91.59227856836935,0.42972062821880286,-0.4322613089312455
s20,run,s20_run,147000,2021-01-01 11:17:09.240787,92.0245398773006,90.86358074798609,90.86358074798609,91.33723433123521,-1.1609591293145058,-0.6873055460653887
s20,run,s20_run,148000,2021-01-01 11:17:11.240787,90.9090909090909,87.24616926202131,87.24616926202131,89.90536155701034,-3.662921647069595,-1.003729352080569
s20,run,s20_run,149000,2021-01-01 11:17:13.240787,91.74311926605505,87.57110519783865,87.57110519783865,89.08837183130025,-4.172014068216399,-2.654747434754796
s20,run,s20_run,150000,2021-01-01 11:17:15.240787,91.74311926605505,90.03919486148563,90.03919486148563,89.42115989186513,-1.7039244045694204,-2.321959374189916
s20,run,s20_run,151000,2021-01-01 11:17:17.240787,91.74311926605505,91.32319622042998,91.32319622042998,90.08687260686283,-0.4199230456250689,-1.6562466591922202
s20,run,s20_run,152000,2021-01-01 11:17:19.240787,91.74311926605505,90.93152478292602,90.93152478292602,90.38250086848494,-0.8115944831290278,-1.3606183975701072
s20,run,s20_run,153000,2021-01-01 11:17:21.240787,89.82035928143712,91.17963504322684,91.17963504322684,90.6614978296446,1.3592757617897178,0.841138548207482
s20,run,s20_run,154000,2021-01-01 11:17:23.240787,88.23529411764706,89.00551216130542,89.00551216130542,90.08190284572589,0.7702180436583603,1.8466087280788344
s20,run,s20_run,155000,2021-01-01 11:17:25.240787,89.02077151335311,88.58634609189583,88.58634609189583,89.55845798188537,-0.43442542145727714,0.5376864685322573
s20,run,s20_run,156000,2021-01-01 11:17:27.240787,90.09009009009009,89.09266137049678,89.09266137049678,89.39542916789937,-0.9974287195933016,-0.694660922190721
s20,run,s20_run,157000,2021-01-01 11:17:29.240787,90.09009009009009,90.03250383375774,90.03250383375774,89.6184053009498,-0.0575862563323426,-0.47168478914028356
s20,run,s20_run,158000,2021-01-01 11:17:31.240787,90.09009009009009,90.96979581605834,90.96979581605834,90.09139198123779,0.8797057259682504,0.0013018911477047368
s20,run,s20_run,159000,2021-01-01 11:17:33.240787,89.55223880597015,90.29462959972375,90.29462959972375,90.16252514770788,0.7423907937536001,0.6102863417377336
s20,run,s20_run,160000,2021-01-01 11:17:35.240787,88.75739644970413,89.47181509400806,89.47181509400806,89.92077662891295,0.7144186443039331,1.163380179208815
s20,run,s20_run,161000,2021-01-01 11:17:37.240787,89.02077151335311,90.01160139788081,90.01160139788081,89.9525652980517,0.9908298845276988,0.9317937846985842
s20,run,s20_run,162000,2021-01-01 11:17:39.240787,89.55223880597015,91.22287714791418,91.22287714791418,90.39717444550357,1.6706383419440272,0.8449356395334178
s20,run,s20_run,163000,2021-01-01 11:17:41.240787,89.55223880597015,90.20715575010284,90.20715575010284,90.3306679021133,0.6549169441326939,0.7784290961431566
s20,run,s20_run,164000,2021-01-01 11:17:43.240787,90.49773755656108,89.60745042430892,89.60745042430892,90.07754178488177,-0.8902871322521548,-0.4201957716793032
s20,run,s20_run,165000,2021-01-01 11:17:45.240787,85.9598853868195,85.3221184331604,85.3221184331604,88.41314361177929,-0.6377669536590957,2.4532582249597965
s20,run,s20_run,166000,2021-01-01 11:17:47.240787,84.38818565400844,83.66630317378588,83.66630317378588,86.7517494584816,-0.7218824802225612,2.3635638044731593
s20,run,s20_run,167000,2021-01-01 11:17:49.240787,86.58008658008657,84.97338604841205,84.97338604841205,86.12932226495725,-1.6067005316745195,-0.45076431512931947
s20,run,s20_run,168000,2021-01-01 11:17:51.240787,89.55223880597015,87.78710774048375,87.78710774048375,86.70954718139153,-1.7651310654864005,-2.8426916245786202
s20,run,s20_run,169000,2021-01-01 11:17:53.240787,91.1854103343465,90.02586930975163,90.02586930975163,87.87025992631756,-1.1595410245948727,-3.3151504080289413
s20,run,s20_run,170000,2021-01-01 11:17:55.240787,91.46341463414632,88.80972282911942,88.80972282911942,88.19907194229822,-2.653691805026895,-3.2643426918480998
s20,run,s20_run,171000,2021-01-01 11:17:57.240787,87.97653958944281,87.23213079878965,87.23213079878965,87.86064254207022,-0.7444087906531536,-0.11589704737258444
s20,run,s20_run,172000,2021-01-01 11:17:59.240787,87.97653958944281,87.31348887379637,87.31348887379637,87.66913875817437,-0.6630507156464347,-0.3074008312684384
s20,run,s20_run,173000,2021-01-01 11:18:01.240787,92.5925925925926,87.79984832099086,87.79984832099086,87.71488710516014,-4.792744271601734,-4.877705487432451
s20,run,s20_run,174000,2021-01-01 11:18:03.240787,93.75,91.18027790204101,91.18027790204101,88.92777388406844,-2.569722097958987,-4.8222261159315565
s20,run,s20_run,175000,2021-01-01 11:18:05.240787,93.75,91.95874167177666,91.95874167177666,89.98861260976632,-1.7912583282233356,-3.761387390233679
s20,run,s20_run,176000,2021-01-01 11:18:07.240787,89.55223880597015,91.37387838056075,91.37387838056075,90.47345562954438,1.8216395745906055,0.9212168235742269
s20,run,s20_run,177000,2021-01-01 11:18:09.240787,88.49557522123894,88.48048296728943,88.48048296728943,89.77591519775514,-0.015092253949504197,1.2803399765162027
s20,run,s20_run,178000,2021-01-01 11:18:11.240787,88.49557522123894,89.84454778803827,89.84454778803827,89.79993660435423,1.3489725667993326,1.3043613831152925
s20,run,s20_run,179000,2021-01-01 11:18:13.240787,89.55223880597015,90.64931785104046,90.64931785104046,90.09722004069441,1.0970790450703163,0.5449812347242613
s20,run,s20_run,180000,2021-01-01 11:18:15.240787,91.1854103343465,92.48479642949752,92.48479642949752,90.9328717767755,1.2993860951510214,-0.2525385575710004
s20,run,s20_run,181000,2021-01-01 11:18:17.240787,91.04704097116844,91.15422830269989,91.15422830269989,91.01034656084904,0.1071873315314491,-0.036694410319398685
s20,run,s20_run,182000,2021-01-01 11:18:19.240787,90.9090909090909,91.53286498620065,91.53286498620065,91.1932280097221,0.6237740771097435,0.2841371006311988
s20,run,s20_run,183000,2021-01-01 11:18:21.240787,90.63444108761328,90.39219410698324,90.39219410698324,90.91286614376351,-0.24224698063004269,0.27842505615022617
s20,run,s20_run,184000,2021-01-01 11:18:23.240787,90.9090909090909,89.99205724003535,89.99205724003535,90.59058302745865,-0.9170336690555558,-0.3185078816322573
s20,run,s20_run,185000,2021-01-01 11:18:25.240787,90.63444108761328,90.65727235032367,90.65727235032367,90.61392429046141,0.02283126271038327,-0.02051679715187049
s20,run,s20_run,186000,2021-01-01 11:18:27.240787,90.36144578313252,89.79723990449564,89.79723990449564,90.3280847553734,-0.5642058786368835,-0.03336102775912764
s20,run,s20_run,187000,2021-01-01 11:18:29.240787,90.36144578313252,90.1360630240727,90.1360630240727,90.26087714941815,-0.2253827590598263,-0.1005686337143743
s20,run,s20_run,188000,2021-01-01 11:18:31.240787,88.75739644970413,89.20247999035712,89.20247999035712,89.89043814374679,0.4450835406529876,1.1330416940426602
s20,run,s20_run,189000,2021-01-01 11:18:33.240787,88.75739644970413,89.60851311577801,89.60851311577801,89.79176438395771,0.851116666073878,1.0343679342535808
s20,run,s20_run,190000,2021-01-01 11:18:35.240787,90.63444108761328,90.93945252906205,90.93945252906205,90.19345523474423,0.30501144144876946,-0.4409858528690478
s20,run,s20_run,191000,2021-01-01 11:18:37.240787,93.16770186335404,91.4318620327446,91.4318620327446,90.62689761404437,-1.7358398306094358,-2.540804249309673
s20,run,s20_run,192000,2021-01-01 11:18:39.240787,94.9367088607595,92.1529271999176,92.1529271999176,91.1610079691,-2.783781660841896,-3.775700891659497
s20,run,s20_run,193000,2021-01-01 11:18:41.240787,94.9367088607595,102.30421017696537,102.30421017696537,95.06112874185288,7.367501316205875,0.12441988109338808
s20,run,s20_run,194000,2021-01-01 11:18:43.240787,94.9367088607595,92.99539134099719,92.99539134099719,94.3381206515534,-1.9413175197623076,-0.598588209206099
s20,run,s20_run,195000,2021-01-01 11:18:45.240787,94.6372239747634,93.02339185750235,93.02339185750235,93.87796557363552,-1.6138321172610546,-0.7592584011278802
s20,run,s20_run,196000,2021-01-01 11:18:47.240787,92.3076923076923,91.86444078104485,91.86444078104485,93.17323189622878,-0.44325152664745815,0.8655395885364783
s20,run,s20_run,197000,2021-01-01 11:18:49.240787,92.7357032457496,92.0647748401723,92.0647748401723,92.78527192660901,-0.6709284055772997,0.04956868085940869
s20,run,s20_run,198000,2021-01-01 11:18:51.240787,93.16770186335404,92.52120106627589,92.52120106627589,92.69284712549242,-0.6465007970781471,-0.47485473786161947
s20,run,s20_run,199000,2021-01-01 11:18:53.240787,93.16770186335404,91.42405761125772,91.42405761125772,92.24877079551027,-1.743644252096317,-0.9189310678437721
s20,run,s20_run,200000,2021-01-01 11:18:55.240787,85.71428571428572,91.47943591497064,91.47943591497064,91.9795035873214,5.765150200684914,6.265217873035681
s20,run,s20_run,201000,2021-01-01 11:18:57.240787,84.50704225352113,84.9224395579999,84.9224395579999,89.50953117705888,0.4153973044787591,5.00248892353774
s20,run,s20_run,202000,2021-01-01 11:18:59.240787,85.22727272727273,85.31420512049463,85.31420512049463,88.04116705726139,0.08693239322190038,2.8138943299886563
s20,run,s20_run,203000,2021-01-01 11:19:01.240787,92.0245398773006,88.33010842226703,88.33010842226703,88.14229653501337,-3.694431455033566,-3.882243342287225
s20,run,s20_run,204000,2021-01-01 11:19:03.240787,93.16770186335404,90.92467861082692,90.92467861082692,89.11613026154811,-2.2430232525271236,-4.051571601805932
s20,run,s20_run,205000,2021-01-01 11:19:05.240787,93.16770186335404,92.37665927515751,92.37665927515751,90.2573154163114,-0.7910425881965324,-2.91038644704264
s20,run,s20_run,206000,2021-01-01 11:19:07.240787,94.48818897637796,92.74045101843998,92.74045101843998,91.1264128770564,-1.7477379579379715,-3.3617760993215597
s20,run,s20_run,207000,2021-01-01 11:19:09.240787,94.9367088607595,93.49176902721044,93.49176902721044,91.95428752961031,-1.444939833549057,-2.982421331149183
s20,run,s20_run,208000,2021-01-01 11:19:11.240787,95.54140127388536,94.2305718809943,94.2305718809943,92.75098705259471,-1.3108293928910513,-2.7904142212906464
s20,run,s20_run,209000,2021-01-01 11:19:13.240787,95.84664536741214,96.73385877774018,96.73385877774018,94.14499215639563,0.8872134103280445,-1.701653211016506
s20,run,s20_run,210000,2021-01-01 11:19:15.240787,96.30818619582664,95.38085683109833,95.38085683109833,94.57754479254157,-0.9273293647283083,-1.7306414032850626
s20,run,s20_run,211000,2021-01-01 11:19:17.240787,96.15384615384616,92.02100314638098,92.02100314638098,93.68275521638537,-4.132843007465183,-2.4710909374607866
s20,run,s20_run,212000,2021-01-01 11:19:19.240787,95.08716323296356,93.3839333714391,93.3839333714391,93.57816757065417,-1.7032298615244628,-1.5089956623093883
s20,run,s20_run,213000,2021-01-01 11:19:21.240787,93.16770186335404,91.94506191209177,91.94506191209177,93.00658059015734,-1.2226399512622663,-0.16112127319669867
s20,run,s20_run,214000,2021-01-01 11:19:23.240787,87.46355685131196,88.33832898404822,88.33832898404822,91.37269252801914,0.8747721327362541,3.90913567670718
s20,run,s20_run,215000,2021-01-01 11:19:25.240787,87.71929824561403,88.50208403319758,88.50208403319758,90.36797955483159,0.7827857875835491,2.648681309217565
s20,run,s20_run,216000,2021-01-01 11:19:27.240787,92.5925925925926,89.4831538610845,89.4831538610845,90.05829056202012,-3.1094387315080922,-2.5343020305724764
s20,run,s20_run,217000,2021-01-01 11:19:29.240787,93.603744149766,90.73350537620031,90.73350537620031,90.29461574698318,-2.8702387735656885,-3.309128402782818
s20,run,s20_run,218000,2021-01-01 11:19:31.240787,93.603744149766,90.61143729942762,90.61143729942762,90.40550329033874,-2.9923068503383803,-3.1982408594272584
s20,run,s20_run,219000,2021-01-01 11:19:33.240787,88.49557522123894,88.36533582349593,88.36533582349593,89.69144467694376,-0.1302393977430114,1.1958694557048233
s20,run,s20_run,220000,2021-01-01 11:19:35.240787,88.49557522123894,88.49087524248826,88.49087524248826,89.27124537488433,-0.004699978750679179,0.7756701536453932
s20,run,s20_run,221000,2021-01-01 11:19:37.240787,90.36144578313252,89.02787815684857,89.02787815684857,89.18606684857181,-1.3335676262839513,-1.1753789345607117
s20,run,s20_run,222000,2021-01-01 11:19:39.240787,94.9367088607595,90.79959111532632,90.79959111532632,89.75080034193589,-4.137117745433173,-5.185908518823609
s20,run,s20_run,223000,2021-01-01 11:19:41.240787,94.9367088607595,92.32752770732988,92.32752770732988,90.65265491982379,-2.609181153429617,-4.284053940935706
s20,run,s20_run,224000,2021-01-01 11:19:43.240787,93.45794392523364,91.4201423335377,91.4201423335377,90.92127551462366,-2.0378015916959384,-2.536668410609977
s20,run,s20_run,225000,2021-01-01 11:19:45.240787,91.74311926605505,89.38181968483502,89.38181968483502,90.38246597419764,-2.361299581220024,-1.3606532918574032
s20,run,s20_run,226000,2021-01-01 11:19:47.240787,95.69377990430624,90.56496234836233,90.56496234836233,90.44633970515528,-5.128817555943911,-5.247440199150958
s20,run,s20_run,227000,2021-01-01 11:19:49.240787,96.30818619582664,97.13392213748801,97.13392213748801,92.78699355647174,0.8257359416613781,-3.5211926393548936
s20,run,s20_run,228000,2021-01-01 11:19:51.240787,96.30818619582664,95.46314819039436,95.46314819039436,93.72364767834466,-0.8450380054322721,-2.584538517481974
s20,run,s20_run,229000,2021-01-01 11:19:53.240787,94.19152276295134,93.5372327850108,93.5372327850108,93.65840246567781,-0.654289977940536,-0.5331202972735269
s20,run,s20_run,230000,2021-01-01 11:19:55.240787,93.75,90.35998997318006,90.35998997318006,92.5039580933036,-3.3900100268199367,-1.246041906696405
s20,run,s20_run,231000,2021-01-01 11:19:57.240787,94.7867298578199,91.61902752013066,91.61902752013066,92.19423239269307,-3.1677023376892492,-2.59249746512684
s20,run,s20_run,232000,2021-01-01 11:19:59.240787,98.84678747940691,94.67745263696858,94.67745263696858,93.0633594781895,-4.169334842438332,-5.783428001217416
s20,run,s20_run,233000,2021-01-01 11:20:01.240787,98.84678747940691,96.42628032323181,96.42628032323181,94.24038177395431,-2.4205071561751055,-4.606405705452602
s20,run,s20_run,234000,2021-01-01 11:20:03.240787,97.4025974025974,96.18116894727866,96.18116894727866,94.91965728461784,-1.2214284553187298,-2.4829401179795525
s20,run,s20_run,235000,2021-01-01 11:20:05.240787,91.74311926605505,90.09486334486702,90.09486334486702,93.23097940570506,-1.6482559211880243,1.4878601396500102
s20,run,s20_run,236000,2021-01-01 11:20:07.240787,91.74311926605505,90.22095169410272,90.22095169410272,92.17746970664425,-1.5221675719523233,0.43435044058919914
s20,run,s20_run,237000,2021-01-01 11:20:09.240787,96.0,96.72510750583365,96.72510750583365,93.76914293636054,0.7251075058336482,-2.230857063639462
s20,run,s20_run,238000,2021-01-01 11:20:11.240787,96.4630225080386,97.31275446407169,97.31275446407169,95.00940697105943,0.8497319560330823,-1.4536155369791715
s20,run,s20_run,239000,2021-01-01 11:20:13.240787,96.4630225080386,91.2053186776703,91.2053186776703,93.67797606837324,-5.2577038303683,-2.785046439665365
s20,run,s20_run,240000,2021-01-01 11:20:15.240787,92.0245398773006,90.10941500558673,90.10941500558673,92.42897969639796,-1.9151248717138714,0.4044398190973624
s20,run,s20_run,241000,2021-01-01 11:20:17.240787,93.16770186335404,88.253651900397,88.253651900397,90.96761496779763,-4.914049962957037,-2.20008689555641
s20,run,s20_run,242000,2021-01-01 11:20:19.240787,94.6372239747634,90.26646903497245,90.26646903497245,90.72221389130881,-4.370754939790956,-3.9150100834545896
s20,run,s20_run,243000,2021-01-01 11:20:21.240787,96.61835748792272,94.7298613704741,94.7298613704741,92.12489050901667,-1.888496117448625,-4.493466978906056
s20,run,s20_run,244000,2021-01-01 11:20:23.240787,96.61835748792272,96.22323206237508,96.22323206237508,93.5593100526921,-0.39512542554764707,-3.0590474352306245
s20,sit,s20_sit,0,2021-01-01 11:33:56.649898,69.68641114982579,70.52179836775068,70.52179836775068,70.52179836775068,0.8353872179248896,0.8353872179248896
s20,sit,s20_sit,1000,2021-01-01 11:33:58.649898,69.60556844547564,71.20445838345583,71.20445838345583,70.76072937324747,1.5988899379801893,1.1551609277718313
s20,sit,s20_sit,2000,2021-01-01 11:34:00.649898,69.44444444444444,68.97993176634085,68.97993176634085,70.13745021083015,-0.46451267810358843,0.6930057663857099
s20,sit,s20_sit,3000,2021-01-01 11:34:02.649898,69.36416184971098,68.94728423258331,68.94728423258331,69.72089211844376,-0.4168776171276676,0.35673026873277536
s20,sit,s20_sit,4000,2021-01-01 11:34:04.649898,70.58823529411765,69.36045678955179,69.36045678955179,69.59473975333157,-1.2277785045658618,-0.9934955407860855
s20,sit,s20_sit,5000,2021-01-01 11:34:06.649898,81.52173913043478,75.20289265506439,75.20289265506439,71.55759326893806,-6.318846475370393,-9.964145861496718
s20,sit,s20_sit,6000,2021-01-01 11:34:08.649898,82.19178082191782,81.5191715468605,81.5191715468605,75.04414566621091,-0.6726092750573116,-7.147635155706908
s20,sit,s20_sit,7000,2021-01-01 11:34:10.649898,81.85538881309687,81.43667054148514,81.43667054148514,77.28152937255689,-0.4187182716117235,-4.573859440539977
s20,sit,s20_sit,8000,2021-01-01 11:34:12.649898,79.57559681697613,78.8714185756455,78.8714185756455,77.83799059363791,-0.7041782413306237,-1.7376062233382186
s20,sit,s20_sit,9000,2021-01-01 11:34:14.649898,79.57559681697613,79.19805279341932,79.19805279341932,78.3140123635614,-0.3775440235568084,-1.2615844534147271
s20,sit,s20_sit,10000,2021-01-01 11:34:16.649898,78.94736842105263,79.37937988932818,79.37937988932818,78.68689099757978,0.4320114682755474,-0.2604774234728495
s20,sit,s20_sit,11000,2021-01-01 11:34:18.649898,78.32898172323759,77.97099652160128,77.97099652160128,78.4363279309873,-0.35798520163631053,0.10734620774971404
s20,sit,s20_sit,12000,2021-01-01 11:34:20.649898,73.71007371007371,75.29046404216699,75.29046404216699,77.33527556990019,1.5803903320932733,3.6252018598264755
s20,sit,s20_sit,13000,2021-01-01 11:34:22.649898,71.25890736342043,72.07752045623516,72.07752045623516,75.49506128011743,0.8186130928147293,4.236153916696992
s20,sit,s20_sit,14000,2021-01-01 11:34:24.649898,71.25890736342043,72.37214712524272,72.37214712524272,74.40204132591128,1.1132397618222853,3.1431339624908503
s20,sit,s20_sit,15000,2021-01-01 11:34:26.649898,78.43137254901961,76.36560764233985,76.36560764233985,75.08928953666128,-2.0657649066797603,-3.34208301235833
s20,sit,s20_sit,16000,2021-01-01 11:34:28.649898,80.64516129032258,80.1607222797105,80.1607222797105,76.8642909967285,-0.4844390106120784,-3.7808702935940772
s20,sit,s20_sit,17000,2021-01-01 11:34:30.649898,80.21390374331551,79.76499532295026,79.76499532295026,77.87953751090612,-0.4489084203652567,-2.334366232409394
s20,sit,s20_sit,18000,2021-01-01 11:34:32.649898,80.0,79.13564447695923,79.13564447695923,78.3191749490247,-0.8643555230407713,-1.6808250509753009
s20,sit,s20_sit,19000,2021-01-01 11:34:34.649898,80.0,78.56490750148778,78.56490750148778,78.40518134238678,-1.435092498512219,-1.5948186576132173
s20,sit,s20_sit,20000,2021-01-01 11:34:36.649898,83.79888268156425,84.31971359722952,84.31971359722952,80.47526763158174,0.5208309156652717,-3.3236150499825072
s20,sit,s20_sit,21000,2021-01-01 11:34:38.649898,85.83690987124464,86.51443322375422,86.51443322375422,82.58897558884212,0.6775233525095814,-3.2479342824025252
s20,sit,s20_sit,22000,2021-01-01 11:34:40.649898,85.47008547008548,86.57654976253548,86.57654976253548,83.9846265496348,1.1064642924499992,-1.4854589204506823
s20,sit,s20_sit,23000,2021-01-01 11:34:42.649898,85.1063829787234,84.87011099441942,84.87011099441942,84.29454610530942,-0.23627198430398266,-0.8118368734139807
s20,sit,s20_sit,24000,2021-01-01 11:34:44.649898,81.63265306122449,82.0945091729485,82.0945091729485,83.5245331789831,0.46185611172401764,1.8918801177586175
s20,sit,s20_sit,25000,2021-01-01 11:34:46.649898,77.720207253886,77.7335024067106,77.7335024067106,81.49767240868773,0.013295152824596812,3.7774651548017317
s20,sit,s20_sit,26000,2021-01-01 11:34:48.649898,73.17073170731707,75.01760740832641,75.01760740832641,79.22964965856127,1.8468757010093384,6.058917951244197
s20,sit,s20_sit,27000,2021-01-01 11:34:50.649898,73.17073170731707,73.27673997837509,73.27673997837509,77.14613127049611,0.10600827105801613,3.975399563179039
s20,sit,s20_sit,28000,2021-01-01 11:34:52.649898,73.17073170731707,73.86227020432317,73.86227020432317,75.99677989733559,0.6915384970060927,2.8260481900185113
s20,sit,s20_sit,29000,2021-01-01 11:34:54.649898,75.56675062972292,75.96080125193507,75.96080125193507,75.9841873714454,0.3940506222121485,0.4174367417224829
s20,sit,s20_sit,30000,2021-01-01 11:34:56.649898,79.7872340425532,78.48957030551652,78.48957030551652,76.8610713983703,-1.2976637370366717,-2.926162644182895
s20,sit,s20_sit,31000,2021-01-01 11:34:58.649898,80.10680907877169,81.46095634440672,81.46095634440672,78.47103112948304,1.354147265635035,-1.6357779492886522
s20,sit,s20_sit,32000,2021-01-01 11:35:00.649898,80.21390374331551,81.44159492897813,81.44159492897813,79.51072845930632,1.2276911856626214,-0.7031752840091912
s20,sit,s20_sit,33000,2021-01-01 11:35:02.649898,81.9672131147541,81.93370074350916,81.93370074350916,80.35876875877732,-0.03351237124493878,-1.6084443559767863
s20,sit,s20_sit,34000,2021-01-01 11:35:04.649898,81.74386920980926,82.02835823839526,82.02835823839526,80.9431250766436,0.2844890285859947,-0.8007441331656651
s20,sit,s20_sit,35000,2021-01-01 11:35:06.649898,81.9672131147541,81.57274021151346,81.57274021151346,81.16349037384805,-0.39447290324064,-0.8037227409060534
s20,sit,s20_sit,36000,2021-01-01 11:35:08.649898,81.9672131147541,82.39653123199041,82.39653123199041,81.59505467419788,0.4293181172363063,-0.3721584405562197
s20,sit,s20_sit,37000,2021-01-01 11:35:10.649898,81.9672131147541,82.61133136640632,82.61133136640632,81.95075151647083,0.6441182516522161,-0.016461598283271428
s20,sit,s20_sit,38000,2021-01-01 11:35:12.649898,81.41112618724559,82.21343737026274,82.21343737026274,82.042691565298,0.802311183017153,0.6315653780524144
s20,sit,s20_sit,39000,2021-01-01 11:35:14.649898,79.36507936507937,78.6876138651304,78.6876138651304,80.86841437023934,-0.6774654999489655,1.5033350051599683
s20,sit,s20_sit,40000,2021-01-01 11:35:16.649898,74.25742574257426,75.34376404439335,75.34376404439335,78.93478675619325,1.0863383018190973,4.677361013618992
s20,sit,s20_sit,41000,2021-01-01 11:35:18.649898,75.56675062972292,78.35725824926895,78.35725824926895,78.73265177876974,2.790507619546034,3.1659011490468174
s20,sit,s20_sit,42000,2021-01-01 11:35:20.649898,81.9672131147541,85.51139553256505,85.51139553256505,81.1052120925981,3.5441824178109442,-0.8620010221560079
s20,sit,s20_sit,43000,2021-01-01 11:35:22.649898,81.63265306122449,82.1387831102097,82.1387831102097,81.46696194876216,0.506130048985213,-0.16569111246232637
s20,sit,s20_sit,44000,2021-01-01 11:35:24.649898,80.10680907877169,80.91933134022597,80.91933134022597,81.27529123577449,0.8125222614542764,1.1684821570027992
s20,sit,s20_sit,45000,2021-01-01 11:35:26.649898,79.7872340425532,80.2201285207584,80.2201285207584,80.90598428551885,0.4328944782051991,1.1187502429656604
s20,sit,s20_sit,46000,2021-01-01 11:35:28.649898,80.4289544235925,81.44737688266656,81.44737688266656,81.09547169452055,1.0184224590740598,0.666517270928054
s20,sit,s20_sit,47000,2021-01-01 11:35:30.649898,80.97165991902834,82.54126491431549,82.54126491431549,81.60149932144878,1.5696049952871505,0.6298394024204441
s20,sit,s20_sit,48000,2021-01-01 11:35:32.649898,80.86253369272237,81.67160467169347,81.67160467169347,81.62603619403443,0.809070978971107,0.7635025013120611
s20,sit,s20_sit,49000,2021-01-01 11:35:34.649898,79.7872340425532,78.67009960699373,78.67009960699373,80.59145838857019,-1.1171344355594641,0.8042243460169942
s20,sit,s20_sit,50000,2021-01-01 11:35:36.649898,81.08108108108108,79.80989570126482,79.80989570126482,80.31791144801332,-1.2711853798162593,-0.7631696330677613
s20,sit,s20_sit,51000,2021-01-01 11:35:38.649898,85.71428571428572,84.16651561796388,84.16651561796388,81.66492290749602,-1.547770096321841,-4.049362806789702
s20,sit,s20_sit,52000,2021-01-01 11:35:40.649898,87.46355685131195,89.33691436442753,89.33691436442753,84.35011991742205,1.8733575131155789,-3.1134369338899006
s20,sit,s20_sit,53000,2021-01-01 11:35:42.649898,87.97653958944281,90.08671293613277,90.08671293613277,86.3579274739708,2.1101733466899617,-1.6186121154720041
s20,sit,s20_sit,54000,2021-01-01 11:35:44.649898,70.75471698113208,84.78098567308055,84.78098567308055,85.80599784365921,14.026268691948474,15.051280862527136
s20,sit,s20_sit,55000,2021-01-01 11:35:46.649898,70.4225352112676,71.49004877890046,71.49004877890046,80.79541567099365,1.067513567632858,10.372880459726048
s20,sit,s20_sit,56000,2021-01-01 11:35:48.649898,72.63922518159805,73.9175490849567,73.9175490849567,78.38816236588072,1.278323903358654,5.748937184282667
s20,sit,s20_sit,57000,2021-01-01 11:35:50.649898,76.72634271099744,78.90950057589194,78.90950057589194,78.57063073938465,2.183157864894497,1.8442880283872114
s20,sit,s20_sit,58000,2021-01-01 11:35:52.649898,77.02182284980745,81.72978469923332,81.72978469923332,79.67633462533169,4.707961849425871,2.6545117755242416
s20,sit,s20_sit,59000,2021-01-01 11:35:54.649898,77.31958762886597,81.60749818078676,81.60749818078676,80.35224186974096,4.287910551920788,3.03265424087499
s20,sit,s20_sit,60000,2021-01-01 11:35:56.649898,83.44923504867873,82.83535278826362,82.83535278826362,81.2213306912239,-0.6138822604151102,-2.2279043574548325
s20,sit,s20_sit,61000,2021-01-01 11:35:58.649898,77.720207253886,80.12414681541395,80.12414681541395,80.83731633469041,2.403939561527949,3.1171090808044113
s20,sit,s20_sit,62000,2021-01-01 11:36:00.649898,78.125,80.0671143370869,80.0671143370869,80.56774563552918,1.942114337086906,2.442745635529178
s20,sit,s20_sit,63000,2021-01-01 11:36:02.649898,75.0,75.38120387473171,75.38120387473171,78.75245601925008,0.38120387473171036,3.7524560192500758
s20,sit,s20_sit,64000,2021-01-01 11:36:04.649898,70.2576112412178,70.19330246543274,70.19330246543274,75.756752275414,-0.06430877578506511,5.4991410341961995
s20,sit,s20_sit,65000,2021-01-01 11:36:06.649898,70.09345794392523,73.28738853893879,73.28738853893879,74.89247496764767,3.193930595013555,4.799017023722442
s20,sit,s20_sit,66000,2021-01-01 11:36:08.649898,70.17543859649123,73.17819648547346,73.17819648547346,74.2924774988867,3.002757888982231,4.117038902395464
s20,sit,s20_sit,67000,2021-01-01 11:36:10.649898,70.17543859649123,66.51472241400506,66.51472241400506,71.57026321917812,-3.660716182486169,1.3948246226868832
s20,sit,s20_sit,68000,2021-01-01 11:36:12.649898,61.60164271047229,62.924297196539875,62.924297196539875,68.54417511125473,1.3226544860675844,6.94253240078244
s20,sit,s20_sit,69000,2021-01-01 11:36:14.649898,61.47540983606557,61.518881840723154,61.518881840723154,66.08532246656868,0.0434720046575805,4.609912630503111
s20,sit,s20_sit,70000,2021-01-01 11:36:16.649898,62.43496357960458,62.08156157927218,62.08156157927218,64.6840061560149,-0.35340200033239455,2.249042576410325
s20,sit,s20_sit,71000,2021-01-01 11:36:18.649898,68.3371298405467,67.00730953742236,67.00730953742236,65.49716233950751,-1.329820303124336,-2.839967501039183
s20,sit,s20_sit,72000,2021-01-01 11:36:20.649898,69.12442396313364,73.81604897122561,73.81604897122561,68.40877266060885,4.691625008091975,-0.7156513025247904
s20,sit,s20_sit,73000,2021-01-01 11:36:22.649898,69.12442396313364,74.21171050326318,74.21171050326318,70.43980090553787,5.08728654012954,1.315376942404228
s20,sit,s20_sit,74000,2021-01-01 11:36:24.649898,65.28835690968444,65.79087174482531,65.79087174482531,68.81267569928848,0.5025148351408717,3.524318789604038
s20,sit,s20_sit,75000,2021-01-01 11:36:26.649898,64.86486486486486,64.19205325754248,64.19205325754248,67.19545784467738,-0.6728116073223731,2.330592979812522
s20,sit,s20_sit,76000,2021-01-01 11:36:28.649898,65.86169045005488,65.54123134535646,65.54123134535646,66.61647856991506,-0.3204591046984149,0.75478811986018
s20,sit,s20_sit,77000,2021-01-01 11:36:30.649898,70.58823529411764,69.54387083887785,69.54387083887785,67.64106586405204,-1.044364455239787,-2.9471694300655997
s20,sit,s20_sit,78000,2021-01-01 11:36:32.649898,73.17073170731707,73.51040585079527,73.51040585079527,69.69533485941217,0.3396741434781916,-3.4753968479049036
s20,sit,s20_sit,79000,2021-01-01 11:36:34.649898,75.94936708860759,74.43696928959044,74.43696928959044,71.35490690997456,-1.512397799017151,-4.594460178633028
s20,sit,s20_sit,80000,2021-01-01 11:36:36.649898,75.94936708860759,75.17988183450973,75.17988183450973,72.69364813356187,-0.7694852540978587,-3.2557189550457224
s20,sit,s20_sit,81000,2021-01-01 11:36:38.649898,76.92307692307692,76.44913431961368,76.44913431961368,74.00806829868,-0.473942603463243,-2.9150086243969184
s20,sit,s20_sit,82000,2021-01-01 11:36:40.649898,76.92307692307692,76.24895140485697,76.24895140485697,74.79237738584195,-0.6741255182199524,-2.1306995372349746
s20,sit,s20_sit,83000,2021-01-01 11:36:42.649898,71.94244604316548,69.7509129408848,69.7509129408848,73.02786483010695,-2.1915331022806726,1.0854187869414744
s20,sit,s20_sit,84000,2021-01-01 11:36:44.649898,71.17437722419929,69.61222783901223,69.61222783901223,71.8323918832238,-1.5621493851870554,0.6580146590245164
s20,sit,s20_sit,85000,2021-01-01 11:36:46.649898,72.81553398058253,72.1634598731958,72.1634598731958,71.948265679714,-0.6520741073867242,-0.8672683008685311
s20,sit,s20_sit,86000,2021-01-01 11:36:48.649898,78.53403141361257,76.28380342826897,76.28380342826897,73.46570389170823,-2.2502279853435994,-5.068327521904337
s20,sit,s20_sit,87000,2021-01-01 11:36:50.649898,82.53094910591471,82.08310784927328,82.08310784927328,76.48179527685599,-0.44784125664143914,-6.049153829058724
s20,sit,s20_sit,88000,2021-01-01 11:36:52.649898,84.74576271186442,84.86674813245548,84.86674813245548,79.41652877631581,0.12098542059106876,-5.329233935548601
s20,sit,s20_sit,89000,2021-01-01 11:36:54.649898,86.58008658008659,86.24183595614737,86.24183595614737,81.80538628925686,-0.3382506239392171,-4.774700290829728
s20,sit,s20_sit,90000,2021-01-01 11:36:56.649898,86.33093525179856,87.47407749016075,87.47407749016075,83.78942820957323,1.1431422383621879,-2.5415070422253336
s20,sit,s20_sit,91000,2021-01-01 11:36:58.649898,85.1063829787234,84.46704975723124,84.46704975723124,84.02659575125354,-0.6393332214921656,-1.0797872274698648
s20,sit,s20_sit,92000,2021-01-01 11:37:00.649898,82.3045267489712,82.26361399404625,82.26361399404625,83.40955213623099,-0.04091275492494617,1.1050253872597864
s20,sit,s20_sit,93000,2021-01-01 11:37:02.649898,82.3045267489712,81.87217435984117,81.87217435984117,82.87146991449455,-0.43235238913003116,0.5669431655233552
s20,sit,s20_sit,94000,2021-01-01 11:37:04.649898,84.74576271186442,84.7481526087139,84.7481526087139,83.52830885747133,0.0023898968494791006,-1.217453854393085
s20,sit,s20_sit,95000,2021-01-01 11:37:06.649898,86.20689655172414,89.6024786919374,89.6024786919374,85.65426829953446,3.395582140213264,-0.5526282521896775
s20,sit,s20_sit,96000,2021-01-01 11:37:08.649898,86.20689655172414,85.55525290996673,85.55525290996673,85.61961291318576,-0.651643641757417,-0.5872836385383806
s20,sit,s20_sit,97000,2021-01-01 11:37:10.649898,81.63265306122449,83.45997171833395,83.45997171833395,84.86373849498763,1.8273186571094584,3.231085433763141
s20,sit,s20_sit,98000,2021-01-01 11:37:12.649898,81.52173913043478,80.04913337854404,80.04913337854404,83.17862670423237,-1.4726057518907396,1.65688757379759
s20,sit,s20_sit,99000,2021-01-01 11:37:14.649898,83.44923504867873,84.02749878203923,84.02749878203923,83.47573193146476,0.578263733360501,0.026496882786034348
s20,sit,s20_sit,100000,2021-01-01 11:37:16.649898,88.23529411764706,87.41881255431214,87.41881255431214,84.85581014946135,-0.8164815633349178,-3.37948396818571
s20,sit,s20_sit,101000,2021-01-01 11:37:18.649899,88.23529411764706,90.44951801150933,90.44951801150933,86.81360790117813,2.2142238938622683,-1.4216862164689275
s20,sit,s20_sit,102000,2021-01-01 11:37:20.649899,87.3362445414847,85.81723228927518,85.81723228927518,86.4648764370121,-1.5190122522095209,-0.8713681044726087
s20,sit,s20_sit,103000,2021-01-01 11:37:22.649899,80.97165991902834,81.94259161729063,81.94259161729063,84.88207675010958,0.9709316982622909,3.9104168310812355
s20,sit,s20_sit,104000,2021-01-01 11:37:24.649899,80.4289544235925,80.72968670547482,80.72968670547482,83.4287402344874,0.3007322818823184,2.999785810894906
s20,sit,s20_sit,105000,2021-01-01 11:37:26.649899,84.74576271186442,84.2295843651301,84.2295843651301,83.70903568021235,-0.5161783467343213,-1.0367270316520631
s20,sit,s20_sit,106000,2021-01-01 11:37:28.649899,85.9598853868195,86.56002927908327,86.56002927908327,84.70688343981718,0.6001438922637732,-1.2530019470023177
s20,sit,s20_sit,107000,2021-01-01 11:37:30.649899,87.2093023255814,87.61633124174027,87.61633124174027,85.72519017049027,0.4070289161588647,-1.4841121550911396
s20,sit,s20_sit,108000,2021-01-01 11:37:32.649899,87.46355685131195,89.00700295975928,89.00700295975928,86.87382464673442,1.543446108447327,-0.5897322045775297
s20,sit,s20_sit,109000,2021-01-01 11:37:34.649899,87.2093023255814,89.79430067887213,89.79430067887213,87.89599125798262,2.584998353290729,0.6866889324012106
s20,sit,s20_sit,110000,2021-01-01 11:37:36.649899,87.3362445414847,88.85594909746303,88.85594909746303,88.23197650180076,1.519704555978322,0.8957319603160556
s20,sit,s20_sit,111000,2021-01-01 11:37:38.649899,83.68200836820084,86.15871639899379,86.15871639899379,87.50633546581832,2.476708030792949,3.824327097617484
s20,sit,s20_sit,112000,2021-01-01 11:37:40.649899,83.44923504867873,84.26727032245391,84.26727032245391,86.37266266564077,0.8180352737751804,2.9234276169620443
s20,sit,s20_sit,113000,2021-01-01 11:37:42.649899,83.68200836820084,85.09386458284952,85.09386458284952,85.92508333666383,1.4118562146486795,2.2430749684629916
s20,sit,s20_sit,114000,2021-01-01 11:37:44.649899,83.56545961002786,88.42724450253135,88.42724450253135,86.80083974471746,4.861784892503493,3.2353801346896063
s20,sit,s20_sit,115000,2021-01-01 11:37:46.649899,84.1514726507714,85.82828233057802,85.82828233057802,86.46044464976866,1.6768096798066239,2.308971998997265
s20,sit,s20_sit,116000,2021-01-01 11:37:48.649899,70.4225352112676,73.82972521548588,73.82972521548588,82.03969284776969,3.407190004218279,11.617157636502085
s20,sit,s20_sit,117000,2021-01-01 11:37:50.649899,70.4225352112676,71.31538643674251,71.31538643674251,78.28618560391018,0.8928512254749137,7.863650392642583
s20,sit,s20_sit,118000,2021-01-01 11:37:52.649899,76.14213197969544,73.53358556022675,73.53358556022675,76.62277558862098,-2.6085464194686807,0.48064360892554703
s20,sit,s20_sit,119000,2021-01-01 11:37:54.649899,80.86253369272237,81.345130314619,81.345130314619,78.27559974272029,0.4825966218966329,-2.586933950002077
s20,sit,s20_sit,120000,2021-01-01 11:37:56.649899,80.86253369272237,81.98538813199963,81.98538813199963,79.57402567896806,1.122854439277262,-1.28850801375431
s20,sit,s20_sit,121000,2021-01-01 11:37:58.649899,74.62686567164178,78.47697236325,78.47697236325,79.19005701846673,3.850106691608218,4.563191346824951
s20,sit,s20_sit,122000,2021-01-01 11:38:00.649899,71.09004739336493,71.10284701611694,71.10284701611694,76.35953351764431,0.012799622752012851,5.269486124279382
s20,sit,s20_sit,123000,2021-01-01 11:38:02.649899,69.68641114982579,69.45022756507903,69.45022756507903,73.94127643424646,-0.2361835847467546,4.254865284420674
s20,sit,s20_sit,124000,2021-01-01 11:38:04.649899,69.76744186046511,70.41651586293065,70.41651586293065,72.70761023428594,0.6490740024655395,2.940168373820825
s20,sit,s20_sit,125000,2021-01-01 11:38:06.649899,69.60556844547564,69.74202098600558,69.74202098600558,71.66965399738781,0.1364525405299446,2.0640855519121715
s20,sit,s20_sit,126000,2021-01-01 11:38:08.649899,68.18181818181819,68.54863643556335,68.54863643556335,70.57729785074925,0.36681825374516563,2.39547966893106
s20,sit,s20_sit,127000,2021-01-01 11:38:10.649899,68.96551724137932,68.78050053003193,68.78050053003193,69.94841878849819,-0.18501671134738729,0.9829015471188711
s20,sit,s20_sit,128000,2021-01-01 11:38:12.649899,70.17543859649123,69.87229264178289,69.87229264178289,69.92177463714783,-0.3031459547083415,-0.2536639593433989
s20,sit,s20_sit,129000,2021-01-01 11:38:14.649899,70.17543859649123,71.9023393184392,71.9023393184392,70.61497227559983,1.7269007219479704,0.4395336791085924
s20,sit,s20_sit,130000,2021-01-01 11:38:16.649899,72.11538461538461,71.71373962121332,71.71373962121332,70.99954084656454,-0.40164499417129207,-1.1158437688200706
s20,sit,s20_sit,131000,2021-01-01 11:38:18.649899,71.34363852556481,71.63454854070788,71.63454854070788,71.2217935395147,0.29091001514306924,-0.12184498605010674
s20,sit,s20_sit,132000,2021-01-01 11:38:20.649899,72.81553398058253,74.26607112370792,74.26607112370792,72.28729069398233,1.4505371431253877,-0.5282432866002011
s20,sit,s20_sit,133000,2021-01-01 11:38:22.649899,77.82101167315174,77.52085111362355,77.52085111362355,74.11903684085675,-0.3001605595281944,-3.7019748322949937
s20,sit,s20_sit,134000,2021-01-01 11:38:24.649899,79.7872340425532,79.68133550833325,79.68133550833325,76.06584137447352,-0.10589853421994633,-3.721392668079673
s20,sit,s20_sit,135000,2021-01-01 11:38:26.649899,75.94936708860759,78.21141896280484,78.21141896280484,76.81679353038948,2.2620518741972546,0.8674264417818875
s20,sit,s20_sit,136000,2021-01-01 11:38:28.649899,72.63922518159806,73.28703389490265,73.28703389490265,75.58137765796909,0.6478087133045847,2.942152476371021
s20,sit,s20_sit,137000,2021-01-01 11:38:30.649899,73.43941248470013,73.60479698890329,73.60479698890329,74.88957442379606,0.16538450420316053,1.4501619390959348
s20,sit,s20_sit,138000,2021-01-01 11:38:32.649899,74.62686567164178,75.45314068314833,75.45314068314833,75.08682261456936,0.8262750115065529,0.45995694292757605
s20,sit,s20_sit,139000,2021-01-01 11:38:34.649899,77.31958762886597,76.78304572524725,76.78304572524725,75.68050070330662,-0.5365419036187262,-1.6390869255593543
s20,sit,s20_sit,140000,2021-01-01 11:38:36.649899,77.92207792207792,77.72307836048192,77.72307836048192,76.39540288331797,-0.19899956159599697,-1.5266750387599473
s20,sit,s20_sit,141000,2021-01-01 11:38:38.649899,78.63695937090432,78.5324422038565,78.5324422038565,77.14336664550646,-0.10451716704781688,-1.4935927253978605
s20,sit,s20_sit,142000,2021-01-01 11:38:40.649899,80.10680907877169,79.1782879837395,79.1782879837395,77.85558911388802,-0.9285210950321954,-2.251219964883674
s20,sit,s20_sit,143000,2021-01-01 11:38:42.649899,85.9598853868195,81.85487205985224,81.85487205985224,79.2553381449755,-4.105013326967253,-6.704547241843997
s20,sit,s20_sit,144000,2021-01-01 11:38:44.649899,85.9598853868195,85.12674091561722,85.12674091561722,81.3103291147001,-0.8331444712022744,-4.649556272119398
s20,sit,s20_sit,145000,2021-01-01 11:38:46.649899,84.98583569405099,72.75543530517811,72.75543530517811,78.3161162813674,-12.23040038887288,-6.669719412683591
s20,sit,s20_sit,146000,2021-01-01 11:38:48.649899,68.18181818181819,67.2461338878702,67.2461338878702,74.44162244364338,-0.9356842939479861,6.259804261825195
s20,sit,s20_sit,147000,2021-01-01 11:38:50.649899,67.18924972004478,67.5056284519511,67.5056284519511,72.01402454655108,0.3163787319063118,4.8247748265062995
s20,sit,s20_sit,148000,2021-01-01 11:38:52.649899,71.59904534606206,71.3682248235117,71.3682248235117,71.7879946434873,-0.2308205225503599,0.18894929742523914
s20,sit,s20_sit,149000,2021-01-01 11:38:54.649899,81.85538881309687,80.67711064229111,80.67711064229111,74.89918524306863,-1.1782781708057541,-6.9562035700282365
s20,sit,s20_sit,150000,2021-01-01 11:38:56.649899,85.34850640113798,87.122267374956,87.122267374956,79.1772639892292,1.773760973818014,-6.1712424119087785
s20,sit,s20_sit,151000,2021-01-01 11:38:58.649899,85.34850640113798,88.44453312656555,88.44453312656555,82.42080818729693,3.0960267254275635,-2.9276982138410546
s20,sit,s20_sit,152000,2021-01-01 11:39:00.649899,81.74386920980926,85.28889068824655,85.28889068824655,83.4246370626293,3.5450214784372918,1.6807678528200398
s20,sit,s20_sit,153000,2021-01-01 11:39:02.649899,71.94244604316548,74.43422822808347,74.43422822808347,80.27799397053826,2.4917821849179944,8.335547927372787
s20,sit,s20_sit,154000,2021-01-01 11:39:04.649899,71.09004739336493,71.0339645191924,71.0339645191924,77.04258366256721,-0.05608287417253166,5.952536269202284
s20,sit,s20_sit,155000,2021-01-01 11:39:06.649899,70.09345794392523,70.31836129831784,70.31836129831784,74.68910583507993,0.2249033543926089,4.595647891154698
s20,sit,s20_sit,156000,2021-01-01 11:39:08.649899,70.83825265643448,71.29033401436199,71.29033401436199,73.49953569782865,0.45208135792751136,2.661283041394171
s20,sit,s20_sit,157000,2021-01-01 11:39:10.649899,69.93006993006993,70.32896814982895,70.32896814982895,72.38983705602875,0.39889821975901896,2.4597671259588196
s20,sit,s20_sit,158000,2021-01-01 11:39:12.649899,68.4931506849315,69.19984527764245,69.19984527764245,71.27333993359355,0.7066945927109458,2.7801892486620403
s20,sit,s20_sit,159000,2021-01-01 11:39:14.649899,68.02721088435374,68.74767578113112,68.74767578113112,70.3893574802317,0.7204648967773863,2.3621465958779595
s20,sit,s20_sit,160000,2021-01-01 11:39:16.649899,68.72852233676976,69.43005413026208,69.43005413026208,70.05360130774233,0.7015317934923218,1.3250789709725694
s20,sit,s20_sit,161000,2021-01-01 11:39:18.649899,71.77033492822967,71.53058714410237,71.53058714410237,70.57054635046835,-0.23974778412730302,-1.1997885777613249
s20,sit,s20_sit,162000,2021-01-01 11:39:20.649899,72.02881152460985,72.49058415765529,72.49058415765529,71.24255958298377,0.4617726330454417,-0.7862519416260767
s20,sit,s20_sit,163000,2021-01-01 11:39:22.649899,73.34963325183375,73.10835004335736,73.10835004335736,71.89558624411453,-0.24128320847638918,-1.4540470077192253
s20,sit,s20_sit,164000,2021-01-01 11:39:24.649899,73.34963325183375,74.77341128140911,74.77341128140911,72.90282500716762,1.4237780295753595,-0.4468082446661299
s20,sit,s20_sit,165000,2021-01-01 11:39:26.649899,75.0,75.60383721997346,75.60383721997346,73.84817928164966,0.6038372199734567,-1.1518207183503364
s20,sit,s20_sit,166000,2021-01-01 11:39:28.649899,75.0,74.58180090353768,74.58180090353768,74.10494684931047,-0.4181990964623168,-0.8950531506895345
s20,sit,s20_sit,167000,2021-01-01 11:39:30.649899,72.99270072992701,72.69462609809204,72.69462609809204,73.61133458638402,-0.2980746318349645,0.6186338564570093
s20,sit,s20_sit,168000,2021-01-01 11:39:32.649899,72.99270072992701,73.51475225985324,73.51475225985324,73.57753077209824,0.5220515299262303,0.5848300421712338
s20,sit,s20_sit,169000,2021-01-01 11:39:34.649899,74.81296758104737,75.4787372881979,75.4787372881979,74.24295305273313,0.6657697071505311,-0.5700145283142461
s20,sit,s20_sit,170000,2021-01-01 11:39:36.649899,77.92207792207792,76.7518533688641,76.7518533688641,75.12106816337896,-1.1702245532138136,-2.801009758698953
s20,sit,s20_sit,171000,2021-01-01 11:39:38.649899,78.125,77.58121718732242,77.58121718732242,75.98212032175917,-0.543782812677577,-2.1428796782408313
s20,sit,s20_sit,172000,2021-01-01 11:39:40.649899,78.32898172323759,77.51050469767003,77.51050469767003,76.51705485332798,-0.8184770255675602,-1.8119268699096125
s20,sit,s20_sit,173000,2021-01-01 11:39:42.649899,82.07934336525308,82.55362562689042,82.55362562689042,78.62985462407482,0.47428226163734166,-3.449488741178257
s20,sit,s20_sit,174000,2021-01-01 11:39:44.649899,83.79888268156425,83.40451577206348,83.40451577206348,80.30098602587086,-0.3943669095007749,-3.4978966556933955
s20,sit,s20_sit,175000,2021-01-01 11:39:46.649899,83.79888268156425,83.08693134919747,83.08693134919747,81.27606688903518,-0.7119513323667803,-2.522815792529073
s20,sit,s20_sit,176000,2021-01-01 11:39:48.649899,79.57559681697613,79.87086768775058,79.87086768775058,80.78424716858557,0.2952708707744449,1.2086503516094353
s20,sit,s20_sit,177000,2021-01-01 11:39:50.649899,76.33587786259541,77.03979826575335,77.03979826575335,79.47369005259429,0.7039204031579374,3.1378121899988827
s20,sit,s20_sit,178000,2021-01-01 11:39:52.649899,76.33587786259541,75.98270282449009,75.98270282449009,78.25184452275782,-0.35317503810532,1.915966660162411
s20,sit,s20_sit,179000,2021-01-01 11:39:54.649899,80.21390374331551,79.31814503421495,79.31814503421495,78.62504970176781,-0.8957587091005621,-1.5888540415477053
s20,sit,s20_sit,180000,2021-01-01 11:39:56.649899,85.47008547008548,84.51340174102994,84.51340174102994,80.68597291550955,-0.9566837290555412,-4.784112554575927
s20,sit,s20_sit,181000,2021-01-01 11:39:58.649899,85.47008547008548,87.48160884016546,87.48160884016546,83.06444548913913,2.011523370079985,-2.405639980946347
s20,sit,s20_sit,182000,2021-01-01 11:40:00.649899,82.41758241758242,85.01642239203609,85.01642239203609,83.74763740515307,2.598839974453668,1.330054987570648
s20,sit,s20_sit,183000,2021-01-01 11:40:02.649899,78.125,78.97213962622095,78.97213962622095,82.07621318252683,0.847139626220951,3.9512131825268284
s20,sit,s20_sit,184000,2021-01-01 11:40:04.649899,78.125,76.24966078712318,76.24966078712318,80.03691984413555,-1.875339212876824,1.9119198441355536
s20,sit,s20_sit,185000,2021-01-01 11:40:06.649899,79.05138339920948,77.7584054253841,77.7584054253841,79.23943979757254,-1.292977973825387,0.18805639836305943
s20,sit,s20_sit,186000,2021-01-01 11:40:08.649899,84.50704225352113,82.48451461794768,82.48451461794768,80.37521598470384,-2.0225276355734536,-4.131826268817292
s20,sit,s20_sit,187000,2021-01-01 11:40:10.649899,84.1514726507714,84.4074561437633,84.4074561437633,81.78650004037465,0.25598349299190204,-2.364972610396748
s20,sit,s20_sit,188000,2021-01-01 11:40:12.649899,85.1063829787234,85.86237543920453,85.86237543920453,83.2130564299651,0.7559924604811243,-1.8933265487582958
s20,sit,s20_sit,189000,2021-01-01 11:40:14.649899,85.59201141226819,85.8853163589464,85.8853163589464,84.14834740510855,0.29330494667820517,-1.44366400715964
s20,sit,s20_sit,190000,2021-01-01 11:40:16.649899,86.95652173913044,86.94489012359962,86.94489012359962,85.12713735658042,-0.01163161553081693,-1.8293843825500176
s20,sit,s20_sit,191000,2021-01-01 11:40:18.649899,86.95652173913044,87.92684037368566,87.92684037368566,86.10703341256726,0.9703186345552268,-0.8494883265631756
s20,sit,s20_sit,192000,2021-01-01 11:40:20.649899,85.22727272727273,85.80197648443216,85.80197648443216,86.00026348771998,0.5747037571594262,0.772990760447243
s20,sit,s20_sit,193000,2021-01-01 11:40:22.649899,85.22727272727273,85.35999394978846,85.35999394978846,85.77616914944394,0.13272122251572682,0.5488964221712109
s20,sit,s20_sit,194000,2021-01-01 11:40:24.649899,85.22727272727273,87.39151330510965,87.39151330510965,86.34153960392695,2.164240577836921,1.114266876654213
s20,sit,s20_sit,195000,2021-01-01 11:40:26.649899,88.75739644970413,87.76639383863503,87.76639383863503,86.84023858607478,-0.9910026110691064,-1.917157863629356
s20,sit,s20_sit,196000,2021-01-01 11:40:28.649899,89.02077151335311,90.31608726477272,90.31608726477272,88.05678562361905,1.2953157514196079,-0.9639858897340616
s20,sit,s20_sit,197000,2021-01-01 11:40:30.649899,85.71428571428572,87.60650135692232,87.60650135692232,87.8991861302752,1.8922156426366001,2.1849004159894747
s20,sit,s20_sit,198000,2021-01-01 11:40:32.649899,87.3362445414847,86.73598388416778,86.73598388416778,87.4920653441376,-0.6002606573169231,0.15582080265289733
s20,sit,s20_sit,199000,2021-01-01 11:40:34.649899,87.46355685131195,88.18897273560499,88.18897273560499,87.7359829311512,0.7254158842930423,0.27242607983924927
s20,sit,s20_sit,200000,2021-01-01 11:40:36.649899,87.46355685131195,89.72751980862765,89.72751980862765,88.43302083826795,2.263962957315698,0.9694639869560007
s20,sit,s20_sit,201000,2021-01-01 11:40:38.649899,88.75739644970413,89.30544193089122,89.30544193089122,88.73836822068608,0.5480454811870885,-0.019028229018047682
s20,sit,s20_sit,202000,2021-01-01 11:40:40.649899,88.75739644970413,87.49838903114697,87.49838903114697,88.3043755043474,-1.259007418557161,-0.45302094535672666
s20,sit,s20_sit,203000,2021-01-01 11:40:42.649899,88.75739644970413,88.60470034770523,88.60470034770523,88.40948919952265,-0.15269610199889883,-0.3479072501814784
s20,sit,s20_sit,204000,2021-01-01 11:40:44.649899,90.9090909090909,90.87137273125381,90.87137273125381,89.27114843562856,-0.037718177837092526,-1.6379424734623456
s20,sit,s20_sit,205000,2021-01-01 11:40:46.649899,90.63444108761328,91.84562491085653,91.84562491085653,90.17221520195835,1.2111838232432461,-0.46222588565493083
s20,sit,s20_sit,206000,2021-01-01 11:40:48.649899,85.83690987124463,91.17119149641128,91.17119149641128,90.52185690501688,5.334281625166653,4.6849470337722465
s20,sit,s20_sit,207000,2021-01-01 11:40:50.649899,80.64516129032258,82.224016528247,82.224016528247,87.61761277314741,1.5788552379244294,6.972451482824837
s20,sit,s20_sit,208000,2021-01-01 11:40:52.649899,80.75370121130553,84.05498244502321,84.05498244502321,86.37069215830394,3.3012812337176882,5.616990946998413
s20,sit,s20_sit,209000,2021-01-01 11:40:54.649899,80.64516129032258,83.70671409686096,83.70671409686096,85.43829983679889,3.061552806538387,4.793138546476314
s20,sit,s20_sit,210000,2021-01-01 11:40:56.649899,80.53691275167785,81.00724897557023,81.00724897557023,83.88743203536886,0.4703362238923887,3.350519283691014
s20,sit,s20_sit,211000,2021-01-01 11:40:58.649899,78.74015748031496,78.68455883931648,78.68455883931648,82.06642641675052,-0.05559864099848255,3.3262689364355538
s20,sit,s20_sit,212000,2021-01-01 11:41:00.649899,78.74015748031496,79.88157913322296,79.88157913322296,81.30172986751586,1.1414216529079937,2.561572387200897
s20,sit,s20_sit,213000,2021-01-01 11:41:02.649899,79.15567282321899,80.84481872949907,80.84481872949907,81.14181096920998,1.6891459062800749,1.9861381459909921
s20,sit,s20_sit,214000,2021-01-01 11:41:04.649899,79.47019867549669,80.61295288744803,80.61295288744803,80.9567106405933,1.1427542119513419,1.4865119650966108
s20,sit,s20_sit,215000,2021-01-01 11:41:06.649899,79.15567282321899,78.75723326762655,78.75723326762655,80.18689356005494,-0.3984395555924465,1.031220736835948
s20,sit,s20_sit,216000,2021-01-01 11:41:08.649899,79.7872340425532,78.18277157120544,78.18277157120544,79.48545086395761,-1.6044624713477589,-0.3017831785955849
s20,sit,s20_sit,217000,2021-01-01 11:41:10.649899,81.08108108108108,81.51194148333799,81.51194148333799,80.19472258074074,0.43086040225691136,-0.8863585003403358
s20,sit,s20_sit,218000,2021-01-01 11:41:12.649899,82.19178082191782,82.3889765742732,82.3889765742732,80.9627114784771,0.197195752355384,-1.2290693434407132
s20,sit,s20_sit,219000,2021-01-01 11:41:14.649899,81.85538881309687,81.85504681127546,81.85504681127546,81.27502884495652,-0.000342001821408644,-0.5803599681403426
s20,sit,s20_sit,220000,2021-01-01 11:41:16.649900,75.75757575757575,76.13239160603057,76.13239160603057,79.47510581133244,0.37481584845481564,3.7175300537566898
s20,sit,s20_sit,221000,2021-01-01 11:41:18.649900,75.75757575757575,75.58098130417603,75.58098130417603,78.11216223382769,-0.1765944533997157,2.3545864762519386
s20,sit,s20_sit,222000,2021-01-01 11:41:20.649900,79.6812749003984,78.59848257904999,78.59848257904999,78.2823743546555,-1.0827923213484212,-1.3989005457429045
s20,sit,s20_sit,223000,2021-01-01 11:41:22.649900,80.21390374331551,81.63316879583272,81.63316879583272,79.45515240906752,1.4192650525172041,-0.7587513342479895
s20,sit,s20_sit,224000,2021-01-01 11:41:24.649900,80.21390374331551,81.5568489609843,81.5568489609843,80.19074620223839,1.3429452176687846,-0.023157541077125643
s20,sit,s20_sit,225000,2021-01-01 11:41:26.649900,80.97165991902834,81.87154652761085,81.87154652761085,80.77902631611875,0.8998866085825057,-0.19263360290959497
s20,sit,s20_sit,226000,2021-01-01 11:41:28.649900,82.41758241758242,81.88708641378138,81.88708641378138,81.16684735030067,-0.5304960038010478,-1.2507350672817523
s20,sit,s20_sit,227000,2021-01-01 11:41:30.649900,84.98583569405099,84.34327400893177,84.34327400893177,82.27859668082155,-0.6425616851192189,-2.70723901322944
s20,sit,s20_sit,228000,2021-01-01 11:41:32.649900,85.1063829787234,84.3167203274163,84.3167203274163,82.99193995712972,-0.789662651307097,-2.1144430215936865
s20,sit,s20_sit,229000,2021-01-01 11:41:34.649900,80.75370121130553,82.63801443899101,82.63801443899101,82.86806602578116,1.8843132276854817,2.1143648144756355
s20,sit,s20_sit,230000,2021-01-01 11:41:36.649900,76.33587786259541,76.97572218796103,76.97572218796103,80.80574568254411,0.6398443253656154,4.469867819948703
s20,sit,s20_sit,231000,2021-01-01 11:41:38.649900,74.62686567164178,75.51970617730326,75.51970617730326,78.95563185570981,0.8928405056614821,4.32876618406803
s20,sit,s20_sit,232000,2021-01-01 11:41:40.649900,74.62686567164178,75.0317902161756,75.0317902161756,77.58228728187284,0.404924544533813,2.955421610231056
s20,sit,s20_sit,233000,2021-01-01 11:41:42.649900,74.25742574257426,74.88851415538137,74.88851415538137,76.63946668760083,0.6310884128071166,2.3820409450265743
s20,sit,s20_sit,234000,2021-01-01 11:41:44.649900,74.25742574257426,73.75159389282966,73.75159389282966,75.62871120943092,-0.5058318497445953,1.371285466856662
s20,sit,s20_sit,235000,2021-01-01 11:41:46.649900,71.09004739336493,71.94017537500517,71.94017537500517,74.33772366738191,0.8501279816402416,3.247676274016982
s20,sit,s20_sit,236000,2021-01-01 11:41:48.649900,70.4225352112676,70.84377105077222,70.84377105077222,73.11484025156852,0.42123583950461807,2.6923050403009228
s20,sit,s20_sit,237000,2021-01-01 11:41:50.649900,70.01166861143524,70.13089168643118,70.13089168643118,72.07045825377045,0.11922307499594353,2.0587896423352134
s20,sit,s20_sit,238000,2021-01-01 11:41:52.649900,70.09345794392523,70.07338904997992,70.07338904997992,71.37148403244376,-0.02006889394530731,1.27802608851853
s20,sit,s20_sit,239000,2021-01-01 11:41:54.649900,70.09345794392523,71.70565554060961,71.70565554060961,71.48844406030182,1.612197596684382,1.394986116376586
s20,sit,s20_sit,240000,2021-01-01 11:41:56.649900,75.37688442211055,74.88666222851181,74.88666222851181,72.67782041917532,-0.49022219359873986,-2.6990640029352306
s20,sit,s20_sit,241000,2021-01-01 11:41:58.649900,78.74015748031496,78.39323521508987,78.39323521508987,74.6782155977454,-0.3469222652250892,-4.061941882569556
s20,sit,s20_sit,242000,2021-01-01 11:42:00.649900,80.10680907877169,80.04415656828473,80.04415656828473,76.55629493743416,-0.06265251048695575,-3.55051414133753
s20,sit,s20_sit,243000,2021-01-01 11:42:02.649900,83.79888268156425,82.30763180651599,82.30763180651599,78.5692628416128,-1.4912508750482658,-5.229619839951454
s20,walk,s20_walk,0,2021-01-01 11:22:57.309233,86.70520231213874,87.29230061324735,87.29230061324735,87.29230061324735,0.587098301108611,0.587098301108611
s20,walk,s20_walk,1000,2021-01-01 11:22:59.309233,88.49557522123894,88.08884813530345,88.08884813530345,87.57109224596698,-0.40672708593548634,-0.9244829752719568
s20,walk,s20_walk,2000,2021-01-01 11:23:01.309233,89.55223880597015,88.08459030980352,88.08459030980352,87.75081656830977,-1.4676484961666318,-1.8014222376603755
s20,walk,s20_walk,3000,2021-01-01 11:23:03.309233,88.23529411764706,88.23848169673421,88.23848169673421,87.92149936325832,0.0031875790871538356,-0.31379475438873783
s20,walk,s20_walk,4000,2021-01-01 11:23:05.309233,88.23529411764706,88.54566107544314,88.54566107544314,88.139955962523,0.31036695779607726,-0.09533815512405397
s20,walk,s20_walk,5000,2021-01-01 11:23:07.309233,85.71428571428572,87.12329383273438,87.12329383273438,87.78412421709699,1.4090081184486536,2.0698385028112654
s20,walk,s20_walk,6000,2021-01-01 11:23:09.309233,85.47008547008548,85.96759227097796,85.96759227097796,87.14833803595533,0.4975068008924808,1.6782525658698546
s20,walk,s20_walk,7000,2021-01-01 11:23:11.309233,85.71428571428572,85.4371734542043,85.4371734542043,86.54943043234248,-0.27711226008142376,0.8351447180567533
s20,walk,s20_walk,8000,2021-01-01 11:23:13.309233,86.95652173913044,85.99983580213602,85.99983580213602,86.35707231177022,-0.9566859369944183,-0.5994494273602129
s20,walk,s20_walk,9000,2021-01-01 11:23:15.309233,87.71929824561403,87.6103331496368,87.6103331496368,86.79571360502352,-0.1089650959772257,-0.923584640590505
s20,walk,s20_walk,10000,2021-01-01 11:23:17.309233,88.23529411764706,88.21931036453624,88.21931036453624,87.29397247085298,-0.01598375311081668,-0.9413216467940799
s20,walk,s20_walk,11000,2021-01-01 11:23:19.309233,90.09009009009009,87.72909084589337,87.72909084589337,87.44626390211711,-2.3609992441967194,-2.6438261879729765
s20,walk,s20_walk,12000,2021-01-01 11:23:21.309233,92.5925925925926,87.85877130537567,87.85877130537567,87.5906414932576,-4.7338212872169265,-5.001951099334988
s20,walk,s20_walk,13000,2021-01-01 11:23:23.309233,92.5925925925926,88.47152881969339,88.47152881969339,87.89895205751013,-4.1210637728992054,-4.693640535082466
s20,walk,s20_walk,14000,2021-01-01 11:23:25.309233,86.95652173913044,87.73493216896813,87.73493216896813,87.84154509652043,0.7784104298376917,0.885023357389997
s20,walk,s20_walk,15000,2021-01-01 11:23:27.309233,85.22727272727273,83.76266202034994,83.76266202034994,86.41393601986076,-1.464610706922798,1.1866632925880225
s20,walk,s20_walk,16000,2021-01-01 11:23:29.309233,84.26966292134831,84.08991051468833,84.08991051468833,85.6005270930504,-0.17975240665998626,1.330864171702089
s20,walk,s20_walk,17000,2021-01-01 11:23:31.309233,84.03361344537815,84.4552653381926,84.4552653381926,85.19968547885017,0.42165189281445237,1.1660720334720196
s20,walk,s20_walk,18000,2021-01-01 11:23:33.309233,83.68200836820084,83.8364512360256,83.8364512360256,84.72255349386157,0.15444286782475558,1.0405451256607279
s20,walk,s20_walk,19000,2021-01-01 11:23:35.309234,83.91608391608392,85.07692912147019,85.07692912147019,84.84658496352459,1.1608452053862663,0.9305010474406714
s20,walk,s20_walk,20000,2021-01-01 11:23:37.309234,88.23529411764706,85.58847710983558,85.58847710983558,85.10624721473344,-2.646817007811478,-3.1290469029136148
s20,walk,s20_walk,21000,2021-01-01 11:23:39.309234,90.09009009009009,87.95297209564073,87.95297209564073,86.102600923051,-2.137117994449355,-3.9874891670390866
s20,walk,s20_walk,22000,2021-01-01 11:23:41.309234,90.09009009009009,88.13389729193686,88.13389729193686,86.81355465216106,-1.956192798153225,-3.2765354379290272
s20,walk,s20_walk,23000,2021-01-01 11:23:43.309234,89.95502248875562,88.07306004459903,88.07306004459903,87.25438153951434,-1.881962444156585,-2.7006409492412757
s20,walk,s20_walk,24000,2021-01-01 11:23:45.309234,89.02077151335311,88.49723736198251,88.49723736198251,87.6893810773782,-0.5235341513705976,-1.3313904359749102
s20,walk,s20_walk,25000,2021-01-01 11:23:47.309234,89.68609865470852,88.60072486024744,88.60072486024744,88.00835140138243,-1.085373794461077,-1.677747253326089
s20,walk,s20_walk,26000,2021-01-01 11:23:49.309234,88.49557522123894,88.10849915463879,88.10849915463879,88.04340311502216,-0.3870760666001445,-0.4521721062167785
s20,walk,s20_walk,27000,2021-01-01 11:23:51.309234,85.9598853868195,84.90370019240709,84.90370019240709,86.94450709210687,-1.0561851944124072,0.9846217052873811
s20,walk,s20_walk,28000,2021-01-01 11:23:53.309234,81.9672131147541,82.64161236322627,82.64161236322627,85.43849393699867,0.6743992484721701,3.471280822244566
s20,walk,s20_walk,29000,2021-01-01 11:23:55.309234,81.9672131147541,82.3633599555094,82.3633599555094,84.36219704347742,0.39614684075529283,2.3949839287233203
s20,walk,s20_walk,30000,2021-01-01 11:23:57.309234,83.33333333333334,83.3975480674363,83.3975480674363,84.02456990186303,0.0642147341029613,0.6912365685296891
s20,walk,s20_walk,31000,2021-01-01 11:23:59.309234,85.59201141226819,87.35926334396524,87.35926334396524,85.1917126065988,1.7672519316970465,-0.4002988056693937
s20,walk,s20_walk,32000,2021-01-01 11:24:01.309234,85.59201141226819,87.55802791516564,87.55802791516564,86.01992296459719,1.9660165028974461,0.42791155232899314
s20,walk,s20_walk,33000,2021-01-01 11:24:03.309234,86.70520231213874,85.33766315841196,85.33766315841196,85.78113203243235,-1.3675391537267814,-0.9240702797063847
s20,walk,s20_walk,34000,2021-01-01 11:24:05.309234,85.59201141226819,87.43588859411628,87.43588859411628,86.36029682902173,1.843877181848086,0.7682854167535424
s20,walk,s20_walk,35000,2021-01-01 11:24:07.309234,87.97653958944281,87.96732479466588,87.96732479466588,86.92275661699719,-0.00921479477692344,-1.0537829724456174
s20,walk,s20_walk,36000,2021-01-01 11:24:09.309234,88.10572687224669,88.25125107642215,88.25125107642215,87.38772967779593,0.14552420417545875,-0.7179971944507599
s20,walk,s20_walk,37000,2021-01-01 11:24:11.309234,84.38818565400844,87.32275877244325,87.32275877244325,87.36498986092249,2.9345731184348125,2.9768042069140535
s20,walk,s20_walk,38000,2021-01-01 11:24:13.309234,81.19079837618403,83.19557929411623,83.19557929411623,85.9056961625403,2.0047809179321945,4.714897786356261
s20,walk,s20_walk,39000,2021-01-01 11:24:15.309234,81.9672131147541,83.60728098896863,83.60728098896863,85.10125085179021,1.6400678742145232,3.1340377370361097
s20,walk,s20_walk,40000,2021-01-01 11:24:17.309234,82.19178082191782,84.81820809526663,84.81820809526663,85.00218588700696,2.62642727334881,2.8104050650891423
s20,walk,s20_walk,41000,2021-01-01 11:24:19.309234,82.19178082191782,84.22574551408378,84.22574551408378,84.73043175648385,2.0339646921659664,2.5386509345660357
s20,walk,s20_walk,42000,2021-01-01 11:24:21.309234,81.9672131147541,83.93263721049493,83.93263721049493,84.45120366538772,1.965424095740829,2.483990550633621
s20,walk,s20_walk,43000,2021-01-01 11:24:23.309234,81.41112618724559,84.6921449694254,84.6921449694254,84.53553312180091,3.281018782179814,3.1244069345553243
s20,walk,s20_walk,44000,2021-01-01 11:24:25.309234,80.4289544235925,83.33445027633734,83.33445027633734,84.11515412588867,2.905495852744835,3.6861997022961646
s20,walk,s20_walk,45000,2021-01-01 11:24:27.309234,82.64462809917356,82.98235795485492,82.98235795485492,83.71867546602685,0.33772985568135994,1.0740473668532928
s20,walk,s20_walk,46000,2021-01-01 11:24:29.309234,82.64462809917356,84.72016489153408,84.72016489153408,84.06919676495438,2.0755367923605235,1.424568665780825
s20,walk,s20_walk,47000,2021-01-01 11:24:31.309234,82.98755186721992,85.16533429283278,85.16533429283278,84.45284489971182,2.177782425612861,1.4652930324918998
s20,walk,s20_walk,48000,2021-01-01 11:24:33.309234,81.85538881309687,84.64588329984656,84.64588329984656,84.52040833975897,2.7904944867496937,2.665019526662107
s20,walk,s20_walk,49000,2021-01-01 11:24:35.309234,80.53691275167785,83.29006922931462,83.29006922931462,84.08978965110344,2.7531564776367787,3.5528768994255984
s20,walk,s20_walk,50000,2021-01-01 11:24:37.309234,80.21390374331551,82.21779730916091,82.21779730916091,83.43459233142356,2.0038935658454022,3.2206885881080467
s20,walk,s20_walk,51000,2021-01-01 11:24:39.309234,82.64462809917356,84.19931575936593,84.19931575936593,83.70224553120339,1.5546876601923714,1.0576174320298293
s20,walk,s20_walk,52000,2021-01-01 11:24:41.309234,84.98583569405099,85.53476148051527,85.53476148051527,84.34362611346255,0.5489257864642809,-0.6422095805884425
s20,walk,s20_walk,53000,2021-01-01 11:24:43.309234,83.68200836820084,84.61072033474723,84.61072033474723,84.43710909091219,0.9287119665463877,0.7551007227113473
s20,walk,s20_walk,54000,2021-01-01 11:24:45.309234,79.57559681697613,82.55966973010062,82.55966973010062,83.78000531462814,2.9840729131244927,4.204408497652011
s20,walk,s20_walk,55000,2021-01-01 11:24:47.309234,79.57559681697613,83.19327384486812,83.19327384486812,83.57464930021213,3.617677027891986,3.9990524832359995
s20,walk,s20_walk,56000,2021-01-01 11:24:49.309234,85.9598853868195,87.5715714825896,87.5715714825896,84.97357206404425,1.6116860957701107,-0.9863133227752456
s20,walk,s20_walk,57000,2021-01-01 11:24:51.309234,86.83068017366136,87.87922317057667,87.87922317057667,85.99054995133059,1.0485429969153017,-0.840130222330771
s20,walk,s20_walk,58000,2021-01-01 11:24:53.309234,86.70520231213874,87.5188016861435,87.5188016861435,86.5254380585151,0.8135993740047667,-0.17976425362363102
s20,walk,s20_walk,59000,2021-01-01 11:24:55.309234,86.70520231213874,87.54738547928268,87.54738547928268,86.88311965578376,0.8421831671439435,0.17791734364502076
s20,walk,s20_walk,60000,2021-01-01 11:24:57.309234,87.46355685131195,88.60721387036695,88.60721387036695,87.48655263088787,1.1436570190549986,0.022995779575921915
s20,walk,s20_walk,61000,2021-01-01 11:24:59.309234,90.36144578313252,89.58257703154176,89.58257703154176,88.22016117111673,-0.778868751590764,-2.141284612015795
s20,walk,s20_walk,62000,2021-01-01 11:25:01.309234,89.28571428571428,89.35455300312086,89.35455300312086,88.61719831231817,0.0688387174065781,-0.6685159733961115
s20,walk,s20_walk,63000,2021-01-01 11:25:03.309234,87.5912408759124,87.69713699985019,87.69713699985019,88.29517685295437,0.10589612393778225,0.7039359770419651
s20,walk,s20_walk,64000,2021-01-01 11:25:05.309234,84.86562942008487,85.62845083648801,85.62845083648801,87.36182274719114,0.7628214164031419,2.496193327106269
s20,walk,s20_walk,65000,2021-01-01 11:25:07.309234,82.75862068965517,85.03799501334855,85.03799501334855,86.54848304034624,2.279374323693375,3.7898623506910667
s20,walk,s20_walk,66000,2021-01-01 11:25:09.309234,84.1514726507714,85.2833219036327,85.2833219036327,86.1056766424965,1.1318492528613007,1.9542039917251088
s20,walk,s20_walk,67000,2021-01-01 11:25:11.309234,84.74576271186442,86.17723252385125,86.17723252385125,86.13072120097067,1.4314698119868297,1.3849584891062534
s20,walk,s20_walk,68000,2021-01-01 11:25:13.309234,85.47008547008548,108.92003213727834,108.92003213727834,93.13072120097067,23.44994666719286,7.66063573088519
s20,walk,s20_walk,69000,2021-01-01 11:25:15.309234,86.95652173913044,87.97379581235685,87.97379581235685,91.32579731495584,1.0172740732264174,4.369275575825398
s20,walk,s20_walk,70000,2021-01-01 11:25:17.309234,86.20689655172414,87.77181405476095,87.77181405476095,90.08190317388762,1.5649175030368099,3.8750066221634825
s20,walk,s20_walk,71000,2021-01-01 11:25:19.309234,81.08108108108108,85.35815640152774,85.35815640152774,88.42859180356166,4.277075320446656,7.347510722480578
s20,walk,s20_walk,72000,2021-01-01 11:25:21.309234,81.08108108108108,82.79095987058453,82.79095987058453,86.45542062701966,1.709878789503449,5.374339545938582
s20,walk,s20_walk,73000,2021-01-01 11:25:23.309234,84.03361344537815,83.08733731267918,83.08733731267918,85.2765914670005,-0.9462761326989693,1.2429780216223492
s20,walk,s20_walk,74000,2021-01-01 11:25:25.309234,84.03361344537815,83.06946326339515,83.06946326339515,84.50409659573863,-0.9641501819830012,0.4704831503604794
s20,walk,s20_walk,75000,2021-01-01 11:25:27.309234,83.10249307479225,83.79288760245929,83.79288760245929,84.25517344809086,0.6903945276670385,1.1526803732986082
s20,walk,s20_walk,76000,2021-01-01 11:25:29.309234,80.64516129032258,84.47464942315825,84.47464942315825,84.33199003936444,3.829488132835678,3.686828749041865
s20,walk,s20_walk,77000,2021-01-01 11:25:31.309234,80.21390374331551,84.60100887441465,84.60100887441465,84.42614663163201,4.387105131099133,4.212242888316496
s20,walk,s20_walk,78000,2021-01-01 11:25:33.309234,81.41112618724559,84.45196859008524,84.45196859008524,84.43518431709064,3.040842402839658,3.0240581298450593
s20,walk,s20_walk,79000,2021-01-01 11:25:35.309234,86.95652173913044,86.28079341745237,86.28079341745237,85.08114750221725,-0.675728321678065,-1.8753742369131885
s20,walk,s20_walk,80000,2021-01-01 11:25:37.309234,87.2093023255814,88.22005972810753,88.22005972810753,86.17976678127884,1.0107574025261243,-1.0295355443025613
s20,walk,s20_walk,81000,2021-01-01 11:25:39.309234,87.2093023255814,86.95629156604637,86.95629156604637,86.45155045594748,-0.25301075953503016,-0.7577518696339212
s20,walk,s20_walk,82000,2021-01-01 11:25:41.309234,84.74576271186442,86.12495773354966,86.12495773354966,86.33724300310824,1.3791950216852484,1.5914802912438262
s20,walk,s20_walk,83000,2021-01-01 11:25:43.309234,82.98755186721992,83.56138931296456,83.56138931296456,85.36569421155795,0.573837445744644,2.3781423443380305
s20,walk,s20_walk,84000,2021-01-01 11:25:45.309234,85.59201141226819,86.42975932295101,86.42975932295101,85.73811700054551,0.8377479106828218,0.14610558827732234
s20,walk,s20_walk,85000,2021-01-01 11:25:47.309234,87.71929824561403,88.02130129138789,88.02130129138789,86.53723150234035,0.3020030457738585,-1.1820667432736798
s20,walk,s20_walk,86000,2021-01-01 11:25:49.309234,89.82035928143712,88.23018812634533,88.23018812634533,87.12976632074208,-1.5901711550917952,-2.6905929606950423
s20,walk,s20_walk,87000,2021-01-01 11:25:51.309234,90.09009009009009,88.03506573574272,88.03506573574272,87.4466211159923,-2.055024354347367,-2.643468974097786
s20,walk,s20_walk,88000,2021-01-01 11:25:53.309234,89.28571428571428,88.34905903303756,88.34905903303756,87.76247438695813,-0.9366552526767151,-1.5232398987561453
s20,walk,s20_walk,89000,2021-01-01 11:25:55.309234,89.02077151335311,88.47368401724515,88.47368401724515,88.01139775755858,-0.547087496107963,-1.0093737557945275
s20,walk,s20_walk,90000,2021-01-01 11:25:57.309234,91.1854103343465,88.01905798566942,88.01905798566942,88.01407883739738,-3.16635234867708,-3.171331496949122
s20,walk,s20_walk,91000,2021-01-01 11:25:59.309234,92.87925696594426,89.41375972886475,89.41375972886475,88.50396714941095,-3.465497237079518,-4.375289816533311
s20,walk,s20_walk,92000,2021-01-01 11:26:01.309234,92.87925696594426,91.2393404839724,91.2393404839724,89.46134781650747,-1.6399164819718663,-3.4179091494367952
s20,walk,s20_walk,93000,2021-01-01 11:26:03.309234,91.1854103343465,87.50070854561648,87.50070854561648,88.77512407169561,-3.684701788730024,-2.410286262650885
s20,walk,s20_walk,94000,2021-01-01 11:26:05.309234,89.82035928143712,87.7860991410249,87.7860991410249,88.42896534596086,-2.034260140412215,-1.391393935476259
s20,walk,s20_walk,95000,2021-01-01 11:26:07.309234,89.02077151335311,88.37110774419463,88.37110774419463,88.40871518534269,-0.6496637691584795,-0.612056328010425
s20,walk,s20_walk,96000,2021-01-01 11:26:09.309234,89.82035928143712,87.67838402805266,87.67838402805266,88.15309928029117,-2.1419752533844587,-1.667260001145948
s20,walk,s20_walk,97000,2021-01-01 11:26:11.309234,89.02077151335311,88.73806723320313,88.73806723320313,88.35783806381036,-0.2827042801499857,-0.6629334495427486
s20,walk,s20_walk,98000,2021-01-01 11:26:13.309234,87.46355685131195,88.05110377117286,88.05110377117286,88.25048106138723,0.5875469198609125,0.7869242100752842
s20,walk,s20_walk,99000,2021-01-01 11:26:15.309234,86.95652173913044,88.30293656789767,88.30293656789767,88.26884048866589,1.3464148287672373,1.31231874953545
s20,walk,s20_walk,100000,2021-01-01 11:26:17.309234,85.71428571428572,87.56898203682253,87.56898203682253,88.0238900305207,1.8546963225368103,2.3096043162349815
s20,walk,s20_walk,101000,2021-01-01 11:26:19.309234,81.9672131147541,84.98499739620169,84.98499739620169,86.96027760850905,3.0177842814475895,4.993064493754943
s20,walk,s20_walk,102000,2021-01-01 11:26:21.309234,81.08108108108108,83.81580753781597,83.81580753781597,85.85971308376647,2.73472645673489,4.778632002685384
s20,walk,s20_walk,103000,2021-01-01 11:26:23.309234,81.74386920980926,83.32878457945031,83.32878457945031,84.97388810725582,1.5849153696410525,3.2300188974465556
s20,walk,s20_walk,104000,2021-01-01 11:26:25.309234,84.26966292134831,84.32541811727855,84.32541811727855,84.74692361076377,0.055755195930231594,0.4772606894154592
s20,walk,s20_walk,105000,2021-01-01 11:26:27.309234,82.64462809917356,87.85578704406839,87.85578704406839,85.83502581242038,5.211158944894834,3.190397713246824
s20,walk,s20_walk,106000,2021-01-01 11:26:29.309234,82.07934336525308,84.0181296737269,84.0181296737269,85.19911216387766,1.9387863084738228,3.119768798624577
s20,walk,s20_walk,107000,2021-01-01 11:26:31.309234,80.86253369272237,84.24899111526257,84.24899111526257,84.86656979686238,3.3864574225402038,4.004036104140013
s20,walk,s20_walk,108000,2021-01-01 11:26:33.309234,80.86253369272237,80.91216292025273,80.91216292025273,83.482527390049,0.049629227530360254,2.6199936973266347
s20,walk,s20_walk,109000,2021-01-01 11:26:35.309234,81.9672131147541,82.66303080933946,82.66303080933946,83.19570358680066,0.695817694585358,1.228490472046559
s20,walk,s20_walk,110000,2021-01-01 11:26:37.309234,84.6262341325811,84.25822872120342,84.25822872120342,83.56758738384163,-0.3680054113776805,-1.058646748739477
s20,walk,s20_walk,111000,2021-01-01 11:26:39.309234,84.6262341325811,85.58694767993116,85.58694767993116,84.27436348747295,0.9607135473500534,-0.3518706451081499
s20,walk,s20_walk,112000,2021-01-01 11:26:41.309234,84.6262341325811,84.01522373913157,84.01522373913157,84.18366457555348,-0.6110103934495328,-0.4425695570276247
s20,walk,s20_walk,113000,2021-01-01 11:26:43.309234,85.47008547008548,84.32977079577496,84.32977079577496,84.234801752631,-1.1403146743105168,-1.2352837174544788
s20,walk,s20_walk,114000,2021-01-01 11:26:45.309234,85.47008547008548,84.39759751448386,84.39759751448386,84.2917802692795,-1.0724879556016162,-1.1783052008059798
s20,walk,s20_walk,115000,2021-01-01 11:26:47.309234,90.9090909090909,89.0099417685195,89.0099417685195,85.9431367940135,-1.89914914057141,-4.965954115077409
s20,walk,s20_walk,116000,2021-01-01 11:26:49.309234,91.46341463414632,87.67134957140752,87.67134957140752,86.54801126610141,-3.7920650627388,-4.915403368044906
s20,walk,s20_walk,117000,2021-01-01 11:26:51.309234,91.46341463414632,84.39166703787996,84.39166703787996,85.7932907862239,-7.071747596266363,-5.670123847922412
s20,walk,s20_walk,118000,2021-01-01 11:26:53.309234,86.95652173913044,87.5561367290125,87.5561367290125,86.41028686619991,0.5996149898820562,-0.5462348729305262
s20,walk,s20_walk,119000,2021-01-01 11:26:55.309234,86.95652173913044,87.51804981017354,87.51804981017354,86.79800389659069,0.5615280710430994,-0.15851784253975154
s20,walk,s20_walk,120000,2021-01-01 11:26:57.309234,92.0245398773006,88.57433496586965,88.57433496586965,87.41971977083833,-3.4502049114309443,-4.60482010646227
s20,walk,s20_walk,121000,2021-01-01 11:26:59.309234,94.33962264150944,85.56304098083143,85.56304098083143,86.76988219433592,-8.776581660678005,-7.5697404471735155
s20,walk,s20_walk,122000,2021-01-01 11:27:01.309234,93.45794392523364,88.09392906339531,88.09392906339531,87.2332985985067,-5.364014861838328,-6.224645326726929
s20,walk,s20_walk,123000,2021-01-01 11:27:03.309234,89.02077151335311,88.93151015137238,88.93151015137238,87.82767264200969,-0.08926136198073209,-1.1930988713434232
s20,walk,s20_walk,124000,2021-01-01 11:27:05.309234,88.75739644970413,85.75568585205335,85.75568585205335,87.10247726552497,-3.001710597650785,-1.654919184179164
s20,walk,s20_walk,125000,2021-01-01 11:27:07.309234,88.23529411764706,86.88752367049902,86.88752367049902,87.0272435072659,-1.3477704471480365,-1.2080506103811643
s20,walk,s20_walk,126000,2021-01-01 11:27:09.309234,88.23529411764706,87.51322751546489,87.51322751546489,87.19733791013553,-0.7220666021821671,-1.0379562075115274
s20,walk,s20_walk,127000,2021-01-01 11:27:11.309234,88.75739644970413,87.948794393582,87.948794393582,87.4603476793418,-0.8086020561221261,-1.2970487703623377
s20,walk,s20_walk,128000,2021-01-01 11:27:13.309234,89.28571428571428,88.65860242245279,88.65860242245279,87.87973683943065,-0.62711186326149,-1.4059774462836288
s20,walk,s20_walk,129000,2021-01-01 11:27:15.309234,90.9090909090909,88.56626151504295,88.56626151504295,88.12002047589496,-2.3428293940479534,-2.7890704331959455
s20,walk,s20_walk,130000,2021-01-01 11:27:17.309234,90.9090909090909,89.04509772599222,89.04509772599222,88.443797513429,-1.8639931830986853,-2.4652933956619023
s20,walk,s20_walk,131000,2021-01-01 11:27:19.309234,87.97653958944281,87.74105763138196,87.74105763138196,88.19783855471255,-0.23548195806084493,0.2212989652697388
s20,walk,s20_walk,132000,2021-01-01 11:27:21.309234,87.97653958944281,87.79072895898855,87.79072895898855,88.05535019620915,-0.18581063045425594,0.07881060676633922
s20,walk,s20_walk,133000,2021-01-01 11:27:23.309234,91.46341463414632,88.4943867632687,88.4943867632687,88.20901299467998,-2.9690278708776248,-3.2544016394663373
s20,walk,s20_walk,134000,2021-01-01 11:27:25.309234,93.45794392523364,89.03599831485447,89.03599831485447,88.49845785674106,-4.421945610379169,-4.959486068492581
s20,walk,s20_walk,135000,2021-01-01 11:27:27.309234,93.75,89.09955661848916,89.09955661848916,88.70884242335289,-4.65044338151084,-5.041157576647109
s20,walk,s20_walk,136000,2021-01-01 11:27:29.309234,90.36144578313252,82.36619598007633,82.36619598007633,86.48891616820609,-7.995249803056197,-3.872529614926435
s20,walk,s20_walk,137000,2021-01-01 11:27:31.309234,88.75739644970413,84.3240547712575,84.3240547712575,85.73121467927407,-4.433341678446638,-3.026181770430057
s20,walk,s20_walk,138000,2021-01-01 11:27:33.309234,88.75739644970413,87.11866660036553,87.11866660036553,86.21682285165608,-1.6387298493386027,-2.5405735980480557
s20,walk,s20_walk,139000,2021-01-01 11:27:35.309234,94.04388714733544,82.42667632358342,82.42667632358342,84.89027156683065,-11.617210823752018,-9.153615580504791
s20,walk,s20_walk,140000,2021-01-01 11:27:37.309234,97.0873786407767,83.14752134015245,83.14752134015245,84.28030898749327,-13.939857300624254,-12.807069653283435
s20,walk,s20_walk,141000,2021-01-01 11:27:39.309234,97.0873786407767,85.59438025690118,85.59438025690118,84.74023393178604,-11.49299838387553,-12.347144708990669
s20,walk,s20_walk,142000,2021-01-01 11:27:41.309234,95.69377990430624,85.59649059243476,85.59649059243476,85.03992376301309,-10.097289311871478,-10.653856141293147
s20,walk,s20_walk,143000,2021-01-01 11:27:43.309234,95.69377990430624,85.05943014135691,85.05943014135691,85.04675099543343,-10.634349762949327,-10.647028908872812
s20,walk,s20_walk,144000,2021-01-01 11:27:45.309234,93.89671361502349,85.08699411441171,85.08699411441171,85.06083608707583,-8.809719500611777,-8.835877527947659
s20,walk,s20_walk,145000,2021-01-01 11:27:47.309234,95.69377990430624,86.11947964241604,86.11947964241604,85.4313613314449,-9.574300261890201,-10.262418572861336
s20,walk,s20_walk,146000,2021-01-01 11:27:49.309234,95.84664536741214,84.30627124572408,84.30627124572408,85.03757980144262,-11.54037412168806,-10.809065565969519
s20,walk,s20_walk,147000,2021-01-01 11:27:51.309234,94.04388714733544,86.87150027077618,86.87150027077618,85.67945196570936,-7.172386876559258,-8.364435181626078
s20,walk,s20_walk,148000,2021-01-01 11:27:53.309235,94.04388714733544,83.91181289046685,83.91181289046685,85.06077828937448,-10.132074256868592,-8.983108857960957
s20,walk,s20_walk,149000,2021-01-01 11:27:55.309235,88.49557522123894,84.05021845046839,84.05021845046839,84.70708234575736,-4.445356770770545,-3.7884928754815803
s20,walk,s20_walk,150000,2021-01-01 11:27:57.309235,85.47008547008548,85.23391050677057,85.23391050677057,84.89147220211198,-0.23617496331490884,-0.5786132679734948
s20,walk,s20_walk,151000,2021-01-01 11:27:59.309235,85.47008547008548,81.16642808956361,81.16642808956361,83.58770676272005,-4.303657380521869,-1.882378707365433
s20,walk,s20_walk,152000,2021-01-01 11:28:01.309235,89.02077151335311,82.94824105459392,82.94824105459392,83.36389376487591,-6.072530458759189,-5.6568777484772
s20,walk,s20_walk,153000,2021-01-01 11:28:03.309235,89.02077151335311,83.39474200055919,83.39474200055919,83.37469064736506,-5.62602951279392,-5.646080865988054
s20,walk,s20_walk,154000,2021-01-01 11:28:05.309235,84.74576271186442,84.4740232581294,84.4740232581294,83.75945706113258,-0.27173945373500885,-0.9863056507318362
s20,walk,s20_walk,155000,2021-01-01 11:28:07.309235,84.6262341325811,84.41706374762862,84.41706374762862,83.9896194014062,-0.2091703849524862,-0.6366147311749017
s20,walk,s20_walk,156000,2021-01-01 11:28:09.309235,84.74576271186442,84.11469641144417,84.11469641144417,84.03339635491949,-0.6310663004202439,-0.7123663569449263
s20,walk,s20_walk,157000,2021-01-01 11:28:11.309235,85.1063829787234,100.8527522506119,100.8527522506119,89.92017091841183,15.746369271888497,4.8137879396884244
s20,walk,s20_walk,158000,2021-01-01 11:28:13.309235,84.38818565400844,84.54374192324936,84.54374192324936,88.03842077010496,0.15555626924091825,3.6502351160965247
s20,walk,s20_walk,159000,2021-01-01 11:28:15.309235,82.75862068965517,84.7415989790871,84.7415989790871,86.88453314324872,1.9829782894319266,4.125912453593543
s20,walk,s20_walk,160000,2021-01-01 11:28:17.309235,78.94736842105263,81.57201271767057,81.57201271767057,85.02515099429637,2.6246442966179444,6.077782573243738
s20,walk,s20_walk,161000,2021-01-01 11:28:19.309235,79.6812749003984,83.2044855069719,83.2044855069719,84.3879180737328,3.5232106065734996,4.706643173334399
s20,walk,s20_walk,162000,2021-01-01 11:28:21.309235,87.46355685131195,83.72305206017016,83.72305206017016,84.15521496898589,-3.740504791141788,-3.3083418823260615
s20,walk,s20_walk,163000,2021-01-01 11:28:23.309235,87.46355685131195,87.20244943368785,87.20244943368785,85.22174703163158,-0.2611074176241033,-2.2418098196803697
s20,walk,s20_walk,164000,2021-01-01 11:28:25.309235,85.71428571428572,86.94342617004921,86.94342617004921,85.82433473007775,1.2291404557634849,0.11004901579202908
s20,walk,s20_walk,165000,2021-01-01 11:28:27.309235,84.26966292134831,84.12325928473336,84.12325928473336,85.22895832420721,-0.1464036366149486,0.9592954028588991
s20,walk,s20_walk,166000,2021-01-01 11:28:29.309235,84.50704225352113,83.76315635443602,83.76315635443602,84.71592763478729,-0.7438858990851145,0.20888538126615686
s20,walk,s20_walk,167000,2021-01-01 11:28:31.309235,84.50704225352113,83.81185326211695,83.81185326211695,84.39950160435268,-0.69518899140418,-0.10754064916845607
s20,walk,s20_walk,168000,2021-01-01 11:28:33.309235,84.6262341325811,85.97094130520226,85.97094130520226,84.94950549965003,1.3447071726211561,0.32327136706892645
s20,walk,s20_walk,169000,2021-01-01 11:28:35.309235,83.91608391608392,85.45592279948374,85.45592279948374,85.12675155459183,1.539838883399824,1.210667638507914
s20,walk,s20_walk,170000,2021-01-01 11:28:37.309235,82.53094910591471,83.9801879232053,83.9801879232053,84.72545428360655,1.449238817290592,2.1945051776918376
s20,walk,s20_walk,171000,2021-01-01 11:28:39.309235,82.53094910591471,84.46254001322501,84.46254001322501,84.633434288973,1.9315909073102944,2.102485183058292
s20,walk,s20_walk,172000,2021-01-01 11:28:41.309235,83.79888268156425,85.00420674680645,85.00420674680645,84.76320464921471,1.2053240652421948,0.9643219676504629
s20,walk,s20_walk,173000,2021-01-01 11:28:43.309235,88.49557522123894,88.81258346557713,88.81258346557713,86.18048723494155,0.3170082443381972,-2.315087986297385
s20,walk,s20_walk,174000,2021-01-01 11:28:45.309235,88.75739644970413,88.98764790243635,88.98764790243635,87.16299346856474,0.2302514527322188,-1.594402981139396
s20,walk,s20_walk,175000,2021-01-01 11:28:47.309235,89.28571428571428,88.92073661628598,88.92073661628598,87.77820357026717,-0.3649776694282991,-1.5075107154471112
s20,walk,s20_walk,176000,2021-01-01 11:28:49.309235,90.63444108761328,88.44014558067826,88.44014558067826,88.00988327391104,-2.1942955069350205,-2.624557813702239
s20,walk,s20_walk,177000,2021-01-01 11:28:51.309235,90.36144578313252,88.83077928128876,88.83077928128876,88.29719687649325,-1.5306665018437684,-2.0642489066392784
s20,walk,s20_walk,178000,2021-01-01 11:28:53.309235,91.1854103343465,89.32654335246342,89.32654335246342,88.65746814308281,-1.8588669818830823,-2.5279421912636906
s20,walk,s20_walk,179000,2021-01-01 11:28:55.309235,88.75739644970413,88.37080467722488,88.37080467722488,88.55713593003253,-0.3865917724792496,-0.20026051967160186
s20,walk,s20_walk,180000,2021-01-01 11:28:57.309235,86.45533141210375,87.80201676283679,87.80201676283679,88.29284422151402,1.3466853507330399,1.8375128094102706
s20,walk,s20_walk,181000,2021-01-01 11:28:59.309235,85.9598853868195,87.76340620801183,87.76340620801183,88.10754091678825,1.8035208211923361,2.147655529968759
s20,walk,s20_walk,182000,2021-01-01 11:29:01.309235,89.28571428571428,87.31779825776667,87.31779825776667,87.8311309861307,-1.9679160279476093,-1.4545832995835752
s20,walk,s20_walk,183000,2021-01-01 11:29:03.309235,89.4187779433681,88.19033316118656,88.19033316118656,87.95685174740025,-1.2284447821815405,-1.4619261959678482
s20,walk,s20_walk,184000,2021-01-01 11:29:05.309235,89.28571428571428,86.74528291844766,86.74528291844766,87.53280265726684,-2.5404313672666206,-1.7529116284474355
s20,walk,s20_walk,185000,2021-01-01 11:29:07.309235,87.2093023255814,85.60097669134885,85.60097669134885,86.85666356919555,-1.608325634232557,-0.35263875638585773
s20,walk,s20_walk,186000,2021-01-01 11:29:09.309235,84.6262341325811,86.25311539771035,86.25311539771035,86.64542170917572,1.6268812651292421,2.019187576594618
s20,walk,s20_walk,187000,2021-01-01 11:29:11.309235,83.79888268156425,86.25958694697707,86.25958694697707,86.5103795424062,2.460704265412815,2.7114968608419474
s20,walk,s20_walk,188000,2021-01-01 11:29:13.309235,84.98583569405099,85.31730654738182,85.31730654738182,86.09280399414766,0.3314708533308277,1.1069683000966677
s20,walk,s20_walk,189000,2021-01-01 11:29:15.309235,85.71428571428572,88.68236210804248,88.68236210804248,86.99914933401084,2.9680763937567605,1.2848636197251153
s20,walk,s20_walk,190000,2021-01-01 11:29:17.309235,92.3076923076923,88.49476922532416,88.49476922532416,87.5226162959705,-3.812923082368144,-4.785076011721813
s20,walk,s20_walk,191000,2021-01-01 11:29:19.309235,92.3076923076923,89.32789643839153,89.32789643839153,88.15446434581786,-2.979795869300773,-4.15322796187445
s20,walk,s20_walk,192000,2021-01-01 11:29:21.309235,89.15304606240713,89.1519482502691,89.1519482502691,88.50358371237579,-0.0010978121380276207,-0.6494623500313423
s20,walk,s20_walk,193000,2021-01-01 11:29:23.309235,88.10572687224669,86.18345190721912,86.18345190721912,87.69153758057095,-1.9222749650275688,-0.4141892916757399
s20,walk,s20_walk,194000,2021-01-01 11:29:25.309235,92.0245398773006,88.93503963765765,88.93503963765765,88.12676330055129,-3.0895002396429447,-3.897776576749308
s20,walk,s20_walk,195000,2021-01-01 11:29:27.309235,93.45794392523364,91.17209465349804,91.17209465349804,89.19262927408265,-2.2858492717356,-4.265314651150987
s20,walk,s20_walk,196000,2021-01-01 11:29:29.309235,93.45794392523364,91.6168227825873,91.6168227825873,90.04109700205927,-1.8411211426463296,-3.4168469231743615
s20,walk,s20_walk,197000,2021-01-01 11:29:31.309235,87.46355685131195,89.41322349822302,89.41322349822302,89.82134127571659,1.9496666469110693,2.3577844244046418
s20,walk,s20_walk,198000,2021-01-01 11:29:33.309235,82.64462809917356,83.33018823676937,83.33018823676937,87.54943771208507,0.6855601375958145,4.904809612911507
s20,walk,s20_walk,199000,2021-01-01 11:29:35.309235,82.19178082191782,82.68545974247508,82.68545974247508,85.84704542272156,0.49367892055725804,3.655264600803747
s20,walk,s20_walk,200000,2021-01-01 11:29:37.309235,83.91608391608392,83.88776787982098,83.88776787982098,85.16129828270635,-0.028316036262935995,1.2452143666224345
s20,walk,s20_walk,201000,2021-01-01 11:29:39.309235,85.22727272727273,88.42695806640496,88.42695806640496,86.30427920700086,3.1996853391322304,1.0770064797281265
s20,walk,s20_walk,202000,2021-01-01 11:29:41.309235,86.08321377331421,88.302130956678,88.302130956678,87.00352731938786,2.2189171833637857,0.9203135460736434
s20,walk,s20_walk,203000,2021-01-01 11:29:43.309235,86.45533141210375,101.4872443374538,101.4872443374538,92.07282827571095,15.031912925350056,5.617496863607201
s20,walk,s20_walk,204000,2021-01-01 11:29:45.309235,86.70520231213874,89.18444573586437,89.18444573586437,91.06189438676465,2.4792434237256344,4.3566920746259115
s20,walk,s20_walk,205000,2021-01-01 11:29:47.309235,87.71929824561403,88.00426393790613,88.00426393790613,89.99172372966417,0.2849656922921042,2.272425484050146
s20,walk,s20_walk,206000,2021-01-01 11:29:49.309235,90.09009009009009,88.42786754926885,88.42786754926885,89.44437406652581,-1.662222540821233,-0.645716023564276
s20,walk,s20_walk,207000,2021-01-01 11:29:51.309235,90.36144578313252,88.51362136384732,88.51362136384732,89.11861062058834,-1.8478244192852031,-1.242835162544182
s20,walk,s20_walk,208000,2021-01-01 11:29:53.309235,90.36144578313252,83.65516400802613,83.65516400802613,87.20640430619157,-6.70628177510639,-3.1550414769409514
s20,walk,s20_walk,209000,2021-01-01 11:29:55.309235,83.91608391608392,84.51154329560747,84.51154329560747,86.26320295248713,0.5954593795235468,2.347119036403214
s20,walk,s20_walk,210000,2021-01-01 11:29:57.309235,80.75370121130553,84.52819718818543,84.52819718818543,85.65595093498153,3.774495976879905,4.902249723676007
s20,walk,s20_walk,211000,2021-01-01 11:29:59.309235,80.75370121130553,84.70789787313522,84.70789787313522,85.32413236333532,3.954196661829698,4.570431152029798
s20,walk,s20_walk,212000,2021-01-01 11:30:01.309235,86.58008658008657,87.99972792120379,87.99972792120379,86.26059080858928,1.419641341117213,-0.31949577149728725
s20,walk,s20_walk,213000,2021-01-01 11:30:03.309235,85.71428571428572,86.59008298215872,86.59008298215872,86.37591306933858,0.875797267872997,0.6616273550528575
s20,walk,s20_walk,214000,2021-01-01 11:30:05.309235,84.86562942008487,85.3290032158607,85.3290032158607,86.00949462062133,0.4633737957758228,1.1438652005364531
s20,walk,s20_walk,215000,2021-01-01 11:30:07.309235,81.30081300813008,82.86360254602579,82.86360254602579,84.90843239451289,1.5627895378957106,3.607619386382808
s20,walk,s20_walk,216000,2021-01-01 11:30:09.309235,83.10249307479225,83.22919705789762,83.22919705789762,84.32070002669755,0.12670398310537223,1.2182069519053016
s20,walk,s20_walk,217000,2021-01-01 11:30:11.309235,84.1514726507714,83.32134631659706,83.32134631659706,83.97092622816237,-0.8301263341743379,-0.18054642260902654
s20,walk,s20_walk,218000,2021-01-01 11:30:13.309235,88.23529411764706,87.29227351780608,87.29227351780608,85.13339777953766,-0.9430205998409775,-3.1018963381093982
s20,walk,s20_walk,219000,2021-01-01 11:30:15.309235,98.19967266775778,94.07978149561299,94.07978149561299,88.26463208016402,-4.11989117214479,-9.935040587593761
s20,walk,s20_walk,220000,2021-01-01 11:30:17.309235,98.36065573770492,98.39653985053911,98.39653985053911,91.81079979979529,0.03588411283419646,-6.549855937909626
s20,walk,s20_walk,221000,2021-01-01 11:30:19.309235,98.36065573770492,93.53012793510587,93.53012793510587,92.412564647154,-4.83052780259905,-5.948091090550918
s20,walk,s20_walk,222000,2021-01-01 11:30:21.309235,89.82035928143712,88.29540698397558,88.29540698397558,90.97155946504155,-1.5249522974615388,1.1512001836044305
s20,walk,s20_walk,223000,2021-01-01 11:30:23.309235,92.5925925925926,87.60673342693889,87.60673342693889,89.79387035170562,-4.985859165653707,-2.798722240886974
s20,walk,s20_walk,224000,2021-01-01 11:30:25.309235,96.61835748792272,83.24225815647544,83.24225815647544,87.50080608337507,-13.376099331447278,-9.117551404547655
s20,walk,s20_walk,225000,2021-01-01 11:30:27.309235,96.61835748792272,82.05845300536615,82.05845300536615,85.59598250607195,-14.559904482556576,-11.022374981850774
s20,walk,s20_walk,226000,2021-01-01 11:30:29.309235,96.4630225080386,83.6695617797666,83.6695617797666,84.92173525186507,-12.79346072827201,-11.541287256173533
s20,walk,s20_walk,227000,2021-01-01 11:30:31.309235,94.9367088607595,84.00803967378691,84.00803967378691,84.60194179953771,-10.928669186972584,-10.334767061221783
s20,walk,s20_walk,228000,2021-01-01 11:30:33.309235,94.33962264150944,82.81986532851461,82.81986532851461,83.97821503467964,-11.519757312994827,-10.3614076068298
s20,walk,s20_walk,229000,2021-01-01 11:30:35.309235,95.38950715421304,84.52318253921415,84.52318253921415,84.16895366126671,-10.866324614998888,-11.220553492946323
s20,walk,s20_walk,230000,2021-01-01 11:30:37.309235,95.54140127388536,84.44517988627395,84.44517988627395,84.26563284001924,-11.096221387611408,-11.27576843386612
s20,walk,s20_walk,231000,2021-01-01 11:30:39.309235,94.33962264150944,84.75674421403976,84.75674421403976,84.43752182092642,-9.58287842746968,-9.902100820583016
s20,walk,s20_walk,232000,2021-01-01 11:30:41.322556,95.54140127388536,84.5398848003909,84.5398848003909,84.47334886373898,-11.001516473494462,-11.068052410146379
s20,walk,s20_walk,233000,2021-01-01 11:30:43.322556,96.61835748792272,85.49975781148616,85.49975781148616,84.83259199545049,-11.11859967643656,-11.785765492472237
s20,walk,s20_walk,234000,2021-01-01 11:30:45.322557,97.87928221859708,93.88765985555708,93.88765985555708,88.0018657464878,-3.9916223630400083,-9.877416472109289
s20,walk,s20_walk,235000,2021-01-01 11:30:47.322557,97.87928221859708,94.46549197378673,94.46549197378673,90.26413492604243,-3.4137902448103574,-7.615147292554653
s20,walk,s20_walk,236000,2021-01-01 11:30:49.322557,94.33962264150944,83.7949206618947,83.7949206618947,87.99990993359071,-10.544701979614743,-6.339712707918721
s20,walk,s20_walk,237000,2021-01-01 11:30:51.322557,84.98583569405099,86.70919711683423,86.70919711683423,87.54816044772595,1.723361422783242,2.5623247536749574
s20,walk,s20_walk,238000,2021-01-01 11:30:53.322557,83.10249307479225,84.63770938626153,84.63770938626153,86.5295025762134,1.5352163114692843,3.4270095014211535
s21,run,s21_run,0,2021-01-01 12:48:27.756090,96.93053311793214,96.17888476415438,96.17888476415438,96.17888476415438,-0.7516483537777674,-0.7516483537777674
s21,run,s21_run,1000,2021-01-01 12:48:29.756090,97.87928221859708,97.1839298941905,97.1839298941905,96.53065055966701,-0.6953523244065849,-1.3486316589300742
s21,run,s21_run,2000,2021-01-01 12:48:31.756090,98.52216748768473,98.51720944039648,98.51720944039648,97.22594616792233,-0.004958047288241119,-1.2962213197623953
s21,run,s21_run,3000,2021-01-01 12:48:33.756090,99.66777408637874,100.24004458434213,100.24004458434213,98.28088061366927,0.5722704979633875,-1.386893472709474
s21,run,s21_run,4000,2021-01-01 12:48:35.756090,100.8403361344538,100.79185306880053,100.79185306880053,99.1597209729652,-0.048483065653272206,-1.6806151614886033
s21,run,s21_run,5000,2021-01-01 12:48:37.756090,100.1669449081803,100.4865196452734,100.4865196452734,99.62410050827307,0.3195747370931059,-0.5428443999072243
s21,run,s21_run,6000,2021-01-01 12:48:39.756090,99.17355371900828,99.32333349248862,99.32333349248862,99.51883205274851,0.14977977348033278,0.3452783337402252
s21,run,s21_run,7000,2021-01-01 12:48:41.756090,99.009900990099,99.57328254544241,99.57328254544241,99.53788972519138,0.5633815553434118,0.5279887350923786
s21,run,s21_run,8000,2021-01-01 12:48:43.756090,99.50248756218906,99.59995473538,99.59995473538,99.55961247875739,0.09746717319093534,0.05712491656832697
s21,run,s21_run,9000,2021-01-01 12:48:45.756090,99.83361064891848,99.54176418082514,99.54176418082514,99.55336557448109,-0.2918464680933397,-0.28024507443738855
s21,run,s21_run,10000,2021-01-01 12:48:47.756090,101.35135135135135,100.45524645086024,100.45524645086024,99.86902388121379,-0.8961049004911104,-1.4823274701375624
s21,run,s21_run,11000,2021-01-01 12:48:49.756090,100.67114093959732,100.67216417429101,100.67216417429101,100.15012298379082,0.0010232346936902559,-0.5210179558064993
s21,run,s21_run,12000,2021-01-01 12:48:51.756090,99.009900990099,99.52732319167495,99.52732319167495,99.93214305655027,0.517422201575954,0.9222420664512754
s21,run,s21_run,13000,2021-01-01 12:48:53.756090,98.6842105263158,98.96386879415374,98.96386879415374,99.59324706471148,0.2796582678379451,0.9090365383956822
s21,run,s21_run,14000,2021-01-01 12:48:55.756090,95.69377990430624,96.59366466887356,96.59366466887356,98.5433932261682,0.899884764567318,2.849613321861966
s21,run,s21_run,15000,2021-01-01 12:48:57.756090,94.19152276295134,94.49829299126172,94.49829299126172,97.12760814395094,0.30677022831038414,2.9360853809996
s21,run,s21_run,16000,2021-01-01 12:48:59.756090,94.19152276295134,93.92607840113456,93.92607840113456,96.0070727339652,-0.2654443618167761,1.8155499710138656
s21,run,s21_run,17000,2021-01-01 12:49:01.756090,94.04388714733544,93.81621220012086,93.81621220012086,95.24027154711968,-0.22767494721458092,1.196384399784236
s21,run,s21_run,18000,2021-01-01 12:49:03.756090,93.75,93.48072420462233,93.48072420462233,94.6244299772456,-0.2692757953776663,0.8744299772455975
s21,run,s21_run,19000,2021-01-01 12:49:05.756090,93.16770186335404,92.45158097008606,92.45158097008606,93.86393282473975,-0.7161208932679841,0.6962309613857087
s21,run,s21_run,20000,2021-01-01 12:49:07.756090,92.0245398773006,91.89001621576358,91.89001621576358,93.17306201159809,-0.1345236615370169,1.1485221342974938
s21,run,s21_run,21000,2021-01-01 12:49:09.756090,92.0245398773006,91.52507824888457,91.52507824888457,92.59626769464836,-0.4994616284160287,0.5717278173477638
s21,run,s21_run,22000,2021-01-01 12:49:11.756090,92.3076923076923,92.57943874092751,92.57943874092751,92.59037756084606,0.271746433235208,0.28268525315375825
s21,run,s21_run,23000,2021-01-01 12:49:13.756090,92.0245398773006,91.1862020439378,91.1862020439378,92.09891612992817,-0.8383378333628002,0.07437625262757308
s21,run,s21_run,24000,2021-01-01 12:49:15.756090,92.87925696594426,91.91615813404266,91.91615813404266,92.03495083136823,-0.9630988319016041,-0.8443061345760299
s21,run,s21_run,25000,2021-01-01 12:49:17.756090,92.7357032457496,91.91230285683751,91.91230285683751,91.99202404028247,-0.8234003889120913,-0.7436792054671315
s21,run,s21_run,26000,2021-01-01 12:49:19.756090,93.89671361502349,92.75584880796066,92.75584880796066,92.25936270896983,-1.140864807062826,-1.6373509060536549
s21,run,s21_run,27000,2021-01-01 12:49:21.756090,94.48818897637796,94.69194763018626,94.69194763018626,93.11076743139559,0.2037586538083076,-1.3774215449823686
s21,run,s21_run,28000,2021-01-01 12:49:23.756090,93.45794392523364,93.85015396720273,93.85015396720273,93.36955271892809,0.3922100419690935,-0.08839120630554476
s21,run,s21_run,29000,2021-01-01 12:49:25.756090,89.82035928143712,92.29693325281477,92.29693325281477,92.99413590578843,2.476573971377647,3.173776624351305
s21,run,s21_run,30000,2021-01-01 12:49:27.756090,89.55223880597015,89.31539290746488,89.31539290746488,91.70657585637518,-0.2368458985052655,2.154337050405033
s21,run,s21_run,31000,2021-01-01 12:49:29.756090,89.55223880597015,90.44941043160522,90.44941043160522,91.26656795770569,0.8971716256350675,1.7143291517355408
s21,run,s21_run,32000,2021-01-01 12:49:31.756090,98.36065573770492,95.84919215548506,95.84919215548506,92.87048642692847,-2.5114635822198608,-5.4901693107764515
s21,run,s21_run,33000,2021-01-01 12:49:33.756090,98.36065573770492,98.51719777085134,98.51719777085134,94.84683539730148,0.15654203314642245,-3.5138203404034414
s21,run,s21_run,34000,2021-01-01 12:49:35.756090,96.30818619582664,97.09232067699185,97.09232067699185,95.6327552451931,0.7841344811652107,-0.6754309506335403
s21,run,s21_run,35000,2021-01-01 12:49:37.756090,93.89671361502349,93.66979254542044,93.66979254542044,94.94571830027266,-0.22692106960305125,1.049004685249173
s21,run,s21_run,36000,2021-01-01 12:49:39.756090,94.04388714733544,93.14312881667355,93.14312881667355,94.31481198101298,-0.9007583306618869,0.2709248336775403
s21,run,s21_run,37000,2021-01-01 12:49:41.756090,95.84664536741214,95.82324338023997,95.82324338023997,94.84276297074243,-0.02340198717216424,-1.0038823966697095
s21,run,s21_run,38000,2021-01-01 12:49:43.756090,97.0873786407767,97.1231480630907,97.1231480630907,95.64089775306432,0.03576942231399016,-1.446480887712383
s21,run,s21_run,39000,2021-01-01 12:49:45.756090,96.7741935483871,96.78811704871879,96.78811704871879,96.04242450654338,0.013923500331685545,-0.7317690418437195
s21,run,s21_run,40000,2021-01-01 12:49:47.756090,92.5925925925926,93.52734108252821,93.52734108252821,95.16214530813807,0.9347484899356147,2.56955271554547
s21,run,s21_run,41000,2021-01-01 12:49:49.756091,92.44992295839754,92.3684979070604,92.3684979070604,94.18436871776089,-0.08142505133713485,1.7344457593633535
s21,run,s21_run,42000,2021-01-01 12:49:51.756091,91.74311926605505,91.23536705243883,91.23536705243883,93.15221813489816,-0.5077522136162145,1.4090988688431167
s21,run,s21_run,43000,2021-01-01 12:49:53.756091,90.49773755656108,90.95160382277035,90.95160382277035,92.38200312565343,0.4538662662092747,1.8842655690923493
s21,run,s21_run,44000,2021-01-01 12:49:55.756091,87.97653958944281,88.99540885217019,88.99540885217019,91.1966951299343,1.018869262727378,3.22015554049149
s21,run,s21_run,45000,2021-01-01 12:49:57.756091,85.22727272727273,85.63900053417163,85.63900053417163,89.25150202141737,0.4117278068988952,4.024229294144632
s21,run,s21_run,46000,2021-01-01 12:49:59.756091,84.26966292134831,84.38221249073122,84.38221249073122,87.54725068567721,0.11254956938290661,3.2775877643288993
s21,run,s21_run,47000,2021-01-01 12:50:01.756091,84.74576271186442,84.51544865563046,84.51544865563046,86.48611997516085,-0.23031405623395074,1.7403572632964313
s21,run,s21_run,48000,2021-01-01 12:50:03.756091,84.98583569405099,85.03156364781871,85.03156364781871,85.97702526059109,0.04572795376772376,0.9911895665401005
s21,run,s21_run,49000,2021-01-01 12:50:05.756091,85.71428571428572,86.06186192219629,86.06186192219629,86.00671809215291,0.34757620791056354,0.29243237786718623
s21,run,s21_run,50000,2021-01-01 12:50:07.756091,86.95652173913044,87.09536432569655,87.09536432569655,86.38774427389318,0.13884258656611337,-0.568777465237261
s21,run,s21_run,51000,2021-01-01 12:50:09.756091,87.3362445414847,87.8475936132307,87.8475936132307,86.89869154266131,0.5113490717459968,-0.43755299882339216
s21,run,s21_run,52000,2021-01-01 12:50:11.756091,88.23529411764706,88.78580204310393,88.78580204310393,87.55918021781623,0.5505079254568699,-0.676113899830824
s21,run,s21_run,53000,2021-01-01 12:50:13.756091,87.46355685131196,88.66791029517942,88.66791029517942,87.94723574489335,1.2043534438674612,0.4836788935813843
s21,run,s21_run,54000,2021-01-01 12:50:15.756091,87.97653958944281,88.3995904621975,88.3995904621975,88.1055598959498,0.4230508727546862,0.12902030650698748
s21,run,s21_run,55000,2021-01-01 12:50:17.756091,88.23529411764706,88.7926642664846,88.7926642664846,88.34604642563698,0.5573701488375491,0.11075230798992663
s21,run,s21_run,56000,2021-01-01 12:50:19.756091,87.97653958944281,88.3751295389651,88.3751295389651,88.35622551530182,0.39858994952228954,0.3796859258590075
s21,run,s21_run,57000,2021-01-01 12:50:21.756091,88.49557522123894,88.4897081740137,88.4897081740137,88.40294444585098,-0.005867047225237343,-0.09263077538795983
s21,run,s21_run,58000,2021-01-01 12:50:23.756091,88.49557522123894,89.54171681259994,89.54171681259994,88.80151477421312,1.0461415913610068,0.30593955297418063
s21,run,s21_run,59000,2021-01-01 12:50:25.756091,93.16770186335404,92.51628675941679,92.51628675941679,90.10168496903441,-0.6514151039372535,-3.066016894319631
s21,run,s21_run,60000,2021-01-01 12:50:27.756091,93.45794392523364,94.25554758623998,94.25554758623998,91.55553688505637,0.7976036610063488,-1.9024070401772661
s21,run,s21_run,61000,2021-01-01 12:50:29.756091,93.75,93.55400474685204,93.55400474685204,92.25500063668485,-0.19599525314795585,-1.494999363315145
s21,run,s21_run,62000,2021-01-01 12:50:31.756091,91.04704097116844,92.31892802519397,92.31892802519397,92.27737522266304,1.2718870540255267,1.2303342514945967
s21,run,s21_run,63000,2021-01-01 12:50:33.756091,90.09009009009009,90.54503497321053,90.54503497321053,91.67105613535466,0.45494488312044723,1.5809660452645744
s21,run,s21_run,64000,2021-01-01 12:50:35.756091,87.46355685131195,88.67240115055513,88.67240115055513,90.62152689067483,1.2088442992431823,3.15797003936288
s21,run,s21_run,65000,2021-01-01 12:50:37.756091,88.75739644970413,88.5859720152661,88.5859720152661,89.90908268428177,-0.17142443443803757,1.1516862345776389
s21,run,s21_run,66000,2021-01-01 12:50:39.756091,86.95652173913044,87.59117143889564,87.59117143889564,89.09781374839662,0.6346496997652054,2.1412920092661807
s21,run,s21_run,67000,2021-01-01 12:50:41.756091,87.97653958944281,88.79200091860848,88.79200091860848,88.99077925797077,0.8154613291656716,1.0142396685279635
s21,run,s21_run,68000,2021-01-01 12:50:43.756091,87.97653958944281,88.3039463626552,88.3039463626552,88.75038774461032,0.3274067732123882,0.7738481551675136
s21,run,s21_run,69000,2021-01-01 12:50:45.756091,87.97653958944281,87.66238908267624,87.66238908267624,88.3695882129334,-0.3141505067665662,0.39304862349058567
s21,run,s21_run,70000,2021-01-01 12:50:47.756091,92.3076923076923,90.64015613020958,90.64015613020958,89.16428698398006,-1.6675361774827309,-3.143405323712244
s21,run,s21_run,71000,2021-01-01 12:50:49.756091,89.28571428571428,88.06386532733468,88.06386532733468,88.77913940415418,-1.2218489583795957,-0.5065748815600983
s21,run,s21_run,72000,2021-01-01 12:50:51.756091,89.28571428571428,89.90323471481175,89.90323471481175,89.17257276288433,0.6175204290974676,-0.11314152282994883
s21,run,s21_run,73000,2021-01-01 12:50:53.756091,85.22727272727273,85.53060888834513,85.53060888834513,87.89788540679561,0.30333616107239436,2.6706126795228755
s21,run,s21_run,74000,2021-01-01 12:50:55.756091,85.22727272727273,85.6950950344823,85.6950950344823,87.12690877648595,0.4678223072095733,1.899636049213214
s21,run,s21_run,75000,2021-01-01 12:50:57.756091,90.09009009009009,89.74245488252139,89.74245488252139,88.04234991359836,-0.34763520756870037,-2.047740176491729
s21,run,s21_run,76000,2021-01-01 12:50:59.756091,92.5925925925926,91.272311332422,91.272311332422,89.17283641018663,-1.3202812601705887,-3.419756182405962
s21,run,s21_run,77000,2021-01-01 12:51:01.756091,93.45794392523364,93.47958282251555,93.47958282251555,90.68019765450175,0.02163889728191748,-2.777746270731882
s21,run,s21_run,78000,2021-01-01 12:51:03.756091,94.04388714733544,94.63641769452788,94.63641769452788,92.0648746685109,0.5925305471924389,-1.9790124788245436
s21,run,s21_run,79000,2021-01-01 12:51:05.756091,94.04388714733544,93.7664244037276,93.7664244037276,92.66041707583673,-0.27746274360784184,-1.3834700714987065
s21,run,s21_run,80000,2021-01-01 12:51:07.756091,92.5925925925926,93.3004537505362,93.3004537505362,92.88442991198156,0.7078611579436114,0.29183731938896074
s21,run,s21_run,81000,2021-01-01 12:51:09.756091,90.9090909090909,91.75086416225643,91.75086416225643,92.48768189957777,0.8417732531655275,1.578590990486859
s21,run,s21_run,82000,2021-01-01 12:51:11.756091,92.3076923076923,91.82042497159502,91.82042497159502,92.2541419747838,-0.48726733609728967,-0.05355033290850031
s21,run,s21_run,83000,2021-01-01 12:51:13.756091,92.3076923076923,89.84257271745157,89.84257271745157,91.41009273471752,-2.4651195902407324,-0.8975995729747837
s21,run,s21_run,84000,2021-01-01 12:51:15.756091,85.47008547008548,85.9190515084732,85.9190515084732,89.488228305532,0.44896603838772364,4.018142835446525
s21,run,s21_run,85000,2021-01-01 12:51:17.756091,82.87292817679558,82.31262749048047,82.31262749048047,86.97676802026396,-0.5603006863151165,4.1038398434683785
s21,run,s21_run,86000,2021-01-01 12:51:19.756091,82.87292817679558,82.47743216507014,82.47743216507014,85.40200047094612,-0.3954960117254416,2.529072294150538
s21,run,s21_run,87000,2021-01-01 12:51:21.756091,85.9598853868195,83.49405116187309,83.49405116187309,84.73421821277056,-2.4658342249464056,-1.2256671740489367
s21,run,s21_run,88000,2021-01-01 12:51:23.756091,87.3362445414847,86.86796596112868,86.86796596112868,85.4810299246959,-0.4682785803560279,-1.8552146167887997
s21,run,s21_run,89000,2021-01-01 12:51:25.756091,88.49557522123894,88.47350269643466,88.47350269643466,86.52839539480446,-0.022072524804272575,-1.9671798264344744
s21,run,s21_run,90000,2021-01-01 12:51:27.756091,89.55223880597015,89.93991652650442,89.93991652650442,87.72242779089945,0.3876777205342705,-1.8298110150707032
s21,run,s21_run,91000,2021-01-01 12:51:29.756091,90.36144578313252,91.12070283168573,91.12070283168573,88.91182405517465,0.7592570485532093,-1.4496217279578758
s21,run,s21_run,92000,2021-01-01 12:51:31.756091,91.46341463414632,91.55764622042642,91.55764622042642,89.83786181301276,0.09423158628010242,-1.625552821133553
s21,run,s21_run,93000,2021-01-01 12:51:33.756091,91.46341463414632,91.30009205901628,91.30009205901628,90.349642399114,-0.16332257513003867,-1.1137722350323145
s21,run,s21_run,94000,2021-01-01 12:51:35.756091,93.603744149766,93.41537860068762,93.41537860068762,91.42265006966477,-0.18836554907838376,-2.181094080101232
s21,run,s21_run,95000,2021-01-01 12:51:37.756091,95.23809523809524,94.51378225884808,94.51378225884808,92.50454633587893,-0.7243129792471592,-2.733548902216313
s21,run,s21_run,96000,2021-01-01 12:51:39.756091,95.23809523809524,95.34873056015235,95.34873056015235,93.50001081437463,0.11063532205710658,-1.7380844237206077
s21,run,s21_run,97000,2021-01-01 12:51:41.756091,94.9367088607595,94.3892422302658,94.3892422302658,93.81124180993655,-0.5474666304937017,-1.125467050822948
s21,run,s21_run,98000,2021-01-01 12:51:43.756091,94.9367088607595,94.24990435838119,94.24990435838119,93.96477370189217,-0.6868045023783083,-0.9719351588673248
s21,run,s21_run,99000,2021-01-01 12:51:45.756091,95.54140127388536,95.09834317264685,95.09834317264685,94.3615230166563,-0.4430581012385062,-1.1798782572290492
s21,run,s21_run,100000,2021-01-01 12:51:47.756091,97.4025974025974,96.70603053478794,96.70603053478794,95.18210064800238,-0.6965668678094517,-2.2204967545950183
s21,run,s21_run,101000,2021-01-01 12:51:49.756091,98.19967266775778,97.53620840351482,97.53620840351482,96.00603836243172,-0.6634642642429611,-2.193634305326057
s21,run,s21_run,102000,2021-01-01 12:51:51.756091,98.19967266775778,98.4671485053179,98.4671485053179,96.86742691244189,0.26747583756011295,-1.3322457553158955
s21,run,s21_run,103000,2021-01-01 12:51:53.756091,97.7198697068404,98.44360042059759,98.44360042059759,97.41908764029638,0.7237307137571918,-0.3007820665440164
s21,run,s21_run,104000,2021-01-01 12:51:55.756091,97.7198697068404,97.66603795368914,97.66603795368914,97.50552024998385,-0.053831753151257544,-0.21434945685655293
s21,run,s21_run,105000,2021-01-01 12:51:57.756091,96.61835748792272,97.02101652082825,97.02101652082825,97.33594394477939,0.4026590329055324,0.7175864568566652
s21,run,s21_run,106000,2021-01-01 12:51:59.756091,96.7741935483871,96.83535598927186,96.83535598927186,97.16073816035176,0.06116244088475753,0.38654461196465206
s21,run,s21_run,107000,2021-01-01 12:52:01.756091,96.7741935483871,95.44704463725168,95.44704463725168,96.56094542726673,-1.3271489111354242,-0.2132481211203725
s21,run,s21_run,108000,2021-01-01 12:52:03.756091,94.6372239747634,92.24016173816416,92.24016173816416,95.04867113608083,-2.39706223659924,0.411447161317426
s21,run,s21_run,109000,2021-01-01 12:52:05.756091,93.16770186335404,91.7895221430687,91.7895221430687,93.90796898852659,-1.3781797202853454,0.7402671251725508
s21,run,s21_run,110000,2021-01-01 12:52:07.756091,92.0245398773006,90.46338287449929,90.46338287449929,92.70236384861704,-1.561157002801309,0.6778239713164425
s21,run,s21_run,111000,2021-01-01 12:52:09.756091,92.0245398773006,91.67538115202024,91.67538115202024,92.34291990480816,-0.3491587252803612,0.31838002750755834
s21,run,s21_run,112000,2021-01-01 12:52:11.756091,90.63444108761328,91.32789895276422,91.32789895276422,91.98766257159278,0.6934578651509327,1.353221483979496
s21,run,s21_run,113000,2021-01-01 12:52:13.756091,90.7715582450832,91.23210939295424,91.23210939295424,91.72321895906929,0.460551147871044,0.9516607139860866
s21,run,s21_run,114000,2021-01-01 12:52:15.756091,90.7715582450832,92.10307628204802,92.10307628204802,91.85616902211184,1.3315180369648232,1.0846107770286437
s21,run,s21_run,115000,2021-01-01 12:52:17.756091,90.9090909090909,91.18136805750977,91.18136805750977,91.61998868450112,0.2722771484188655,0.710897775410217
s21,run,s21_run,116000,2021-01-01 12:52:19.756091,90.09009009009009,89.88223256340163,89.88223256340163,91.0117740421163,-0.20785752668845703,0.9216839520262141
s21,run,s21_run,117000,2021-01-01 12:52:21.756091,87.2093023255814,87.35761435804447,87.35761435804447,89.73281815269115,0.14831203246306757,2.5235158271097475
s21,run,s21_run,118000,2021-01-01 12:52:23.756091,87.2093023255814,86.70968382695088,86.70968382695088,88.67472113868206,-0.4996184986305252,1.465418813100655
s21,run,s21_run,119000,2021-01-01 12:52:25.756091,89.82035928143712,89.9884467516878,89.9884467516878,89.13452510323407,0.1680874702506827,-0.6858341782030521
s21,run,s21_run,120000,2021-01-01 12:52:27.756091,89.82035928143712,90.03070875259284,90.03070875259284,89.44818938050965,0.21034947115572322,-0.3721699009274744
s21,run,s21_run,121000,2021-01-01 12:52:29.756091,90.36144578313252,90.01345557873546,90.01345557873546,89.64603254988869,-0.34799020439706396,-0.7154132332438365
s21,run,s21_run,122000,2021-01-01 12:52:31.756091,90.36144578313252,90.4047863508539,90.4047863508539,89.91159638022651,0.043340567721372736,-0.44984940290601116
s21,run,s21_run,123000,2021-01-01 12:52:33.756091,89.55223880597015,90.5097109802876,90.5097109802876,90.12093649024789,0.957472174317445,0.5686976842777369
s21,run,s21_run,124000,2021-01-01 12:52:35.756091,89.55223880597015,88.78380242431626,88.78380242431626,89.65293956717181,-0.7684363816538848,0.10070076120166505
s21,run,s21_run,125000,2021-01-01 12:52:37.756091,85.71428571428572,85.78641975007433,85.78641975007433,88.2996576311877,0.07213403578860778,2.585371916901977
s21,run,s21_run,126000,2021-01-01 12:52:39.756091,85.71428571428572,85.40014779742384,85.40014779742384,87.28482918937034,-0.3141379168618812,1.5705434750846194
s21,run,s21_run,127000,2021-01-01 12:52:41.756091,87.08272859216257,86.42251488486454,86.42251488486454,86.98301918279331,-0.660213707298027,-0.09970940936925388
s21,run,s21_run,128000,2021-01-01 12:52:43.756091,88.49557522123894,88.29340640311821,88.29340640311821,87.44165470990703,-0.2021688181207253,-1.05392051133191
s21,run,s21_run,129000,2021-01-01 12:52:45.756091,88.75739644970413,89.01336054050417,89.01336054050417,87.99175175061603,0.2559640908000347,-0.7656446990880994
s21,run,s21_run,130000,2021-01-01 12:52:47.756091,90.9090909090909,90.5047467021285,90.5047467021285,88.8712999836454,-0.40434420696240636,-2.037790925445506
s21,run,s21_run,131000,2021-01-01 12:52:49.756091,91.04704097116844,91.06489564721564,91.06489564721564,89.63905846589498,0.017854676047193152,-1.4079825052734662
s21,run,s21_run,132000,2021-01-01 12:52:51.756091,91.04704097116844,91.38803039612661,91.38803039612661,90.25119864147604,0.34098942495816686,-0.7958423296924053
s21,run,s21_run,133000,2021-01-01 12:52:53.756091,91.74311926605505,91.4696807974266,91.4696807974266,90.67766739605872,-0.27343846862844146,-1.0654518699963234
s21,run,s21_run,134000,2021-01-01 12:52:55.756091,92.0245398773006,92.1233903333394,92.1233903333394,91.18367042410696,0.09885045603880371,-0.8408694531936334
s21,run,s21_run,135000,2021-01-01 12:52:57.756091,93.16770186335404,92.50248133215271,92.50248133215271,91.64525424192297,-0.665220531201328,-1.5224476214310698
s21,run,s21_run,136000,2021-01-01 12:52:59.756091,93.16770186335404,92.77933649201752,92.77933649201752,92.04218302945606,-0.38836537133651916,-1.125518833897985
s21,run,s21_run,137000,2021-01-01 12:53:01.756091,92.3076923076923,92.24878602166282,92.24878602166282,92.11449407672842,-0.05890628602948311,-0.19319823096388689
s21,run,s21_run,138000,2021-01-01 12:53:03.756091,91.74311926605505,91.4523775401919,91.4523775401919,91.88275328894065,-0.2907417258631426,0.1396340228856019
s21,run,s21_run,139000,2021-01-01 12:53:05.756091,92.3076923076923,92.62565052700958,92.62565052700958,92.14276732226477,0.3179582193172763,-0.16492498542753253
s21,run,s21_run,140000,2021-01-01 12:53:07.756091,94.6372239747634,95.37336002853158,95.37336002853158,93.27347476945816,0.7361360537681776,-1.3637492053052398
s21,run,s21_run,141000,2021-01-01 12:53:09.756092,94.6372239747634,94.9975259431256,94.9975259431256,93.87689268024177,0.36030196836219375,-0.7603312945216345
s21,run,s21_run,142000,2021-01-01 12:53:11.756092,93.45794392523364,92.74512300698753,92.74512300698753,93.48077329460278,-0.7128209182461092,0.022829369369148367
s21,run,s21_run,143000,2021-01-01 12:53:13.756092,92.0245398773006,92.38238353832004,92.38238353832004,93.09633687990382,0.3578436610194444,1.071797002603219
s21,run,s21_run,144000,2021-01-01 12:53:15.756092,90.63444108761328,90.67557451443747,90.67557451443747,92.2490700519906,0.041133426824188746,1.6146289643773173
s21,run,s21_run,145000,2021-01-01 12:53:17.756092,91.46341463414632,91.6647906542756,91.6647906542756,92.04457226279035,0.20137602012928824,0.5811576286440356
s21,run,s21_run,146000,2021-01-01 12:53:19.756092,92.0245398773006,91.89419848181375,91.89419848181375,91.99194143944854,-0.13034139548685175,-0.03259843785205874
s21,run,s21_run,147000,2021-01-01 12:53:21.756092,93.16770186335404,92.46218986455942,92.46218986455942,92.15652838823735,-0.7055119987946199,-1.011173475116692
s21,run,s21_run,148000,2021-01-01 12:53:23.756092,94.6372239747634,94.12501455129807,94.12501455129807,92.8454985453086,-0.512209423465336,-1.7917254294548002
s21,run,s21_run,149000,2021-01-01 12:53:25.756092,96.4630225080386,96.1224788318646,96.1224788318646,93.99244164560321,-0.3405436761740077,-2.4705808624353978
s21,run,s21_run,150000,2021-01-01 12:53:27.756092,96.4630225080386,96.18708996050627,96.18708996050627,94.76056855581928,-0.2759325475323351,-1.7024539522193294
s21,run,s21_run,151000,2021-01-01 12:53:29.756092,92.87925696594426,92.82320074749335,92.82320074749335,94.0824898229052,-0.05605621845091946,1.2032328569609376
s21,run,s21_run,152000,2021-01-01 12:53:31.756092,90.36144578313252,90.9875952104753,90.9875952104753,92.99927670855473,0.6261494273427815,2.6378309254222074
s21,run,s21_run,153000,2021-01-01 12:53:33.756092,92.87925696594426,92.8538631954941,92.8538631954941,92.9483819789835,-0.02539377045016522,0.06912501303924046
s21,run,s21_run,154000,2021-01-01 12:53:35.756092,93.89671361502349,94.66322520157888,94.66322520157888,93.54857710689188,0.7665115865553958,-0.3481365081316028
s21,run,s21_run,155000,2021-01-01 12:53:37.756092,94.7867298578199,94.99852383035527,94.99852383035527,94.05605846010407,0.2117939725353608,-0.7306713977158381
s21,run,s21_run,156000,2021-01-01 12:53:39.756092,94.7867298578199,95.11498706908499,95.11498706908499,94.42668347324738,0.32825721126508256,-0.36004638457252724
s21,run,s21_run,157000,2021-01-01 12:53:41.756092,94.33962264150944,94.56802195256144,94.56802195256144,94.4761519410073,0.2283993110520015,0.13652929949786596
s21,run,s21_run,158000,2021-01-01 12:53:43.756092,94.04388714733544,94.01624488533868,94.01624488533868,94.31518447152328,-0.027642261996760453,0.2712973241878416
s21,run,s21_run,159000,2021-01-01 12:53:45.756092,93.89671361502349,93.94243396964013,93.94243396964013,94.18472179586418,0.04572035461664825,0.28800818084069135
s21,run,s21_run,160000,2021-01-01 12:53:47.756092,94.6372239747634,94.26871805392553,94.26871805392553,94.21412048618565,-0.36850592083787603,-0.4231034885777518
s21,run,s21_run,161000,2021-01-01 12:53:49.756092,96.7741935483871,97.3993500477784,97.3993500477784,95.32895083274312,0.625156499391295,-1.4452427156439853
s21,run,s21_run,162000,2021-01-01 12:53:51.756092,99.009900990099,98.03579465748912,98.03579465748912,96.27634617140421,-0.9741063326098782,-2.7335548186947847
s21,run,s21_run,163000,2021-01-01 12:53:53.756092,99.33774834437088,100.84317487326075,100.84317487326075,97.87473621705401,1.5054265288898705,-1.4630121273168726
s21,run,s21_run,164000,2021-01-01 12:53:55.756092,99.33774834437088,101.05077239697685,101.05077239697685,98.98634888002701,1.7130240526059737,-0.3513994643438707
s21,run,s21_run,165000,2021-01-01 12:53:57.756092,90.63444108761328,91.84300255300252,91.84300255300252,96.48617766556845,1.2085614653892378,5.851736577955165
s21,run,s21_run,166000,2021-01-01 12:53:59.756092,90.63444108761328,90.55551774859538,90.55551774859538,94.41044669462788,-0.07892333901790494,3.7760056070145964
s21,run,s21_run,167000,2021-01-01 12:54:01.756092,94.33962264150944,90.97116969908235,90.97116969908235,93.20669974618694,-3.3684529424270835,-1.1329228953224941
s21,run,s21_run,168000,2021-01-01 12:54:03.756092,96.4630225080386,95.5621515845089,95.5621515845089,94.03110788959962,-0.900870923529709,-2.431914618438981
s21,run,s21_run,169000,2021-01-01 12:54:05.756092,97.2447325769854,97.42545739660393,97.42545739660393,95.21913021705113,0.1807248196185327,-2.0256023599342683
s21,run,s21_run,170000,2021-01-01 12:54:07.756092,98.19967266775778,98.69721184134883,98.69721184134883,96.43645878555532,0.4975391735910506,-1.7632138822024643
s21,run,s21_run,171000,2021-01-01 12:54:09.756092,98.03921568627452,98.0868932131887,98.0868932131887,97.014110835227,0.047677526914185364,-1.0251048510475158
s21,run,s21_run,172000,2021-01-01 12:54:11.756092,96.15384615384616,97.5629631947861,97.5629631947861,97.20620916107268,1.4091170409399325,1.0523630072265178
s21,run,s21_run,173000,2021-01-01 12:54:13.756092,93.75,93.27024896112827,93.27024896112827,95.82862309109214,-0.47975103887172565,2.0786230910921404
s21,run,s21_run,174000,2021-01-01 12:54:15.756092,92.87925696594426,92.40861723438755,92.40861723438755,94.63162104124554,-0.4706397315567159,1.7523640753012728
s21,run,s21_run,175000,2021-01-01 12:54:17.756092,92.87925696594426,92.5123452917665,92.5123452917665,93.88987452892786,-0.3669116741777714,1.0106175629835974
s21,run,s21_run,176000,2021-01-01 12:54:19.756092,93.45794392523364,93.76068995073459,93.76068995073459,93.84465992656021,0.30274602550095153,0.386716001326576
s21,run,s21_run,177000,2021-01-01 12:54:21.756092,94.9367088607595,95.27342729574845,95.27342729574845,94.34472850577609,0.3367184349889527,-0.5919803549834057
s21,run,s21_run,178000,2021-01-01 12:54:23.756092,94.48818897637796,94.04924930411156,94.04924930411156,94.2413107851935,-0.4389396722664003,-0.2468781911844502
s21,run,s21_run,179000,2021-01-01 12:54:25.756092,94.9367088607595,94.4250294741329,94.4250294741329,94.30561232632229,-0.5116793866265965,-0.631096534437205
s21,run,s21_run,180000,2021-01-01 12:54:27.756092,94.48818897637796,94.18805931466862,94.18805931466862,94.2644687722435,-0.3001296617093345,-0.2237202041344517
s21,run,s21_run,181000,2021-01-01 12:54:29.756092,93.89671361502349,93.87950593056694,93.87950593056694,94.1297317776567,-0.017207684456550965,0.23301816263321484
s21,run,s21_run,182000,2021-01-01 12:54:31.756092,92.87925696594426,93.26618114512493,93.26618114512493,93.82748905627058,0.38692417918066724,0.9482320903263144
s21,run,s21_run,183000,2021-01-01 12:54:33.756092,91.46341463414632,91.86541214761995,91.86541214761995,93.14076213824285,0.40199751347363133,1.6773475040965309
s21,run,s21_run,184000,2021-01-01 12:54:35.756092,92.0245398773006,92.77994562641788,92.77994562641788,93.01447635910411,0.755405749117287,0.989936481803511
s21,run,s21_run,185000,2021-01-01 12:54:37.756092,94.33962264150944,95.03670900360747,95.03670900360747,93.72225778468028,0.6970863620980339,-0.6173648568291554
s21,run,s21_run,186000,2021-01-01 12:54:39.756092,93.45794392523364,94.68295649103338,94.68295649103338,94.05850233190387,1.2250125657997444,0.6005584066702312
s21,run,s21_run,187000,2021-01-01 12:54:41.756092,95.08716323296356,95.17390962379675,95.17390962379675,94.44889488406638,0.08674639083318425,-0.638268348897185
s21,run,s21_run,188000,2021-01-01 12:54:43.756092,95.08716323296356,94.66971089226058,94.66971089226058,94.52618048693435,-0.41745234070297954,-0.5609827460292109
s21,run,s21_run,189000,2021-01-01 12:54:45.756092,96.7741935483871,96.84129322105416,96.84129322105416,95.3364699438763,0.06709967266705519,-1.4377236045108077
s21,run,s21_run,190000,2021-01-01 12:54:47.756092,99.33774834437088,98.93192685609885,98.93192685609885,96.59487986315419,-0.405821488272025,-2.7428684812166892
s21,run,s21_run,191000,2021-01-01 12:54:49.756092,98.03921568627452,99.26255394739654,99.26255394739654,97.52856579263901,1.2233382611220236,-0.5106498936355024
s21,run,s21_run,192000,2021-01-01 12:54:51.756092,98.03921568627452,98.06013729208829,98.06013729208829,97.71461581744626,0.02092160581376845,-0.3245998688282583
s21,run,s21_run,193000,2021-01-01 12:54:53.756092,98.03921568627452,95.69299936165022,95.69299936165022,97.00705005791764,-2.3462163246242937,-1.0321656283568785
s21,run,s21_run,194000,2021-01-01 12:54:55.756092,92.87925696594426,92.81500242746223,92.81500242746223,95.53983338725826,-0.06425453848203233,2.6605764213139906
s21,run,s21_run,195000,2021-01-01 12:54:57.756092,92.5925925925926,91.95538624096613,91.95538624096613,94.28527688605601,-0.6372063516264603,1.6926842934634152
s21,run,s21_run,196000,2021-01-01 12:54:59.756092,93.75,91.85046498289397,91.85046498289397,93.43309271994929,-1.8995350171060323,-0.3169072800507138
s21,run,s21_run,197000,2021-01-01 12:55:01.756092,97.0873786407767,95.01248383473039,95.01248383473039,93.98587961012268,-2.0748948060463164,-3.1014990306540255
s21,run,s21_run,198000,2021-01-01 12:55:03.756092,97.2447325769854,97.46942414656829,97.46942414656829,95.20512019787864,0.2246915695828875,-2.0396123791067566
s21,run,s21_run,199000,2021-01-01 12:55:05.756092,97.2447325769854,98.27924669417385,98.27924669417385,96.28106447158197,1.0345141171884507,-0.9636681054034284
s21,run,s21_run,200000,2021-01-01 12:55:07.756092,87.46355685131195,88.5753151686998,88.5753151686998,93.58405221557321,1.111758317387853,6.120495364261259
s21,run,s21_run,201000,2021-01-01 12:55:09.756092,83.10249307479225,83.77572356467964,83.77572356467964,90.15113718776047,0.6732304898873878,7.048644112968219
s21,run,s21_run,202000,2021-01-01 12:55:11.756092,83.33333333333334,83.70980502737211,83.70980502737211,87.89667093162454,0.37647169403877,4.563337598291199
s21,run,s21_run,203000,2021-01-01 12:55:13.756092,86.95652173913044,87.98532171348448,87.98532171348448,87.92769870527552,1.028799974354044,0.9711769661450802
s21,run,s21_run,204000,2021-01-01 12:55:15.756092,94.33962264150944,92.30621825738186,92.30621825738186,89.46018054851274,-2.0334043841275786,-4.8794420929966975
s21,run,s21_run,205000,2021-01-01 12:55:17.756092,96.0,95.93893742934723,95.93893742934723,91.72774545680481,-0.06106257065276566,-4.272254543195189
s21,run,s21_run,206000,2021-01-01 12:55:19.756092,95.08716323296356,93.33349152282757,93.33349152282757,92.28975657991278,-1.7536717101359898,-2.7974066530507855
s21,run,s21_run,207000,2021-01-01 12:55:21.756092,92.87925696594426,92.08474925904846,92.08474925904846,92.21800401761027,-0.7945077068958,-0.6612529483339955
s21,run,s21_run,208000,2021-01-01 12:55:23.756092,90.9090909090909,91.04163159528035,91.04163159528035,91.80627366979479,0.1325406861894436,0.8971827607038847
s21,run,s21_run,209000,2021-01-01 12:55:25.756092,89.28571428571428,87.61084666995731,87.61084666995731,90.33787421985167,-1.6748676157569662,1.0521599341373928
s21,run,s21_run,210000,2021-01-01 12:55:27.756092,85.22727272727273,85.7556381153153,85.7556381153153,88.73409158326393,0.5283653880425732,3.506818855991199
s21,run,s21_run,211000,2021-01-01 12:55:29.756092,85.34850640113797,85.38749233127925,85.38749233127925,87.5627818450693,0.03898593014127982,2.214275443931328
s21,run,s21_run,212000,2021-01-01 12:55:31.756092,88.23529411764706,88.21201724622921,88.21201724622921,87.79001423547527,-0.023276871417849065,-0.44527988217178915
s21,run,s21_run,213000,2021-01-01 12:55:33.756092,88.49557522123894,88.8442053798965,88.8442053798965,88.1589811360227,0.3486301586575564,-0.3365940852162339
s21,run,s21_run,214000,2021-01-01 12:55:35.756092,88.23529411764706,89.007093065708,89.007093065708,88.45582031141257,0.7717989480609475,0.22052619376550808
s21,run,s21_run,215000,2021-01-01 12:55:37.756092,88.23529411764706,88.45239184397533,88.45239184397533,88.45462034780954,0.2170977263282765,0.21932623016247987
s21,run,s21_run,216000,2021-01-01 12:55:39.756092,90.09009009009009,90.24905970356753,90.24905970356753,89.08267412232483,0.15896961347743854,-1.0074159677652545
s21,run,s21_run,217000,2021-01-01 12:55:41.756092,92.5925925925926,92.19206562153599,92.19206562153599,90.17096114704873,-0.40052697105660684,-2.4216314455438663
s21,run,s21_run,218000,2021-01-01 12:55:43.756092,93.16770186335404,93.10440990960727,93.10440990960727,91.19766821394421,-0.06329195374676999,-1.970033649409828
s21,run,s21_run,219000,2021-01-01 12:55:45.756092,93.31259720062208,93.1633201284737,93.1633201284737,91.88564638402953,-0.14927707214837937,-1.4269508165925515
s21,run,s21_run,220000,2021-01-01 12:55:47.756092,94.9367088607595,95.73722715326032,95.73722715326032,93.23369965326032,0.8005182925008256,-1.7030092074991785
s21,run,s21_run,221000,2021-01-01 12:55:49.756092,97.7198697068404,97.21498897295884,97.21498897295884,94.6271509151548,-0.5048807338815635,-3.0927187916855985
s21,run,s21_run,222000,2021-01-01 12:55:51.756092,97.7198697068404,97.47019929251245,97.47019929251245,95.62221784722998,-0.24967041432795156,-2.0976518596104228
s21,run,s21_run,223000,2021-01-01 12:55:53.756092,88.23529411764706,90.07059287785647,90.07059287785647,93.67914910794924,1.8352987602094117,5.443854990302185
s21,run,s21_run,224000,2021-01-01 12:55:55.756092,87.2093023255814,87.63780837033168,87.63780837033168,91.5646798497831,0.42850604475027865,4.3553775242017
s21,run,s21_run,225000,2021-01-01 12:55:57.756092,87.2093023255814,87.56042067269858,87.56042067269858,90.16318913780353,0.35111834711717904,2.953886812222123
s21,run,s21_run,226000,2021-01-01 12:55:59.756092,88.23529411764706,87.66854514162439,87.66854514162439,89.29006373914083,-0.5667489760226658,1.0547696214937758
s21,run,s21_run,227000,2021-01-01 12:56:01.756092,89.02077151335311,88.29857873542993,88.29857873542993,88.94304398784202,-0.7221927779231834,-0.07772752551109363
s21,run,s21_run,228000,2021-01-01 12:56:03.756092,88.23529411764706,89.1260459506086,89.1260459506086,89.00709467481033,0.8907518329615414,0.7718005571632744
s21,run,s21_run,229000,2021-01-01 12:56:05.756092,91.74311926605505,90.54066975315214,90.54066975315214,89.54384595222997,-1.202449512902902,-2.199273313825074
s21,run,s21_run,230000,2021-01-01 12:56:07.756092,92.87925696594426,91.7950835613132,91.7950835613132,90.3317791154091,-1.0841734046310592,-2.5474778505351594
s21,run,s21_run,231000,2021-01-01 12:56:09.756092,93.75,91.70190421429952,91.70190421429952,90.81132290002074,-2.0480957857004825,-2.938677099979259
s21,run,s21_run,232000,2021-01-01 12:56:11.756092,94.33962264150944,94.71453152254743,94.71453152254743,92.17744591790509,0.3749088810379959,-2.1621767236043468
s21,run,s21_run,233000,2021-01-01 12:56:13.756092,94.33962264150944,94.1519657301319,94.1519657301319,92.86852785218449,-0.18765691137753038,-1.471094789324951
s21,run,s21_run,234000,2021-01-01 12:56:15.756092,94.6372239747634,92.82384424026453,92.82384424026453,92.85288858801249,-1.8133797344988665,-1.7843353867509109
s21,run,s21_run,235000,2021-01-01 12:56:17.756092,95.54140127388536,93.47360132397475,93.47360132397475,93.0701380455993,-2.067799949910608,-2.4712632282860625
s21,run,s21_run,236000,2021-01-01 12:56:19.756092,92.87925696594426,95.30651036673638,95.30651036673638,93.85286835799727,2.427253400792111,0.9736113920530016
s21,run,s21_run,237000,2021-01-01 12:56:21.756092,95.23809523809524,95.90505815544698,95.90505815544698,94.57113478710467,0.6669629173517393,-0.6669604509905724
s21,run,s21_run,238000,2021-01-01 12:56:23.756092,95.08716323296356,94.04189082763922,94.04189082763922,94.38589940129177,-1.04527240532434,-0.7012638316717954
s21,sit,s21_sit,0,2021-01-01 12:38:26.043694,77.12082262210797,77.07897153477813,77.07897153477813,77.07897153477813,-0.04185108732983167,-0.04185108732983167
s21,sit,s21_sit,1000,2021-01-01 12:38:28.043694,76.53061224489795,76.29662225388043,76.29662225388043,76.80514928646394,-0.23398999101752338,0.274537041565992
s21,sit,s21_sit,2000,2021-01-01 12:38:30.043694,75.0,76.31000609865598,76.31000609865598,76.63184917073116,1.3100060986559754,1.631849170731158
s21,sit,s21_sit,3000,2021-01-01 12:38:32.043694,74.25742574257426,74.79624924382205,74.79624924382205,75.98938919631297,0.5388235012477907,1.7319634537387145
s21,sit,s21_sit,4000,2021-01-01 12:38:34.043694,73.7100737100737,73.31722170636387,73.31722170636387,75.0541305748308,-0.39285200370983375,1.3440568647570927
s21,sit,s21_sit,5000,2021-01-01 12:38:36.043694,71.94244604316548,71.60607992939273,71.60607992939273,73.84731284892747,-0.3363661137727405,1.9048668057619977
s21,sit,s21_sit,6000,2021-01-01 12:38:38.043694,68.1044267877412,69.18461593032208,69.18461593032208,72.21536892741558,1.0801891425808776,4.110942139674378
s21,sit,s21_sit,7000,2021-01-01 12:38:40.043694,68.1044267877412,69.16973953880999,69.16973953880999,71.14939864140362,1.065312751068788,3.0449718536624175
s21,sit,s21_sit,8000,2021-01-01 12:38:42.043694,71.59904534606206,72.60066249858238,72.60066249858238,71.65734099141619,1.0016171525203248,0.05829564535413567
s21,sit,s21_sit,9000,2021-01-01 12:38:44.043694,74.25742574257426,73.63944505223402,73.63944505223402,72.35107741270244,-0.6179806903402323,-1.9063483298718182
s21,sit,s21_sit,10000,2021-01-01 12:38:46.043694,71.59904534606206,73.2510613515818,73.2510613515818,72.66607179131022,1.6520160055197408,1.0670264452481604
s21,sit,s21_sit,11000,2021-01-01 12:38:48.043694,70.75471698113208,71.48327350535199,71.48327350535199,72.25209239122483,0.7285565242199112,1.4973754100927579
s21,sit,s21_sit,12000,2021-01-01 12:38:50.043694,70.58823529411765,70.7626863865431,70.7626863865431,71.73080028958623,0.17445109242544277,1.1425649954685753
s21,sit,s21_sit,13000,2021-01-01 12:38:52.043694,71.77033492822967,71.14648057746206,71.14648057746206,71.52628839034277,-0.6238543507676155,-0.24404653788690212
s21,sit,s21_sit,14000,2021-01-01 12:38:54.043694,71.8562874251497,71.4960952192478,71.4960952192478,71.51572078045953,-0.36019220590189605,-0.3405666446901705
s21,sit,s21_sit,15000,2021-01-01 12:38:56.043694,71.77033492822967,71.80726223367854,71.80726223367854,71.61776028908619,0.03692730544887013,-0.1525746391434808
s21,sit,s21_sit,16000,2021-01-01 12:38:58.043694,70.2576112412178,71.11836138086366,71.11836138086366,71.4429706712083,0.8607501396458588,1.1853594299904984
s21,sit,s21_sit,17000,2021-01-01 12:39:00.043694,70.2576112412178,69.96275890243702,69.96275890243702,70.92489655213835,-0.2948523387807853,0.6672853109205477
s21,sit,s21_sit,18000,2021-01-01 12:39:02.043694,71.77033492822967,70.63410243549711,70.63410243549711,70.82311861131392,-1.1362324927325602,-0.9472163169157568
s21,sit,s21_sit,19000,2021-01-01 12:39:04.043694,72.81553398058252,71.89087041886084,71.89087041886084,71.19683174395534,-0.9246635617216725,-1.618702236627172
s21,sit,s21_sit,20000,2021-01-01 12:39:06.043694,75.18796992481202,74.48352927823053,74.48352927823053,72.34717588095167,-0.7044406465814887,-2.840794043860356
s21,sit,s21_sit,21000,2021-01-01 12:39:08.043694,75.75757575757575,77.22299387016082,77.22299387016082,74.05371217717487,1.4654181125850698,-1.7038635804008777
s21,sit,s21_sit,22000,2021-01-01 12:39:10.043694,76.14213197969544,76.84862206236026,76.84862206236026,75.03193063698976,0.7064900826648284,-1.110201342705679
s21,sit,s21_sit,23000,2021-01-01 12:39:12.043694,77.720207253886,77.40129991477096,77.40129991477096,75.86120988421318,-0.318907339115043,-1.8589973696728208
s21,sit,s21_sit,24000,2021-01-01 12:39:14.043694,75.0,75.85785174309052,75.85785174309052,75.86003453482024,0.8578517430905208,0.8600345348202438
s21,sit,s21_sit,25000,2021-01-01 12:39:16.043694,74.44168734491315,74.777223024397,74.777223024397,75.48105050617211,0.3355356794838542,1.0393631612589616
s21,sit,s21_sit,26000,2021-01-01 12:39:18.043694,74.44168734491315,75.03301599022332,75.03301599022332,75.32423842559004,0.5913286453101705,0.8825510806768904
s21,sit,s21_sit,27000,2021-01-01 12:39:20.043694,74.07407407407408,74.2326215143893,74.2326215143893,74.94217250666978,0.1585474403152176,0.8680984325957013
s21,sit,s21_sit,28000,2021-01-01 12:39:22.043694,72.81553398058253,73.84031326276276,73.84031326276276,74.55652177130233,1.0247792821802335,1.7409877907197995
s21,sit,s21_sit,29000,2021-01-01 12:39:24.043694,72.28915662650603,72.3272107093159,72.3272107093159,73.77626289960708,0.038054082809878764,1.4871062731010483
s21,sit,s21_sit,30000,2021-01-01 12:39:26.043694,71.00591715976331,71.17939915753554,71.17939915753554,72.86736058988204,0.17348199777222817,1.861443430118726
s21,sit,s21_sit,31000,2021-01-01 12:39:28.043694,72.28915662650603,71.72976675925403,71.72976675925403,72.46920274916224,-0.5593898672519941,0.18004612265620779
s21,sit,s21_sit,32000,2021-01-01 12:39:30.043694,74.53416149068323,74.55439249520467,74.55439249520467,73.19901916027709,0.02023100452143467,-1.3351423304061427
s21,sit,s21_sit,33000,2021-01-01 12:39:32.043694,74.25742574257426,74.68187031763844,74.68187031763844,73.71801706535356,0.42444457506418587,-0.5394086772206919
s21,sit,s21_sit,34000,2021-01-01 12:39:34.043694,74.62686567164178,75.14825483969219,75.14825483969219,74.21860028637208,0.5213891680504048,-0.4082653852697007
s21,sit,s21_sit,35000,2021-01-01 12:39:36.043694,74.07407407407408,74.07815072811292,74.07815072811292,74.16944294098137,0.004076654038840388,0.09536886690729318
s21,sit,s21_sit,36000,2021-01-01 12:39:38.043694,74.25742574257426,74.51212809504433,74.51212809504433,74.2893827449034,0.2547023524700762,0.03195700232915044
s21,sit,s21_sit,37000,2021-01-01 12:39:40.043694,74.62686567164178,74.44358023036949,74.44358023036949,74.34335186481653,-0.18328544127228952,-0.28351380682525473
s21,sit,s21_sit,38000,2021-01-01 12:39:42.043694,75.18796992481202,75.17478662573302,75.17478662573302,74.63435403113729,-0.013183299079003064,-0.5536158936747313
s21,sit,s21_sit,39000,2021-01-01 12:39:44.043694,75.56675062972292,75.65649331730275,75.65649331730275,74.9921027812952,0.08974268757982884,-0.5746478484277162
s21,sit,s21_sit,40000,2021-01-01 12:39:46.043694,77.31958762886597,77.71680726140764,77.71680726140764,75.94574934933455,0.39721963254166326,-1.3738382795314266
s21,sit,s21_sit,41000,2021-01-01 12:39:48.043694,81.30081300813008,81.80185461755492,81.80185461755492,77.99538619321169,0.5010416094248455,-3.305426814918391
s21,sit,s21_sit,42000,2021-01-01 12:39:50.043694,81.30081300813008,81.23158750086432,81.23158750086432,79.1280566508901,-0.06922550726575594,-2.172756357239976
s21,sit,s21_sit,43000,2021-01-01 12:39:52.043694,77.92207792207792,78.74391141673333,78.74391141673333,78.99360581893524,0.821833494655408,1.0715278968573188
s21,sit,s21_sit,44000,2021-01-01 12:39:54.043694,74.25742574257426,75.05760286314403,75.05760286314403,77.61600478440832,0.8001771205697708,3.358579041834062
s21,sit,s21_sit,45000,2021-01-01 12:39:56.043694,73.43941248470013,73.9235736751826,73.9235736751826,76.32365389617931,0.4841611904824674,2.884241411479181
s21,sit,s21_sit,46000,2021-01-01 12:39:58.043694,72.63922518159806,73.3001960985991,73.3001960985991,75.26544366702623,0.6609709170010376,2.6262184854281685
s21,sit,s21_sit,47000,2021-01-01 12:40:00.043694,74.81296758104737,74.40759091805377,74.40759091805377,74.96519520488587,-0.40537666299360353,0.15222762383849897
s21,sit,s21_sit,48000,2021-01-01 12:40:02.043694,75.56675062972292,75.81129786045874,75.81129786045874,75.26133113433637,0.24454723073581874,-0.3054194953865448
s21,sit,s21_sit,49000,2021-01-01 12:40:04.043694,77.61966364812419,77.45084808536718,77.45084808536718,76.02766206719716,-0.16881556275700405,-1.5920015809270325
s21,sit,s21_sit,50000,2021-01-01 12:40:06.043694,77.51937984496124,77.94130564280603,77.94130564280603,76.69743731866026,0.4219257978447928,-0.8219425263009725
s21,sit,s21_sit,51000,2021-01-01 12:40:08.043694,77.12082262210797,77.60060473682836,77.60060473682836,77.0135459150191,0.47978211472039334,-0.1072767070888716
s21,sit,s21_sit,52000,2021-01-01 12:40:10.043694,74.25742574257426,74.65461898148892,74.65461898148892,76.18792148828354,0.3971932389146673,1.9304957457092797
s21,sit,s21_sit,53000,2021-01-01 12:40:12.043694,73.17073170731707,73.85652466686625,73.85652466686625,75.37193260078749,0.6857929595491754,2.201200893470414
s21,sit,s21_sit,54000,2021-01-01 12:40:14.043694,71.94244604316548,72.8870547444393,72.8870547444393,74.50222535106562,0.9446087012738218,2.5597793079001434
s21,sit,s21_sit,55000,2021-01-01 12:40:16.043694,71.8562874251497,72.20175682582403,72.20175682582403,73.69706136723106,0.3454694006743324,1.8407739420813556
s21,sit,s21_sit,56000,2021-01-01 12:40:18.043694,71.77033492822967,71.87943109081384,71.87943109081384,73.06089077048503,0.10909616258416577,1.2905558422553582
s21,sit,s21_sit,57000,2021-01-01 12:40:20.043694,72.28915662650603,72.84816370093391,72.84816370093391,72.98643629614213,0.5590070744278819,0.697279669636103
s21,sit,s21_sit,58000,2021-01-01 12:40:22.043694,74.62686567164178,75.01955559849141,75.01955559849141,73.69802805196437,0.3926899268496271,-0.9288376196774095
s21,sit,s21_sit,59000,2021-01-01 12:40:24.043694,77.31958762886597,76.35628859259486,76.35628859259486,74.62841924118504,-0.9632990362711098,-2.691168387680932
s21,sit,s21_sit,60000,2021-01-01 12:40:26.043694,77.31958762886597,76.67367403453959,76.67367403453959,75.34425841885914,-0.6459135943263874,-1.9753292100068336
s21,sit,s21_sit,61000,2021-01-01 12:40:28.043694,76.33587786259541,76.07420780968037,76.07420780968037,75.59974070564657,-0.2616700529150364,-0.7361371569488426
s21,sit,s21_sit,62000,2021-01-01 12:40:30.043694,75.75757575757575,75.56593623101735,75.56593623101735,75.58790913952635,-0.19163952655840433,-0.16966661804940486
s21,sit,s21_sit,63000,2021-01-01 12:40:32.043694,75.37688442211055,75.09324341426503,75.09324341426503,75.41477613568489,-0.2836410078455174,0.03789171357433929
s21,sit,s21_sit,64000,2021-01-01 12:40:34.043694,75.18796992481202,74.60711977094235,74.60711977094235,75.132096408025,-0.580850153869676,-0.0558735167870168
s21,sit,s21_sit,65000,2021-01-01 12:40:36.043694,75.18796992481202,74.96711916215222,74.96711916215222,75.07435437196952,-0.22085076265980774,-0.11361555284250358
s21,sit,s21_sit,66000,2021-01-01 12:40:38.043694,75.37688442211055,75.45838317429495,75.45838317429495,75.20876445278341,0.08149875218440172,-0.1681199693271367
s21,sit,s21_sit,67000,2021-01-01 12:40:40.043694,75.37688442211055,75.31469745050101,75.31469745050101,75.24584100198457,-0.06218697160953468,-0.1310434201259767
s21,sit,s21_sit,68000,2021-01-01 12:40:42.043694,73.17073170731707,74.46228246416486,74.46228246416486,74.97159551374767,1.2915507568477835,1.8008638064305984
s21,sit,s21_sit,69000,2021-01-01 12:40:44.043694,73.17073170731707,73.59599706623301,73.59599706623301,74.49013605711754,0.42526535891593653,1.3194043498004646
s21,sit,s21_sit,70000,2021-01-01 12:40:46.043694,73.17073170731707,73.4556236699863,73.4556236699863,74.1280567216216,0.2848919626692208,0.95732501430453
s21,sit,s21_sit,71000,2021-01-01 12:40:48.043694,76.53061224489795,75.32084514654113,75.32084514654113,74.54553267034343,-1.2097670983568207,-1.9850795745545184
s21,sit,s21_sit,72000,2021-01-01 12:40:50.043694,77.720207253886,76.56596898853185,76.56596898853185,75.25268538170938,-1.1542382653541523,-2.4675218721766186
s21,sit,s21_sit,73000,2021-01-01 12:40:52.043694,76.92307692307692,77.64827888576546,77.64827888576546,76.09114310812902,0.7252019626885442,-0.8319338149479023
s21,sit,s21_sit,74000,2021-01-01 12:40:54.043694,77.720207253886,77.8245410632791,77.8245410632791,76.69783239243155,0.104333809393097,-1.0223748614544519
s21,sit,s21_sit,75000,2021-01-01 12:40:56.043694,79.05138339920948,78.70047056180643,78.70047056180643,77.39875575171276,-0.3509128374030581,-1.652627647496729
s21,sit,s21_sit,76000,2021-01-01 12:40:58.043694,82.64462809917356,81.96662945473078,81.96662945473078,78.99751154776907,-0.6779986444427806,-3.647116551404494
s21,sit,s21_sit,77000,2021-01-01 12:41:00.043695,84.98583569405099,84.66541428395672,84.66541428395672,80.98127750543475,-0.3204214100942693,-4.004558188616244
s21,sit,s21_sit,78000,2021-01-01 12:41:02.043695,87.2093023255814,86.39038682693746,86.39038682693746,82.87446576796069,-0.8189154986439462,-4.334836557620719
s21,sit,s21_sit,79000,2021-01-01 12:41:04.043695,86.45533141210375,87.29343412188167,87.29343412188167,84.42110469183304,0.8381027097779281,-2.034226720270709
s21,sit,s21_sit,80000,2021-01-01 12:41:06.043695,87.2093023255814,87.73207151773819,87.73207151773819,85.57994308089984,0.5227691921567867,-1.6293592446815666
s21,sit,s21_sit,81000,2021-01-01 12:41:08.043695,87.2093023255814,86.89460387769314,86.89460387769314,86.04007435977749,-0.3146984478882615,-1.1692279658039126
s21,sit,s21_sit,82000,2021-01-01 12:41:10.043695,84.03361344537815,84.55001302864461,84.55001302864461,85.51855289388098,0.5163995832664625,1.4849394485028284
s21,sit,s21_sit,83000,2021-01-01 12:41:12.043695,81.41112618724559,82.63217325595403,82.63217325595403,84.50832002060655,1.2210470687084438,3.0971938333609614
s21,sit,s21_sit,84000,2021-01-01 12:41:14.043695,81.9672131147541,82.12633145684173,82.12633145684173,83.67462402328886,0.15911834208762343,1.7074109085347544
s21,sit,s21_sit,85000,2021-01-01 12:41:16.043695,83.56545961002786,83.88539447813245,83.88539447813245,83.74839368248412,0.31993486810459615,0.1829340724562627
s21,sit,s21_sit,86000,2021-01-01 12:41:18.043695,85.9598853868195,85.35158002484773,85.35158002484773,84.30950890231138,-0.6083053619717589,-1.650376484508115
s21,sit,s21_sit,87000,2021-01-01 12:41:20.043695,87.46355685131196,86.86147916566763,86.86147916566763,85.20269849448607,-0.602077685644332,-2.260858356825892
s21,sit,s21_sit,88000,2021-01-01 12:41:22.043695,86.83068017366136,87.07836075294435,87.07836075294435,85.85918028494648,0.24768057928298504,-0.971499888714888
s21,sit,s21_sit,89000,2021-01-01 12:41:24.043695,86.83068017366136,86.85360550260313,86.85360550260313,86.20722911112631,0.02292532894176702,-0.6234510625350538
s21,sit,s21_sit,90000,2021-01-01 12:41:26.043695,86.70520231213874,87.56123675821372,87.56123675821372,86.6811317876069,0.856034446074986,-0.024070524531836668
s21,sit,s21_sit,91000,2021-01-01 12:41:28.043695,85.47008547008548,83.06194906630255,83.06194906630255,85.41441783515037,-2.408136403782933,-0.05566763493510507
s21,sit,s21_sit,92000,2021-01-01 12:41:30.043695,77.02182284980745,77.70985920459782,77.70985920459782,82.71782231445698,0.6880363547903698,5.695999464649532
s21,sit,s21_sit,93000,2021-01-01 12:41:32.043695,75.18796992481202,75.5061214523699,75.5061214523699,80.1937270127265,0.31815152755787324,5.005757087914475
s21,sit,s21_sit,94000,2021-01-01 12:41:34.043695,76.92307692307692,75.90738230379756,75.90738230379756,78.69350636460138,-1.0156946192793583,1.7704294415244561
s21,sit,s21_sit,95000,2021-01-01 12:41:36.043695,77.12082262210797,77.15840285427412,77.15840285427412,78.15622013598684,0.037580232166149585,1.035397513878877
s21,sit,s21_sit,96000,2021-01-01 12:41:38.043695,78.53403141361257,78.58345169941428,78.58345169941428,78.30575118318644,0.04942028580171609,-0.22828023042612244
s21,sit,s21_sit,97000,2021-01-01 12:41:40.043695,78.74015748031496,78.41513523342566,78.41513523342566,78.34403560077017,-0.32502224688930426,-0.3961218795447934
s21,sit,s21_sit,98000,2021-01-01 12:41:42.043695,78.94736842105263,78.53367787681107,78.53367787681107,78.41041039738448,-0.41369054424156104,-0.5369580236681486
s21,sit,s21_sit,99000,2021-01-01 12:41:44.043695,78.43137254901961,78.49324008019401,78.49324008019401,78.43940078636781,0.061867531174399915,0.00802823734819924
s21,sit,s21_sit,100000,2021-01-01 12:41:46.043695,79.05138339920948,78.46748450553318,78.46748450553318,78.4492300880757,-0.5838988936763059,-0.6021533111337902
s21,sit,s21_sit,101000,2021-01-01 12:41:48.043695,81.63265306122449,80.33591097142508,80.33591097142508,79.10956839724798,-1.2967420897994089,-2.5230846639765048
s21,sit,s21_sit,102000,2021-01-01 12:41:50.043695,83.79888268156425,84.69849134535896,84.69849134535896,81.06569142908683,0.8996086637947087,-2.7331912524774253
s21,sit,s21_sit,103000,2021-01-01 12:41:52.043695,85.1063829787234,87.1228372168889,87.1228372168889,83.18569245481754,2.016454238165494,-1.9206905239058614
s21,sit,s21_sit,104000,2021-01-01 12:41:54.043695,85.34850640113798,86.43394484415421,86.43394484415421,84.32258079108537,1.0854384430162298,-1.0259256100526102
s21,sit,s21_sit,105000,2021-01-01 12:41:56.043695,83.79888268156425,82.68439592524146,82.68439592524146,83.74921608804,-1.1144867563227905,-0.0496665935242504
s21,sit,s21_sit,106000,2021-01-01 12:41:58.043695,75.18796992481202,76.38617392782794,76.38617392782794,81.17215133196578,1.198204003015917,5.984181407153756
s21,sit,s21_sit,107000,2021-01-01 12:42:00.043695,74.62686567164178,73.86296030582514,73.86296030582514,78.61393447281657,-0.7639053658166404,3.987068801174786
s21,sit,s21_sit,108000,2021-01-01 12:42:02.043695,73.89162561576354,72.78579370771169,72.78579370771169,76.57408520502986,-1.1058319080518544,2.6824595892663154
s21,sit,s21_sit,109000,2021-01-01 12:42:04.043695,74.62686567164178,74.43864410507669,74.43864410507669,75.82668082004625,-0.18822156656509037,1.1998151484044683
s21,sit,s21_sit,110000,2021-01-01 12:42:06.043695,75.37688442211055,75.21765470421182,75.21765470421182,75.6135216795042,-0.1592297178987252,0.23663725739365304
s21,sit,s21_sit,111000,2021-01-01 12:42:08.043695,75.75757575757575,75.56126171419602,75.56126171419602,75.59523069164634,-0.19631404337972924,-0.162345065929415
s21,sit,s21_sit,112000,2021-01-01 12:42:10.043695,75.75757575757575,75.66117741044751,75.66117741044751,75.61831204322675,-0.09639834712824324,-0.1392637143489992
s21,sit,s21_sit,113000,2021-01-01 12:42:12.043695,75.18796992481202,74.81410915667234,74.81410915667234,75.33684103293271,-0.3738607681396786,0.14887110812068727
s21,sit,s21_sit,114000,2021-01-01 12:42:14.043695,73.34963325183375,74.05108314597788,74.05108314597788,74.88682577249853,0.7014498941441332,1.5371925206647745
s21,sit,s21_sit,115000,2021-01-01 12:42:16.043695,72.11538461538461,72.77914603490002,72.77914603490002,74.14913786433905,0.66376141951541,2.03375324895444
s21,sit,s21_sit,116000,2021-01-01 12:42:18.043695,71.8562874251497,72.63774214457854,72.63774214457854,73.62014936242286,0.7814547194288366,1.7638619372731625
s21,sit,s21_sit,117000,2021-01-01 12:42:20.043695,73.52941176470588,72.9840741544031,72.9840741544031,73.39752303961595,-0.5453376103027807,-0.13188872508993654
s21,sit,s21_sit,118000,2021-01-01 12:42:22.043695,74.07407407407408,74.39229815297274,74.39229815297274,73.74569432929083,0.3182240788986661,-0.3283797447832484
s21,sit,s21_sit,119000,2021-01-01 12:42:24.043695,75.75757575757575,75.67066254182787,75.67066254182787,74.41943320367879,-0.08691321574788446,-1.338142553896958
s21,sit,s21_sit,120000,2021-01-01 12:42:26.043695,76.92307692307692,77.83284974816885,77.83284974816885,75.61412899425031,0.9097728250919346,-1.308947928826612
s21,sit,s21_sit,121000,2021-01-01 12:42:28.043695,78.84362680683311,80.16873704630959,80.16873704630959,77.20824181247106,1.3251102394764729,-1.635384994362056
s21,sit,s21_sit,122000,2021-01-01 12:42:30.043695,79.57559681697613,79.73546130710291,79.73546130710291,78.09276863559221,0.15986449012677895,-1.4828281813839226
s21,sit,s21_sit,123000,2021-01-01 12:42:32.043695,78.02340702210662,78.52362513960959,78.52362513960959,78.2435684119983,0.5002181175029676,0.2201613898916719
s21,sit,s21_sit,124000,2021-01-01 12:42:34.043695,77.92207792207792,78.65072340895094,78.65072340895094,78.38607266093172,0.7286454868730203,0.46399473885379905
s21,sit,s21_sit,125000,2021-01-01 12:42:36.043695,81.74386920980926,80.69761478528532,80.69761478528532,79.19511240445547,-1.0462544245239371,-2.54875680535379
s21,sit,s21_sit,126000,2021-01-01 12:42:38.043695,82.87292817679558,83.16810519299598,83.16810519299598,80.58565988044465,0.29517701620039816,-2.2872682963509305
s21,sit,s21_sit,127000,2021-01-01 12:42:40.043695,85.22727272727273,84.5624348423242,84.5624348423242,81.9775311171025,-0.6648378849485397,-3.2497416101702328
s21,sit,s21_sit,128000,2021-01-01 12:42:42.043695,86.70520231213874,85.96201848134879,85.96201848134879,83.37210169458871,-0.7431838307899454,-3.3331006175500306
s21,sit,s21_sit,129000,2021-01-01 12:42:44.043695,86.95652173913044,88.68107619986698,88.68107619986698,85.2302427714361,1.7245544607365417,-1.7262789676943413
s21,sit,s21_sit,130000,2021-01-01 12:42:46.043695,86.33093525179856,86.02745381438757,86.02745381438757,85.5092666364691,-0.3034814374109942,-0.8216686153294575
s21,sit,s21_sit,131000,2021-01-01 12:42:48.043695,82.53094910591471,83.64249465842938,83.64249465842938,84.8558964441552,1.11154555251467,2.3249473382404915
s21,sit,s21_sit,132000,2021-01-01 12:42:50.043695,80.64516129032258,80.69904859758813,80.69904859758813,83.40099969785673,0.053887307265554796,2.7558384075341564
s21,sit,s21_sit,133000,2021-01-01 12:42:52.043695,80.4289544235925,79.61487161321816,79.61487161321816,82.07585486823322,-0.8140828103743445,1.6469004446407212
s21,sit,s21_sit,134000,2021-01-01 12:42:54.043695,80.97165991902834,82.85358729847874,82.85358729847874,82.34806121881915,1.8819273794504028,1.376401299790814
s21,sit,s21_sit,135000,2021-01-01 12:42:56.043695,80.75370121130553,81.85535420018559,81.85535420018559,82.1756137622974,1.101652988880062,1.4219125509918769
s21,sit,s21_sit,136000,2021-01-01 12:42:58.043695,81.30081300813008,80.57923816557538,80.57923816557538,81.6168823034447,-0.721574842554702,0.3160692953146196
s21,sit,s21_sit,137000,2021-01-01 12:43:00.043695,73.71007371007371,76.13056843639471,76.13056843639471,79.6966724499772,2.420494726320996,5.986598739903485
s21,sit,s21_sit,138000,2021-01-01 12:43:02.043695,72.81553398058253,73.72688503401999,73.72688503401999,77.60724685439217,0.9113510534374569,4.791712873809644
s21,sit,s21_sit,139000,2021-01-01 12:43:04.043695,73.71007371007371,73.74566641200732,73.74566641200732,76.25569369955747,0.035592701933609305,2.545619989483754
s21,sit,s21_sit,140000,2021-01-01 12:43:06.043695,75.66204287515762,75.87304653223343,75.87304653223343,76.12176719099405,0.21100365707580693,0.45972431583642503
s21,sit,s21_sit,141000,2021-01-01 12:43:08.043695,79.36507936507937,78.2155036169072,78.2155036169072,76.85457494006366,-1.1495757481721682,-2.5105044250157107
s21,sit,s21_sit,142000,2021-01-01 12:43:10.043695,82.3045267489712,82.21574854423588,82.21574854423588,78.73098570152393,-0.08877820473531983,-3.5735410474472644
s21,sit,s21_sit,143000,2021-01-01 12:43:12.043695,80.53691275167785,81.39590944934687,81.39590944934687,79.66370901326196,0.8589966976690278,-0.8732037384158815
s21,sit,s21_sit,144000,2021-01-01 12:43:14.043695,81.52173913043478,80.51231243964098,80.51231243964098,79.96072021249462,-1.009426690793802,-1.5610189179401601
s21,sit,s21_sit,145000,2021-01-01 12:43:16.043695,82.98755186721992,81.25189485692152,81.25189485692152,80.41263133804404,-1.7356570102983966,-2.574920529175884
s21,sit,s21_sit,146000,2021-01-01 12:43:18.043695,79.57559681697613,80.6989023492877,80.6989023492877,80.51282619197931,1.1233055323115764,0.9372293750031844
s21,sit,s21_sit,147000,2021-01-01 12:43:20.043695,80.64516129032258,80.90217730487356,80.90217730487356,80.6490990814923,0.25701601455098455,0.003937791169718707
s21,sit,s21_sit,148000,2021-01-01 12:43:22.043695,77.51937984496124,78.44939513824559,78.44939513824559,79.87920270135595,0.930015293284356,2.3598228563947146
s21,sit,s21_sit,149000,2021-01-01 12:43:24.043695,76.33587786259541,76.10444635704904,76.10444635704904,78.55803798084852,-0.23143150554636804,2.2221601182531145
s21,sit,s21_sit,150000,2021-01-01 12:43:26.043695,75.75757575757575,75.89676530441498,75.89676530441498,77.62659254409678,0.13918954683923346,1.8690167865210299
s21,sit,s21_sit,151000,2021-01-01 12:43:28.043695,76.33587786259541,76.23624737923825,76.23624737923825,77.13997173639629,-0.09963048335715996,0.8040938738008805
s21,sit,s21_sit,152000,2021-01-01 12:43:30.043695,75.75757575757575,75.9978211274742,75.9978211274742,76.74021902327357,0.24024536989844592,0.982643265697817
s21,sit,s21_sit,153000,2021-01-01 12:43:32.043695,75.37688442211055,75.66766083320918,75.66766083320918,76.36482365675104,0.2907764110986335,0.9879392346404927
s21,sit,s21_sit,154000,2021-01-01 12:43:34.043695,74.07407407407408,74.56151030118505,74.56151030118505,75.73366398230294,0.487436227110976,1.6595899082288668
s21,sit,s21_sit,155000,2021-01-01 12:43:36.043695,74.07407407407408,74.40375985852798,74.40375985852798,75.26819753898171,0.3296857844539005,1.1941234649076335
s21,sit,s21_sit,156000,2021-01-01 12:43:38.043695,74.44168734491315,74.61271536008336,74.61271536008336,75.03877877636728,0.17102801517020794,0.5970914314541318
s21,sit,s21_sit,157000,2021-01-01 12:43:40.043695,77.31958762886597,77.95428329418317,77.95428329418317,76.05920535760285,0.6346956653171958,-1.2603822712631256
s21,sit,s21_sit,158000,2021-01-01 12:43:42.043695,79.57559681697613,78.75119521129096,78.75119521129096,77.00140180639369,-0.8244016056851677,-2.574195010582443
s21,sit,s21_sit,159000,2021-01-01 12:43:44.043695,80.32128514056225,80.39718741905682,80.39718741905682,78.18992677082579,0.0759022784945671,-2.1313583697364606
s21,sit,s21_sit,160000,2021-01-01 12:43:46.043695,82.87292817679558,83.0699499915653,83.0699499915653,79.89793489808461,0.19702181476971248,-2.9749932787109685
s21,sit,s21_sit,161000,2021-01-01 12:43:48.043695,84.50704225352113,84.62463703036154,84.62463703036154,81.55228064438154,0.11759477684040576,-2.954761609139595
s21,sit,s21_sit,162000,2021-01-01 12:43:50.043695,84.50704225352113,83.6923277218594,83.6923277218594,82.30129712149879,-0.8147145316617355,-2.2057451320223436
s21,sit,s21_sit,163000,2021-01-01 12:43:52.043695,82.53094910591471,82.98357015956492,82.98357015956492,82.54009268482193,0.4526210536502049,0.009143578907213623
s21,sit,s21_sit,164000,2021-01-01 12:43:54.043695,81.08108108108108,80.5397506525871,80.5397506525871,81.83997297353974,-0.5413304284939784,0.7588918924586636
s21,sit,s21_sit,165000,2021-01-01 12:43:56.043695,81.30081300813008,81.97133740727175,81.97133740727175,81.88595052534595,0.6705243991416694,0.5851375172158697
s21,sit,s21_sit,166000,2021-01-01 12:43:58.043695,81.30081300813008,80.99703885245688,80.99703885245688,81.57483143983477,-0.3037741556731959,0.27401843170468965
s21,sit,s21_sit,167000,2021-01-01 12:44:00.043695,78.43137254901961,78.40958812729382,78.40958812729382,80.46699628044544,-0.021784421725797642,2.0356237314258294
s21,sit,s21_sit,168000,2021-01-01 12:44:02.043695,78.125,77.49497795435948,77.49497795435948,79.42678986631536,-0.6300220456405157,1.3017898663153602
s21,sit,s21_sit,169000,2021-01-01 12:44:04.043695,79.15567282321899,78.9681082959291,78.9681082959291,79.26625131668017,-0.1875645272898936,0.11057849346117621
s21,sit,s21_sit,170000,2021-01-01 12:44:06.043695,81.63265306122449,82.35705089643828,82.35705089643828,80.34803116959552,0.724397835213793,-1.284621891628973
s21,sit,s21_sit,171000,2021-01-01 12:44:08.043695,81.74386920980926,82.12506237003994,82.12506237003994,80.96999208975106,0.38119316023067995,-0.7738771200582022
s21,sit,s21_sit,172000,2021-01-01 12:44:10.043695,81.30081300813008,80.45136390472918,80.45136390472918,80.7884722249934,-0.8494491034009002,-0.5123407831366791
s21,sit,s21_sit,173000,2021-01-01 12:44:12.043695,77.12082262210797,78.0253418688726,78.0253418688726,79.82137660035112,0.9045192467646359,2.70055397824315
s21,sit,s21_sit,174000,2021-01-01 12:44:14.043695,75.56675062972292,75.56468137408648,75.56468137408648,78.33153327115849,-0.0020692556364423353,2.7647826414355734
s21,sit,s21_sit,175000,2021-01-01 12:44:16.043695,75.0,74.95148766067547,74.95148766067547,77.14851730748944,-0.048512339324531695,2.148517307489442
s21,sit,s21_sit,176000,2021-01-01 12:44:18.043695,75.75757575757575,75.36049158664372,75.36049158664372,76.52270830519345,-0.3970841709320325,0.7651325476176964
s21,sit,s21_sit,177000,2021-01-01 12:44:20.043695,77.31958762886597,76.3928431509283,76.3928431509283,76.47725550120064,-0.9267444779376746,-0.8423321276653297
s21,sit,s21_sit,178000,2021-01-01 12:44:22.043695,79.57559681697613,81.20300997121954,81.20300997121954,78.13126956570726,1.6274131542434134,-1.4443272512688736
s21,sit,s21_sit,179000,2021-01-01 12:44:24.043695,79.36507936507937,80.05412650834036,80.05412650834036,78.80426949562884,0.6890471432609928,-0.560809869450523
s21,sit,s21_sit,180000,2021-01-01 12:44:26.043695,76.53061224489795,77.88305643851795,77.88305643851795,78.48184492564003,1.352444193620002,1.9512326807420806
s21,sit,s21_sit,181000,2021-01-01 12:44:28.043695,74.07407407407408,74.86958639064906,74.86958639064906,77.2175544383932,0.7955123165749853,3.1434803643191174
s21,sit,s21_sit,182000,2021-01-01 12:44:30.043695,73.7100737100737,74.10292548966794,74.10292548966794,76.12743430633935,0.39285177959423834,2.4173605962656524
s21,sit,s21_sit,183000,2021-01-01 12:44:32.043695,72.63922518159806,73.8449677819198,73.8449677819198,75.32857102279252,1.2057426003217415,2.689345841194452
s21,sit,s21_sit,184000,2021-01-01 12:44:34.043696,73.71007371007371,74.40310017897684,74.40310017897684,75.00465622745703,0.6930264689031276,1.2945825173833185
s21,sit,s21_sit,185000,2021-01-01 12:44:36.043696,72.99270072992701,73.58299444404042,73.58299444404042,74.50707460326122,0.5902937141134146,1.5143738733342076
s21,sit,s21_sit,186000,2021-01-01 12:44:38.043696,73.34963325183375,74.26867306138308,74.26867306138308,74.42363406360387,0.9190398095493322,1.0740008117701194
s21,sit,s21_sit,187000,2021-01-01 12:44:40.043696,73.34963325183375,74.37177908516665,74.37177908516665,74.40548482115085,1.0221458333328997,1.055851569317099
s21,sit,s21_sit,188000,2021-01-01 12:44:42.043696,73.71007371007371,74.1267296686836,74.1267296686836,74.30792051778731,0.4166559586098799,0.5978468077135943
s21,sit,s21_sit,189000,2021-01-01 12:44:44.043696,73.71007371007371,73.84698343462453,73.84698343462453,74.14659253868034,0.13690972455081862,0.43651882860662283
s21,sit,s21_sit,190000,2021-01-01 12:44:46.043696,72.28915662650603,73.13882711824755,73.13882711824755,73.79387464152886,0.8496704917415201,1.5047180150228314
s21,sit,s21_sit,191000,2021-01-01 12:44:48.043696,72.55139056831923,73.25512133768034,73.25512133768034,73.60531098518189,0.7037307693611012,1.0539204168626526
s21,sit,s21_sit,192000,2021-01-01 12:44:50.043696,73.52941176470588,73.90256787057517,73.90256787057517,73.70935089506953,0.3731561058692847,0.17993913036364972
s21,sit,s21_sit,193000,2021-01-01 12:44:52.043696,74.9063670411985,74.28106849851984,74.28106849851984,73.90945205627713,-0.6252985426786495,-0.9969149849213608
s21,sit,s21_sit,194000,2021-01-01 12:44:54.043696,74.07407407407408,74.15610913325047,74.15610913325047,73.99578203321781,0.0820350591763912,-0.07829204085626884
s21,sit,s21_sit,195000,2021-01-01 12:44:56.043696,74.07407407407408,74.26086558626716,74.26086558626716,74.08856127678507,0.1867915121930821,0.014487202710995462
s21,sit,s21_sit,196000,2021-01-01 12:44:58.043696,73.17073170731707,72.881923078645,72.881923078645,73.66623790743606,-0.28880862867207213,0.4955062001189816
s21,sit,s21_sit,197000,2021-01-01 12:45:00.043696,73.17073170731707,74.03283098810624,74.03283098810624,73.79454548567062,0.8620992807891668,0.6238137783535507
s21,sit,s21_sit,198000,2021-01-01 12:45:02.043696,77.31958762886597,75.59225521681809,75.59225521681809,74.42374389157223,-1.7273324120478861,-2.8958437372937453
s21,sit,s21_sit,199000,2021-01-01 12:45:04.043696,77.31958762886597,76.5074589805347,76.5074589805347,75.15304417270909,-0.8121286483312815,-2.1665434561568873
s21,sit,s21_sit,200000,2021-01-01 12:45:06.043696,76.33587786259541,77.0895663679678,77.0895663679678,75.83082694104964,0.753688505372395,-0.5050509215457737
s21,sit,s21_sit,201000,2021-01-01 12:45:08.043696,75.56675062972292,75.41689785204937,75.41689785204937,75.68595175989955,-0.14985277767354432,0.11920113017663425
s21,sit,s21_sit,202000,2021-01-01 12:45:10.043696,75.56675062972292,75.23944850090565,75.23944850090565,75.52967561925169,-0.3273021288172657,-0.03707501047122719
s21,sit,s21_sit,203000,2021-01-01 12:45:12.043696,76.43312101910827,76.33207614892306,76.33207614892306,75.81051580463668,-0.10104487018520558,-0.6226052144715908
s21,sit,s21_sit,204000,2021-01-01 12:45:14.043696,79.7872340425532,78.62501997792062,78.62501997792062,76.79559226528606,-1.162214064632579,-2.9916417772671338
s21,sit,s21_sit,205000,2021-01-01 12:45:16.043696,78.02340702210662,78.52237750674998,78.52237750674998,77.39996709979843,0.49897048464335114,-0.6234399223081937
s21,sit,s21_sit,206000,2021-01-01 12:45:18.043696,75.0,76.15939243931967,76.15939243931967,76.96576596863086,1.1593924393196744,1.965765968630862
s21,sit,s21_sit,207000,2021-01-01 12:45:20.043696,74.81296758104737,75.40868832513945,75.40868832513945,76.42078879340886,0.5957207440920769,1.6078212123614861
s21,sit,s21_sit,208000,2021-01-01 12:45:22.043696,74.62686567164178,74.94842370471912,74.94842370471912,75.90546101236745,0.32155803307733777,1.2785953407256727
s21,sit,s21_sit,209000,2021-01-01 12:45:24.043696,74.62686567164178,74.71734868395446,74.71734868395446,75.4896216974229,0.0904830123126743,0.862756025781124
s21,sit,s21_sit,210000,2021-01-01 12:45:26.043696,74.62686567164178,74.7004844489764,74.7004844489764,75.21342366046663,0.07361877733461597,0.5865579888248504
s21,sit,s21_sit,211000,2021-01-01 12:45:28.043696,74.44168734491315,74.73017774198142,74.73017774198142,75.04428758899681,0.28849039706827284,0.6026002440836606
s21,sit,s21_sit,212000,2021-01-01 12:45:30.043696,74.44168734491315,75.26230129252532,75.26230129252532,75.12059238523179,0.8206139476121734,0.6789050403186394
s21,sit,s21_sit,213000,2021-01-01 12:45:32.043696,77.31958762886597,76.78386220284453,76.78386220284453,75.70273682139624,-0.5357254260214432,-1.6168508074697314
s21,sit,s21_sit,214000,2021-01-01 12:45:34.043696,81.52173913043478,79.85642960699396,79.85642960699396,77.15652929635544,-1.6653095234408255,-4.365209834079337
s21,sit,s21_sit,215000,2021-01-01 12:45:36.043696,83.91608391608392,84.8707453334493,84.8707453334493,79.8565049093383,0.9546614173653865,-4.059579006745622
s21,sit,s21_sit,216000,2021-01-01 12:45:38.043696,83.91608391608392,84.48173590283169,84.48173590283169,81.47533575706098,0.565651986747767,-2.440748159022945
s21,sit,s21_sit,217000,2021-01-01 12:45:40.043696,82.64462809917356,81.37484059604199,81.37484059604199,81.44016245070432,-1.2697875031315675,-1.2044656484692382
s21,sit,s21_sit,218000,2021-01-01 12:45:42.043696,74.62686567164178,75.80386588679671,75.80386588679671,79.46745865333665,1.1770002151549335,4.8405929816948685
s21,sit,s21_sit,219000,2021-01-01 12:45:44.043696,73.52941176470588,73.89262262885751,73.89262262885751,77.51626604476895,0.3632108641516254,3.9868542800630706
s21,sit,s21_sit,220000,2021-01-01 12:45:46.043696,73.89162561576354,73.8130575579368,73.8130575579368,76.2201430743777,-0.07856805782674314,2.328517458614158
s21,sit,s21_sit,221000,2021-01-01 12:45:48.043696,74.81296758104737,74.40197195938892,74.40197195938892,75.58378318413162,-0.4109956216584578,0.7708156030842446
s21,sit,s21_sit,222000,2021-01-01 12:45:50.043696,77.31958762886597,76.85343586903396,76.85343586903396,76.02816162384744,-0.46615175983201595,-1.2914260050185362
s21,sit,s21_sit,223000,2021-01-01 12:45:52.043696,77.51937984496124,78.26945813008966,78.26945813008966,76.81261540103222,0.7500782851284242,-0.7067644439290177
s21,sit,s21_sit,224000,2021-01-01 12:45:54.043696,77.22007722007721,77.68223328300796,77.68223328300796,77.11698165972373,0.4621560629307453,-0.10309556035348066
s21,sit,s21_sit,225000,2021-01-01 12:45:56.043696,76.92307692307692,77.10554155876852,77.10554155876852,77.1129776243894,0.18246463569160198,0.1899007013124816
s21,sit,s21_sit,226000,2021-01-01 12:45:58.043696,75.75757575757575,75.77989092318568,75.77989092318568,76.6463972789681,0.022315165609924748,0.8888215213923445
s21,sit,s21_sit,227000,2021-01-01 12:46:00.043696,76.92307692307692,77.33520482348432,77.33520482348432,76.88747991954878,0.41212790040739833,-0.03559700352813877
s21,sit,s21_sit,228000,2021-01-01 12:46:02.043696,79.7872340425532,78.56589762897924,78.56589762897924,77.47492611784944,-1.221336413573951,-2.3123079247037595
s21,sit,s21_sit,229000,2021-01-01 12:46:04.043696,80.53691275167785,80.53510630547497,80.53510630547497,78.54598918351837,-0.0018064462028775097,-1.9909235681594737
s21,sit,s21_sit,230000,2021-01-01 12:46:06.043696,84.86562942008487,83.6613464855666,83.6613464855666,80.33636423923525,-1.2042829345182753,-4.52926518084962
s21,sit,s21_sit,231000,2021-01-01 12:46:08.043696,86.20689655172414,85.51255540982685,85.51255540982685,82.14803114894231,-0.6943411418972971,-4.058865402781834
s21,sit,s21_sit,232000,2021-01-01 12:46:10.043696,86.20689655172414,87.25538650645713,87.25538650645713,83.9356055240725,1.048489954732986,-2.2712910276516425
s21,sit,s21_sit,233000,2021-01-01 12:46:12.043696,85.59201141226819,85.86165114152443,85.86165114152443,84.60972149018068,0.2696397292562409,-0.9822899220875172
s21,sit,s21_sit,234000,2021-01-01 12:46:14.043696,87.84773060029282,87.491062276402,87.491062276402,85.61819076535814,-0.3566683238908155,-2.229539834934684
s21,sit,s21_sit,235000,2021-01-01 12:46:16.043696,86.58008658008659,89.20820563138157,89.20820563138157,86.87469596846634,2.6281190512949877,0.2946093883797545
s21,sit,s21_sit,236000,2021-01-01 12:46:18.043696,86.58008658008659,87.67908100267351,87.67908100267351,87.15623073043885,1.0989944225869266,0.5761441503522633
s21,sit,s21_sit,237000,2021-01-01 12:46:20.043696,80.64516129032258,82.92883896287479,82.92883896287479,85.67664361179143,2.2836776725522157,5.031482321468857
s21,sit,s21_sit,238000,2021-01-01 12:46:22.043696,80.53691275167785,80.9042035341026,80.9042035341026,84.00628958460035,0.3672907824247602,3.4693768329225065
s21,sit,s21_sit,239000,2021-01-01 12:46:24.043696,80.32128514056225,79.80961025753572,79.80961025753572,82.53745182012773,-0.5116748830265294,2.2161666795654753
s21,sit,s21_sit,240000,2021-01-01 12:46:26.043696,78.94736842105263,78.61178847454882,78.61178847454882,81.16346964917511,-0.3355799465038132,2.216101228122483
s21,walk,s21_walk,0,2021-01-01 12:28:23.714252,91.46341463414632,92.37081014278871,92.37081014278871,92.37081014278871,0.907395508642395,0.907395508642395
s21,walk,s21_walk,1000,2021-01-01 12:28:25.714252,91.46341463414632,92.39912952177026,92.39912952177026,92.38072192543225,0.935714887623945,0.9173072912859368
s21,walk,s21_walk,2000,2021-01-01 12:28:27.714252,91.6030534351145,91.89006104173671,91.89006104173671,92.20899061613882,0.28700760662221114,0.6059371810243164
s21,walk,s21_walk,3000,2021-01-01 12:28:29.714252,96.7741935483871,96.68327041301774,96.68327041301774,93.77498854504644,-0.09092313536936558,-2.9992050033406628
s21,walk,s21_walk,4000,2021-01-01 12:28:31.714252,96.7741935483871,96.39633125410447,96.39633125410447,94.69245849321675,-0.37786229428263596,-2.0817350551703555
s21,walk,s21_walk,5000,2021-01-01 12:28:33.714252,92.5925925925926,93.30932855376638,93.30932855376638,94.20836301440912,0.7167359611737822,1.6157704218165208
s21,walk,s21_walk,6000,2021-01-01 12:28:35.714252,90.09009009009009,90.01032487627056,90.01032487627056,92.73904966606062,-0.0797652138195275,2.6489595759705367
s21,walk,s21_walk,7000,2021-01-01 12:28:37.714252,90.36144578313252,90.23635595489755,90.23635595489755,91.86310686715355,-0.1250898282349766,1.5016610840210234
s21,walk,s21_walk,8000,2021-01-01 12:28:39.714252,95.23809523809524,95.38660532867353,95.38660532867353,93.09633132868554,0.14851009057828435,-2.141763909409704
s21,walk,s21_walk,9000,2021-01-01 12:28:41.714252,98.84678747940691,97.88033761952362,97.88033761952362,94.77073353047886,-0.9664498598832978,-4.076053948928049
s21,walk,s21_walk,10000,2021-01-01 12:28:43.714252,99.009900990099,99.1096965957305,99.1096965957305,96.28937060331694,0.09979560563149903,-2.720530386782059
s21,walk,s21_walk,11000,2021-01-01 12:28:45.714252,99.009900990099,99.7373192807975,99.7373192807975,97.49615264043513,0.7274182906984947,-1.5137483496638708
s21,walk,s21_walk,12000,2021-01-01 12:28:47.714252,99.33774834437088,100.59938171561144,100.59938171561144,98.58228281674684,1.2616333712405634,-0.7554655276240396
s21,walk,s21_walk,13000,2021-01-01 12:28:49.714252,101.52284263959392,101.09675390983655,101.09675390983655,99.46234769932823,-0.42608872975736745,-2.0604949402656842
s21,walk,s21_walk,14000,2021-01-01 12:28:51.714252,101.69491525423727,102.42865556298918,102.42865556298918,100.50055545160957,0.733740308751905,-1.1943598026277016
s21,walk,s21_walk,15000,2021-01-01 12:28:53.714252,102.73972602739728,103.04040067126994,103.04040067126994,101.3895012784907,0.30067464387265375,-1.3502247489065837
s21,walk,s21_walk,16000,2021-01-01 12:28:55.714252,102.73972602739728,102.95312089782576,102.95312089782576,101.93676814525796,0.21339487042847338,-0.8029578821393244
s21,walk,s21_walk,17000,2021-01-01 12:28:57.714252,103.44827586206895,103.10093776919858,103.10093776919858,102.34422751363718,-0.3473380928703733,-1.1040483484317747
s21,walk,s21_walk,18000,2021-01-01 12:28:59.714252,104.89510489510492,104.94393854049487,104.94393854049487,103.25412637303738,0.04883364538994783,-1.6409785220675417
s21,walk,s21_walk,19000,2021-01-01 12:29:01.714252,105.63380281690142,105.39684852176762,105.39684852176762,104.00407912509297,-0.23695429513379906,-1.6297236918084508
s21,walk,s21_walk,20000,2021-01-01 12:29:03.714252,106.0070671378092,105.81770645728376,105.81770645728376,104.63884869135975,-0.1893606805254393,-1.368218446449447
s21,walk,s21_walk,21000,2021-01-01 12:29:05.714252,105.63380281690142,105.09777568442139,105.09777568442139,104.79947313893132,-0.5360271324800294,-0.8343296779701035
s21,walk,s21_walk,22000,2021-01-01 12:29:07.714252,103.62694300518136,103.886868048124,103.886868048124,104.48006135714874,0.2599250429426405,0.8531183519673817
s21,walk,s21_walk,23000,2021-01-01 12:29:09.714252,103.09278350515464,103.25206176971525,103.25206176971525,104.05026150154703,0.15927826456061212,0.9574779963923845
s21,walk,s21_walk,24000,2021-01-01 12:29:11.714252,101.69491525423727,102.49736140394168,102.49736140394168,103.50674646738516,0.8024461497044086,1.811831213147883
s21,walk,s21_walk,25000,2021-01-01 12:29:13.714252,101.010101010101,100.67474759420662,100.67474759420662,102.51554686177268,-0.3353534158943745,1.5054458516716807
s21,walk,s21_walk,26000,2021-01-01 12:29:15.714252,97.7198697068404,98.21914020148853,98.21914020148853,101.01180453067323,0.49927049464812967,3.2919348238328325
s21,walk,s21_walk,27000,2021-01-01 12:29:17.714252,97.5609756097561,96.85271494288291,96.85271494288291,99.55612317494662,-0.708260666873187,1.9951475651905213
s21,walk,s21_walk,28000,2021-01-01 12:29:19.714252,97.87928221859708,97.35534775967706,97.35534775967706,98.78585177960227,-0.5239344589200243,0.9065695610051847
s21,walk,s21_walk,29000,2021-01-01 12:29:21.714252,98.6842105263158,98.45154914813877,98.45154914813877,98.66884585859003,-0.2326613781770277,-0.015364667725762615
s21,walk,s21_walk,30000,2021-01-01 12:29:23.714252,98.6842105263158,98.42241510949616,98.42241510949616,98.58259509640718,-0.2617954168196377,-0.1016154299086196
s21,walk,s21_walk,31000,2021-01-01 12:29:25.714252,100.1669449081803,99.45916817863994,99.45916817863994,98.88939567518864,-0.7077767295403561,-1.2775492329916602
s21,walk,s21_walk,32000,2021-01-01 12:29:27.714252,101.35135135135135,100.34191062054104,100.34191062054104,99.39777590606198,-1.0094407308103115,-1.953575445289374
s21,walk,s21_walk,33000,2021-01-01 12:29:29.714252,98.03921568627452,98.42293341223117,98.42293341223117,99.05658103322119,0.3837177259566573,1.0173653469466757
s21,walk,s21_walk,34000,2021-01-01 12:29:31.714252,96.7741935483871,96.36581739697668,96.36581739697668,98.11481376053561,-0.4083761514104225,1.340620212148508
s21,walk,s21_walk,35000,2021-01-01 12:29:33.714252,96.61835748792272,96.18430153711489,96.18430153711489,97.43913448233836,-0.43405595080783144,0.8207769944156382
s21,walk,s21_walk,36000,2021-01-01 12:29:35.714252,96.7741935483871,97.19541726236726,97.19541726236726,97.35383345534848,0.42122371398015446,0.5796399069613756
s21,walk,s21_walk,37000,2021-01-01 12:29:37.714252,97.4025974025974,97.20216235208065,97.20216235208065,97.30074856920474,-0.20043505051674515,-0.10184883339265127
s21,walk,s21_walk,38000,2021-01-01 12:29:39.714252,97.4025974025974,96.55878671423744,96.55878671423744,97.04106191996618,-0.8438106883599517,-0.3615354826312114
s21,walk,s21_walk,39000,2021-01-01 12:29:41.714252,90.9090909090909,90.65172982519363,90.65172982519363,94.80479568679579,-0.25736108389727974,3.8957047777048786
s21,walk,s21_walk,40000,2021-01-01 12:29:43.714252,90.9090909090909,90.73131654750658,90.73131654750658,93.37907798804457,-0.17777436158432636,2.4699870789536646
s21,walk,s21_walk,41000,2021-01-01 12:29:45.714252,91.6030534351145,91.3927616578058,91.3927616578058,92.683867272461,-0.2102917773086972,1.080813837346497
s21,walk,s21_walk,42000,2021-01-01 12:29:47.714252,92.5925925925926,92.7927022319397,92.7927022319397,92.72195950827854,0.20010963934710446,0.12936691568594938
s21,walk,s21_walk,43000,2021-01-01 12:29:49.714252,93.16770186335404,92.95314318416389,92.95314318416389,92.8028737948384,-0.21455867919014793,-0.3648280685156351
s21,walk,s21_walk,44000,2021-01-01 12:29:51.714252,93.16770186335404,93.32738495764768,93.32738495764768,92.98645270182166,0.1596830942936407,-0.1812491615323779
s21,walk,s21_walk,45000,2021-01-01 12:29:53.714252,94.33962264150944,93.7950244575288,93.7950244575288,93.26945281631916,-0.5445981839806393,-1.070169825190277
s21,walk,s21_walk,46000,2021-01-01 12:29:55.714252,95.84664536741214,95.10767154056153,95.10767154056153,93.91282936980399,-0.7389738268506107,-1.93381599760815
s21,walk,s21_walk,47000,2021-01-01 12:29:57.714252,95.23809523809524,95.53439402503307,95.53439402503307,94.48037699913417,0.2962987869378253,-0.7577182389610755
s21,walk,s21_walk,48000,2021-01-01 12:29:59.714252,92.3076923076923,92.78218156105629,92.78218156105629,93.88600859580691,0.4744892533639842,1.578316288114607
s21,walk,s21_walk,49000,2021-01-01 12:30:01.714252,91.1854103343465,90.92992329609167,90.92992329609167,92.85137874090657,-0.2554870382548273,1.6659684065600686
s21,walk,s21_walk,50000,2021-01-01 12:30:03.714252,88.75739644970413,89.00415185958408,89.00415185958408,91.5048493324437,0.24675540987995248,2.747452882739566
s21,walk,s21_walk,51000,2021-01-01 12:30:05.714252,88.49557522123894,86.92958969260897,86.92958969260897,89.90350845850155,-1.565985528629966,1.4079332372626112
s21,walk,s21_walk,52000,2021-01-01 12:30:07.714252,88.75739644970413,88.12530391215479,88.12530391215479,89.28113686728018,-0.6320925375493402,0.5237404175760503
s21,walk,s21_walk,53000,2021-01-01 12:30:09.714252,88.49557522123894,88.92255354174218,88.92255354174218,89.15563270334188,0.42697832050323825,0.6600574821029426
s21,walk,s21_walk,54000,2021-01-01 12:30:11.714252,91.46341463414632,91.19732006875827,91.19732006875827,89.87022328123761,-0.26609456538804466,-1.593191352908704
s21,walk,s21_walk,55000,2021-01-01 12:30:13.714253,93.16770186335404,93.78916403916945,93.78916403916945,91.24185254651375,0.6214621758154095,-1.925849316840285
s21,walk,s21_walk,56000,2021-01-01 12:30:15.714253,94.7867298578199,96.63975115952353,96.63975115952353,93.13111706106717,1.8530213017036203,-1.6556127967527345
s21,walk,s21_walk,57000,2021-01-01 12:30:17.714253,97.4025974025974,97.5484668688527,97.5484668688527,94.6771894937921,0.14586946625530572,-2.7254079088052947
s21,walk,s21_walk,58000,2021-01-01 12:30:19.714253,96.7741935483871,97.32004301163205,97.32004301163205,95.60218822503609,0.5458494632449487,-1.1720053233510157
s21,walk,s21_walk,59000,2021-01-01 12:30:21.714253,95.08716323296356,95.7410310997201,95.7410310997201,95.6507832311755,0.6538678667565421,0.5636199982119336
s21,walk,s21_walk,60000,2021-01-01 12:30:23.714253,96.93053311793214,97.19365576373224,97.19365576373224,96.19078861757035,0.26312264580009526,-0.7397445003617946
s21,walk,s21_walk,61000,2021-01-01 12:30:25.714253,96.93053311793214,98.13338507742573,98.13338507742573,96.87069737851974,1.2028519594935858,-0.0598357394124065
s21,walk,s21_walk,62000,2021-01-01 12:30:27.714253,98.36065573770492,98.60877755365365,98.60877755365365,97.47902543981661,0.2481218159487355,-0.8816302978883073
s21,walk,s21_walk,63000,2021-01-01 12:30:29.714253,99.66777408637874,99.84100043650082,99.84100043650082,98.30571668865608,0.17322635012207854,-1.3620573977226655
s21,walk,s21_walk,64000,2021-01-01 12:30:31.714253,98.6842105263158,99.22445862633572,99.22445862633572,98.62727636684394,0.5402481000199231,-0.056934159471850876
s21,walk,s21_walk,65000,2021-01-01 12:30:33.714253,100.1669449081803,99.86975943162362,99.86975943162362,99.06214543951683,-0.2971854765566775,-1.1047994686634723
s21,walk,s21_walk,66000,2021-01-01 12:30:35.714253,99.66777408637874,100.52919156729824,100.52919156729824,99.57561158424033,0.8614174809194992,-0.09216250213840738
s21,walk,s21_walk,67000,2021-01-01 12:30:37.714253,98.6842105263158,96.76292380070916,96.76292380070916,98.59117086000442,-1.9212867256066346,-0.09303966631136973
s21,walk,s21_walk,68000,2021-01-01 12:30:39.714253,94.9367088607595,94.2857989121324,94.2857989121324,97.08429067824923,-0.6509099486270884,2.147581817489737
s21,walk,s21_walk,69000,2021-01-01 12:30:41.714253,92.16589861751152,91.75578154321519,91.75578154321519,95.21931248098733,-0.4101170742963234,3.053413863475811
s21,walk,s21_walk,70000,2021-01-01 12:30:43.714253,92.16589861751152,92.5071732944085,92.5071732944085,94.27006376568474,0.34127467689698676,2.104165148173223
s21,walk,s21_walk,71000,2021-01-01 12:30:45.714253,92.87925696594426,93.9226525288121,93.9226525288121,94.14846983277931,1.043395562867829,1.2692128668350477
s21,walk,s21_walk,72000,2021-01-01 12:30:47.714253,92.87925696594426,93.73355025241722,93.73355025241722,94.00324797965257,0.8542932864729522,1.1239910137083058
s21,walk,s21_walk,73000,2021-01-01 12:30:49.714253,92.87925696594426,92.95842761770783,92.95842761770783,93.63756085297192,0.07917065176356175,0.7583038870276511
s21,walk,s21_walk,74000,2021-01-01 12:30:51.714253,92.87925696594426,92.21317462244781,92.21317462244781,93.13902567228848,-0.6660823434964556,0.259768706344218
s21,walk,s21_walk,75000,2021-01-01 12:30:53.714253,92.5925925925926,92.59096120327166,92.59096120327166,92.9472031081326,-0.0016313893209343178,0.3546105155400028
s21,walk,s21_walk,76000,2021-01-01 12:30:55.714253,93.45794392523364,93.51539599474344,93.51539599474344,93.1460706184464,0.0574520695098073,-0.31187330678723413
s21,walk,s21_walk,77000,2021-01-01 12:30:57.714253,93.16770186335404,93.28052842934365,93.28052842934365,93.19313085226044,0.11282656598960727,0.02542898890639833
s21,walk,s21_walk,78000,2021-01-01 12:30:59.714253,92.3076923076923,91.26321604364863,91.26321604364863,92.51766066924631,-1.0444762640436807,0.20996836155400445
s21,walk,s21_walk,79000,2021-01-01 12:31:01.714253,93.16770186335404,91.74711604047354,91.74711604047354,92.24797004917585,-1.420585822880497,-0.919731814178192
s21,walk,s21_walk,80000,2021-01-01 12:31:03.714253,90.09009009009009,90.30918115704203,90.30918115704203,91.569393936929,0.2190910669519468,1.479303846838917
s21,walk,s21_walk,81000,2021-01-01 12:31:05.714253,89.82035928143712,90.42873744240126,90.42873744240126,91.17016416384429,0.6083781609641363,1.3498048824071702
s21,walk,s21_walk,82000,2021-01-01 12:31:07.714253,89.82035928143712,90.32890359718925,90.32890359718925,90.87572296551502,0.5085443157521325,1.0553636840779035
s21,walk,s21_walk,83000,2021-01-01 12:31:09.714253,89.82035928143712,90.54765571747475,90.54765571747475,90.76089942870092,0.7272964360376335,0.9405401472638033
s21,walk,s21_walk,84000,2021-01-01 12:31:11.714253,93.75,93.45415030595387,93.45415030595387,91.70353723573945,-0.29584969404612593,-2.0464627642605535
s21,walk,s21_walk,85000,2021-01-01 12:31:13.714253,95.54140127388536,96.36675170215811,96.36675170215811,93.33566229898597,0.8253504282727562,-2.20573897489939
s21,walk,s21_walk,86000,2021-01-01 12:31:15.714253,96.4630225080386,96.93229970435196,96.93229970435196,94.59448539086407,0.4692771963133566,-1.8685371171745402
s21,walk,s21_walk,87000,2021-01-01 12:31:17.714253,96.30818619582664,96.20742543227183,96.20742543227183,95.15901440535679,-0.10076076355480268,-1.1491717904698504
s21,walk,s21_walk,88000,2021-01-01 12:31:19.714253,93.45794392523364,93.79603243045665,93.79603243045665,94.68197071414174,0.3380885052230127,1.2240267889081053
s21,walk,s21_walk,89000,2021-01-01 12:31:21.714253,93.89671361502349,93.67351579586003,93.67351579586003,94.32901149274315,-0.2231978191634596,0.43229787771966244
s21,walk,s21_walk,90000,2021-01-01 12:31:23.714253,98.6842105263158,97.96120682398445,97.96120682398445,95.6002798586776,-0.72300370233134,-3.0839306676381995
s21,walk,s21_walk,91000,2021-01-01 12:31:25.714253,101.010101010101,101.12153497424224,101.12153497424224,97.53271914912523,0.1114339641412414,-3.4773818609757683
s21,walk,s21_walk,92000,2021-01-01 12:31:27.714253,101.35135135135135,102.50408058352359,102.50408058352359,99.27269565116467,1.1527292321722342,-2.0786557001866868
s21,walk,s21_walk,93000,2021-01-01 12:31:29.714253,100.8403361344538,100.8152242301801,100.8152242301801,99.81258065382008,-0.025111904273700247,-1.0277554806337292
s21,walk,s21_walk,94000,2021-01-01 12:31:31.714253,99.50248756218906,99.25975858518323,99.25975858518323,99.61909292979718,-0.24272897700582519,0.11660536760811624
s21,walk,s21_walk,95000,2021-01-01 12:31:33.714253,98.36065573770492,97.8272710877731,97.8272710877731,98.99195528508875,-0.5333846499318184,0.6312995473838328
s21,walk,s21_walk,96000,2021-01-01 12:31:35.714253,98.52216748768473,98.57437004706912,98.57437004706912,98.84580045178188,0.05220255938439777,0.3236329640971576
s21,walk,s21_walk,97000,2021-01-01 12:31:37.714253,98.03921568627452,98.01653776095438,98.01653776095438,98.55555850999227,-0.02267792532013857,0.5163428237177499
s21,walk,s21_walk,98000,2021-01-01 12:31:39.714253,92.16589861751152,92.95011038124814,92.95011038124814,96.59365166493181,0.7842117637366215,4.427753047420296
s21,walk,s21_walk,99000,2021-01-01 12:31:41.714253,87.71929824561403,89.70918535968971,89.70918535968971,94.18408845809708,1.9898871140756853,6.464790212483052
s21,walk,s21_walk,100000,2021-01-01 12:31:43.714253,87.5912408759124,87.85203564130411,87.85203564130411,91.96786997221955,0.260794765391708,4.376629096307141
s21,walk,s21_walk,101000,2021-01-01 12:31:45.714253,89.28571428571428,89.08332895583297,89.08332895583297,90.95828061648425,-0.20238532988130942,1.6725663307699676
s21,walk,s21_walk,102000,2021-01-01 12:31:47.714253,88.36524300441826,89.1459801912293,89.1459801912293,90.32397546764501,0.780737186811038,1.9587324632267524
s21,walk,s21_walk,103000,2021-01-01 12:31:49.714253,87.46355685131196,87.82544730012722,87.82544730012722,89.4494906090138,0.36189044881525945,1.9859337577018294
s21,walk,s21_walk,104000,2021-01-01 12:31:51.714253,87.46355685131195,88.37057816666417,88.37057816666417,89.07187125419142,0.9070213153522246,1.608314402879472
s21,walk,s21_walk,105000,2021-01-01 12:31:53.714253,87.46355685131195,88.16815187447206,88.16815187447206,88.75556947128965,0.7045950231601097,1.2920126199776973
s21,walk,s21_walk,106000,2021-01-01 12:31:55.714253,87.46355685131195,88.40493300559034,88.40493300559034,88.63284670829489,0.9413761542783874,1.1692898569829424
s21,walk,s21_walk,107000,2021-01-01 12:31:57.714253,87.71929824561403,88.70161155132824,88.70161155132824,88.65691440335657,0.9823133057142144,0.9376161577425393
s21,walk,s21_walk,108000,2021-01-01 12:31:59.714253,86.45533141210375,87.33256915467578,87.33256915467578,88.19339356631829,0.877237742572035,1.7380621542145462
s21,walk,s21_walk,109000,2021-01-01 12:32:01.714253,86.70520231213874,86.20803016114834,86.20803016114834,87.49851637450881,-0.49717215099039436,0.7933140623700723
s21,walk,s21_walk,110000,2021-01-01 12:32:03.714253,87.46355685131195,87.09254403041467,87.09254403041467,87.35642605407587,-0.3710128208972776,-0.10713079723608132
s21,walk,s21_walk,111000,2021-01-01 12:32:05.714253,90.63444108761328,90.4806266136998,90.4806266136998,88.44989624994425,-0.15381447391348502,-2.184544837669037
s21,walk,s21_walk,112000,2021-01-01 12:32:07.714253,91.1854103343465,91.36981875378486,91.36981875378486,89.47186912628845,0.1844084194383555,-1.7135412080580465
s21,walk,s21_walk,113000,2021-01-01 12:32:09.714253,92.0245398773006,91.60437105573939,91.60437105573939,90.21824480159628,-0.42016882156120516,-1.8062950757043126
s21,walk,s21_walk,114000,2021-01-01 12:32:11.714253,91.1854103343465,91.1592371449014,91.1592371449014,90.54759212175307,-0.026173189445103162,-0.6378182125934302
s21,walk,s21_walk,115000,2021-01-01 12:32:13.714253,90.9090909090909,91.0089357292957,91.0089357292957,90.709062384393,0.0998448202047939,-0.2000285246979132
s21,walk,s21_walk,116000,2021-01-01 12:32:15.714253,91.1854103343465,91.12550316497983,91.12550316497983,90.85481665759839,-0.05990716936666729,-0.3305936767481086
s21,walk,s21_walk,117000,2021-01-01 12:32:17.714253,91.74311926605505,92.02064601330244,92.02064601330244,91.2628569320948,0.2775267472473928,-0.48026233396024054
s21,walk,s21_walk,118000,2021-01-01 12:32:19.714253,95.54140127388536,95.48724885260755,95.48724885260755,92.74139410427426,-0.05415242127780573,-2.800007169611092
s21,walk,s21_walk,119000,2021-01-01 12:32:21.714253,95.54140127388536,95.5172494454865,95.5172494454865,93.71294347369854,-0.02415182839885688,-1.8284578001868113
s21,walk,s21_walk,120000,2021-01-01 12:32:23.714253,94.9367088607595,93.5042311280675,93.5042311280675,93.63989415272768,-1.4324777326919929,-1.2968147080318175
s21,walk,s21_walk,121000,2021-01-01 12:32:25.714253,94.9367088607595,93.40110313126475,93.40110313126475,93.55631729521565,-1.5356057294947476,-1.380391565543846
s21,walk,s21_walk,122000,2021-01-01 12:32:27.714253,94.9367088607595,93.60106249746491,93.60106249746491,93.5719781160029,-1.335646363294586,-1.3647307447565993
s21,walk,s21_walk,123000,2021-01-01 12:32:29.714253,95.23809523809524,95.84245887119596,95.84245887119596,94.36664638032047,0.6043636331007178,-0.8714488577747659
s21,walk,s21_walk,124000,2021-01-01 12:32:31.714253,95.23809523809524,95.79067934989095,95.79067934989095,94.86505791967014,0.55258411179571,-0.373037318425105
s21,walk,s21_walk,125000,2021-01-01 12:32:33.714253,93.75,93.54608266467652,93.54608266467652,94.40341658042237,-0.20391733532348155,0.6534165804223733
s21,walk,s21_walk,126000,2021-01-01 12:32:35.714253,93.75,92.38815459685938,92.38815459685938,93.69807488617533,-1.3618454031406202,-0.051925113824665914
s21,walk,s21_walk,127000,2021-01-01 12:32:37.714253,92.0245398773006,92.38054569784533,92.38054569784533,93.23693967025983,0.3560058205447376,1.212399792959232
s21,walk,s21_walk,128000,2021-01-01 12:32:39.714253,93.75,93.52804649956259,93.52804649956259,93.3388270605158,-0.22195350043740802,-0.41117293948420297
s21,walk,s21_walk,129000,2021-01-01 12:32:41.714253,93.89671361502349,93.68041862404635,93.68041862404635,93.4583841077515,-0.21629499097713278,-0.4383295072719875
s21,walk,s21_walk,130000,2021-01-01 12:32:43.714253,93.16770186335404,92.88581914147507,92.88581914147507,93.25798636955474,-0.2818827218789721,0.09028450620070316
s21,walk,s21_walk,131000,2021-01-01 12:32:45.714253,93.31259720062208,93.5812398664521,93.5812398664521,93.3711250934688,0.26864266583001495,0.058527892846726104
s21,walk,s21_walk,132000,2021-01-01 12:32:47.714253,92.3076923076923,92.30630871953979,92.30630871953979,92.99843936259364,-0.0013835881525210425,0.6907470549013368
s21,walk,s21_walk,133000,2021-01-01 12:32:49.714253,93.45794392523364,92.09451662438636,92.09451662438636,92.68206640422109,-1.3634273008472775,-0.7758775210125464
s21,walk,s21_walk,134000,2021-01-01 12:32:51.714253,92.3076923076923,91.3152419911852,91.3152419911852,92.20367785965854,-0.992450316507103,-0.10401444803376592
s21,walk,s21_walk,135000,2021-01-01 12:32:53.714253,88.75739644970413,90.98436551997449,90.98436551997449,91.77691854076912,2.226969070270357,3.019522091064985
s21,walk,s21_walk,136000,2021-01-01 12:32:55.714253,87.97653958944281,90.12126893649153,90.12126893649153,91.19744117927196,2.144729347048724,3.220901589829154
s21,walk,s21_walk,137000,2021-01-01 12:32:57.714253,87.46355685131195,87.81205915922538,87.81205915922538,90.01255747225566,0.34850230791343506,2.5490006209437155
s21,walk,s21_walk,138000,2021-01-01 12:32:59.714253,89.55223880597015,90.28337913684258,90.28337913684258,90.10734505486109,0.7311403308724351,0.5551062488909366
s21,walk,s21_walk,139000,2021-01-01 12:33:01.714253,93.16770186335404,92.0170575931519,92.0170575931519,90.77574444326287,-1.150644270202136,-2.391957420091174
s21,walk,s21_walk,140000,2021-01-01 12:33:03.714253,95.23809523809524,94.1936436273381,94.1936436273381,91.9720091576892,-1.044451610757136,-3.2660860804060405
s21,walk,s21_walk,141000,2021-01-01 12:33:05.714253,95.69377990430624,95.41879683517844,95.41879683517844,93.17838484481044,-0.27498306912779924,-2.515395059495802
s21,walk,s21_walk,142000,2021-01-01 12:33:07.714253,96.0,96.68892766229297,96.68892766229297,94.40707483092932,0.6889276622929685,-1.592925169070682
s21,walk,s21_walk,143000,2021-01-01 12:33:09.714253,95.69377990430624,95.41309261519335,95.41309261519335,94.75918105542172,-0.2806872891128904,-0.9345988488845194
s21,walk,s21_walk,144000,2021-01-01 12:33:11.714253,94.48818897637796,94.07901901713014,94.07901901713014,94.52112434201968,-0.4091699592478193,0.03293536564171973
s21,walk,s21_walk,145000,2021-01-01 12:33:13.714253,92.0245398773006,92.5782094163055,92.5782094163055,93.84110411801971,0.5536695390049005,1.8165642407191172
s21,walk,s21_walk,146000,2021-01-01 12:33:15.714253,89.82035928143712,90.22291965108371,90.22291965108371,92.57473955459211,0.4025603696465936,2.754380273154993
s21,walk,s21_walk,147000,2021-01-01 12:33:17.714253,87.97653958944281,88.78801793480471,88.78801793480471,91.24938698766653,0.8114783453619054,3.2728473982237176
s21,walk,s21_walk,148000,2021-01-01 12:33:19.714253,85.83690987124464,85.64055503325542,85.64055503325542,89.28629580362264,-0.19635483798921882,3.449385932377993
s21,walk,s21_walk,149000,2021-01-01 12:33:21.714253,86.33093525179856,86.0252524444914,86.0252524444914,88.1449306279267,-0.30568280730716424,1.8139953761281333
s21,walk,s21_walk,150000,2021-01-01 12:33:23.714253,86.45533141210375,85.57793478399938,85.57793478399938,87.24648208255213,-0.8773966281043641,0.7911506704483884
s21,walk,s21_walk,151000,2021-01-01 12:33:25.714253,87.97653958944281,86.91457183500029,86.91457183500029,87.13031349590898,-1.0619677544425201,-0.8462260935338293
s21,walk,s21_walk,152000,2021-01-01 12:33:27.714253,88.49557522123894,89.507185430176,89.507185430176,87.96221867290242,1.011610208937057,-0.5333565483365135
s21,walk,s21_walk,153000,2021-01-01 12:33:29.714253,94.04388714733544,92.16528067733562,92.16528067733562,89.43329037445403,-1.8786064699998235,-4.610596772881408
s21,walk,s21_walk,154000,2021-01-01 12:33:31.714253,94.19152276295134,94.84552660708245,94.84552660708245,91.32757305587398,0.6540038441311111,-2.863949707077353
s21,walk,s21_walk,155000,2021-01-01 12:33:33.714253,94.19152276295134,94.52774763265992,94.52774763265992,92.44763415774906,0.33622486970858745,-1.7438886052022724
s21,walk,s21_walk,156000,2021-01-01 12:33:35.714253,92.16589861751152,92.03093303516926,92.03093303516926,92.30178876484612,-0.13496558234226086,0.13589014733460658
s21,walk,s21_walk,157000,2021-01-01 12:33:37.714253,89.02077151335311,90.00306540064325,90.00306540064325,91.49723558737512,0.9822938872901403,2.4764640740220045
s21,walk,s21_walk,158000,2021-01-01 12:33:39.714253,89.02077151335311,89.99922127356486,89.99922127356486,90.97293057754152,0.9784497602117455,1.9521590641884075
s21,walk,s21_walk,159000,2021-01-01 12:33:41.714253,90.09009009009009,90.22442952455798,90.22442952455798,90.71095520899728,0.13433943446788987,0.6208651189071901
s21,walk,s21_walk,160000,2021-01-01 12:33:43.714253,94.04388714733544,92.54777875978755,92.54777875978755,91.35384345177387,-1.496108387547892,-2.6900436955615703
s21,walk,s21_walk,161000,2021-01-01 12:33:45.714253,95.54140127388536,95.07147757967448,95.07147757967448,92.65501539653908,-0.4699236942108769,-2.886385877346271
s21,walk,s21_walk,162000,2021-01-01 12:33:47.714253,94.04388714733544,94.63318032696958,94.63318032696958,93.34737312218977,0.5892931796341401,-0.6965140251456745
s21,walk,s21_walk,163000,2021-01-01 12:33:49.714253,93.16770186335404,92.93752388529788,92.93752388529788,93.2039258892776,-0.2301779780561617,0.03622402592355911
s21,walk,s21_walk,164000,2021-01-01 12:33:51.714253,89.82035928143712,90.53585921842024,90.53585921842024,92.27010255447752,0.7154999369831216,2.449743273040397
s21,walk,s21_walk,165000,2021-01-01 12:33:53.714253,89.28571428571428,89.58350332788248,89.58350332788248,91.32979282516925,0.2977890421682048,2.044078539454972
s21,walk,s21_walk,166000,2021-01-01 12:33:55.714253,89.28571428571428,87.92262137831261,87.92262137831261,90.13728281876942,-1.3630929074016649,0.8515685330551435
s21,walk,s21_walk,167000,2021-01-01 12:33:57.714253,89.82035928143712,89.5533997809626,89.5533997809626,89.93292375553703,-0.26695950047452754,0.1125644740999121
s21,walk,s21_walk,168000,2021-01-01 12:33:59.714253,88.23529411764706,88.39686321600851,88.39686321600851,89.39530256670204,0.16156909836145417,1.1600084490549847
s21,walk,s21_walk,169000,2021-01-01 12:34:01.714253,87.2093023255814,87.73873353361299,87.73873353361299,88.81550340512086,0.529431208031582,1.60620107953946
s21,walk,s21_walk,170000,2021-01-01 12:34:03.714253,85.71428571428572,85.92776967536925,85.92776967536925,87.8047965997078,0.21348396108352574,2.090510885422077
s21,walk,s21_walk,171000,2021-01-01 12:34:05.714253,86.33093525179856,85.75305041580486,85.75305041580486,87.08668543534176,-0.5778848359937001,0.7557501835431992
s21,walk,s21_walk,172000,2021-01-01 12:34:07.714253,87.97653958944281,87.1017690451332,87.1017690451332,87.09196469876876,-0.8747705443096123,-0.8845748906740454
s21,walk,s21_walk,173000,2021-01-01 12:34:09.714253,89.28571428571428,89.47220870013484,89.47220870013484,87.92505009924689,0.18649441442056514,-1.360664186467389
s21,walk,s21_walk,174000,2021-01-01 12:34:11.714253,89.55223880597015,89.48018198055219,89.48018198055219,88.46934625770375,-0.07205682541795966,-1.0828925482664005
s21,walk,s21_walk,175000,2021-01-01 12:34:13.714253,89.28571428571428,89.34070700944375,89.34070700944375,88.77432252081275,0.05499272372946962,-0.511391764901532
s21,walk,s21_walk,176000,2021-01-01 12:34:15.714253,83.79888268156425,85.30285234300936,85.30285234300936,87.55930795858157,1.5039696614451117,3.760425277017319
s21,walk,s21_walk,177000,2021-01-01 12:34:17.714253,83.79888268156425,83.86191177655691,83.86191177655691,86.26521929487294,0.06302909499265752,2.466336613308684
s21,walk,s21_walk,178000,2021-01-01 12:34:19.714254,85.22727272727273,85.34426960414285,85.34426960414285,85.94288690311741,0.11699687687011817,0.7156141758446779
s21,walk,s21_walk,179000,2021-01-01 12:34:21.714254,85.71428571428572,85.4983179832539,85.4983179832539,85.78728778116519,-0.21596773103182443,0.07300206687946798
s21,walk,s21_walk,180000,2021-01-01 12:34:23.714254,86.20689655172414,86.85797753020904,86.85797753020904,86.16202919333054,0.6510809784848988,-0.044867358393602785
s21,walk,s21_walk,181000,2021-01-01 12:34:25.714254,86.70520231213874,88.74147794719778,88.74147794719778,87.06483625718407,2.0362756350590416,0.3596339450453314
s21,walk,s21_walk,182000,2021-01-01 12:34:27.714254,86.20689655172414,86.8012892534641,86.8012892534641,86.97259480588208,0.5943927017399631,0.7656982541579396
s21,walk,s21_walk,183000,2021-01-01 12:34:29.714254,84.6262341325811,84.69580558100675,84.69580558100675,86.17571857717572,0.06957144842564844,1.5494844445946114
s21,walk,s21_walk,184000,2021-01-01 12:34:31.714254,84.6262341325811,85.40526793833486,85.40526793833486,85.90606085358141,0.7790338057537554,1.2798267210003047
s21,walk,s21_walk,185000,2021-01-01 12:34:33.714254,91.04704097116844,89.8339820190317,89.8339820190317,87.28083326148901,-1.2130589521367483,-3.766207709679435
s21,walk,s21_walk,186000,2021-01-01 12:34:35.714254,90.9090909090909,90.68365230173816,90.68365230173816,88.47181992557621,-0.2254386073527428,-2.4372709835146935
s21,walk,s21_walk,187000,2021-01-01 12:34:37.714254,90.9090909090909,90.68530170454167,90.68530170454167,89.24653854821412,-0.22378920454923446,-1.6625523608767878
s21,walk,s21_walk,188000,2021-01-01 12:34:39.714254,90.63444108761328,90.2590486920542,90.2590486920542,89.60091709855814,-0.3753923955590892,-1.0335239890551406
s21,walk,s21_walk,189000,2021-01-01 12:34:41.714254,89.82035928143712,89.73192579280199,89.73192579280199,89.6467701415435,-0.08843348863513256,-0.1735891398936218
s21,walk,s21_walk,190000,2021-01-01 12:34:43.714254,90.09009009009009,90.13337947977428,90.13337947977428,89.81708340992427,0.04328938968419038,-0.2730066801658211
s21,walk,s21_walk,191000,2021-01-01 12:34:45.714254,90.36144578313252,90.12510153638861,90.12510153638861,89.92488975418678,-0.2363442467439114,-0.43655602894574486
s21,walk,s21_walk,192000,2021-01-01 12:34:47.714254,89.95502248875562,89.03436292518599,89.03436292518599,89.6132053640365,-0.9206595635696289,-0.34181712471911396
s21,walk,s21_walk,193000,2021-01-01 12:34:49.714254,80.97165991902834,81.10346139412125,81.10346139412125,86.63479497456616,0.13180147509291373,5.663135055537822
s21,walk,s21_walk,194000,2021-01-01 12:34:51.714254,80.64516129032258,79.80348680104345,79.80348680104345,84.24383711383321,-0.8416744892791286,3.598675823510632
s21,walk,s21_walk,195000,2021-01-01 12:34:53.714254,83.21775312066575,82.02921529910445,82.02921529910445,83.46871947867814,-1.1885378215612974,0.2509663580123913
s21,walk,s21_walk,196000,2021-01-01 12:34:55.714254,85.9598853868195,84.43810192305087,84.43810192305087,83.80800333420859,-1.521783463768628,-2.151882052610901
s21,walk,s21_walk,197000,2021-01-01 12:34:57.714254,85.9598853868195,85.6855579889771,85.6855579889771,84.46514746337758,-0.27432739784239857,-1.4947379234419174
s21,walk,s21_walk,198000,2021-01-01 12:34:59.714254,83.21775312066575,82.60292688952806,82.60292688952806,83.81337026253024,-0.614826231137684,0.5956171418644942
s21,walk,s21_walk,199000,2021-01-01 12:35:01.714254,83.21775312066575,83.42950116294635,83.42950116294635,83.67901607767588,0.21174804228060395,0.46126295701013476
s21,walk,s21_walk,200000,2021-01-01 12:35:03.714254,84.1514726507714,83.54175689808228,83.54175689808228,83.63097536481811,-0.6097157526891124,-0.520497285953283
s21,walk,s21_walk,201000,2021-01-01 12:35:05.714254,87.46355685131195,86.52838929902757,86.52838929902757,84.64507024179142,-0.9351675522843834,-2.8184866095205336
s21,walk,s21_walk,202000,2021-01-01 12:35:07.714254,87.97653958944281,88.66332457422178,88.66332457422178,86.05145925814205,0.6867849847789671,-1.9250803313007623
s21,walk,s21_walk,203000,2021-01-01 12:35:09.714254,86.95652173913044,87.81098267180259,87.81098267180259,86.66729245292323,0.8544609326721542,-0.28922928620720256
s21,walk,s21_walk,204000,2021-01-01 12:35:11.714254,85.22727272727273,86.11970634983952,86.11970634983952,86.47563731684394,0.8924336225667844,1.24836458957121
s21,walk,s21_walk,205000,2021-01-01 12:35:13.714254,85.22727272727273,85.57365978654346,85.57365978654346,86.15994518123877,0.3463870592707252,0.9326724539660347
s21,walk,s21_walk,206000,2021-01-01 12:35:15.714254,87.97653958944281,87.70598017122828,87.70598017122828,86.7010574277351,-0.2705594182145319,-1.2754821617077141
s21,walk,s21_walk,207000,2021-01-01 12:35:17.714254,91.1854103343465,90.61008202276855,90.61008202276855,88.0692160359968,-0.5753283115779482,-3.116194298349697
s21,walk,s21_walk,208000,2021-01-01 12:35:19.714254,90.9090909090909,90.94776684009662,90.94776684009662,89.07670881743174,0.03867593100571298,-1.83238209165917
s21,walk,s21_walk,209000,2021-01-01 12:35:21.714254,90.09009009009009,90.31012201012557,90.31012201012557,89.50840343487458,0.22003192003548122,-0.5816866552155062
s21,walk,s21_walk,210000,2021-01-01 12:35:23.714254,86.95652173913044,87.47473855943781,87.47473855943781,88.79662072847171,0.5182168203073729,1.8400989893412714
s21,walk,s21_walk,211000,2021-01-01 12:35:25.714254,83.56545961002786,84.63435200408196,84.63435200408196,87.3398266749353,1.068892394054103,3.7743670649074375
s21,walk,s21_walk,212000,2021-01-01 12:35:27.714254,81.52173913043478,81.85476318090717,81.85476318090717,85.42005445202545,0.3330240504723889,3.8983153215906725
s21,walk,s21_walk,213000,2021-01-01 12:35:29.714254,82.64462809917356,82.71040320381421,82.71040320381421,84.47167651515153,0.06577510464065028,1.8270484159779699
s21,walk,s21_walk,214000,2021-01-01 12:35:31.714254,82.3045267489712,82.27088761360537,82.27088761360537,83.70140039961038,-0.03363913536583141,1.3968736506391792
s21,walk,s21_walk,215000,2021-01-01 12:35:33.714254,82.87292817679558,82.77614767928817,82.77614767928817,83.37756194749761,-0.09678049750741025,0.5046337707020285
s21,walk,s21_walk,216000,2021-01-01 12:35:35.714254,85.22727272727273,84.0730636138068,84.0730636138068,83.62098753070583,-1.1542091134659387,-1.6062851965669012
s21,walk,s21_walk,217000,2021-01-01 12:35:37.714254,85.47008547008548,84.48662211715452,84.48662211715452,83.92395963596287,-0.9834633529309542,-1.5461258341226056
s21,walk,s21_walk,218000,2021-01-01 12:35:39.714254,85.9598853868195,86.17494991439374,86.17494991439374,84.71180623341368,0.215064527574242,-1.2480791534058113
s21,walk,s21_walk,219000,2021-01-01 12:35:41.714254,86.95652173913044,87.49266223913396,87.49266223913396,85.68510583541578,0.5361405000035262,-1.2714159037146544
s21,walk,s21_walk,220000,2021-01-01 12:35:43.714254,89.02077151335311,87.6895856001267,87.6895856001267,86.3866737530646,-1.3311859132264061,-2.634097760288512
s21,walk,s21_walk,221000,2021-01-01 12:35:45.714254,89.82035928143712,88.97270271885957,88.97270271885957,87.29178389109283,-0.847656562577555,-2.5285753903442867
s21,walk,s21_walk,222000,2021-01-01 12:35:47.714254,91.46341463414632,91.84266985245631,91.84266985245631,88.88459397757005,0.37925521830999287,-2.5788206565762692
s21,walk,s21_walk,223000,2021-01-01 12:35:49.714254,92.0245398773006,94.38084069143589,94.38084069143589,90.80828032742309,2.3563008141352952,-1.2162595498775062
s21,walk,s21_walk,224000,2021-01-01 12:35:51.714254,91.46341463414632,94.2704509426065,94.2704509426065,92.02004004273728,2.8070363084601837,0.5566254085909605
s21,walk,s21_walk,225000,2021-01-01 12:35:53.714254,84.03361344537815,92.68177393369932,92.68177393369932,92.25164690457399,8.648160488321167,8.218033459195837
s21,walk,s21_walk,226000,2021-01-01 12:35:55.714254,83.44923504867873,84.0048794587194,84.0048794587194,89.36527829852488,0.5556444100406708,5.916043249846155
s21,walk,s21_walk,227000,2021-01-01 12:35:57.714254,84.6262341325811,85.4760923775458,85.4760923775458,88.00406322618221,0.8498582449646932,3.3778290936011075
s21,walk,s21_walk,228000,2021-01-01 12:35:59.714254,85.59201141226819,85.45787510573966,85.45787510573966,87.11289738402732,-0.13413630652853215,1.520885971759128
s21,walk,s21_walk,229000,2021-01-01 12:36:01.714254,86.95652173913044,87.0419600600863,87.0419600600863,87.08806932064796,0.08543832095585913,0.13154758151752333
s21,walk,s21_walk,230000,2021-01-01 12:36:03.714254,87.97653958944281,87.83381678338958,87.83381678338958,87.34908093260754,-0.14272280605322862,-0.6274586568352731
s21,walk,s21_walk,231000,2021-01-01 12:36:05.714254,89.02077151335311,89.890003269971,89.890003269971,88.23840375068475,0.8692317566178929,-0.7823677626683576
s21,walk,s21_walk,232000,2021-01-01 12:36:07.714254,89.02077151335311,90.31658005201119,90.31658005201119,88.965765456149,1.295808538658079,-0.05500605720411045
s21,walk,s21_walk,233000,2021-01-01 12:36:09.714254,89.02077151335311,90.2789733661955,90.2789733661955,89.42538822466528,1.2582018528423902,0.4046167113121726
s21,walk,s21_walk,234000,2021-01-01 12:36:11.714254,89.02077151335311,88.7271815586816,88.7271815586816,89.181015891571,-0.2935899546715177,0.1602443782178824
s21,walk,s21_walk,235000,2021-01-01 12:36:13.714254,87.71929824561403,85.20910152718406,85.20910152718406,87.79084586403556,-2.5101967184299667,0.07154761842153334
s21,walk,s21_walk,236000,2021-01-01 12:36:15.714254,87.71929824561403,87.41344768392436,87.41344768392436,87.65875650099665,-0.30585056168966673,-0.06054174461738171
s21,walk,s21_walk,237000,2021-01-01 12:36:17.714254,86.58008658008659,87.11393829737486,87.11393829737486,87.46807012972901,0.5338517172882717,0.8879835496424278
s21,walk,s21_walk,238000,2021-01-01 12:36:19.714254,87.71929824561403,90.00418348442103,90.00418348442103,88.35570980387122,2.284885238807007,0.6364115582571941
s21,walk,s21_walk,239000,2021-01-01 12:36:21.714254,93.45794392523364,92.85022515114649,92.85022515114649,89.92879017541756,-0.6077187740871466,-3.529153749816075
s22,run,s22_run,0,2021-01-01 12:29:37.986649,92.0245398773006,92.94660409657718,92.94660409657718,92.94660409657718,0.922064219276578,0.922064219276578
s22,run,s22_run,1000,2021-01-01 12:29:39.986649,92.0245398773006,91.85090389493833,91.85090389493833,92.56310902600359,-0.17363598236227062,0.5385691487029902
s22,run,s22_run,2000,2021-01-01 12:29:41.986649,88.49557522123894,89.04103484565606,89.04103484565606,91.33038306288195,0.5454596244171199,2.8348078416430127
s22,run,s22_run,3000,2021-01-01 12:29:43.986649,88.75739644970413,89.38167637803718,89.38167637803718,90.64833572318628,0.6242799283330527,1.8909392734821466
s22,run,s22_run,4000,2021-01-01 12:29:45.986649,92.3076923076923,91.0446598614608,91.0446598614608,90.78704917158237,-1.263032446231506,-1.520643136109939
s22,run,s22_run,5000,2021-01-01 12:29:47.986649,94.04388714733544,93.56247224577082,93.56247224577082,91.75844724754833,-0.4814149015646194,-2.2854398997871073
s22,run,s22_run,6000,2021-01-01 12:29:49.986649,94.33962264150944,94.72185308997582,94.72185308997582,92.79563929239795,0.38223044846638743,-1.5439833491114854
s22,run,s22_run,7000,2021-01-01 12:29:51.986649,94.04388714733544,92.65569457561944,92.65569457561944,92.74665864152547,-1.3881925717160044,-1.2972285058099686
s22,run,s22_run,8000,2021-01-01 12:29:53.986649,91.74311926605505,92.14748523202095,92.14748523202095,92.5369479481989,0.40436596596590846,0.7938286821438538
s22,run,s22_run,9000,2021-01-01 12:29:55.986649,92.44992295839754,91.90082945297435,91.90082945297435,92.3143064748703,-0.5490935054231869,-0.13561648352722955
s22,run,s22_run,10000,2021-01-01 12:29:57.986649,96.0,95.96502602166751,95.96502602166751,93.59205831624934,-0.03497397833248783,-2.407941683750664
s22,run,s22_run,11000,2021-01-01 12:29:59.986649,97.2447325769854,97.42721275641038,97.42721275641038,94.9343623703057,0.18248017942498507,-2.3103702066796927
s22,run,s22_run,12000,2021-01-01 12:30:01.986649,100.33444816053512,100.42628378438287,100.42628378438287,96.8565348652327,0.09183562384775712,-3.4779132953024146
s22,run,s22_run,13000,2021-01-01 12:30:03.986649,101.18043844856662,102.25751272490616,102.25751272490616,98.74687711611841,1.0770742763395447,-2.433561332448207
s22,run,s22_run,14000,2021-01-01 12:30:05.986649,109.4890510948905,108.12345921492229,108.12345921492229,102.02868085069977,-1.365591879968207,-7.460370244190727
s22,run,s22_run,15000,2021-01-01 12:30:07.986649,113.85199240986717,111.32994957653037,111.32994957653037,105.28412490474048,-2.5220428333367977,-8.567867505126685
s22,run,s22_run,16000,2021-01-01 12:30:09.986649,114.06844106463878,113.87514615702925,113.87514615702925,108.29098234304155,-0.19329490760952694,-5.7774587215972275
s22,run,s22_run,17000,2021-01-01 12:30:11.986649,114.06844106463878,113.25756446898063,113.25756446898063,110.02928608712023,-0.8108765956581436,-4.03915497751855
s22,run,s22_run,18000,2021-01-01 12:30:13.986649,107.9136690647482,108.6898521263322,108.6898521263322,109.56048420084441,0.7761830615839926,1.6468151360962082
s22,run,s22_run,19000,2021-01-01 12:30:15.986649,105.26315789473684,104.85700320165115,104.85700320165115,107.91426585112677,-0.4061546930856821,2.651107956389936
s22,run,s22_run,20000,2021-01-01 12:30:17.986649,104.34782608695652,101.65546872383604,101.65546872383604,105.723686856575,-2.692357363120479,1.375860769618484
s22,run,s22_run,21000,2021-01-01 12:30:19.986649,100.67114093959732,99.87645817057768,99.87645817057768,103.67715681647594,-0.7946827690196443,3.006015876878621
s22,run,s22_run,22000,2021-01-01 12:30:21.986649,100.67114093959732,99.76725762445527,99.76725762445527,102.30869209926871,-0.9038833151420533,1.6375511596713892
s22,run,s22_run,23000,2021-01-01 12:30:23.986649,102.38907849829351,103.77325599758639,103.77325599758639,102.8212894636799,1.3841774992928748,0.43221096538638903
s22,run,s22_run,24000,2021-01-01 12:30:25.986649,105.26315789473684,103.89708090468402,103.89708090468402,103.19781646803135,-1.366076990052818,-2.065341426705487
s22,run,s22_run,25000,2021-01-01 12:30:27.986649,106.19469026548674,104.31131356384805,104.31131356384805,103.58754045156721,-1.8833767016386957,-2.607149813919534
s22,run,s22_run,26000,2021-01-01 12:30:29.986649,85.9598853868195,86.11321282308793,86.11321282308793,97.47152578159945,0.15332743626844092,11.51164039477996
s22,run,s22_run,27000,2021-01-01 12:30:31.986649,82.41758241758242,85.62637975426736,85.62637975426736,93.32572467203322,3.2087973366849383,10.908142254450794
s22,run,s22_run,28000,2021-01-01 12:30:33.986649,82.41758241758242,82.75471385304661,82.75471385304661,89.62587088538791,0.3371314354641868,7.208288467805488
s22,run,s22_run,29000,2021-01-01 12:30:35.986649,85.47008547008548,85.74847745452453,85.74847745452453,88.26878318458573,0.2783919844390539,2.79869771450025
s22,run,s22_run,30000,2021-01-01 12:30:37.986649,87.46355685131195,87.0652759886381,87.0652759886381,87.84755566600406,-0.3982808626738432,0.38399881469210584
s22,run,s22_run,31000,2021-01-01 12:30:39.986649,87.46355685131195,87.59351000921403,87.59351000921403,87.75863968612754,0.1299531579020794,0.29508283481558806
s22,run,s22_run,32000,2021-01-01 12:30:41.986649,89.28571428571428,88.54840178457944,88.54840178457944,88.0350564205857,-0.7373125011348378,-1.2506578651285736
s22,run,s22_run,33000,2021-01-01 12:30:43.986649,90.36144578313252,89.65906433465989,89.65906433465989,88.60345919051167,-0.7023814484726358,-1.7579865926208527
s22,run,s22_run,34000,2021-01-01 12:30:45.986649,91.46341463414632,91.16060460437366,91.16060460437366,89.49846008536338,-0.30281002977265814,-1.9649545487829414
s22,run,s22_run,35000,2021-01-01 12:30:47.986649,93.45794392523364,93.79055651313891,93.79055651313891,91.00069383508482,0.3326125879052739,-2.4572500901488183
s22,run,s22_run,36000,2021-01-01 12:30:49.986649,94.33962264150944,92.38606800115319,92.38606800115319,91.48557479320874,-1.953554640356245,-2.854047848300695
s22,run,s22_run,37000,2021-01-01 12:30:51.986649,94.33962264150944,95.13381396910725,95.13381396910725,92.76245850477322,0.7941913275978152,-1.577164136736215
s22,run,s22_run,38000,2021-01-01 12:30:53.986649,95.23809523809524,95.69758804704098,95.69758804704098,93.78975384456695,0.45949280894573974,-1.4483413935282954
s22,run,s22_run,39000,2021-01-01 12:30:55.986649,96.15384615384616,96.90778555887162,96.90778555887162,94.88106494457358,0.7539394050254629,-1.2727812092725799
s22,run,s22_run,40000,2021-01-01 12:30:57.986649,93.45794392523364,94.3738956809125,94.3738956809125,94.70355570229219,0.9159517556788614,1.2456117770585564
s22,run,s22_run,41000,2021-01-01 12:30:59.986649,94.7867298578199,94.39071706503232,94.39071706503232,94.59406217925124,-0.3960127927875874,-0.19266767856866807
s22,run,s22_run,42000,2021-01-01 12:31:01.986649,96.4630225080386,96.63332702123479,96.63332702123479,95.30780487394549,0.17030451319618578,-1.1552176340931197
s22,run,s22_run,43000,2021-01-01 12:31:03.986649,96.61835748792272,96.66657614381383,96.66657614381383,95.78337481839941,0.0482186558911053,-0.8349826695233133
s22,run,s22_run,44000,2021-01-01 12:31:05.986649,97.2447325769854,97.37629604444851,97.37629604444851,96.3408972475166,0.13156346746310987,-0.9038353294688051
s22,run,s22_run,45000,2021-01-01 12:31:07.986649,97.5609756097561,97.39357010252688,97.39357010252688,96.7093327467702,-0.1674055072292191,-0.8516428629858979
s22,run,s22_run,46000,2021-01-01 12:31:09.986649,97.5609756097561,97.34230157315449,97.34230157315449,96.9308718360047,-0.21867403660161244,-0.6301037737514008
s22,run,s22_run,47000,2021-01-01 12:31:11.986649,97.5609756097561,96.88396705436503,96.88396705436503,96.91445516243081,-0.677008555391069,-0.6465204473252868
s22,run,s22_run,48000,2021-01-01 12:31:13.986649,97.7198697068404,98.08584465169331,98.08584465169331,97.32444148367269,0.3659749448529084,-0.39542822316771264
s22,run,s22_run,49000,2021-01-01 12:31:15.986649,104.71204188481676,101.28645763680554,101.28645763680554,98.71114713726918,-3.4255842480112193,-6.0008947475475765
s22,run,s22_run,50000,2021-01-01 12:31:17.986649,104.71204188481676,105.44834402712162,105.44834402712162,101.06916604871753,0.736302142304865,-3.642875836099222
s22,run,s22_run,51000,2021-01-01 12:31:19.986649,104.52961672473867,105.04484416618602,105.04484416618602,102.46065338983149,0.515227441447351,-2.068963334907181
s22,run,s22_run,52000,2021-01-01 12:31:21.986649,103.62694300518136,104.79011566572814,104.79011566572814,103.27596518639531,1.1631726605467776,-0.35097781878604906
s22,run,s22_run,53000,2021-01-01 12:31:23.986649,103.09278350515464,103.57240653452247,103.57240653452247,103.37971965823982,0.4796230293678292,0.28693615308517906
s22,run,s22_run,54000,2021-01-01 12:31:25.986649,102.73972602739728,103.09533768662094,103.09533768662094,103.28018596817321,0.3556116592236549,0.5404599407759321
s22,run,s22_run,55000,2021-01-01 12:31:27.986649,102.38907849829351,102.62523153795372,102.62523153795372,103.0509519175964,0.23615303966020917,0.6618734193028786
s22,run,s22_run,56000,2021-01-01 12:31:29.986649,101.69491525423727,101.96023539089633,101.96023539089633,102.66920113325136,0.2653201366590565,0.97428587901409
s22,run,s22_run,57000,2021-01-01 12:31:31.986649,101.69491525423727,102.72430834319383,102.72430834319383,102.68848865673124,1.029393088956553,0.9935734024939649
s22,run,s22_run,58000,2021-01-01 12:31:33.986649,104.52961672473867,103.95444448583797,103.95444448583797,103.1315731969186,-0.5751722389007057,-1.3980435278200787
s22,run,s22_run,59000,2021-01-01 12:31:35.986649,105.63380281690142,105.42770149410568,105.42770149410568,103.93521810093407,-0.206101322795746,-1.6985847159673568
s22,run,s22_run,60000,2021-01-01 12:31:37.986649,105.26315789473684,104.77121413771799,104.77121413771799,104.22781671380844,-0.49194375701884496,-1.0353411809283983
s22,run,s22_run,61000,2021-01-01 12:31:39.986649,102.04081632653062,100.30392534775302,100.30392534775302,102.85445473568905,-1.7368909787775948,0.813638409158429
s22,run,s22_run,62000,2021-01-01 12:31:41.986649,93.31259720062208,92.56898667409489,92.56898667409489,99.2545409141311,-0.743610526527192,5.941943713509019
s22,run,s22_run,63000,2021-01-01 12:31:43.986649,92.87925696594426,91.2856822397398,91.2856822397398,96.46544037809414,-1.5935747262044657,3.586183412149879
s22,run,s22_run,64000,2021-01-01 12:31:45.986649,94.6372239747634,92.26734397482961,92.26734397482961,94.99610663695157,-2.3698799999337865,0.3588826621881651
s22,run,s22_run,65000,2021-01-01 12:31:47.986649,95.54140127388536,95.38354393548236,95.38354393548236,95.13170969143735,-0.15785733840299088,-0.40969158244800497
s22,run,s22_run,66000,2021-01-01 12:31:49.986649,102.38907849829351,100.10274658268051,100.10274658268051,96.87157260337244,-2.2863319156130046,-5.517505894921072
s22,run,s22_run,67000,2021-01-01 12:31:51.986649,104.52961672473867,104.221536723044,104.221536723044,99.44406004525749,-0.30808000169467675,-5.085556679481186
s22,run,s22_run,68000,2021-01-01 12:31:53.986649,106.0070671378092,106.77092405976573,106.77092405976573,102.00846245033537,0.7638569219565312,-3.9986046874738292
s22,run,s22_run,69000,2021-01-01 12:31:55.986649,107.5268817204301,108.87653419193813,108.87653419193813,104.41228755989633,1.349652471508037,-3.1145941605337697
s22,run,s22_run,70000,2021-01-01 12:31:57.986649,107.5268817204301,108.19048537961547,108.19048537961547,105.73465679679802,0.6636036591853696,-1.7922249236320766
s22,run,s22_run,71000,2021-01-01 12:31:59.986649,98.03921568627452,94.15169363184805,94.15169363184805,101.68061968906552,-3.8875220544264693,3.641404002791006
s22,run,s22_run,72000,2021-01-01 12:32:01.986649,88.23529411764706,89.53746400050892,89.53746400050892,97.43051519807071,1.302169882861861,9.19522108042365
s22,run,s22_run,73000,2021-01-01 12:32:03.986649,86.83068017366136,87.09784298275564,87.09784298275564,93.81407992271043,0.26716280909427326,6.98339974904907
s22,run,s22_run,74000,2021-01-01 12:32:05.986649,87.3362445414847,87.71439160380493,87.71439160380493,91.67918901109351,0.3781470623202239,4.34294446960881
s22,run,s22_run,75000,2021-01-01 12:32:07.986649,86.95652173913044,87.10669662187388,87.10669662187388,90.07881667486663,0.1501748827434426,3.1222949357361927
s22,run,s22_run,76000,2021-01-01 12:32:09.986649,85.71428571428572,86.08676124650582,86.08676124650582,88.68159727494034,0.37247553222009344,2.967311560654622
s22,run,s22_run,77000,2021-01-01 12:32:11.986649,83.79888268156425,83.43500677791583,83.43500677791583,86.84529060098177,-0.36387590364842026,3.0464079194175184
s22,run,s22_run,78000,2021-01-01 12:32:13.986649,85.22727272727273,83.99429101713622,83.99429101713622,85.84744074663583,-1.2329817101365137,0.6201680193630921
s22,run,s22_run,79000,2021-01-01 12:32:15.986649,93.45794392523364,93.54727936479323,93.54727936479323,88.54238426299091,0.08933543955959067,-4.915559662242728
s22,run,s22_run,80000,2021-01-01 12:32:17.986649,96.4630225080386,98.23118124519695,98.23118124519695,91.93346320676302,1.7681587371583447,-4.529559301275583
s22,run,s22_run,81000,2021-01-01 12:32:19.986649,98.03921568627452,97.61936876649983,97.61936876649983,93.9235301526709,-0.4198469197746846,-4.11568553360361
s22,run,s22_run,82000,2021-01-01 12:32:21.986649,97.7198697068404,97.15894818126523,97.15894818126523,95.05592646267891,-0.5609215255751678,-2.663943244161487
s22,run,s22_run,83000,2021-01-01 12:32:23.986649,97.7198697068404,97.87654472409956,97.87654472409956,96.04314285417612,0.1566750172591611,-1.6767268526642738
s22,run,s22_run,84000,2021-01-01 12:32:25.986649,103.44827586206895,102.83076078852568,102.83076078852568,98.41880913119847,-0.6175150735432737,-5.029466730870482
s22,run,s22_run,85000,2021-01-01 12:32:27.986649,104.34782608695652,103.65044017602764,103.65044017602764,100.24987999688868,-0.6973859109288725,-4.097946090067836
s22,run,s22_run,86000,2021-01-01 12:32:29.986649,101.86757215619694,102.80907454754609,102.80907454754609,101.14559808961877,0.9415023913491467,-0.72197406657817
s22,run,s22_run,87000,2021-01-01 12:32:31.986649,90.63444108761328,91.1818647629563,91.1818647629563,97.6582914252869,0.547423675343012,7.023850337673622
s22,run,s22_run,88000,2021-01-01 12:32:33.986649,89.55223880597015,89.33932112703397,89.33932112703397,94.74665182089838,-0.2129176789361793,5.19441301492823
s22,run,s22_run,89000,2021-01-01 12:32:35.986649,90.09009009009009,91.30618327727483,91.30618327727483,93.54248783063014,1.2160931871847396,3.45239774054005
s22,run,s22_run,90000,2021-01-01 12:32:37.986649,95.23809523809524,93.3319526082948,93.3319526082948,93.46880050281277,-1.906142629800442,-1.7692947352824717
s22,run,s22_run,91000,2021-01-01 12:32:39.986649,97.5609756097561,97.74969491142224,97.74969491142224,94.96711354582608,0.18871930166613993,-2.5938620639300183
s22,run,s22_run,92000,2021-01-01 12:32:41.986649,99.009900990099,98.81070057926733,98.81070057926733,96.31236900753052,-0.19920041083166495,-2.697531982568478
s22,run,s22_run,93000,2021-01-01 12:32:43.986649,99.50248756218906,99.36179810481285,99.36179810481285,97.37966919157932,-0.14068945737621164,-2.1228183706097354
s22,run,s22_run,94000,2021-01-01 12:32:45.986649,100.33444816053512,101.77681532361886,101.77681532361886,98.91867033779317,1.4423671630837447,-1.4157778227419442
s22,run,s22_run,95000,2021-01-01 12:32:47.986649,101.18043844856662,102.57350768506028,102.57350768506028,100.19786340933666,1.393069236493659,-0.9825750392299568
s22,run,s22_run,96000,2021-01-01 12:32:49.986649,102.73972602739728,102.54394960030199,102.54394960030199,101.01899357617452,-0.1957764270952964,-1.7207324512227586
s22,run,s22_run,97000,2021-01-01 12:32:51.986649,99.009900990099,100.94431799826559,100.94431799826559,100.99285712390639,1.9344170081665908,1.9829561338073916
s22,run,s22_run,98000,2021-01-01 12:32:53.986649,99.33774834437088,98.35274731328491,98.35274731328491,100.06881869018886,-0.9850010310859716,0.731070345817983
s22,run,s22_run,99000,2021-01-01 12:32:55.986649,99.66777408637874,99.36164855830296,99.36164855830296,99.82130914402879,-0.30612552807578197,0.15353505765004627
s22,run,s22_run,100000,2021-01-01 12:32:57.986649,97.87928221859708,97.60216614630944,97.60216614630944,99.04460909482702,-0.27711607228764024,1.1653268762299405
s22,run,s22_run,101000,2021-01-01 12:32:59.986649,96.4630225080386,95.68031432138781,95.68031432138781,97.86710592412331,-0.7827081866507939,1.4040834160847027
s22,run,s22_run,102000,2021-01-01 12:33:01.986649,91.46341463414632,91.41836510554323,91.41836510554323,95.61004663762029,-0.0450495286030872,4.146632003473968
s22,run,s22_run,103000,2021-01-01 12:33:03.986649,89.02077151335311,88.99518365775957,88.99518365775957,93.29484459466903,-0.025587855593542486,4.274073081315919
s22,run,s22_run,104000,2021-01-01 12:33:05.986649,89.02077151335311,89.0402336299892,89.0402336299892,91.80573075703109,0.019462116636091764,2.7849592436779744
s22,run,s22_run,105000,2021-01-01 12:33:07.986649,92.7357032457496,91.52561956014685,91.52561956014685,91.7076918381216,-1.2100836856027541,-1.028011407628
s22,run,s22_run,106000,2021-01-01 12:33:09.986649,93.603744149766,94.1094264962725,94.1094264962725,92.54829896847443,0.5056823465065037,-1.0554451812915744
s22,run,s22_run,107000,2021-01-01 12:33:11.986649,93.16770186335404,94.22618518187203,94.22618518187203,93.13555914316359,1.058483318517986,-0.032142720190449836
s22,run,s22_run,108000,2021-01-01 12:33:13.986649,92.3076923076923,92.79907714971594,92.79907714971594,93.01779044545691,0.49138484202363486,0.7100981377646036
s22,run,s22_run,109000,2021-01-01 12:33:15.986649,90.63444108761328,91.29758953451599,91.29758953451599,92.41572012662759,0.66314844690271,1.7812790390143078
s22,run,s22_run,110000,2021-01-01 12:33:17.986649,90.63444108761328,91.04588915136945,91.04588915136945,91.93627928528724,0.4114480637561684,1.301838197673959
s22,run,s22_run,111000,2021-01-01 12:33:19.986649,89.82035928143712,90.26873581016409,90.26873581016409,91.35263906899414,0.44837652872696765,1.532279787557016
s22,run,s22_run,112000,2021-01-01 12:33:21.986649,86.70520231213874,88.21980947912412,88.21980947912412,90.25614871253964,1.5146071669853853,3.5509464004009033
s22,run,s22_run,113000,2021-01-01 12:33:23.986649,86.70520231213874,86.74809390869422,86.74809390869422,89.02832953119375,0.04289159655547792,2.32312721905501
s22,run,s22_run,114000,2021-01-01 12:33:25.986649,86.58008658008659,86.19861294395969,86.19861294395969,88.03792872566183,-0.38147363612689844,1.457842145575242
s22,run,s22_run,115000,2021-01-01 12:33:27.986649,84.86562942008487,85.58226426324389,85.58226426324389,87.17844616381555,0.7166348431590137,2.3128167437306786
s22,run,s22_run,116000,2021-01-01 12:33:29.986649,87.2093023255814,87.31591367162974,87.31591367162974,87.22655979155051,0.10661134604833933,0.017257465969109376
s22,run,s22_run,117000,2021-01-01 12:33:31.986649,88.23529411764706,88.47269126471136,88.47269126471136,87.66270580715681,0.23739714706429993,-0.5725883104902465
s22,run,s22_run,118000,2021-01-01 12:33:33.986649,92.5925925925926,90.9466798719404,90.9466798719404,88.81209672983107,-1.6459127206521913,-3.7804958627615264
s22,run,s22_run,119000,2021-01-01 12:33:35.986649,94.48818897637796,93.65654181959889,93.65654181959889,90.5076525112498,-0.83164715677907,-3.9805364651281536
s22,run,s22_run,120000,2021-01-01 12:33:37.986649,95.69377990430624,96.89438598533674,96.89438598533674,92.74300922718024,1.2006060810305001,-2.950770677126002
s22,run,s22_run,121000,2021-01-01 12:33:39.986649,100.33444816053512,104.47662766224335,104.47662766224335,96.84977567945234,4.1421795017082275,-3.4846724810827823
s22,run,s22_run,122000,2021-01-01 12:33:41.986649,100.33444816053512,103.63775029913498,103.63775029913498,99.22556679634127,3.303302138599861,-1.1088813641938486
s22,run,s22_run,123000,2021-01-01 12:33:43.986649,94.04388714733544,94.76640405001392,94.76640405001392,97.66485983512669,0.7225169026784783,3.6209726877912516
s22,run,s22_run,124000,2021-01-01 12:33:45.986649,94.04388714733544,92.85118578640132,92.85118578640132,95.9800739180728,-1.192701360934123,1.9361867707373648
s22,run,s22_run,125000,2021-01-01 12:33:47.986650,101.35135135135135,97.13408536704874,97.13408536704874,96.38397792521438,-4.217265984302614,-4.967373426136973
s22,run,s22_run,126000,2021-01-01 12:33:49.986650,103.62694300518136,103.74291510488858,103.74291510488858,98.95960593810035,0.11597209970722133,-4.667337067081007
s22,run,s22_run,127000,2021-01-01 12:33:51.986650,103.44827586206895,104.80793977229158,104.80793977229158,101.00652278006729,1.359663910222622,-2.441753082001668
s22,run,s22_run,128000,2021-01-01 12:33:53.986650,103.80622837370242,105.12619534469712,105.12619534469712,102.44840817768772,1.3199669709946988,-1.3578201960146998
s22,run,s22_run,129000,2021-01-01 12:33:55.986650,106.0070671378092,105.33175868927152,105.33175868927152,103.45758085674206,-0.6753084485376775,-2.5494862810671464
s22,run,s22_run,130000,2021-01-01 12:33:57.986650,108.30324909747291,107.07445830167202,107.07445830167202,104.72348796246754,-1.2287907958008901,-3.57976113500537
s22,run,s22_run,131000,2021-01-01 12:33:59.986650,108.69565217391305,108.61149870006399,108.61149870006399,106.0842917206263,-0.08415347384905658,-2.61136045328675
s22,run,s22_run,132000,2021-01-01 12:34:01.986650,108.30324909747291,107.36119101266772,107.36119101266772,106.53120647284078,-0.9420580848051969,-1.7720426246321352
s22,run,s22_run,133000,2021-01-01 12:34:03.986650,99.17355371900828,100.97775556535358,100.97775556535358,104.58749865522026,1.8042018463452933,5.413944936211976
s22,run,s22_run,134000,2021-01-01 12:34:05.986650,100.33444816053512,99.56527921908392,99.56527921908392,102.82972185257253,-0.7691689414511984,2.495273692037415
s22,run,s22_run,135000,2021-01-01 12:34:07.986650,100.8403361344538,100.014154733572,100.014154733572,101.84427336092233,-0.8261814008818078,1.0039372264685227
s22,run,s22_run,136000,2021-01-01 12:34:09.986650,102.38907849829351,102.78862922012247,102.78862922012247,102.17479791164239,0.3995507218289589,-0.21428058665112815
s22,run,s22_run,137000,2021-01-01 12:34:11.986650,102.38907849829351,102.35525771016835,102.35525771016835,102.23795884112647,-0.03382078812516909,-0.1511196571670439
s22,run,s22_run,138000,2021-01-01 12:34:13.986650,97.87928221859708,99.43735471405039,99.43735471405039,101.25774739664985,1.5580724954533025,3.378465178052764
s22,run,s22_run,139000,2021-01-01 12:34:15.986650,97.87928221859708,97.63103082614754,97.63103082614754,99.98839659697404,-0.24825139244954642,2.109114378376958
s22,run,s22_run,140000,2021-01-01 12:34:17.986650,99.009900990099,98.477741440854,98.477741440854,99.45966729233203,-0.5321595492449944,0.44976630223303005
s22,run,s22_run,141000,2021-01-01 12:34:19.986650,105.82010582010582,103.49609589967417,103.49609589967417,100.87241730490177,-2.3240099204316493,-4.9476885152040495
s22,run,s22_run,142000,2021-01-01 12:34:21.986650,109.89010989010988,109.80945990030746,109.80945990030746,104.00038221329376,-0.08064998980242422,-5.889727676816122
s22,run,s22_run,143000,2021-01-01 12:34:23.986650,110.7011070110701,111.53257616084406,111.53257616084406,106.63665009493636,0.8314691497739517,-4.06445691613375
s22,run,s22_run,144000,2021-01-01 12:34:25.986650,111.1111111111111,111.66873609733028,111.66873609733028,108.39788019577423,0.5576249862191816,-2.7132309153368652
s22,run,s22_run,145000,2021-01-01 12:34:27.986650,108.69565217391305,108.5109138320561,108.5109138320561,108.43744196847288,-0.18473834185694216,-0.2582102054401645
s22,run,s22_run,146000,2021-01-01 12:34:29.986650,101.010101010101,102.7192052372398,102.7192052372398,106.4360591125413,1.709104227138809,5.425958102440305
s22,run,s22_run,147000,2021-01-01 12:34:31.986650,96.93053311793214,97.08812446454753,97.08812446454753,103.16428198574349,0.15759134661539065,6.233748867811343
s22,run,s22_run,148000,2021-01-01 12:34:33.986650,96.93053311793214,96.75012329875159,96.75012329875159,100.91932644529632,-0.18040981918055365,3.988793327364178
s22,run,s22_run,149000,2021-01-01 12:34:35.986650,101.86757215619694,99.97633653689357,99.97633653689357,100.58927997735536,-1.891235619303373,-1.278292178841582
s22,run,s22_run,150000,2021-01-01 12:34:37.986650,102.38907849829351,103.48182669564308,103.48182669564308,101.60167132875607,1.0927481973495645,-0.7874071695374454
s22,run,s22_run,151000,2021-01-01 12:34:39.986650,102.38907849829351,103.29482193536393,103.29482193536393,102.19427404106882,0.9057434370704129,-0.19480445722469142
s22,run,s22_run,152000,2021-01-01 12:34:41.986650,104.16666666666669,104.56506199523305,104.56506199523305,103.02404982502631,0.39839532856636595,-1.1426168416403755
s22,run,s22_run,153000,2021-01-01 12:34:43.986650,104.16666666666669,104.32635413273925,104.32635413273925,103.47985633272583,0.1596874660725689,-0.6868103339408549
s22,run,s22_run,154000,2021-01-01 12:34:45.986650,104.16666666666669,102.94918680518175,102.94918680518175,103.2941219980854,-1.2174798614849323,-0.8725446685812841
s22,run,s22_run,155000,2021-01-01 12:34:47.986650,102.04081632653062,102.51705335441137,102.51705335441137,103.0221479727995,0.4762370278807566,0.9813316462688846
s22,run,s22_run,156000,2021-01-01 12:34:49.986650,103.44827586206895,101.83644469646367,101.83644469646367,102.60715182608196,-1.611831165605281,-0.8411240359869936
s22,run,s22_run,157000,2021-01-01 12:34:51.986650,105.26315789473684,104.73419763758018,104.73419763758018,103.35161786010633,-0.5289602571566547,-1.9115400346305051
s22,run,s22_run,158000,2021-01-01 12:34:53.986650,105.26315789473684,105.057800771662,105.057800771662,103.94878187915081,-0.20535712307483323,-1.3143760155860207
s22,run,s22_run,159000,2021-01-01 12:34:55.986650,105.26315789473684,104.29500837862498,104.29500837862498,104.06996115396677,-0.9681495161118505,-1.1931967407700625
s22,run,s22_run,160000,2021-01-01 12:34:57.986650,98.36065573770492,95.49748608889026,95.49748608889026,101.06959488119,-2.8631696488146616,2.7089391434850825
s22,run,s22_run,161000,2021-01-01 12:34:59.986650,89.55223880597015,91.32455904498735,91.32455904498735,97.65883233851908,1.7723202390172048,8.106593532548928
s22,run,s22_run,162000,2021-01-01 12:35:01.986650,88.75739644970413,89.03006630107365,89.03006630107365,94.63876422541318,0.27266985136951405,5.881367775709052
s22,run,s22_run,163000,2021-01-01 12:35:03.986650,89.02077151335311,89.33279117541048,89.33279117541048,92.78167365791224,0.31201966205736653,3.7609021445591253
s22,run,s22_run,164000,2021-01-01 12:35:05.986650,92.44992295839754,91.55912027840515,91.55912027840515,92.35377997508476,-0.8908026799923903,-0.09614298331277382
s22,run,s22_run,165000,2021-01-01 12:35:07.986650,93.02325581395348,94.29510232715022,94.29510232715022,93.03324279830767,1.271846513196735,0.009986984354185324
s22,run,s22_run,166000,2021-01-01 12:35:09.986650,93.75,94.4026488816025,94.4026488816025,93.51253492746085,0.6526488816025022,-0.23746507253915183
s22,run,s22_run,167000,2021-01-01 12:35:11.986650,91.46341463414632,91.55189893312064,91.55189893312064,92.82631232944178,0.08848429897432197,1.3628976952954588
s22,run,s22_run,168000,2021-01-01 12:35:13.986650,90.63444108761328,92.1738818010928,92.1738818010928,92.59796164451964,1.5394407134795216,1.96352055690636
s22,run,s22_run,169000,2021-01-01 12:35:15.986650,98.03921568627452,96.96350841626312,96.96350841626312,94.12590301462987,-1.0757072700113923,-3.913312671644647
s22,run,s22_run,170000,2021-01-01 12:35:17.986650,98.36065573770492,98.34210549309276,98.34210549309276,95.60157388209188,-0.018550244612157485,-2.759081855613033
s22,run,s22_run,171000,2021-01-01 12:35:19.986650,99.50248756218906,100.27786062626393,100.27786062626393,97.23827424255211,0.7753730640748699,-2.2642133196369514
s22,run,s22_run,172000,2021-01-01 12:35:21.986650,99.66777408637874,100.70850319815598,100.70850319815598,98.45285437701347,1.0407291117772388,-1.214919709365276
s22,run,s22_run,173000,2021-01-01 12:35:23.986650,101.010101010101,101.08808880107352,101.08808880107352,99.37518642543449,0.07798779097252861,-1.6349145846665039
s22,run,s22_run,174000,2021-01-01 12:35:25.986650,101.52284263959392,103.11609044768775,103.11609044768775,100.68450283322312,1.5932478080938353,-0.8383398063707972
s22,run,s22_run,175000,2021-01-01 12:35:27.986650,102.38907849829351,102.70884423422723,102.70884423422723,101.39302232357457,0.31976573593371427,-0.9960561747189445
s22,run,s22_run,176000,2021-01-01 12:35:29.986650,102.38907849829351,102.61129279485573,102.61129279485573,101.81941698852297,0.22221429656221403,-0.5696615097705404
s22,run,s22_run,177000,2021-01-01 12:35:31.986650,102.56410256410255,101.88416981897743,101.88416981897743,101.84208047918203,-0.6799327451251287,-0.7220220849205248
s22,run,s22_run,178000,2021-01-01 12:35:33.986650,103.44827586206895,103.75118333165162,103.75118333165162,102.5102664775464,0.3029074695826637,-0.9380093845225588
s22,run,s22_run,179000,2021-01-01 12:35:35.986650,107.14285714285714,106.40305546442067,106.40305546442067,103.87274262295239,-0.7398016784364643,-3.2701145199047517
s22,run,s22_run,180000,2021-01-01 12:35:37.986650,107.14285714285714,105.22849001107056,105.22849001107056,104.34725420879374,-1.9143671317865767,-2.795602934063396
s22,run,s22_run,181000,2021-01-01 12:35:39.986650,103.09278350515464,102.55212342192783,102.55212342192783,103.71895843339067,-0.5406600832268111,0.6261749282360256
s22,run,s22_run,182000,2021-01-01 12:35:41.986650,99.009900990099,99.26523026437782,99.26523026437782,102.16015357423618,0.25532927427882157,3.150252584137178
s22,run,s22_run,183000,2021-01-01 12:35:43.986650,99.50248756218906,99.48181504869866,99.48181504869866,101.22273509029804,-0.020672513490396227,1.7202475281089846
s22,run,s22_run,184000,2021-01-01 12:35:45.986650,105.26315789473684,105.45001266880224,105.45001266880224,102.70228224277452,0.1868547740654094,-2.56087565196232
s22,run,s22_run,185000,2021-01-01 12:35:47.986650,105.26315789473684,104.96761622021782,104.96761622021782,103.49514913487968,-0.2955416745190149,-1.7680087598571532
s22,run,s22_run,186000,2021-01-01 12:35:49.986650,101.35135135135135,102.12708154874953,102.12708154874953,103.01632547973412,0.7757301973981754,1.6649741283827666
s22,run,s22_run,187000,2021-01-01 12:35:51.986650,96.61835748792272,97.92189286223687,97.92189286223687,101.23327406361008,1.3035353743141513,4.61491657568736
s22,run,s22_run,188000,2021-01-01 12:35:53.986650,96.61835748792272,96.66984856190935,96.66984856190935,99.63607513801483,0.051491073986625224,3.0177176500921092
s22,run,s22_run,189000,2021-01-01 12:35:55.986650,94.7867298578199,95.67803687978677,95.67803687978677,98.25076174763501,0.8913070219668668,3.4640318898151037
s22,run,s22_run,190000,2021-01-01 12:35:57.986650,95.54140127388536,96.4248458782567,96.4248458782567,97.61169119335261,0.8834446043713484,2.070289919467257
s22,run,s22_run,191000,2021-01-01 12:35:59.986650,93.603744149766,93.83208407431744,93.83208407431744,96.2888287016903,0.2283399245514346,2.685084551924305
s22,run,s22_run,192000,2021-01-01 12:36:01.986650,89.02077151335311,90.03081518543353,90.03081518543353,94.09852397100043,1.010043672080414,5.077752457647321
s22,run,s22_run,193000,2021-01-01 12:36:03.986650,89.02077151335311,91.32969831253224,91.32969831253224,93.12943499053657,2.308926799179133,4.108663477183455
s22,run,s22_run,194000,2021-01-01 12:36:05.986650,93.75,93.74692681694609,93.74692681694609,93.3455571297799,-0.0030731830539139082,-0.4044428702200946
s22,run,s22_run,195000,2021-01-01 12:36:07.986650,101.86757215619694,100.6755834582016,100.6755834582016,95.9110663447275,-1.1919886979953418,-5.956505811469441
s22,run,s22_run,196000,2021-01-01 12:36:09.986650,103.09278350515464,103.32993628665794,103.32993628665794,98.50767082440316,0.23715278150329766,-4.585112680751479
s22,run,s22_run,197000,2021-01-01 12:36:11.986650,104.89510489510492,105.11843616895011,105.11843616895011,100.82143869499458,0.22333127384519003,-4.073666200110338
s22,run,s22_run,198000,2021-01-01 12:36:13.986650,103.80622837370242,104.19570087307682,104.19570087307682,102.00243045732336,0.3894724993743921,-1.803797916379068
s22,run,s22_run,199000,2021-01-01 12:36:15.986650,103.80622837370242,104.8080750885936,104.8080750885936,102.98440607826794,1.0018467148911725,-0.8218222954344867
s22,run,s22_run,200000,2021-01-01 12:36:17.986650,103.44827586206895,104.20663100954582,104.20663100954582,103.41218480421519,0.7583551474768626,-0.036091057853766983
s22,run,s22_run,201000,2021-01-01 12:36:19.986650,99.33774834437088,97.80006214560414,97.80006214560414,101.44794187370132,-1.5376861987667354,2.110193529330445
s22,run,s22_run,202000,2021-01-01 12:36:21.986650,95.84664536741214,96.36749351435334,96.36749351435334,99.66978494792954,0.520848146941205,3.823139580517406
s22,run,s22_run,203000,2021-01-01 12:36:23.986650,96.93053311793214,96.75047297422063,96.75047297422063,98.64802575713142,-0.1800601437115148,1.7174926391992784
s22,run,s22_run,204000,2021-01-01 12:36:25.986650,99.66777408637874,100.17538214203068,100.17538214203068,99.18260049184616,0.5076080556519429,-0.4851735945325828
s22,run,s22_run,205000,2021-01-01 12:36:27.986650,100.67114093959732,100.4905697195898,100.4905697195898,99.64038972155643,-0.18057122000752202,-1.0307512180408906
s22,run,s22_run,206000,2021-01-01 12:36:29.986650,99.66777408637874,99.32594110423048,99.32594110423048,99.53033270549236,-0.3418329821482615,-0.13744138088638636
s22,run,s22_run,207000,2021-01-01 12:36:31.986650,99.50248756218906,98.57114788465597,98.57114788465597,99.19461801819963,-0.9313396775330887,-0.3078695439894261
s22,run,s22_run,208000,2021-01-01 12:36:33.986650,100.0,99.73356550958438,99.73356550958438,99.3832496401843,-0.2664344904156195,-0.6167503598156969
s22,run,s22_run,209000,2021-01-01 12:36:35.986650,99.50248756218906,100.52289229718606,100.52289229718606,99.78212457013493,1.0204047349970011,0.27963700794586543
s22,run,s22_run,210000,2021-01-01 12:36:37.986650,99.009900990099,99.249197344326,99.249197344326,99.5956000411018,0.23929635422700812,0.5856990510028055
s22,run,s22_run,211000,2021-01-01 12:36:39.986650,97.4025974025974,96.53484491512616,96.53484491512616,98.52433574701033,-0.8677524874712361,1.1217383444129325
s22,run,s22_run,212000,2021-01-01 12:36:41.986650,95.23809523809524,95.21975323572029,95.21975323572029,97.36773186805881,-0.01834200237495054,2.1296366299635707
s22,run,s22_run,213000,2021-01-01 12:36:43.986650,95.23809523809524,95.88354606628604,95.88354606628604,96.84826683743835,0.6454508281908033,1.6101715993431043
s22,run,s22_run,214000,2021-01-01 12:36:45.986650,95.54140127388536,95.35487159499685,95.35487159499685,96.32557850258382,-0.1865296788885047,0.7841772286984678
s22,run,s22_run,215000,2021-01-01 12:36:47.986650,94.9367088607595,94.89297387382236,94.89297387382236,95.82416688251732,-0.04373498693713884,0.8874580217578227
s22,run,s22_run,216000,2021-01-01 12:36:49.986650,93.75,93.40213738333676,93.40213738333676,94.97645655780411,-0.34786261666323526,1.226456557804113
s22,run,s22_run,217000,2021-01-01 12:36:51.986650,91.74311926605505,92.24611697083844,92.24611697083844,94.02083770236612,0.5029977047833967,2.2777184363110763
s22,run,s22_run,218000,2021-01-01 12:36:53.986650,91.6030534351145,92.18275646652397,92.18275646652397,93.37750926982137,0.5797030314094656,1.7744558347068704
s22,run,s22_run,219000,2021-01-01 12:36:55.986650,90.9090909090909,91.09894869104221,91.09894869104221,92.58001306724867,0.18985778195130365,1.6709221581577651
s22,run,s22_run,220000,2021-01-01 12:36:57.986650,88.49557522123894,88.64884345504886,88.64884345504886,91.20410370297874,0.15326823380992494,2.7085284817398048
s22,run,s22_run,221000,2021-01-01 12:36:59.986650,87.5912408759124,88.34108976829621,88.34108976829621,90.20204882583985,0.7498488923838096,2.610807949927448
s22,run,s22_run,222000,2021-01-01 12:37:01.986650,91.1854103343465,88.98072523733671,88.98072523733671,89.77458556986376,-2.2046850970097864,-1.41082476448274
s22,run,s22_run,223000,2021-01-01 12:37:03.986650,90.9090909090909,91.27255284996473,91.27255284996473,90.29887411789909,0.3634619408738189,-0.6102167911918173
s22,run,s22_run,224000,2021-01-01 12:37:05.986650,91.46341463414632,91.390676105197,91.390676105197,90.68100481345336,-0.07273852894931565,-0.7824098206929619
s22,run,s22_run,225000,2021-01-01 12:37:07.986650,93.89671361502349,93.73523014560145,93.73523014560145,91.7499836797052,-0.16148346942203773,-2.146729935318291
s22,run,s22_run,226000,2021-01-01 12:37:09.986650,101.52284263959392,97.42872899266715,97.42872899266715,93.73754453924188,-4.094113646926772,-7.785298100352037
s22,run,s22_run,227000,2021-01-01 12:37:11.986650,101.69491525423727,102.67291075823519,102.67291075823519,96.86492271588953,0.9779955039979171,-4.829992538347739
s22,run,s22_run,228000,2021-01-01 12:37:13.986650,101.69491525423727,101.00370543906457,101.00370543906457,98.3134966690008,-0.691209815172698,-3.3814185852364744
s22,run,s22_run,229000,2021-01-01 12:37:15.986650,102.73972602739728,101.16746856682539,101.16746856682539,99.3123868332394,-1.5722574605718904,-3.427339194157881
s22,run,s22_run,230000,2021-01-01 12:37:17.986650,105.63380281690142,104.76865029311423,104.76865029311423,101.2220790441956,-0.865152523787188,-4.411723772705827
s22,run,s22_run,231000,2021-01-01 12:37:19.986650,105.63380281690142,106.36288349593146,106.36288349593146,103.02136060230315,0.7290806790300337,-2.612442214598275
s22,run,s22_run,232000,2021-01-01 12:37:21.986650,105.63380281690142,106.83963057555285,106.83963057555285,104.35775509294055,1.2058277586514237,-1.2760477239608718
s22,run,s22_run,233000,2021-01-01 12:37:23.986650,94.6372239747634,95.739036190889,95.739036190889,101.3412034772225,1.1018122161255945,6.703979502459106
s22,run,s22_run,234000,2021-01-01 12:37:26.038682,92.3076923076923,92.7487830160398,92.7487830160398,98.33385631580856,0.4410907083474882,6.026164008116254
s22,run,s22_run,235000,2021-01-01 12:37:28.038682,94.9367088607595,93.11703540347455,93.11703540347455,96.50796899649166,-1.8196734572849493,1.5712601357321603
s22,run,s22_run,236000,2021-01-01 12:37:30.038682,96.7741935483871,96.22698971849779,96.22698971849779,96.40962624919379,-0.5472038298893125,-0.3645672991933111
s22,run,s22_run,237000,2021-01-01 12:37:32.038682,97.2447325769854,97.48043261949086,97.48043261949086,96.78440847879776,0.2357000425054565,-0.4603240981876411
s22,run,s22_run,238000,2021-01-01 12:37:34.038682,98.19967266775778,98.55619844812357,98.55619844812357,97.4045349680618,0.35652578036578575,-0.7951376996959851
s22,run,s22_run,239000,2021-01-01 12:37:36.038682,99.33774834437088,100.34905486029835,100.34905486029835,98.43511693034459,1.0113065159274726,-0.9026314140262883
s22,run,s22_run,240000,2021-01-01 12:37:38.038682,102.04081632653062,102.824617774119,102.824617774119,99.97144222566564,0.7838014475883881,-2.0693741008649766
s22,sit,s22_sit,0,2021-01-01 12:39:38.418168,83.33333333333334,83.46871313660394,83.46871313660394,83.46871313660394,0.1353798032705953,0.1353798032705953
s22,sit,s22_sit,1000,2021-01-01 12:39:40.418168,83.68200836820084,82.52663092588199,82.52663092588199,83.13898436285126,-1.1553774423188514,-0.5430240053495794
s22,sit,s22_sit,2000,2021-01-01 12:39:42.418168,82.41758241758242,82.56850955466436,82.56850955466436,82.93931817998585,0.15092713708193628,0.5217357624034236
s22,sit,s22_sit,3000,2021-01-01 12:39:44.418168,82.64462809917356,82.48766994646269,82.48766994646269,82.78124129825275,-0.156958152710871,0.13661319907919278
s22,sit,s22_sit,4000,2021-01-01 12:39:46.418168,90.63444108761328,86.59247922910788,86.59247922910788,84.11517457405205,-4.0419618585054025,-6.519266513561234
s22,sit,s22_sit,5000,2021-01-01 12:39:48.418168,94.33962264150944,90.8973865915586,90.8973865915586,86.48894878017934,-3.4422360499508358,-7.850673861330094
s22,sit,s22_sit,6000,2021-01-01 12:39:50.418168,94.19152276295134,94.20629677354562,94.20629677354562,89.19002057785754,0.014774010594280185,-5.001502185093798
s22,sit,s22_sit,7000,2021-01-01 12:39:52.418168,94.04388714733544,88.9839292295933,88.9839292295933,89.11788860596505,-5.059957917742139,-4.92599854137039
s22,sit,s22_sit,8000,2021-01-01 12:39:54.418168,78.32898172323759,81.59989514605554,81.59989514605554,86.48659089499672,3.270913422817955,8.157609171759134
s22,sit,s22_sit,9000,2021-01-01 12:39:56.418168,72.99270072992701,75.03871310836925,75.03871310836925,82.4798336696771,2.046012378442242,9.487132939750097
s22,sit,s22_sit,10000,2021-01-01 12:39:58.418168,72.99270072992701,73.84116939513767,73.84116939513767,79.4563011735883,0.8484686652106603,6.463600443661292
s22,sit,s22_sit,11000,2021-01-01 12:40:00.418168,78.32898172323759,77.64659670572547,77.64659670572547,78.82290460983631,-0.682385017512118,0.49392288659872463
s22,sit,s22_sit,12000,2021-01-01 12:40:02.418168,80.0,79.03638337444399,79.03638337444399,78.897622177449,-0.9636166255560141,-1.1023778225510057
s22,sit,s22_sit,13000,2021-01-01 12:40:04.418168,79.15567282321899,79.71115711148293,79.71115711148293,79.18235940436088,0.5554842882639406,0.026686581141888155
s22,sit,s22_sit,14000,2021-01-01 12:40:06.418168,77.51937984496124,78.23801740726456,78.23801740726456,78.85183970537717,0.7186375623033285,1.3324598604159377
s22,sit,s22_sit,15000,2021-01-01 12:40:08.418168,77.41935483870968,77.49165700293847,77.49165700293847,78.37577575952363,0.07230216422878755,0.9564209208139545
s22,sit,s22_sit,16000,2021-01-01 12:40:10.418168,78.02340702210662,78.49564869946164,78.49564869946164,78.41773128850194,0.4722416773550151,0.3943242663953157
s22,sit,s22_sit,17000,2021-01-01 12:40:12.418168,78.32898172323759,78.95118355326262,78.95118355326262,78.60443958116818,0.622201830025034,0.27545785793058997
s22,sit,s22_sit,18000,2021-01-01 12:40:14.418168,77.82101167315174,78.4804842744783,78.4804842744783,78.56105522382671,0.6594726013265557,0.7400435506749687
s22,sit,s22_sit,19000,2021-01-01 12:40:16.418168,76.53061224489795,76.3919910658158,76.3919910658158,77.80188276852289,-0.13862117908215055,1.2712705236249349
s22,sit,s22_sit,20000,2021-01-01 12:40:18.418168,76.53061224489795,75.95677650887461,75.95677650887461,77.156095577646,-0.5738357360233408,0.6254833327480469
s22,sit,s22_sit,21000,2021-01-01 12:40:20.418168,76.53061224489795,76.3406084109363,76.3406084109363,76.8706750692976,-0.19000383396165432,0.3400628243996522
s22,sit,s22_sit,22000,2021-01-01 12:40:22.418168,75.94936708860759,76.65302927359743,76.65302927359743,76.79449904080253,0.7036621849898381,0.8451319521949472
s22,sit,s22_sit,23000,2021-01-01 12:40:24.418168,75.75757575757575,75.28341411199055,75.28341411199055,76.26561931571834,-0.47416164558519824,0.5080435581425888
s22,sit,s22_sit,24000,2021-01-01 12:40:26.418168,75.75757575757575,74.93352781789068,74.93352781789068,75.79938729147865,-0.8240479396850731,0.04181153390290149
s22,sit,s22_sit,25000,2021-01-01 12:40:28.418168,79.26023778071334,76.95019735900387,76.95019735900387,76.20217081511248,-2.3100404217094734,-3.058066965600858
s22,sit,s22_sit,26000,2021-01-01 12:40:30.418168,86.33093525179855,87.28436776636335,87.28436776636335,80.08093974805028,0.9534325145647955,-6.249995503748266
s22,sit,s22_sit,27000,2021-01-01 12:40:32.418168,86.33093525179855,86.11913103884515,86.11913103884515,82.19430669982849,-0.21180421295339613,-4.1366285519700625
s22,sit,s22_sit,28000,2021-01-01 12:40:34.418168,80.4289544235925,81.10203254158432,81.10203254158432,81.81201074444303,0.673078117991821,1.3830563208505282
s22,sit,s22_sit,29000,2021-01-01 12:40:36.418168,79.57559681697613,78.63642695905449,78.63642695905449,80.70055641955705,-0.939169857921641,1.1249596025809154
s22,sit,s22_sit,30000,2021-01-01 12:40:38.418168,75.75757575757575,75.41878170018721,75.41878170018721,78.8519352677776,-0.3387940573885402,3.094359510201855
s22,sit,s22_sit,31000,2021-01-01 12:40:40.418168,75.0,74.89695826328223,74.89695826328223,77.46769331620422,-0.1030417367177705,2.467693316204219
s22,sit,s22_sit,32000,2021-01-01 12:40:42.418168,75.0,74.80335679683101,74.80335679683101,76.5351755344236,-0.1966432031689891,1.535175534423601
s22,sit,s22_sit,33000,2021-01-01 12:40:44.418168,74.25742574257426,74.5354296233425,74.5354296233425,75.83526446554521,0.2780038807682388,1.5778387229709523
s22,sit,s22_sit,34000,2021-01-01 12:40:46.418168,75.37688442211055,74.98157369641083,74.98157369641083,75.53647269634817,-0.3953107256997157,0.15958827423762045
s22,sit,s22_sit,35000,2021-01-01 12:40:48.418168,77.720207253886,76.94815549937705,76.94815549937705,76.03056167740829,-0.7720517545089507,-1.6896455764777158
s22,sit,s22_sit,36000,2021-01-01 12:40:50.418168,78.53403141361257,78.53008205578506,78.53008205578506,76.90539380984016,-0.003949357827508493,-1.628637603772404
s22,sit,s22_sit,37000,2021-01-01 12:40:52.418168,78.84362680683311,78.67254664292126,78.67254664292126,77.52389730141854,-0.17108016391185288,-1.3197295054145712
s22,sit,s22_sit,38000,2021-01-01 12:40:54.418168,79.89347536617844,79.6653519360001,79.6653519360001,78.27340642352209,-0.2281234301783286,-1.6200689426563457
s22,sit,s22_sit,39000,2021-01-01 12:40:56.418168,77.92207792207792,78.02402691142919,78.02402691142919,78.18612359428957,0.10194898935127128,0.2640456722116511
s22,sit,s22_sit,40000,2021-01-01 12:40:58.418168,76.43312101910827,76.98081294111982,76.98081294111982,77.76426486568016,0.5476919220115519,1.3311438465718908
s22,sit,s22_sit,41000,2021-01-01 12:41:00.418168,75.56675062972292,75.53676509104021,75.53676509104021,76.98463994455618,-0.029985538682709034,1.4178893148332605
s22,sit,s22_sit,42000,2021-01-01 12:41:02.418168,75.56675062972292,75.90888368631695,75.90888368631695,76.60812525417245,0.3421330565940366,1.0413746244495314
s22,sit,s22_sit,43000,2021-01-01 12:41:04.418168,76.33587786259541,76.26972943109485,76.26972943109485,76.48968671609529,-0.06614843150056515,0.15380885349988205
s22,sit,s22_sit,44000,2021-01-01 12:41:06.418168,77.92207792207792,77.19227497442171,77.19227497442171,76.73559260650953,-0.7298029476562107,-1.1864853155683903
s22,sit,s22_sit,45000,2021-01-01 12:41:08.418168,77.51937984496124,77.31752445788088,77.31752445788088,76.93926875448949,-0.20185538708035722,-0.5801110904717461
s22,sit,s22_sit,46000,2021-01-01 12:41:10.418168,75.18796992481202,76.16638915492217,76.16638915492217,76.66876089464094,0.9784192301101484,1.4807909698289166
s22,sit,s22_sit,47000,2021-01-01 12:41:12.418168,75.18796992481202,74.8304230129773,74.8304230129773,76.02534263605867,-0.3575469118347172,0.837372711246644
s22,sit,s22_sit,48000,2021-01-01 12:41:14.418168,75.37688442211055,74.91691108159569,74.91691108159569,75.63739159199662,-0.45997334051486405,0.26050716988606837
s22,sit,s22_sit,49000,2021-01-01 12:41:16.418168,75.37688442211055,75.10976894002721,75.10976894002721,75.45272366380732,-0.2671154820833408,0.07583924169676948
s22,sit,s22_sit,50000,2021-01-01 12:41:18.418168,75.37688442211055,75.40778397667616,75.40778397667616,75.43699477331141,0.030899554565607446,0.060110351200862056
s22,sit,s22_sit,51000,2021-01-01 12:41:20.418168,76.14213197969544,76.04654225700557,76.04654225700557,75.65033639260437,-0.09558972268986565,-0.49179558709106175
s22,sit,s22_sit,52000,2021-01-01 12:41:22.418168,78.74015748031496,78.6989025342955,78.6989025342955,76.71733454219627,-0.041254946019464,-2.0228229381186935
s22,sit,s22_sit,53000,2021-01-01 12:41:24.418168,82.19178082191782,82.03471504578314,82.03471504578314,78.57841771845168,-0.15706577613467232,-3.613363103466142
s22,sit,s22_sit,54000,2021-01-01 12:41:26.418168,83.21775312066575,83.13465123124274,83.13465123124274,80.17309944792855,-0.08310188942300556,-3.044653672737198
s22,sit,s22_sit,55000,2021-01-01 12:41:28.418168,83.79888268156425,82.15979679062225,82.15979679062225,80.86844351787134,-1.639085890941999,-2.9304391636929097
s22,sit,s22_sit,56000,2021-01-01 12:41:30.418168,78.02340702210662,78.36876129378523,78.36876129378523,79.99355473944121,0.3453542716786018,1.9701477173345836
s22,sit,s22_sit,57000,2021-01-01 12:41:32.418168,75.75757575757575,75.65680511807386,75.65680511807386,78.47569237196264,-0.10077063950188858,2.7181166143868865
s22,sit,s22_sit,58000,2021-01-01 12:41:34.418168,75.56675062972292,74.81609973036909,74.81609973036909,77.1948349474049,-0.750650899353829,1.6280843176819815
s22,sit,s22_sit,59000,2021-01-01 12:41:36.418168,74.81296758104737,74.5924943282809,74.5924943282809,76.2840157307115,-0.22047325276646745,1.471048149664128
s22,sit,s22_sit,60000,2021-01-01 12:41:38.418168,73.71007371007371,74.75086591572092,74.75086591572092,75.7474132954648,1.0407922056472074,2.0373395853910807
s22,sit,s22_sit,61000,2021-01-01 12:41:40.418168,73.71007371007371,73.97176277894891,73.97176277894891,75.12593561468424,0.2616890688751994,1.415861904610523
s22,sit,s22_sit,62000,2021-01-01 12:41:42.418168,73.71007371007371,74.11527015283043,74.11527015283043,74.7722027030354,0.4051964427567185,1.0621289929616893
s22,sit,s22_sit,63000,2021-01-01 12:41:44.418168,78.43137254901961,78.71643364757213,78.71643364757213,76.15268353362326,0.28506109855251793,-2.2786890153963526
s22,sit,s22_sit,64000,2021-01-01 12:41:46.418168,80.10680907877169,81.56906119863422,81.56906119863422,78.0484157163771,1.4622521198625265,-2.0583933623945967
s22,sit,s22_sit,65000,2021-01-01 12:41:48.418168,80.10680907877169,80.29445463886566,80.29445463886566,78.83452933924809,0.18764556009396927,-1.2722797395235972
s22,sit,s22_sit,66000,2021-01-01 12:41:50.418168,72.81553398058253,74.46411999361887,74.46411999361887,77.30488606827787,1.6485860130363363,4.4893520876953374
s22,sit,s22_sit,67000,2021-01-01 12:41:52.418168,72.81553398058253,73.58089313511782,73.58089313511782,76.00148854167185,0.7653591545352896,3.185954561089318
s22,sit,s22_sit,68000,2021-01-01 12:41:54.418168,77.31958762886597,75.70030161733617,75.70030161733617,75.89607311815436,-1.6192860115298089,-1.4235145107116125
s22,sit,s22_sit,69000,2021-01-01 12:41:56.418169,80.75370121130553,80.51825833565142,80.51825833565142,77.51383794427834,-0.23544287565410116,-3.2398632670271894
s22,sit,s22_sit,70000,2021-01-01 12:41:58.418169,83.10249307479225,84.90687560452855,84.90687560452855,80.10140112536591,1.8043825297363014,-3.001091949426339
s22,sit,s22_sit,71000,2021-01-01 12:42:00.418169,84.50704225352113,84.55397918365662,84.55397918365662,81.65980344576766,0.04693693013548739,-2.8472388077534703
s22,sit,s22_sit,72000,2021-01-01 12:42:02.418169,79.7872340425532,82.72507044209623,82.72507044209623,82.03264689448267,2.9378363995430306,2.2454128519294727
s22,sit,s22_sit,73000,2021-01-01 12:42:04.418169,78.74015748031496,79.5743477426647,79.5743477426647,81.17224219134637,0.8341902623497361,2.4320847110314077
s22,sit,s22_sit,74000,2021-01-01 12:42:06.418169,82.64462809917356,80.59959484120722,80.59959484120722,80.97181561879766,-2.045033257966338,-1.672812480375896
s22,sit,s22_sit,75000,2021-01-01 12:42:08.418169,85.83690987124464,84.65376179278144,84.65376179278144,82.26049677969199,-1.183148078463205,-3.576413091552652
s22,sit,s22_sit,76000,2021-01-01 12:42:10.418169,86.70520231213874,86.91624053950937,86.91624053950937,83.89000709562808,0.21103822737063638,-2.8151952165106593
s22,sit,s22_sit,77000,2021-01-01 12:42:12.418169,88.10572687224669,88.60163799198054,88.60163799198054,85.53907790935143,0.49591111973384727,-2.5666489628952576
s22,sit,s22_sit,78000,2021-01-01 12:42:14.418169,91.74311926605505,90.77268868989165,90.77268868989165,87.37084168254052,-0.9704305761633947,-4.372277583514531
s22,sit,s22_sit,79000,2021-01-01 12:42:16.418169,91.6030534351145,91.56052188504638,91.56052188504638,88.83722975341757,-0.04253155006811937,-2.7658236816969293
s22,sit,s22_sit,80000,2021-01-01 12:42:18.418169,91.74311926605505,90.71476935691695,90.71476935691695,89.49436861464235,-1.0283499091381003,-2.248750651412692
s22,sit,s22_sit,81000,2021-01-01 12:42:20.418169,90.9090909090909,90.30721232356733,90.30721232356733,89.7788639127661,-0.6018785855235791,-1.130226996324808
s22,sit,s22_sit,82000,2021-01-01 12:42:22.418169,93.75,91.18419270097876,91.18419270097876,90.27072898864053,-2.5658072990212446,-3.4792710113594723
s22,sit,s22_sit,83000,2021-01-01 12:42:24.418169,94.6372239747634,94.6283994646979,94.6283994646979,91.79591365526062,-0.00882451006549445,-2.8413103195027816
s22,sit,s22_sit,84000,2021-01-01 12:42:26.418169,94.6372239747634,93.9837906446955,93.9837906446955,92.56167060156284,-0.653433330067898,-2.075553373200563
s22,sit,s22_sit,85000,2021-01-01 12:42:28.418169,83.68200836820084,90.41406473247838,90.41406473247838,91.81000854738328,6.73205636427754,8.128000179182436
s22,sit,s22_sit,86000,2021-01-01 12:42:30.418169,83.68200836820084,84.24756051488629,84.24756051488629,89.16315173600933,0.5655521466854481,5.481143367808485
s22,sit,s22_sit,87000,2021-01-01 12:42:32.418169,86.70520231213874,84.44501831735901,84.44501831735901,87.51180503948171,-2.260183994779723,0.8066027273429768
s22,sit,s22_sit,88000,2021-01-01 12:42:34.418169,88.23529411764706,87.50597831760554,87.50597831760554,87.50976568682505,-0.729315800041519,-0.7255284308220098
s22,sit,s22_sit,89000,2021-01-01 12:42:36.418169,89.02077151335311,89.02256153264489,89.02256153264489,88.03924423286199,0.0017900192917750246,-0.9815272804911217
s22,sit,s22_sit,90000,2021-01-01 12:42:38.418169,88.75739644970413,89.17558866140413,89.17558866140413,88.43696478285173,0.41819221170000276,-0.3204316668524001
s22,sit,s22_sit,91000,2021-01-01 12:42:40.418169,88.75739644970413,88.20624217210838,88.20624217210838,88.35621186909155,-0.5511542775957565,-0.4011845806125791
s22,sit,s22_sit,92000,2021-01-01 12:42:42.418169,83.91608391608392,82.38176810797418,82.38176810797418,86.26515655270047,-1.5343158081097386,2.3490726366165546
s22,sit,s22_sit,93000,2021-01-01 12:42:44.418169,80.32128514056225,79.42190974245274,79.42190974245274,83.87002016911377,-0.8993753981095125,3.548735028551519
s22,sit,s22_sit,94000,2021-01-01 12:42:46.418169,80.32128514056225,79.32474824465429,79.32474824465429,82.27917499555295,-0.9965368959079655,1.9578898549906967
s22,sit,s22_sit,95000,2021-01-01 12:42:48.418169,87.2093023255814,84.88554595254298,84.88554595254298,83.19140483049947,-2.323756373038421,-4.0178974950819395
s22,sit,s22_sit,96000,2021-01-01 12:42:50.418169,87.2093023255814,85.80634741456899,85.80634741456899,84.1066347349238,-1.402954911012415,-3.102667590657603
s22,sit,s22_sit,97000,2021-01-01 12:42:52.418169,78.94736842105263,80.19125451985478,80.19125451985478,82.73625165964964,1.2438860988021503,3.788883238597009
s22,sit,s22_sit,98000,2021-01-01 12:42:54.418169,76.43312101910827,76.3635784196777,76.3635784196777,80.50581602565946,-0.0695425994305765,4.072695006551186
s22,sit,s22_sit,99000,2021-01-01 12:42:56.418169,74.25742574257426,75.34398861989482,75.34398861989482,78.69917643364184,1.08656287732056,4.441750691067583
s22,sit,s22_sit,100000,2021-01-01 12:42:58.418169,76.33587786259541,75.83150046004532,75.83150046004532,77.69548984288306,-0.5043774025500909,1.359611980287653
s22,sit,s22_sit,101000,2021-01-01 12:43:00.418169,77.51937984496124,77.54920477491495,77.54920477491495,77.64429006909423,0.029824929953718993,0.12491022413298936
s22,sit,s22_sit,102000,2021-01-01 12:43:02.418169,79.7872340425532,78.12494240579527,78.12494240579527,77.81251838693959,-1.662291636757928,-1.9747156556136076
s22,sit,s22_sit,103000,2021-01-01 12:43:04.418169,79.15567282321899,78.27797238722843,78.27797238722843,77.97542728704069,-0.8777004359905618,-1.1802455361783046
s22,sit,s22_sit,104000,2021-01-01 12:43:06.418169,77.51937984496124,78.11685273011607,78.11685273011607,78.02492619211706,0.5974728851548292,0.5055463471558284
s22,sit,s22_sit,105000,2021-01-01 12:43:08.418169,79.36507936507937,79.03313362412378,79.03313362412378,78.37779879331941,-0.3319457409555895,-0.9872805717599533
s22,sit,s22_sit,106000,2021-01-01 12:43:10.418169,78.94736842105263,79.65902210575248,79.65902210575248,78.82622695267099,0.7116536846998542,-0.1211414683816372
s22,sit,s22_sit,107000,2021-01-01 12:43:12.418169,77.92207792207792,78.18618937520445,78.18618937520445,78.6022138005577,0.2641114531265316,0.6801358784797884
s22,sit,s22_sit,108000,2021-01-01 12:43:14.418169,81.41112618724559,80.703255826117,80.703255826117,79.33757850950346,-0.7078703611285846,-2.073547677742127
s22,sit,s22_sit,109000,2021-01-01 12:43:16.418169,82.87292817679558,83.20108106087274,83.20108106087274,80.68980440248271,0.3281528840771557,-2.1831237743128753
s22,sit,s22_sit,110000,2021-01-01 12:43:18.418169,84.50704225352113,84.53905710981873,84.53905710981873,82.03704285005031,0.03201485629759304,-2.4699994034708226
s22,sit,s22_sit,111000,2021-01-01 12:43:20.418169,87.46355685131195,86.8492166418298,86.8492166418298,83.72130367717313,-0.6143402094821511,-3.742253174138824
s22,sit,s22_sit,112000,2021-01-01 12:43:22.418169,87.46355685131195,87.52438374113855,87.52438374113855,85.05238169956102,0.06082688982660045,-2.411175151750925
s22,sit,s22_sit,113000,2021-01-01 12:43:24.418169,89.28571428571428,89.24673656507787,89.24673656507787,86.52040590249192,-0.03897772063641014,-2.7653083832223615
s22,sit,s22_sit,114000,2021-01-01 12:43:26.418169,92.5925925925926,92.08647442057017,92.08647442057017,88.4685298838193,-0.5061181720224255,-4.124062708773295
s22,sit,s22_sit,115000,2021-01-01 12:43:28.418169,94.04388714733544,93.03626931616101,93.03626931616101,90.0672386851389,-1.0076178311744286,-3.976648462196536
s22,sit,s22_sit,116000,2021-01-01 12:43:30.418169,94.33962264150944,95.06767584772697,95.06767584772697,91.81739169204474,0.7280532062175382,-2.5222309494646993
s22,sit,s22_sit,117000,2021-01-01 12:43:32.418169,94.33962264150944,94.07349547935365,94.07349547935365,92.60702801760286,-0.266127162155783,-1.7325946239065786
s22,sit,s22_sit,118000,2021-01-01 12:43:34.418169,87.2093023255814,88.87786415185256,88.87786415185256,91.30182066459025,1.6685618262711586,4.092518339008848
s22,sit,s22_sit,119000,2021-01-01 12:43:36.418169,87.2093023255814,87.8479875101183,87.8479875101183,90.09297906052507,0.6386851845368966,2.8836767349436627
s22,sit,s22_sit,120000,2021-01-01 12:43:38.418169,94.33962264150944,91.7951206190735,91.7951206190735,90.68872860601702,-2.5445020224359354,-3.6508940354924135
s22,sit,s22_sit,121000,2021-01-01 12:43:40.418169,94.33962264150944,86.04769542682193,86.04769542682193,89.06436699329875,-8.291927214687504,-5.275255648210688
s22,sit,s22_sit,122000,2021-01-01 12:43:42.418169,89.15304606240713,81.45082103354514,81.45082103354514,86.39962590738499,-7.702225028861989,-2.753420155022141
s22,sit,s22_sit,123000,2021-01-01 12:43:44.418169,74.44168734491315,74.91751161325877,74.91751161325877,82.38088590444082,0.47582426834561886,7.939198559527668
s22,sit,s22_sit,124000,2021-01-01 12:43:46.418169,72.99270072992701,72.50805811880339,72.50805811880339,78.92539617946773,-0.4846426111236184,5.9326954495407165
s22,sit,s22_sit,125000,2021-01-01 12:43:48.418169,73.71007371007371,72.46016796820633,72.46016796820633,76.66256630552624,-1.24990574186738,2.952492595452526
s22,sit,s22_sit,126000,2021-01-01 12:43:50.418169,77.92207792207792,77.18209926079382,77.18209926079382,76.8444028398699,-0.7399786612840984,-1.0776750822080174
s22,sit,s22_sit,127000,2021-01-01 12:43:52.418169,78.32898172323759,78.22631686944233,78.22631686944233,77.32807275022026,-0.10266485379526102,-1.0009089730173315
s22,sit,s22_sit,128000,2021-01-01 12:43:54.418169,78.63695937090432,78.21368362628283,78.21368362628283,77.63803655684215,-0.42327574462149187,-0.9989228140621691
s22,sit,s22_sit,129000,2021-01-01 12:43:56.418169,78.94736842105263,78.88554246210813,78.88554246210813,78.07466362368525,-0.06182595894449605,-0.8727047973673763
s22,sit,s22_sit,130000,2021-01-01 12:43:58.418169,81.52173913043478,81.52697244027628,81.52697244027628,79.2829717094921,0.0052333098415005,-2.238767420942679
s22,sit,s22_sit,131000,2021-01-01 12:44:00.418169,83.44923504867873,83.20520811422755,83.20520811422755,80.6557544511495,-0.24402693445118473,-2.793480597529225
s22,sit,s22_sit,132000,2021-01-01 12:44:02.418169,82.19178082191782,83.22040915052187,83.22040915052187,81.55338359592983,1.0286283286040572,-0.6383972259879869
s22,sit,s22_sit,133000,2021-01-01 12:44:04.418169,82.19178082191782,82.18315195543144,82.18315195543144,81.77380252175539,-0.008628866486375841,-0.41797830016243154
s22,sit,s22_sit,134000,2021-01-01 12:44:06.418169,82.19178082191782,82.23973407178109,82.23973407178109,81.93687856426438,0.04795324986326932,-0.2549022576534412
s22,sit,s22_sit,135000,2021-01-01 12:44:08.418169,89.02077151335311,87.86503255449654,87.86503255449654,84.01173246084564,-1.155738958856574,-5.009039052507475
s22,sit,s22_sit,136000,2021-01-01 12:44:10.418169,89.15304606240713,88.311036533343,88.311036533343,85.51648888621972,-0.8420095290641285,-3.6365571761874094
s22,sit,s22_sit,137000,2021-01-01 12:44:12.418169,89.02077151335311,88.28701930711934,88.28701930711934,86.48617453353458,-0.733752206233774,-2.534596979818531
s22,sit,s22_sit,138000,2021-01-01 12:44:14.418169,84.50704225352113,82.85784885550528,82.85784885550528,85.21626054622432,-1.6491933980158535,0.7092182927031843
s22,sit,s22_sit,139000,2021-01-01 12:44:16.418169,82.98755186721992,82.53655641665726,82.53655641665726,84.27836410087585,-0.4509954505626581,1.2908122336559273
s22,sit,s22_sit,140000,2021-01-01 12:44:18.418169,87.2093023255814,88.11766431084433,88.11766431084433,85.62211917436481,0.9083619852629283,-1.5871831512165926
s22,sit,s22_sit,141000,2021-01-01 12:44:20.418169,87.97653958944282,87.52530891476823,87.52530891476823,86.28823558350601,-0.45123067467459066,-1.6883040059368142
s22,sit,s22_sit,142000,2021-01-01 12:44:22.418169,79.15567282321899,82.85581963497967,82.85581963497967,85.0868900015218,3.700146811760675,5.931217178302802
s22,sit,s22_sit,143000,2021-01-01 12:44:24.418169,77.51937984496124,77.45796335143176,77.45796335143176,82.41676567399028,-0.06141649352947809,4.897385829029048
s22,sit,s22_sit,144000,2021-01-01 12:44:26.418169,77.92207792207792,78.02907665524249,78.02907665524249,80.88107451742856,0.10699873316457342,2.9589965953506407
s22,sit,s22_sit,145000,2021-01-01 12:44:28.418169,85.1063829787234,85.03611847093939,85.03611847093939,82.33533990115734,-0.07026450778401738,-2.7710430775660626
s22,sit,s22_sit,146000,2021-01-01 12:44:30.418169,85.1063829787234,85.67918773602473,85.67918773602473,83.50568664336093,0.5728047573013271,-1.6006963353624712
s22,sit,s22_sit,147000,2021-01-01 12:44:32.418169,84.26966292134831,84.85837185221953,84.85837185221953,83.97912646646144,0.5887089308712206,-0.29053645488687607
s22,sit,s22_sit,148000,2021-01-01 12:44:34.418169,78.53403141361257,80.48499065991868,80.48499065991868,82.75617893417147,1.9509592463061125,4.222147520558906
s22,sit,s22_sit,149000,2021-01-01 12:44:36.418169,77.12082262210797,76.87415141048471,76.87415141048471,80.69746930088111,-0.24667121162325145,3.5766466787731446
s22,sit,s22_sit,150000,2021-01-01 12:44:38.418169,76.33587786259541,76.98827398786452,76.98827398786452,79.3992509413253,0.6523961252691066,3.063373078729896
s22,sit,s22_sit,151000,2021-01-01 12:44:40.418169,76.14213197969544,75.65915323055808,75.65915323055808,78.09021674255678,-0.4829787491373594,1.9480847628613418
s22,sit,s22_sit,152000,2021-01-01 12:44:42.418169,75.18796992481202,74.25627788165338,74.25627788165338,76.7483381412406,-0.9316920431586482,1.5603682164285715
s22,sit,s22_sit,153000,2021-01-01 12:44:44.418169,73.7100737100737,73.96305533754837,73.96305533754837,75.77348915994831,0.2529816274746679,2.0634154498746113
s22,sit,s22_sit,154000,2021-01-01 12:44:46.418169,71.94244604316548,72.77421783813158,72.77421783813158,74.72374419731246,0.8317717949661017,2.781298154146981
s22,sit,s22_sit,155000,2021-01-01 12:44:48.418169,71.94244604316548,71.61415240403542,71.61415240403542,73.6353870696655,-0.3282936391300524,1.6929410265000229
s22,sit,s22_sit,156000,2021-01-01 12:44:50.418169,71.77033492822967,71.5077388230076,71.5077388230076,72.89071018333523,-0.2625961052220731,1.1203752551055572
s22,sit,s22_sit,157000,2021-01-01 12:44:52.418169,74.07407407407408,73.7048580328859,73.7048580328859,73.17566193067796,-0.3692160411881815,-0.898412143396115
s22,sit,s22_sit,158000,2021-01-01 12:44:54.418169,77.31958762886597,76.2710917598024,76.2710917598024,74.2590623708715,-1.0484958690635722,-3.0605252579944704
s22,sit,s22_sit,159000,2021-01-01 12:44:56.418169,80.75370121130553,80.46709592241137,80.46709592241137,76.43187411391045,-0.28660528889415104,-4.321827097395072
s22,sit,s22_sit,160000,2021-01-01 12:44:58.418169,86.83068017366135,85.7946087055165,85.7946087055165,79.70883122097257,-1.0360714681448542,-7.121848952688779
s22,sit,s22_sit,161000,2021-01-01 12:45:00.418169,86.83068017366135,87.68300458724771,87.68300458724771,82.49979189916887,0.8523244135863592,-4.33088827449248
s22,sit,s22_sit,162000,2021-01-01 12:45:02.418169,81.74386920980926,81.5570150090435,81.5570150090435,82.16981998762499,-0.1868542007657652,0.42595077781572854
s22,sit,s22_sit,163000,2021-01-01 12:45:04.418169,77.61966364812419,77.86755328675379,77.86755328675379,80.66402664232007,0.24788963862960145,3.044362994195879
s22,sit,s22_sit,164000,2021-01-01 12:45:06.418169,78.22685788787483,78.12233411416287,78.12233411416287,79.77443425746505,-0.10452377371196064,1.5475763695902174
s22,sit,s22_sit,165000,2021-01-01 12:45:08.418169,87.2093023255814,84.49699152123122,84.49699152123122,81.42732929978321,-2.7123108043501816,-5.7819730257981945
s22,sit,s22_sit,166000,2021-01-01 12:45:10.418169,88.10572687224669,87.79733375597033,87.79733375597033,83.6568308594487,-0.30839311627636334,-4.448896012797988
s22,sit,s22_sit,167000,2021-01-01 12:45:12.418169,88.10572687224669,87.89487855152628,87.89487855152628,85.14014755167585,-0.21084832072041593,-2.965579320570839
s22,sit,s22_sit,168000,2021-01-01 12:45:14.418169,84.03361344537815,85.17926280133095,85.17926280133095,85.15383788905513,1.1456493559527985,1.1202244436769746
s22,sit,s22_sit,169000,2021-01-01 12:45:16.418169,84.03361344537815,85.13016903551198,85.13016903551198,85.14555379031503,1.096555590133832,1.1119403449368832
s22,sit,s22_sit,170000,2021-01-01 12:45:18.418169,86.45533141210375,85.96733052660049,85.96733052660049,85.43317564801495,-0.48800088550325427,-1.0221557640887937
s22,sit,s22_sit,171000,2021-01-01 12:45:20.418169,87.46355685131195,87.9526590270661,87.9526590270661,86.31499483068285,0.48910217575415516,-1.1485620206291003
s22,sit,s22_sit,172000,2021-01-01 12:45:22.418169,86.95652173913044,86.98810562556493,86.98810562556493,86.55058360889157,0.03158388643448973,-0.4059381302388658
s22,sit,s22_sit,173000,2021-01-01 12:45:24.418169,84.38818565400844,83.52054553581789,83.52054553581789,85.49007028331579,-0.8676401181905504,1.1018846293073494
s22,sit,s22_sit,174000,2021-01-01 12:45:26.418169,84.38818565400844,83.80591961635723,83.80591961635723,84.90061754988028,-0.582266037651209,0.5124318958718419
s22,sit,s22_sit,175000,2021-01-01 12:45:28.418169,91.46341463414632,90.12597692218034,90.12597692218034,86.7294933301853,-1.3374377119659755,-4.7339213039610115
s22,sit,s22_sit,176000,2021-01-01 12:45:30.418169,91.46341463414632,92.49618982229018,92.49618982229018,88.74783710242201,1.0327751881438587,-2.715577531724307
s22,sit,s22_sit,177000,2021-01-01 12:45:32.418169,91.46341463414632,87.68007237717846,87.68007237717846,88.37411944858677,-3.783342256967856,-3.08929518555955
s22,sit,s22_sit,178000,2021-01-01 12:45:34.418169,81.9672131147541,82.63940224899498,82.63940224899498,86.36696842872965,0.672189134240881,4.399755313975547
s22,sit,s22_sit,179000,2021-01-01 12:45:36.418169,75.94936708860759,76.97585295652434,76.97585295652434,83.08007801345778,1.0264858679167475,7.130710924850192
s22,sit,s22_sit,180000,2021-01-01 12:45:38.418169,76.43312101910827,76.58114041024966,76.58114041024966,80.80544985233495,0.14801939114138918,4.372328833226675
s22,sit,s22_sit,181000,2021-01-01 12:45:40.418169,83.33333333333334,84.7585919176289,84.7585919176289,82.18904957518784,1.4252585842955625,-1.1442837581455052
s22,sit,s22_sit,182000,2021-01-01 12:45:42.418169,83.33333333333334,81.23451357795048,81.23451357795048,81.85496197615475,-2.0988197553828627,-1.4783713571785881
s22,sit,s22_sit,183000,2021-01-01 12:45:44.418169,79.57559681697613,76.08232273764072,76.08232273764072,79.83453824267485,-3.493274079335407,0.2589414256987226
s22,sit,s22_sit,184000,2021-01-01 12:45:46.418169,69.76744186046511,68.7247543872351,68.7247543872351,75.94611389327093,-1.0426874732300178,6.178672032805821
s22,sit,s22_sit,185000,2021-01-01 12:45:48.418169,69.68641114982579,68.99335716412646,68.99335716412646,73.51264903807036,-0.6930539856993221,3.8262378882445773
s22,sit,s22_sit,186000,2021-01-01 12:45:50.418169,71.77033492822967,71.54780198467765,71.54780198467765,72.82495256938292,-0.22253294355202513,1.0546176411532429
s22,sit,s22_sit,187000,2021-01-01 12:45:52.418169,76.33587786259541,75.69784401682044,75.69784401682044,73.83046457598606,-0.6380338457749701,-2.505413286609354
s22,sit,s22_sit,188000,2021-01-01 12:45:54.418169,76.33587786259541,75.60757171342198,75.60757171342198,74.45245207408863,-0.7283061491734344,-1.8834257885067842
s22,sit,s22_sit,189000,2021-01-01 12:45:56.418169,75.18796992481202,74.655392697226,74.655392697226,74.52348129218672,-0.5325772275860174,-0.6644886326253072
s22,sit,s22_sit,190000,2021-01-01 12:45:58.418169,72.81553398058253,74.13370263581443,74.13370263581443,74.38705876245642,1.3181686552319007,1.5715247818738902
s22,sit,s22_sit,191000,2021-01-01 12:46:00.418169,71.77033492822967,72.63357256597183,72.63357256597183,73.77333859368682,0.8632376377421593,2.0030036654571433
s22,sit,s22_sit,192000,2021-01-01 12:46:02.418169,72.63922518159806,72.65058592089694,72.65058592089694,73.38037515821036,0.011360739298879707,0.7411499766122915
s22,sit,s22_sit,193000,2021-01-01 12:46:04.418169,72.81553398058253,73.07821139769226,73.07821139769226,73.27461784202902,0.26267741710972814,0.45908386144648716
s22,sit,s22_sit,194000,2021-01-01 12:46:06.418169,75.0,74.61045014598427,74.61045014598427,73.74215914841335,-0.3895498540157263,-1.25784085158665
s22,sit,s22_sit,195000,2021-01-01 12:46:08.418169,78.53403141361257,78.05524187609957,78.05524187609957,75.25173810310352,-0.4787895375129949,-3.282293310509047
s22,sit,s22_sit,196000,2021-01-01 12:46:10.418169,79.15567282321899,79.18350255531243,79.18350255531243,76.62785566137664,0.027829732093437087,-2.52781716184235
s22,sit,s22_sit,197000,2021-01-01 12:46:12.418170,81.63265306122449,81.87054944295465,81.87054944295465,78.46279848492895,0.2378963817301667,-3.169854576295535
s22,sit,s22_sit,198000,2021-01-01 12:46:14.418170,78.94736842105263,80.15545033912436,80.15545033912436,79.05522663389735,1.208081918071727,0.10785821284471808
s22,sit,s22_sit,199000,2021-01-01 12:46:16.418170,78.02340702210662,78.4836324989722,78.4836324989722,78.85516868667355,0.460225476865574,0.8317616645669261
s22,sit,s22_sit,200000,2021-01-01 12:46:18.418170,73.17073170731707,73.90561373216532,73.90561373216532,77.12282445259567,0.7348820248482468,3.9520927452785912
s22,sit,s22_sit,201000,2021-01-01 12:46:20.418170,73.17073170731707,73.21458622975017,73.21458622975017,75.75494107459974,0.043854522433093734,2.584209367282668
s22,sit,s22_sit,202000,2021-01-01 12:46:22.418170,75.66204287515762,74.49437534850706,74.49437534850706,75.3137430704673,-1.1676675266505612,-0.3482998046903276
s22,sit,s22_sit,203000,2021-01-01 12:46:24.418170,83.68200836820084,81.61304037211822,81.61304037211822,77.51849712604512,-2.0689679960826197,-6.163511242155721
s22,sit,s22_sit,204000,2021-01-01 12:46:26.418335,85.47008547008548,86.9825996309052,86.9825996309052,80.83093300274615,1.5125141608197197,-4.639152467339329
s22,sit,s22_sit,205000,2021-01-01 12:46:28.418335,86.58008658008657,87.10121934117534,87.10121934117534,83.02553322119637,0.521132761088765,-3.554553358890203
s22,sit,s22_sit,206000,2021-01-01 12:46:30.418335,85.47008547008548,85.9533244126266,85.9533244126266,84.05026013819696,0.48323894254112076,-1.419825331888518
s22,sit,s22_sit,207000,2021-01-01 12:46:32.418335,85.47008547008548,86.65292962895046,86.65292962895046,84.9611944599607,1.182844158864981,-0.5088910101247848
s22,sit,s22_sit,208000,2021-01-01 12:46:34.418335,96.7741935483871,92.07940818414941,92.07940818414941,87.45256926342674,-4.694785364237688,-9.321624284960365
s22,sit,s22_sit,209000,2021-01-01 12:46:36.418335,98.52216748768473,97.95095189307332,97.95095189307332,91.12700318380305,-0.5712155946114024,-7.395164303881671
s22,sit,s22_sit,210000,2021-01-01 12:46:38.418335,98.52216748768473,96.9717438299183,96.9717438299183,93.17266240994338,-1.55042365776643,-5.349505077741341
s22,sit,s22_sit,211000,2021-01-01 12:46:40.418335,91.74311926605505,89.04560909913504,89.04560909913504,91.72819375116046,-2.6975101669200114,-0.01492551489458549
s22,sit,s22_sit,212000,2021-01-01 12:46:42.418335,77.92207792207792,80.22910443570937,80.22910443570937,87.70351249075259,2.307026513631456,9.781434568674669
s22,sit,s22_sit,213000,2021-01-01 12:46:44.418335,77.12082262210797,76.8211058844656,76.8211058844656,83.89467017855215,-0.2997167376423704,6.773847556444181
s22,sit,s22_sit,214000,2021-01-01 12:46:46.418335,77.12082262210797,76.70545512911454,76.70545512911454,81.37844491124898,-0.41536749299342546,4.257622289141011
s22,sit,s22_sit,215000,2021-01-01 12:46:48.418335,76.72634271099744,76.24066310464504,76.24066310464504,79.5802212789376,-0.4856796063524058,2.853878567940157
s22,sit,s22_sit,216000,2021-01-01 12:46:50.418335,76.33587786259541,76.20869295742571,76.20869295742571,78.40018636640843,-0.12718490516969894,2.0643085038130238
s22,sit,s22_sit,217000,2021-01-01 12:46:52.418335,74.62686567164178,75.01233745156968,75.01233745156968,77.21443924621487,0.3854717799278973,2.587573574573085
s22,sit,s22_sit,218000,2021-01-01 12:46:54.418335,73.34963325183375,73.60533987798226,73.60533987798226,75.95125446733346,0.25570662614850903,2.601621215499705
s22,sit,s22_sit,219000,2021-01-01 12:46:56.418335,73.34963325183375,73.38944403891753,73.38944403891753,75.05462081738789,0.0398107870837805,1.7049875655541342
s22,sit,s22_sit,220000,2021-01-01 12:46:58.418335,74.07407407407408,74.00837467521426,74.00837467521426,74.68843466762712,-0.06569939885982023,0.6143605935530445
s22,sit,s22_sit,221000,2021-01-01 12:47:00.418335,76.82458386683739,76.74784244276556,76.74784244276556,75.40922738892557,-0.07674142407182671,-1.4153564779118142
s22,sit,s22_sit,222000,2021-01-01 12:47:02.418335,78.94736842105263,78.72642254639415,78.72642254639415,76.57024569403957,-0.22094587465848292,-2.3771227270130595
s22,sit,s22_sit,223000,2021-01-01 12:47:04.418335,80.53691275167785,80.72626821168376,80.72626821168376,78.02485357521503,0.1893554600059133,-2.512059176462813
s22,sit,s22_sit,224000,2021-01-01 12:47:06.418335,80.10680907877169,81.22287532778967,81.22287532778967,79.14416118861615,1.116066249017976,-0.9626478901555373
s22,sit,s22_sit,225000,2021-01-01 12:47:08.418335,80.0,80.75466561611023,80.75466561611023,79.70783773823908,0.7546656161102305,-0.29216226176092164
s22,sit,s22_sit,226000,2021-01-01 12:47:10.418335,78.84362680683311,78.89471486607063,78.89471486607063,79.42324473298012,0.05108805923751447,0.5796179261470087
s22,sit,s22_sit,227000,2021-01-01 12:47:12.418335,78.84362680683311,78.73568095239881,78.73568095239881,79.18259740977666,-0.10794585443430549,0.3389706029435473
s22,sit,s22_sit,228000,2021-01-01 12:47:14.418335,83.79888268156425,82.87703749188238,82.87703749188238,80.47565143851367,-0.9218451896818749,-3.3232312430505857
s22,sit,s22_sit,229000,2021-01-01 12:47:16.418335,83.56545961002786,84.08228931108411,84.08228931108411,81.73797469391332,0.5168297010562526,-1.8274849161145426
s22,sit,s22_sit,230000,2021-01-01 12:47:18.418335,84.50704225352113,83.81284328471355,83.81284328471355,82.4641787006934,-0.6941989688075836,-2.0428635528277397
s22,sit,s22_sit,231000,2021-01-01 12:47:20.418335,84.38818565400844,84.17512864753354,84.17512864753354,83.06301118208745,-0.213057006474898,-1.3251744719209881
s22,sit,s22_sit,232000,2021-01-01 12:47:22.418335,85.22727272727273,84.22947978360101,84.22947978360101,83.4712751926172,-0.9977929436717261,-1.7559975346555348
s22,sit,s22_sit,233000,2021-01-01 12:47:24.418335,85.9598853868195,86.25129315432032,86.25129315432032,84.44428147921329,0.29140776750082864,-1.5156039076062058
s22,sit,s22_sit,234000,2021-01-01 12:47:26.418335,86.70520231213874,87.81812918724408,87.81812918724408,85.62512817702407,1.1129268751053445,-1.0800741351146712
s22,sit,s22_sit,235000,2021-01-01 12:47:28.418335,85.9598853868195,87.13512941189205,87.13512941189205,86.15362860922787,1.1752440250725584,0.19374322240837216
s22,sit,s22_sit,236000,2021-01-01 12:47:30.418335,86.70520231213874,87.05208089785356,87.05208089785356,86.46808691024685,0.3468785857148191,-0.2371154018918844
s22,sit,s22_sit,237000,2021-01-01 12:47:32.418335,86.70520231213874,86.33084427709848,86.33084427709848,86.42005198864493,-0.37435803504025955,-0.2851503234938093
s22,sit,s22_sit,238000,2021-01-01 12:47:34.418335,86.33093525179856,86.33977011972877,86.33977011972877,86.39195333452427,0.008834867930204382,0.06101808272570963
s22,walk,s22_walk,0,2021-01-01 12:19:35.857861,94.9367088607595,94.98537735665306,94.98537735665306,94.98537735665306,0.04866849589356548,0.04866849589356548
s22,walk,s22_walk,1000,2021-01-01 12:19:37.857861,99.17355371900828,96.66658724894506,96.66658724894506,95.57380081895526,-2.506966470063219,-3.5997529000530193
s22,walk,s22_walk,2000,2021-01-01 12:19:39.857861,98.52216748768473,96.70067541895378,96.70067541895378,95.96820692895474,-1.8214920687309473,-2.553960558729983
s22,walk,s22_walk,3000,2021-01-01 12:19:41.857861,99.17355371900828,97.71243523248093,97.71243523248093,96.5786868351889,-1.4611184865273543,-2.5948668838193782
s22,walk,s22_walk,4000,2021-01-01 12:19:43.857861,99.009900990099,98.43624109094503,98.43624109094503,97.22883082470355,-0.5736598991539665,-1.7810701653954482
s22,walk,s22_walk,5000,2021-01-01 12:19:45.857861,96.4630225080386,96.8144895641171,96.8144895641171,97.0838113834983,0.3514670560784907,0.6207888754596951
s22,walk,s22_walk,6000,2021-01-01 12:19:47.857861,96.4630225080386,96.05128786869875,96.05128786869875,96.72242815331845,-0.4117346393398549,0.2594056452798412
s22,walk,s22_walk,7000,2021-01-01 12:19:49.857861,90.36144578313252,89.93245282584923,89.93245282584923,94.34593678870422,-0.4289929572832989,3.984491005571698
s22,walk,s22_walk,8000,2021-01-01 12:19:51.857861,90.36144578313252,89.74258586506319,89.74258586506319,92.73476396542986,-0.618859918069333,2.3733181822973393
s22,walk,s22_walk,9000,2021-01-01 12:19:53.857861,95.84664536741214,92.89196774322575,92.89196774322575,92.78978528765842,-2.954677624186388,-3.0568600797537187
s22,walk,s22_walk,10000,2021-01-01 12:19:55.857861,97.7198697068404,97.03154807814495,97.03154807814495,94.2744022643287,-0.6883216286954479,-3.445467442511699
s22,walk,s22_walk,11000,2021-01-01 12:19:57.857861,97.7198697068404,96.93845125416279,96.93845125416279,95.20681941077063,-0.7814184526776131,-2.513050296069764
s22,walk,s22_walk,12000,2021-01-01 12:19:59.857861,96.4630225080386,96.88317921566806,96.88317921566806,95.79354534248473,0.42015670762945945,-0.6694771655538716
s22,walk,s22_walk,13000,2021-01-01 12:20:01.857861,94.33962264150944,95.65989479640358,95.65989479640358,95.74676765135632,1.3202721548941412,1.4071450098468858
s22,walk,s22_walk,14000,2021-01-01 12:20:03.857861,94.33962264150944,95.08090693850771,95.08090693850771,95.51371640185931,0.7412842969982734,1.1740937603498764
s22,walk,s22_walk,15000,2021-01-01 12:20:05.857861,92.87925696594426,93.45210594355416,93.45210594355416,94.79215274145251,0.572848977609894,1.9128957755082467
s22,walk,s22_walk,16000,2021-01-01 12:20:07.857861,91.46341463414632,92.18696434423472,92.18696434423472,93.88033680242629,0.7235497100884061,2.4169221682799673
s22,walk,s22_walk,17000,2021-01-01 12:20:09.857861,94.04388714733544,92.96065782444487,92.96065782444487,93.5584491601328,-1.083229322890574,-0.4854379872026442
s22,walk,s22_walk,18000,2021-01-01 12:20:11.857861,95.54140127388536,96.17836447486462,96.17836447486462,94.47541952028894,0.6369632009792667,-1.065981753596418
s22,walk,s22_walk,19000,2021-01-01 12:20:13.857861,96.93053311793214,96.7085943356776,96.7085943356776,95.25703070567496,-0.22193878225454,-1.6735024122571787
s22,walk,s22_walk,20000,2021-01-01 12:20:15.857861,97.0873786407767,96.73480837534841,96.73480837534841,95.77425289006067,-0.35257026542829806,-1.3131257507160399
s22,walk,s22_walk,21000,2021-01-01 12:20:17.857861,98.36065573770492,99.04493344710963,99.04493344710963,96.9189910850278,0.6842777094047108,-1.4416646526771189
s22,walk,s22_walk,22000,2021-01-01 12:20:19.857861,101.69491525423727,102.82802939069055,102.82802939069055,98.98715449200975,1.1331141364532726,-2.7077607622275224
s22,walk,s22_walk,23000,2021-01-01 12:20:21.857861,101.86757215619694,102.61190220673123,102.61190220673123,100.25581619216227,0.7443300505342876,-1.6117559640346713
s22,walk,s22_walk,24000,2021-01-01 12:20:23.857862,101.18043844856662,101.2048835694252,101.2048835694252,100.58798977420429,0.024445120858587188,-0.5924486743623305
s22,walk,s22_walk,25000,2021-01-01 12:20:25.857862,96.7741935483871,96.62365555360294,96.62365555360294,99.20047279699382,-0.15053799478415897,2.4262792486067184
s22,walk,s22_walk,26000,2021-01-01 12:20:27.857862,91.74311926605505,92.00297995189081,92.00297995189081,96.68135030120777,0.2598606858357613,4.938231035152725
s22,walk,s22_walk,27000,2021-01-01 12:20:29.857862,88.23529411764706,89.18088799317498,89.18088799317498,94.05618849339629,0.9455938755279192,5.8208943757492335
s22,walk,s22_walk,28000,2021-01-01 12:20:31.857862,86.45533141210375,86.95966718271018,86.95966718271018,91.57240603465615,0.5043357706064313,5.117074622552408
s22,walk,s22_walk,29000,2021-01-01 12:20:33.857862,85.9598853868195,86.40213774692414,86.40213774692414,89.76281213394995,0.4422523601046464,3.8029267471304564
s22,walk,s22_walk,30000,2021-01-01 12:20:35.857862,82.07934336525308,83.25107444967543,83.25107444967543,87.48370394445386,1.1717310844223476,5.404360579200784
s22,walk,s22_walk,31000,2021-01-01 12:20:37.857862,82.41758241758242,83.52484618985025,83.52484618985025,86.0981037303426,1.107263772267828,3.6805213127601775
s22,walk,s22_walk,32000,2021-01-01 12:20:39.857862,88.75739644970413,87.51930708804333,87.51930708804333,86.59552490553786,-1.2380893616607977,-2.1618715441662744
s22,walk,s22_walk,33000,2021-01-01 12:20:41.857862,90.09009009009009,89.60977760094529,89.60977760094529,87.65051334893046,-0.48031248914479363,-2.4395767411596267
s22,walk,s22_walk,34000,2021-01-01 12:20:43.857862,89.55223880597015,90.22027778719855,90.22027778719855,88.54993090232429,0.6680389812284062,-1.0023079036458569
s22,walk,s22_walk,35000,2021-01-01 12:20:45.857862,89.82035928143712,89.7799113090143,89.7799113090143,88.9804240446658,-0.040447972422825273,-0.8399352367713249
s22,walk,s22_walk,36000,2021-01-01 12:20:47.857862,89.82035928143712,89.33451887341025,89.33451887341025,89.10435723472635,-0.4858404080268741,-0.71600204671077
s22,walk,s22_walk,37000,2021-01-01 12:20:49.857862,89.02077151335311,89.71789705489776,89.71789705489776,89.31909617178634,0.6971255415446507,0.29832465843323064
s22,walk,s22_walk,38000,2021-01-01 12:20:51.857862,89.02077151335311,89.83236780550224,89.83236780550224,89.4987412435869,0.8115962921491331,0.4779697302337951
s22,walk,s22_walk,39000,2021-01-01 12:20:53.857862,87.84773060029282,88.92941166495316,88.92941166495316,89.2994758910651,1.0816810646603443,1.4517452907722799
s22,walk,s22_walk,40000,2021-01-01 12:20:55.857862,87.08272859216257,87.8067032427462,87.8067032427462,88.77700546415348,0.723974650583628,1.6942768719909083
s22,walk,s22_walk,41000,2021-01-01 12:20:57.857862,87.2093023255814,88.56055737499997,88.56055737499997,88.70124863294976,1.3512550494185689,1.4919463073683517
s22,walk,s22_walk,42000,2021-01-01 12:20:59.857862,90.63444108761328,90.81202644819587,90.81202644819587,89.4400208682859,0.177585360582583,-1.1944202193273838
s22,walk,s22_walk,43000,2021-01-01 12:21:01.857862,94.6372239747634,93.45223748289887,93.45223748289887,90.84429668340044,-1.1849864918645352,-3.7929272913629575
s22,walk,s22_walk,44000,2021-01-01 12:21:03.857862,98.03921568627452,97.14833491582115,97.14833491582115,93.05071006474769,-0.8908807704533643,-4.988505621526826
s22,walk,s22_walk,45000,2021-01-01 12:21:05.857862,98.6842105263158,99.61918607470234,99.61918607470234,95.34967666823182,0.9349755483865465,-3.3345338580839723
s22,walk,s22_walk,46000,2021-01-01 12:21:07.857862,101.69491525423727,101.58905694286888,101.58905694286888,97.53345976435479,-0.10585831136839374,-4.161455489882485
s22,walk,s22_walk,47000,2021-01-01 12:21:09.857862,101.69491525423727,101.60512581094908,101.60512581094908,98.95854288066278,-0.08978944328819694,-2.736372373574497
s22,walk,s22_walk,48000,2021-01-01 12:21:11.857862,100.50251256281408,99.24212849141614,99.24212849141614,99.05779784442646,-1.2603840713979366,-1.4447147183876154
s22,walk,s22_walk,49000,2021-01-01 12:21:13.857862,94.9367088607595,94.1255530443706,94.1255530443706,97.3315121644069,-0.8111558163888901,2.3948033036474072
s22,walk,s22_walk,50000,2021-01-01 12:21:15.857862,95.54140127388536,93.54522850258738,93.54522850258738,96.00631288277008,-1.996172771297978,0.4649116088847194
s22,walk,s22_walk,51000,2021-01-01 12:21:17.857862,96.15384615384616,95.73130594344991,95.73130594344991,95.91006045400802,-0.42254021039624945,-0.24378569983814202
s22,walk,s22_walk,52000,2021-01-01 12:21:19.857862,96.15384615384616,96.50608318998599,96.50608318998599,96.11866841160031,0.35223703613982593,-0.035177742245849686
s22,walk,s22_walk,53000,2021-01-01 12:21:21.857862,93.31259720062208,93.26452714805825,93.26452714805825,95.11971896936059,-0.04807005256382979,1.8071217687385115
s22,walk,s22_walk,54000,2021-01-01 12:21:23.857862,91.46341463414632,91.80751018716644,91.80751018716644,93.96044589559264,0.34409555302012507,2.497031261446324
s22,walk,s22_walk,55000,2021-01-01 12:21:25.857862,92.5925925925926,91.73448146960638,91.73448146960638,93.18135834649746,-0.858111122986216,0.5887657539048661
s22,walk,s22_walk,56000,2021-01-01 12:21:27.857862,91.46341463414632,92.50555210018898,92.50555210018898,92.9448261602895,1.0421374660426608,1.4814115261431766
s22,walk,s22_walk,57000,2021-01-01 12:21:29.857862,93.16770186335404,92.49374736067026,92.49374736067026,92.78694858042276,-0.6739545026837845,-0.3807532829312805
s22,walk,s22_walk,58000,2021-01-01 12:21:31.857862,91.46341463414632,91.72958209992787,91.72958209992787,92.41687031224954,0.2661674657815496,0.9534556781032251
s22,walk,s22_walk,59000,2021-01-01 12:21:33.857862,91.74311926605505,92.61150585287604,92.61150585287604,92.48499275146881,0.8683865868209892,0.7418734854137625
s22,walk,s22_walk,60000,2021-01-01 12:21:35.857862,95.54140127388536,94.08430129637767,94.08430129637767,93.04475074218692,-1.4570999775076814,-2.4966505316984353
s22,walk,s22_walk,61000,2021-01-01 12:21:37.857862,96.0,96.27733282381367,96.27733282381367,94.17615447075627,0.27733282381366564,-1.8238455292437266
s22,walk,s22_walk,62000,2021-01-01 12:21:39.857862,96.30818619582664,97.05649683540123,97.05649683540123,95.18427429838201,0.7483106395745978,-1.1239118974446285
s22,walk,s22_walk,63000,2021-01-01 12:21:41.857862,96.0,96.93845614820286,96.93845614820286,95.79823794581931,0.9384561482028602,-0.2017620541806906
s22,walk,s22_walk,64000,2021-01-01 12:21:43.857862,96.15384615384616,96.53949671314611,96.53949671314611,96.0576785143837,0.38565055929994685,-0.09616763946246465
s22,walk,s22_walk,65000,2021-01-01 12:21:45.857862,94.6372239747634,94.51865254114847,94.51865254114847,95.51901942375136,-0.11857143361493172,0.8817954489879583
s22,walk,s22_walk,66000,2021-01-01 12:21:47.857862,94.19152276295134,93.55768885503858,93.55768885503858,94.83255372470188,-0.6338339079127593,0.6410309617505447
s22,walk,s22_walk,67000,2021-01-01 12:21:49.857862,94.7867298578199,94.14563332047071,94.14563332047071,94.59213158322098,-0.641096537349199,-0.1945982745989312
s22,walk,s22_walk,68000,2021-01-01 12:21:51.857862,95.54140127388536,95.54210369158218,95.54210369158218,94.92462182114741,0.0007024176968286611,-0.6167794527379442
s22,walk,s22_walk,69000,2021-01-01 12:21:53.857862,99.66777408637874,98.12565719127753,98.12565719127753,96.04498420069294,-1.5421168951012163,-3.6227898856858047
s22,walk,s22_walk,70000,2021-01-01 12:21:55.857862,99.83361064891848,100.86858897694842,100.86858897694842,97.73324587238235,1.0349783280299363,-2.100364776536125
s22,walk,s22_walk,71000,2021-01-01 12:21:57.857862,103.09278350515464,104.58418392194514,104.58418392194514,100.13107418972933,1.4914004167904977,-2.96170931542531
s22,walk,s22_walk,72000,2021-01-01 12:21:59.857862,111.52416356877325,111.2114373413166,111.2114373413166,104.00920129278488,-0.31272622745665046,-7.514962275988367
s22,walk,s22_walk,73000,2021-01-01 12:22:01.857862,113.20754716981132,112.72591412563906,112.72591412563906,107.06005078428385,-0.4816330441722556,-6.147496385527475
s22,walk,s22_walk,74000,2021-01-01 12:22:03.857862,113.20754716981132,112.71217058109839,112.71217058109839,109.03829271316894,-0.49537658871292933,-4.169254456642378
s22,walk,s22_walk,75000,2021-01-01 12:22:05.857862,107.9136690647482,108.40381734029319,108.40381734029319,108.81622633266244,0.49014827554498197,0.9025572679142329
s22,walk,s22_walk,76000,2021-01-01 12:22:07.857862,107.5268817204301,106.76680087649176,106.76680087649176,108.09892742300269,-0.76008084393834,0.5720457025725949
s22,walk,s22_walk,77000,2021-01-01 12:22:09.857862,107.5268817204301,106.76997582759896,106.76997582759896,107.63379436461139,-0.7569058928311421,0.10691264418129265
s22,walk,s22_walk,78000,2021-01-01 12:22:11.857862,107.5268817204301,106.56895607585645,106.56895607585645,107.26110096354716,-0.957925644573649,-0.2657807568829327
s22,walk,s22_walk,79000,2021-01-01 12:22:13.857862,104.89510489510492,102.804808903791,102.804808903791,105.7013987426325,-2.0902959913139227,0.8062938475275843
s22,walk,s22_walk,80000,2021-01-01 12:22:15.857862,98.03921568627452,96.93197672273065,96.93197672273065,102.63210103566685,-1.107238963543864,4.592885349392333
s22,walk,s22_walk,81000,2021-01-01 12:22:17.857862,93.75,94.51483205926891,94.51483205926891,99.79105689392756,0.7648320592689117,6.041056893927561
s22,walk,s22_walk,82000,2021-01-01 12:22:19.857862,99.66777408637874,99.01748209844533,99.01748209844533,99.52030571550877,-0.6502919879334144,-0.1474683708699729
s22,walk,s22_walk,83000,2021-01-01 12:22:21.857862,102.73972602739728,103.24317600439616,103.24317600439616,100.82331031661936,0.5034499769988798,-1.916415710777926
s22,walk,s22_walk,84000,2021-01-01 12:22:23.857862,100.67114093959732,103.43020172633665,103.43020172633665,101.7357223100204,2.759060786739326,1.0645813704230846
s22,walk,s22_walk,85000,2021-01-01 12:22:25.857862,104.16666666666669,104.22319422504881,104.22319422504881,102.60633748028036,0.05652755838212897,-1.5603291863863262
s22,walk,s22_walk,86000,2021-01-01 12:22:27.857862,101.69491525423727,103.01074816453956,103.01074816453956,102.74788121977107,1.3158329103022908,1.0529659655338008
s22,walk,s22_walk,87000,2021-01-01 12:22:29.857862,100.67114093959732,102.53529708053688,102.53529708053688,102.6734767710391,1.8641561409395564,2.0023358314417834
s22,walk,s22_walk,88000,2021-01-01 12:22:31.857862,100.1669449081803,100.56482564250153,100.56482564250153,101.93544887605096,0.39788073432123383,1.7685039678706573
s22,walk,s22_walk,89000,2021-01-01 12:22:33.857862,99.33774834437088,100.58810283316143,100.58810283316143,101.46387776103961,1.2503544887905491,2.126129416668732
s22,walk,s22_walk,90000,2021-01-01 12:22:35.857862,100.1669449081803,100.4363566191728,100.4363566191728,101.10424536138622,0.2694117109925003,0.9373004532059213
s22,walk,s22_walk,91000,2021-01-01 12:22:37.857862,100.1669449081803,100.78897016145282,100.78897016145282,100.99389904140953,0.6220252532725254,0.8269541332292363
s22,walk,s22_walk,92000,2021-01-01 12:22:39.857862,102.38907849829351,100.48718804141336,100.48718804141336,100.81655019141087,-1.9018904568801531,-1.5725283068826457
s22,walk,s22_walk,93000,2021-01-01 12:22:41.857862,102.38907849829351,101.39209102766611,101.39209102766611,101.0179894841002,-0.9969874706274027,-1.3710890141933163
s22,walk,s22_walk,94000,2021-01-01 12:22:43.857862,102.21465076660988,102.05901899593435,102.05901899593435,101.38234981324216,-0.15563177067552658,-0.8323009533677208
s22,walk,s22_walk,95000,2021-01-01 12:22:45.857862,102.21465076660988,100.72528192442144,100.72528192442144,101.15237605215492,-1.4893688421884406,-1.0622747144549578
s22,walk,s22_walk,96000,2021-01-01 12:22:47.857862,101.86757215619694,100.33198350459975,100.33198350459975,100.86523866051061,-1.5355886515971946,-1.0023334956863295
s22,walk,s22_walk,97000,2021-01-01 12:22:49.857862,101.18043844856662,100.49996922706566,100.49996922706566,100.73739435880489,-0.6804692215009567,-0.4430440897617274
s22,walk,s22_walk,98000,2021-01-01 12:22:51.857862,103.09278350515464,103.02051606134486,103.02051606134486,101.53648695469388,-0.07226744380977834,-1.5562965504607575
s22,walk,s22_walk,99000,2021-01-01 12:22:53.857862,103.44827586206895,103.56821819921461,103.56821819921461,102.24759289027614,0.11994233714565894,-1.2006829717928156
s22,walk,s22_walk,100000,2021-01-01 12:22:55.857862,102.04081632653062,101.8386871040945,101.8386871040945,102.10447586511256,-0.2021292224361133,0.06365953858194473
s22,walk,s22_walk,101000,2021-01-01 12:22:57.857862,92.7357032457496,98.38640698194138,98.38640698194138,100.80315175600265,5.6507037361917725,8.067448510253044
s22,walk,s22_walk,102000,2021-01-01 12:22:59.857862,91.46341463414632,93.97081692719591,93.97081692719591,98.41183456592029,2.5074022930495943,6.948419931773969
s22,walk,s22_walk,103000,2021-01-01 12:23:01.857862,97.0873786407767,96.452409250256,96.452409250256,97.7260357054378,-0.634969390520709,0.6386570646610892
s22,walk,s22_walk,104000,2021-01-01 12:23:03.857862,99.33774834437088,99.11667534934789,99.11667534934789,98.21275958080633,-0.22107299502299327,-1.124988763564545
s22,walk,s22_walk,105000,2021-01-01 12:23:05.857862,99.33774834437088,99.35320190508071,99.35320190508071,98.61191439430236,0.015453560709829617,-0.7258339500685196
s22,walk,s22_walk,106000,2021-01-01 12:23:07.857862,98.84678747940691,97.61448789312317,97.61448789312317,98.26281511888963,-1.2322995862837445,-0.5839723605172793
s22,walk,s22_walk,107000,2021-01-01 12:23:09.857862,89.55223880597015,91.18732393638994,91.18732393638994,95.78639320501475,1.635085130419796,6.2341543990445984
s22,walk,s22_walk,108000,2021-01-01 12:23:11.857862,89.55223880597015,86.72424544818318,86.72424544818318,92.6146414901237,-2.8279933577869656,3.062402684153554
s22,walk,s22_walk,109000,2021-01-01 12:23:13.857862,90.63444108761328,87.52124235456684,87.52124235456684,90.83195179267881,-3.1131987330464455,0.19751070506552537
s22,walk,s22_walk,110000,2021-01-01 12:23:15.857862,93.75,92.75912018418268,92.75912018418268,91.50646072970517,-0.9908798158173227,-2.243539270294832
s22,walk,s22_walk,111000,2021-01-01 12:23:17.857862,96.15384615384616,95.93740726022098,95.93740726022098,93.0572920153857,-0.2164388936251811,-3.096554138460462
s22,walk,s22_walk,112000,2021-01-01 12:23:19.857862,96.15384615384616,96.58384569958004,96.58384569958004,94.29158580485372,0.4299995457338781,-1.8622603489924359
s22,walk,s22_walk,113000,2021-01-01 12:23:21.857862,96.61835748792272,96.89391247137345,96.89391247137345,95.20240013813563,0.27555498345073204,-1.4159573497870923
s22,walk,s22_walk,114000,2021-01-01 12:23:23.857862,96.61835748792272,96.93517692205049,96.93517692205049,95.80887201250583,0.3168194341277655,-0.8094854754168921
s22,walk,s22_walk,115000,2021-01-01 12:23:25.857862,103.98613518197574,100.54980626061031,100.54980626061031,97.4681989993424,-3.43632892136543,-6.517936182633335
s22,walk,s22_walk,116000,2021-01-01 12:23:27.857862,104.52961672473867,104.93522887889776,104.93522887889776,100.08165945718679,0.4056121541590869,-4.447957267551885
s22,walk,s22_walk,117000,2021-01-01 12:23:29.857862,104.52961672473867,97.21316861686789,97.21316861686789,99.07768766307518,-7.316448107870784,-5.451929061663492
s22,walk,s22_walk,118000,2021-01-01 12:23:31.857862,90.36144578313254,90.93424916116327,90.93424916116327,96.227484187406,0.5728033780307271,5.866038404273468
s22,walk,s22_walk,119000,2021-01-01 12:23:33.857862,86.20689655172414,86.86982845535054,86.86982845535054,92.9523046811866,0.6629319036264008,6.7454081294624615
s22,walk,s22_walk,120000,2021-01-01 12:23:35.857862,86.95652173913044,87.86254171472739,87.86254171472739,91.17088764292588,0.9060199755969478,4.214365903795439
s22,walk,s22_walk,121000,2021-01-01 12:23:37.857862,101.35135135135135,92.89426614893765,92.89426614893765,91.77407012002999,-8.457085202413708,-9.577281231321365
s22,walk,s22_walk,122000,2021-01-01 12:23:39.857862,102.73972602739728,102.80766656674363,102.80766656674363,95.63582887637978,0.06794053934635258,-7.103897151017506
s22,walk,s22_walk,123000,2021-01-01 12:23:41.857862,102.73972602739728,102.81985276507037,102.81985276507037,98.15023723742148,0.08012673767308343,-4.589488789975803
s22,walk,s22_walk,124000,2021-01-01 12:23:43.857862,97.7198697068404,96.02055203782965,96.02055203782965,97.40484741756433,-1.6993176690107532,-0.31502228927607234
s22,walk,s22_walk,125000,2021-01-01 12:23:45.857862,93.45794392523364,93.45357051354581,93.45357051354581,96.02190050115784,-0.004373411687822681,2.563956575924209
s22,walk,s22_walk,126000,2021-01-01 12:23:47.857862,93.45794392523364,92.36695540142318,92.36695540142318,94.7426697162507,-1.0909885238104522,1.2847257910170669
s22,walk,s22_walk,127000,2021-01-01 12:23:49.857862,92.3076923076923,91.45711878524794,91.45711878524794,93.59272689039973,-0.850573522444364,1.285034582707425
s22,walk,s22_walk,128000,2021-01-01 12:23:51.857862,92.3076923076923,92.09649741938698,92.09649741938698,93.06904657554526,-0.21119488830532873,0.7613542678529512
s22,walk,s22_walk,129000,2021-01-01 12:23:53.857862,91.46341463414632,90.58889123467031,90.58889123467031,92.20099220623902,-0.8745233994760042,0.7375775720927038
s22,walk,s22_walk,130000,2021-01-01 12:23:55.857862,89.02077151335311,89.33725097619579,89.33725097619579,91.19868277572388,0.316479462842679,2.1779112623707704
s22,walk,s22_walk,131000,2021-01-01 12:23:57.857862,87.46355685131195,87.3166950518364,87.3166950518364,89.83998707236327,-0.14686179947554479,2.376430221051322
s22,walk,s22_walk,132000,2021-01-01 12:23:59.857862,87.46355685131195,87.1614098888163,87.1614098888163,88.90248505812183,-0.3021469624956552,1.4389282068098765
s22,walk,s22_walk,133000,2021-01-01 12:24:01.857862,90.09009009009009,88.52613704104633,88.52613704104633,88.7707632521454,-1.5639530490437608,-1.3193268379446863
s22,walk,s22_walk,134000,2021-01-01 12:24:03.857862,96.4630225080386,97.05043632953998,97.05043632953998,91.6686488292335,0.5874138215013716,-4.794373678805101
s22,walk,s22_walk,135000,2021-01-01 12:24:05.857862,96.93053311793214,97.12640826483263,97.12640826483263,93.5788646316932,0.1958751469004909,-3.3516684862389496
s22,walk,s22_walk,136000,2021-01-01 12:24:07.857862,98.19967266775778,99.1456249050912,99.1456249050912,95.52723072738249,0.9459522373334153,-2.6724419403752933
s22,walk,s22_walk,137000,2021-01-01 12:24:09.857862,98.84678747940691,99.14886349630059,99.14886349630059,96.79480219650382,0.3020760168936789,-2.0519852829030896
s22,walk,s22_walk,138000,2021-01-01 12:24:11.857862,100.8403361344538,101.15840375905125,101.15840375905125,98.32206274339542,0.31806762459744675,-2.5182733910583863
s22,walk,s22_walk,139000,2021-01-01 12:24:13.857862,101.69491525423727,102.61742714751755,102.61742714751755,99.82544028483817,0.9225118932802729,-1.869474969399107
s22,walk,s22_walk,140000,2021-01-01 12:24:15.857862,102.38907849829351,102.56056162771263,102.56056162771263,100.78273275484423,0.1714831294191157,-1.6063457434492818
s22,walk,s22_walk,141000,2021-01-01 12:24:17.857862,102.21465076660988,102.46800815378325,102.46800815378325,101.3725791444729,0.25335738717336653,-0.8420716221369844
s22,walk,s22_walk,142000,2021-01-01 12:24:19.857862,102.73972602739728,102.95924754437134,102.95924754437134,101.92791308443736,0.21952151697405498,-0.8118129429599179
s22,walk,s22_walk,143000,2021-01-01 12:24:21.857862,105.26315789473684,104.23083975683164,104.23083975683164,102.73393741977537,-1.0323181379051931,-2.5292204749614626
s22,walk,s22_walk,144000,2021-01-01 12:24:23.857862,109.09090909090908,108.4732906817734,108.4732906817734,104.7427110614747,-0.6176184091356731,-4.348198029434386
s22,walk,s22_walk,145000,2021-01-01 12:24:25.857862,108.69565217391305,109.492264307068,109.492264307068,106.40505469743235,0.7966121331549516,-2.2905974764806984
s22,walk,s22_walk,146000,2021-01-01 12:24:27.857862,106.0070671378092,105.15390849862587,105.15390849862587,105.96715352785007,-0.8531586391833343,-0.03991360995912885
s22,walk,s22_walk,147000,2021-01-01 12:24:29.857862,96.0,96.76509846157211,96.76509846157211,102.7464342546528,0.7650984615721086,6.746434254652797
s22,walk,s22_walk,148000,2021-01-01 12:24:31.857862,94.33962264150944,93.88039678608837,93.88039678608837,99.64332114065525,-0.4592258554210673,5.30369849914581
s22,walk,s22_walk,149000,2021-01-01 12:24:33.857862,93.45794392523364,92.55418536332931,92.55418536332931,97.16212361859117,-0.9037585619043256,3.7041796933575313
s22,walk,s22_walk,150000,2021-01-01 12:24:35.857862,90.9090909090909,91.61020304380574,91.61020304380574,95.21895141741626,0.7011121347148332,4.309860508325357
s22,walk,s22_walk,151000,2021-01-01 12:24:37.857862,86.70520231213874,89.53449998869499,89.53449998869499,93.22939341736382,2.8292976765562514,6.524191105225086
s22,walk,s22_walk,152000,2021-01-01 12:24:39.857862,86.45533141210375,86.71434732911345,86.71434732911345,90.9491272864762,0.2590159170097053,4.493795874372452
s22,walk,s22_walk,153000,2021-01-01 12:24:41.857862,87.2093023255814,88.1133341805764,88.1133341805764,89.95659969941127,0.9040318549949973,2.7472973738298663
s22,walk,s22_walk,154000,2021-01-01 12:24:43.857862,95.23809523809524,93.06509430339226,93.06509430339226,91.04457281080462,-2.1730009347029835,-4.193522427290617
s22,walk,s22_walk,155000,2021-01-01 12:24:45.857862,95.23809523809524,95.81685409315752,95.81685409315752,92.71487125962813,0.5787588550622758,-2.523223978467115
s22,walk,s22_walk,156000,2021-01-01 12:24:47.857862,94.9367088607595,92.27266517604042,92.27266517604042,92.56009913037244,-2.6640436847190756,-2.3766097303870595
s22,walk,s22_walk,157000,2021-01-01 12:24:49.857862,91.1854103343465,91.40826819909398,91.40826819909398,92.15695830442498,0.22285786474748193,0.9715479700784755
s22,walk,s22_walk,158000,2021-01-01 12:24:51.857862,90.63444108761328,90.46854152262992,90.46854152262992,91.5660124307967,-0.16589956498336278,0.9315713431834212
s22,walk,s22_walk,159000,2021-01-01 12:24:53.857862,90.9090909090909,90.75996831193173,90.75996831193173,91.28389698919396,-0.14912259715917742,0.37480608010305616
s22,walk,s22_walk,160000,2021-01-01 12:24:55.857862,89.55223880597015,89.4275021011434,89.4275021011434,90.63415877837626,-0.12473670482674493,1.0819199724061122
s22,walk,s22_walk,161000,2021-01-01 12:24:57.857862,89.02077151335311,88.3902133853398,88.3902133853398,89.8487778908135,-0.6305581280133055,0.8280063774603832
s22,walk,s22_walk,162000,2021-01-01 12:24:59.857862,89.28571428571428,89.15676093615924,89.15676093615924,89.6065719566845,-0.12895334955503301,0.3208576709702271
s22,walk,s22_walk,163000,2021-01-01 12:25:01.857862,91.04704097116844,92.65648677038098,92.65648677038098,90.67404214147827,1.609445799212537,-0.37299882969017517
s22,walk,s22_walk,164000,2021-01-01 12:25:03.857862,92.5925925925926,91.6499010502971,91.6499010502971,91.01559275956487,-0.942691542295492,-1.5769998330277275
s22,walk,s22_walk,165000,2021-01-01 12:25:05.857862,86.20689655172414,87.79722477593916,87.79722477593916,89.88916396529586,1.590328224215014,3.682267413571722
s22,walk,s22_walk,166000,2021-01-01 12:25:07.857862,86.20689655172414,86.9272198024993,86.9272198024993,88.85248350831706,0.7203232507751522,2.645586956592922
s22,walk,s22_walk,167000,2021-01-01 12:25:09.857862,89.82035928143712,87.48712481981897,87.48712481981897,88.37460796734273,-2.3332344616181473,-1.4457513140943945
s22,walk,s22_walk,168000,2021-01-01 12:25:11.857863,97.4025974025974,93.50036326213707,93.50036326213707,90.16862232052074,-3.9022341404603225,-7.233975082076654
s22,walk,s22_walk,169000,2021-01-01 12:25:13.857863,97.4025974025974,96.65193434761004,96.65193434761004,92.437781530002,-0.7506630549873563,-4.964815872595395
s22,walk,s22_walk,170000,2021-01-01 12:25:15.857863,99.17355371900828,99.00232062001395,99.00232062001395,94.73537021150618,-0.17123309899433536,-4.438183507502103
s22,walk,s22_walk,171000,2021-01-01 12:25:17.857863,99.009900990099,98.5697725736571,98.5697725736571,96.077411038259,-0.44012841644189393,-2.9324899518399974
s22,walk,s22_walk,172000,2021-01-01 12:25:19.857863,101.52284263959392,101.20990939359064,101.20990939359064,97.87378546262508,-0.31293324600328276,-3.6490571769688387
s22,walk,s22_walk,173000,2021-01-01 12:25:21.857863,103.44827586206895,102.68042421569552,102.68042421569552,99.55610902619974,-0.7678516463734297,-3.8921668358692187
s22,walk,s22_walk,174000,2021-01-01 12:25:23.857863,104.16666666666669,104.88252588006516,104.88252588006516,101.42035492505264,0.715859213398474,-2.7463117416140506
s22,walk,s22_walk,175000,2021-01-01 12:25:25.857863,106.0070671378092,105.90244756675187,105.90244756675187,102.98908734964736,-0.10461957105732722,-3.0179797881618384
s22,walk,s22_walk,176000,2021-01-01 12:25:27.857863,106.0070671378092,105.42787701398221,105.42787701398221,103.84266373216457,-0.5791901238269901,-2.1644034056446344
s22,walk,s22_walk,177000,2021-01-01 12:25:29.857863,105.63380281690142,105.28259325824138,105.28259325824138,104.34663906629146,-0.3512095586600452,-1.2871637506099631
s22,walk,s22_walk,178000,2021-01-01 12:25:31.857863,104.89510489510492,105.04086550654692,105.04086550654692,104.58961832038088,0.14576061144200025,-0.3054865747240427
s22,walk,s22_walk,179000,2021-01-01 12:25:33.857863,105.63380281690142,105.03444597022202,105.03444597022202,104.74530799782528,-0.5993568466793988,-0.8884948190761435
s22,walk,s22_walk,180000,2021-01-01 12:25:35.857863,107.5268817204301,106.9441178735454,106.9441178735454,105.51489145432733,-0.5827638468847027,-2.011990266102771
s22,walk,s22_walk,181000,2021-01-01 12:25:37.857863,108.69565217391305,109.4795981141653,109.4795981141653,106.90253878527061,0.7839459402522522,-1.793113388642439
s22,walk,s22_walk,182000,2021-01-01 12:25:39.857863,108.69565217391305,108.22490390439351,108.22490390439351,107.36536657696362,-0.4707482695195324,-1.3302855969494232
s22,walk,s22_walk,183000,2021-01-01 12:25:41.857863,100.67114093959732,103.0236853843416,103.0236853843416,105.84577815954592,2.3525444447442823,5.174637219948593
s22,walk,s22_walk,184000,2021-01-01 12:25:43.857863,99.50248756218906,100.42247912380948,100.42247912380948,103.94762349703817,0.9199915616204208,4.445135934849105
s22,walk,s22_walk,185000,2021-01-01 12:25:45.857863,100.67114093959732,101.19082793043938,101.19082793043938,102.98274504872859,0.5196869908420609,2.3116041091312667
s22,walk,s22_walk,186000,2021-01-01 12:25:47.857863,104.16666666666669,104.1029604079319,104.1029604079319,103.37482042444975,-0.06370625873478275,-0.7918462422169341
s22,walk,s22_walk,187000,2021-01-01 12:25:49.857863,107.14285714285714,107.20351018658336,107.20351018658336,104.71486184119651,0.06065304372621938,-2.42799530166063
s22,walk,s22_walk,188000,2021-01-01 12:25:51.857863,107.5268817204301,108.31015581587144,108.31015581587144,105.97321473233274,0.7832740954413424,-1.553666988097362
s22,walk,s22_walk,189000,2021-01-01 12:25:53.857863,106.76156583629891,107.90579034176187,107.90579034176187,106.64961619563294,1.144224505462958,-0.11194964066596924
s22,walk,s22_walk,190000,2021-01-01 12:25:55.857863,107.14285714285714,107.33746916812603,107.33746916812603,106.89036473600552,0.19461202526889565,-0.25249240685161567
s22,walk,s22_walk,191000,2021-01-01 12:25:57.857863,108.30324909747291,108.32834709397162,108.32834709397162,107.39365856129366,0.025097996498701036,-0.9095905361792518
s22,walk,s22_walk,192000,2021-01-01 12:25:59.857863,108.30324909747291,108.62731925485504,108.62731925485504,107.82543980404014,0.3240701573821241,-0.47780929343277023
s22,walk,s22_walk,193000,2021-01-01 12:26:01.857863,108.30324909747291,108.02899041391463,108.02899041391463,107.89668251749622,-0.274258683558287,-0.40656657997669754
s22,walk,s22_walk,194000,2021-01-01 12:26:03.857863,97.0873786407767,97.93204081199654,97.93204081199654,104.40905792057133,0.8446621712198379,7.321679279794623
s22,walk,s22_walk,195000,2021-01-01 12:26:05.857863,95.84664536741214,95.90335063347487,95.90335063347487,101.43206037008758,0.056705266062735404,5.585415002675447
s22,walk,s22_walk,196000,2021-01-01 12:26:07.857863,94.6372239747634,92.60902256247378,92.60902256247378,98.34399713742275,-2.0282014122896186,3.7067731626593456
s22,walk,s22_walk,197000,2021-01-01 12:26:09.857863,87.46355685131195,88.93850420340812,88.93850420340812,95.05207461051762,1.4749473520961658,7.588517759205672
s22,walk,s22_walk,198000,2021-01-01 12:26:11.857863,85.47008547008548,84.87069505225548,84.87069505225548,91.48859176512588,-0.5993904178299942,6.018506295040396
s22,walk,s22_walk,199000,2021-01-01 12:26:13.857863,85.71428571428572,85.34079440705632,85.34079440705632,89.33686268980153,-0.3734913072294006,3.6225769755158126
s22,walk,s22_walk,200000,2021-01-01 12:26:15.857863,89.82035928143712,89.86644499422341,89.86644499422341,89.52221649634919,0.0460857127862937,-0.2981427850879328
s22,walk,s22_walk,201000,2021-01-01 12:26:17.857863,90.9090909090909,90.70678154364111,90.70678154364111,89.93681426290136,-0.20230936544979272,-0.9722766461895418
s22,walk,s22_walk,202000,2021-01-01 12:26:19.857863,91.46341463414632,91.17175503710001,91.17175503710001,90.3690435338709,-0.29165959704630495,-1.0943711002754242
s22,walk,s22_walk,203000,2021-01-01 12:26:21.857863,91.74311926605505,93.37673598011384,93.37673598011384,91.42173589005593,1.633616714058789,-0.3213833759991189
s22,walk,s22_walk,204000,2021-01-01 12:26:23.857863,97.4025974025974,95.70178544248215,95.70178544248215,92.9197532334051,-1.7008119601152458,-4.4828441691922905
s22,walk,s22_walk,205000,2021-01-01 12:26:25.857863,97.4025974025974,96.24819423946943,96.24819423946943,94.08470758552761,-1.1544031631279665,-3.3178898170697835
s22,walk,s22_walk,206000,2021-01-01 12:26:27.857863,91.74311926605505,92.44841135559277,92.44841135559277,93.51200390505042,0.7052920895377213,1.7688846389953738
s22,walk,s22_walk,207000,2021-01-01 12:26:29.857863,89.55223880597015,90.45139850491933,90.45139850491933,92.44079201500453,0.8991596989491768,2.8885532090343844
s22,walk,s22_walk,208000,2021-01-01 12:26:31.857863,90.9090909090909,90.1969272822325,90.1969272822325,91.65543935853432,-0.7121636268584126,0.7463484494434169
s22,walk,s22_walk,209000,2021-01-01 12:26:33.857863,91.1854103343465,91.25274760852405,91.25274760852405,91.51449724603073,0.06733727417754665,0.32908691168422877
s22,walk,s22_walk,210000,2021-01-01 12:26:35.857863,91.1854103343465,91.29661751331052,91.29661751331052,91.43823933957866,0.11120717896402255,0.252829005232158
s22,walk,s22_walk,211000,2021-01-01 12:26:37.857863,90.09009009009009,90.34647376911367,90.34647376911367,91.05612138991592,0.2563836790235854,0.9660312998258291
s22,walk,s22_walk,212000,2021-01-01 12:26:39.857863,89.28571428571428,89.62259716149882,89.62259716149882,90.55438790996993,0.33688287578453924,1.2686736242556549
s22,walk,s22_walk,213000,2021-01-01 12:26:41.857863,93.16770186335404,91.42339341190852,91.42339341190852,90.85853983564843,-1.7443084514455194,-2.309162027705611
s22,walk,s22_walk,214000,2021-01-01 12:26:43.857863,94.6372239747634,94.49071839224246,94.49071839224246,92.12980233045634,-0.1465055825209447,-2.5074216443070583
s22,walk,s22_walk,215000,2021-01-01 12:26:45.857863,95.69377990430624,95.62574810353597,95.62574810353597,93.35338335103421,-0.06803180077027093,-2.3403965532720292
s22,walk,s22_walk,216000,2021-01-01 12:26:47.857863,96.4630225080386,95.05960103474642,95.05960103474642,93.95055954033347,-1.403421473292184,-2.512462967705133
s22,walk,s22_walk,217000,2021-01-01 12:26:49.857863,96.15384615384616,95.77808601676004,95.77808601676004,94.59019380708277,-0.3757601370861181,-1.5636523467633907
s22,walk,s22_walk,218000,2021-01-01 12:26:51.857863,99.17355371900828,98.36136352920722,98.36136352920722,95.91010320982633,-0.8121901898010577,-3.2634505091819506
s22,walk,s22_walk,219000,2021-01-01 12:26:53.857863,100.0,100.55270503424401,100.55270503424401,97.53501384837251,0.5527050342440134,-2.4649861516274854
s22,walk,s22_walk,220000,2021-01-01 12:26:55.857863,99.33774834437088,101.10933426519706,101.10933426519706,98.78602599426111,1.7715859208261833,-0.5517223501097703
s22,walk,s22_walk,221000,2021-01-01 12:26:57.857863,99.33774834437088,100.42943775713202,100.42943775713202,99.36122011126594,1.0916894127611414,0.02347176689505659
s22,walk,s22_walk,222000,2021-01-01 12:26:59.857863,97.7198697068404,96.89890713882119,96.89890713882119,98.49941057091027,-0.8209625680192119,0.7795408640698724
s22,walk,s22_walk,223000,2021-01-01 12:27:01.857863,97.7198697068404,97.04710345292936,97.04710345292936,97.99110307961695,-0.6727662539110355,0.2712333727765497
s22,walk,s22_walk,224000,2021-01-01 12:27:03.857863,101.35135135135135,98.30401328199855,98.30401328199855,98.1006216504505,-3.0473380693528043,-3.2507297009008482
s22,walk,s22_walk,225000,2021-01-01 12:27:05.857863,103.27022375215148,103.01389352080034,103.01389352080034,99.82026680507295,-0.25633023135114286,-3.449956947078533
s22,walk,s22_walk,226000,2021-01-01 12:27:07.857863,102.21465076660988,102.15897762792494,102.15897762792494,100.63881559307114,-0.05567313868493784,-1.575835173538735
s22,walk,s22_walk,227000,2021-01-01 12:27:09.857863,98.36065573770492,97.93221148586905,97.93221148586905,99.6915041555504,-0.4284442518358702,1.3308484178454876
s22,walk,s22_walk,228000,2021-01-01 12:27:11.857863,98.36065573770492,98.21513941401031,98.21513941401031,99.17477649601136,-0.14551632369460776,0.8141207583064443
s22,walk,s22_walk,229000,2021-01-01 12:27:13.857863,99.83361064891848,100.30009499039411,100.30009499039411,99.56863796904531,0.4664843414756348,-0.26497267987316775
s22,walk,s22_walk,230000,2021-01-01 12:27:15.857863,100.0,99.86207645963312,99.86207645963312,99.67134144075104,-0.13792354036688437,-0.32865855924896437
s22,walk,s22_walk,231000,2021-01-01 12:27:17.857863,100.0,99.31604155097652,99.31604155097652,99.54698647932996,-0.6839584490234785,-0.45301352067004075
s22,walk,s22_walk,232000,2021-01-01 12:27:19.857863,98.19967266775778,97.14450773075764,97.14450773075764,98.70611891732966,-1.0551649370001428,0.50644624957188
s22,walk,s22_walk,233000,2021-01-01 12:27:21.857863,100.0,100.01618207148253,100.01618207148253,99.16464102128316,0.01618207148253248,-0.8353589787168403
s22,walk,s22_walk,234000,2021-01-01 12:27:23.857863,102.38907849829351,104.09874816179249,104.09874816179249,100.89157852046142,1.7096696634989712,-1.497499977832092
s22,walk,s22_walk,235000,2021-01-01 12:27:25.857863,103.98613518197574,104.88788992878723,104.88788992878723,102.29028751337546,0.9017547468114913,-1.6958476686002797
s22,walk,s22_walk,236000,2021-01-01 12:27:27.857863,103.44827586206895,103.07989403563558,103.07989403563558,102.5666497961665,-0.368381826433378,-0.8816260659024522
s22,walk,s22_walk,237000,2021-01-01 12:27:29.857863,94.6372239747634,97.48448884783092,97.48448884783092,100.78789346424904,2.847264873067516,6.150669489485637
s22,walk,s22_walk,238000,2021-01-01 12:27:31.857863,94.04388714733544,95.91901257795199,95.91901257795199,99.08378515404507,1.8751254306165492,5.039898006709635
