subject,activity,record,start_sample,start_time,hr_bpm,prediction_model,prediction_raw,prediction_temporal,error_raw_bpm,error_temporal_bpm
s18,run,s18_run,0,2021-01-01 19:27:57.339017,85.9598853868195,86.32554304368436,86.32554304368436,86.32554304368436,0.36565765686486884,0.36565765686486884
s18,run,s18_run,1000,2021-01-01 19:27:59.339017,85.71428571428572,85.9694845084554,85.9694845084554,86.20092255635421,0.2551987941696723,0.4866368420684921
s18,run,s18_run,2000,2021-01-01 19:28:01.339017,84.6262341325811,84.63838182081513,84.63838182081513,85.65403329891554,0.012147688234023235,1.0277991663344324
s18,run,s18_run,3000,2021-01-01 19:28:03.339017,84.6262341325811,85.00863872904047,85.00863872904047,85.42814519945927,0.38240459645936653,0.8019110668781622
s18,run,s18_run,4000,2021-01-01 19:28:05.339017,84.98583569405099,84.31894418308347,84.31894418308347,85.03992484372773,-0.6668915109675169,0.0540891496767415
s18,run,s18_run,5000,2021-01-01 19:28:07.339017,86.20689655172414,85.90496311566088,85.90496311566088,85.34268823890433,-0.3019334360632655,-0.8642083128198124
s18,run,s18_run,6000,2021-01-01 19:28:09.339017,87.46355685131195,88.81933614851079,88.81933614851079,86.55951500726658,1.3557792971988363,-0.9040418440453664
s18,run,s18_run,7000,2021-01-01 19:28:11.339017,91.1854103343465,92.19185231794076,92.19185231794076,88.53083306600254,1.0064419835942573,-2.6545772683439566
s18,run,s18_run,8000,2021-01-01 19:28:13.339017,91.1854103343465,91.45756552140136,91.45756552140136,89.55518942539213,0.27215518705486375,-1.6302209089543709
s18,run,s18_run,9000,2021-01-01 19:28:15.339017,89.02077151335311,89.73942192244665,89.73942192244665,89.61967079936122,0.7186504090935415,0.5988992860081055
s18,run,s18_run,10000,2021-01-01 19:28:17.339017,87.2093023255814,87.5072833948759,87.5072833948759,88.88033520779135,0.29798106929449375,1.6710328822099427
s18,run,s18_run,11000,2021-01-01 19:28:19.339017,87.2093023255814,87.26215893035966,87.26215893035966,88.31397351069026,0.052856604778256155,1.104671185108856
s18,run,s18_run,12000,2021-01-01 19:28:21.339017,90.9090909090909,89.46555498868786,89.46555498868786,88.71702702798942,-1.4435359204030505,-2.1920638811014896
s18,run,s18_run,13000,2021-01-01 19:28:23.339017,92.0245398773006,92.58276886442442,92.58276886442442,90.07003667074167,0.558228987123826,-1.9545032065589254
s18,run,s18_run,14000,2021-01-01 19:28:25.339017,92.0245398773006,92.47989713408438,92.47989713408438,90.91348783291161,0.4553572567837847,-1.111052044388984
s18,run,s18_run,15000,2021-01-01 19:28:27.339017,86.70520231213874,89.99774841681294,89.99774841681294,90.59297903727708,3.2925461046742015,3.8877767251383375
s18,run,s18_run,16000,2021-01-01 19:28:29.339017,86.45533141210375,86.25974291092162,86.25974291092162,89.07634639305266,-0.19558850118212945,2.621014980948914
s18,run,s18_run,17000,2021-01-01 19:28:31.339017,86.45533141210375,86.07309445491722,86.07309445491722,88.02520821470526,-0.38223695718652095,1.569876802601513
s18,run,s18_run,18000,2021-01-01 19:28:33.339017,92.5925925925926,88.7526349929492,88.7526349929492,88.27980758709063,-3.839957599643398,-4.312785005501965
s18,run,s18_run,19000,2021-01-01 19:28:35.339017,95.84664536741214,94.93259497882362,94.93259497882362,90.60828317419717,-0.914050388588521,-5.238362193214968
s18,run,s18_run,20000,2021-01-01 19:28:37.339017,95.84664536741214,95.30202133648363,95.30202133648363,92.25109153099743,-0.5446240309285031,-3.595553836414709
s18,run,s18_run,21000,2021-01-01 19:28:39.339017,94.33962264150944,94.07529789802865,94.07529789802865,92.88956375945835,-0.2643247434807847,-1.4500588820510814
s18,run,s18_run,22000,2021-01-01 19:28:41.339017,91.1854103343465,92.44475004186826,92.44475004186826,92.73387895830182,1.259339707521761,1.5484686239553156
s18,run,s18_run,23000,2021-01-01 19:28:43.339017,91.1854103343465,91.76292234861096,91.76292234861096,92.39404414491001,0.5775120142644568,1.2086338105635122
s18,run,s18_run,24000,2021-01-01 19:28:45.339017,94.9367088607595,94.40989625032806,94.40989625032806,93.09959238180633,-0.5268126104314348,-1.8371164789531633
s18,run,s18_run,25000,2021-01-01 19:28:47.339017,97.87928221859708,97.50568430096301,97.50568430096301,94.64172455351117,-0.373597917634072,-3.237557665085916
s18,run,s18_run,26000,2021-01-01 19:28:49.339017,97.87928221859708,97.76940564687418,97.76940564687418,95.73641293618823,-0.1098765717229071,-2.142869282408853
s18,run,s18_run,27000,2021-01-01 19:28:51.339017,97.0873786407767,95.125297993825,95.125297993825,95.5225227063611,-1.962080646951705,-1.564855934415604
s18,run,s18_run,28000,2021-01-01 19:28:53.339017,89.02077151335311,90.15293059430122,90.15293059430122,93.64316546714015,1.1321590809481137,4.622393953787039
s18,run,s18_run,29000,2021-01-01 19:28:55.339017,88.75739644970413,88.22367915575033,88.22367915575033,91.74634525815372,-0.5337172939537993,2.9889488084495923
s18,run,s18_run,30000,2021-01-01 19:28:57.339017,89.02077151335311,88.5004489023304,88.5004489023304,90.61028153361556,-0.5203226110227064,1.589510020262452
s18,run,s18_run,31000,2021-01-01 19:28:59.339017,92.87925696594426,92.06582494844223,92.06582494844223,91.1197217288049,-0.8134320175020378,-1.7595352371393602
s18,run,s18_run,32000,2021-01-01 19:29:01.339017,94.6372239747634,94.18307850590932,94.18307850590932,92.19189660079144,-0.4541454688540796,-2.4453273739719634
s18,run,s18_run,33000,2021-01-01 19:29:03.339017,94.6372239747634,94.83849194207728,94.83849194207728,93.11820497024148,0.20126796731388197,-1.5190190045219225
s18,run,s18_run,34000,2021-01-01 19:29:05.339017,93.45794392523364,92.39648210340688,92.39648210340688,92.86560196684937,-1.0614618218267537,-0.5923419583842673
s18,run,s18_run,35000,2021-01-01 19:29:07.339017,89.28571428571428,90.0739769744677,90.0739769744677,91.88853321951578,0.7882626887534201,2.602818933801501
s18,run,s18_run,36000,2021-01-01 19:29:09.339017,87.97653958944281,88.47513150639595,88.47513150639595,90.69384261992384,0.49859191695314564,2.717303030481034
s18,run,s18_run,37000,2021-01-01 19:29:11.339017,87.97653958944281,88.62093677074418,88.62093677074418,89.96832557271097,0.6443971813013718,1.9917859832681586
s18,run,s18_run,38000,2021-01-01 19:29:13.339017,90.9090909090909,90.35447148573012,90.35447148573012,90.10347664226767,-0.5546194233607906,-0.8056142668232411
s18,run,s18_run,39000,2021-01-01 19:29:15.339017,90.9090909090909,90.48165698551811,90.48165698551811,90.23583976240532,-0.4274339235727922,-0.6732511466855868
s18,run,s18_run,40000,2021-01-01 19:29:17.339017,89.28571428571428,89.31602613251997,89.31602613251997,89.91390499194544,0.030311846805687992,0.628190706231166
s18,run,s18_run,41000,2021-01-01 19:29:19.339017,86.45533141210375,86.90072143330282,86.90072143330282,88.85929074642053,0.4453900211990742,2.403959334316781
s18,run,s18_run,42000,2021-01-01 19:29:21.339017,86.45533141210375,85.67449054063955,85.67449054063955,87.7446106743972,-0.7808408714641928,1.289279262293448
s18,run,s18_run,43000,2021-01-01 19:29:23.339017,90.36144578313252,88.53357968090498,88.53357968090498,88.02074982667492,-1.8278661022275458,-2.3406959564576084
s18,run,s18_run,44000,2021-01-01 19:29:25.339017,90.36144578313252,89.88947942419384,89.88947942419384,88.67480518580653,-0.4719663589386869,-1.6866405973259901
s18,run,s18_run,45000,2021-01-01 19:29:27.339017,90.09009009009009,89.2094471348794,89.2094471348794,88.86192986798204,-0.8806429552106891,-1.2281602221080448
s18,run,s18_run,46000,2021-01-01 19:29:29.339017,87.71929824561403,87.58563694940936,87.58563694940936,88.4152273464816,-0.13366129620466438,0.6959291008675734
s18,run,s18_run,47000,2021-01-01 19:29:31.339017,87.71929824561403,87.06980727970766,87.06980727970766,87.94433032311072,-0.6494909659063666,0.2250320774966923
s18,run,s18_run,48000,2021-01-01 19:29:33.339017,90.9090909090909,89.59953296514517,89.59953296514517,88.52365124782278,-1.3095579439457339,-2.385439661268123
s18,run,s18_run,49000,2021-01-01 19:29:35.339017,91.74311926605505,91.10457929157023,91.10457929157023,89.42697606313439,-0.6385399744848144,-2.3161432029206566
s18,run,s18_run,50000,2021-01-01 19:29:37.339017,91.74311926605505,91.12599805831606,91.12599805831606,90.02163376144797,-0.6171212077389896,-1.7214855046070738
s18,run,s18_run,51000,2021-01-01 19:29:39.339017,89.55223880597015,90.27068928694307,90.27068928694307,90.10880319537125,0.7184504809729191,0.5565643894011032
s18,run,s18_run,52000,2021-01-01 19:29:41.339017,89.55223880597015,89.6701190088358,89.6701190088358,89.95526373008384,0.11788020286564915,0.4030249241136943
s18,run,s18_run,53000,2021-01-01 19:29:43.339017,90.36144578313252,90.38401372086832,90.38401372086832,90.10532622685841,0.02256793773580057,-0.25611955627411476
s18,run,s18_run,54000,2021-01-01 19:29:45.339017,90.36144578313252,90.91598069407111,90.91598069407111,90.38905529038286,0.5545349109385853,0.0276095072503324
s18,run,s18_run,55000,2021-01-01 19:29:47.339017,89.82035928143712,90.37805021792907,90.37805021792907,90.38520351502403,0.5576909364919516,0.5648442335869106
s18,run,s18_run,56000,2021-01-01 19:29:49.339017,86.70520231213874,88.13895286944839,88.13895286944839,89.59901578907255,1.4337505573096507,2.893813476933815
s18,run,s18_run,57000,2021-01-01 19:29:51.339017,86.58008658008659,86.71817838142951,86.71817838142951,88.59072269639748,0.13809180134292376,2.0106361163108915
s18,run,s18_run,58000,2021-01-01 19:29:53.339017,87.3362445414847,87.70600815126095,87.70600815126095,88.28107260559969,0.3697636097762427,0.9448280641149864
s18,run,s18_run,59000,2021-01-01 19:29:55.339017,87.71929824561403,88.31425435251064,88.31425435251064,88.29268621701853,0.5949561068966176,0.5733879714045003
s18,run,s18_run,60000,2021-01-01 19:29:57.339017,87.3362445414847,87.21227530675972,87.21227530675972,87.91454239842794,-0.12396923472498145,0.5782978569432373
s18,run,s18_run,61000,2021-01-01 19:29:59.339017,84.26966292134831,84.95299083188193,84.95299083188193,86.87799935013683,0.6833279105336203,2.608336428788519
s18,run,s18_run,62000,2021-01-01 19:30:01.339017,84.26966292134831,84.8874803659421,84.8874803659421,86.18131770566868,0.6178174445937827,1.911654784320362
s18,run,s18_run,63000,2021-01-01 19:30:03.339017,87.2093023255814,87.31568114147554,87.31568114147554,86.57834490820107,0.10637881589413212,-0.6309574173803298
s18,run,s18_run,64000,2021-01-01 19:30:05.339017,90.09009009009009,90.09480471500537,90.09480471500537,87.80910584058257,0.004714624915280297,-2.2809842495075117
s18,run,s18_run,65000,2021-01-01 19:30:07.339017,90.09009009009009,89.56912209519251,89.56912209519251,88.42511152969605,-0.5209679948975747,-1.664978560394033
s18,run,s18_run,66000,2021-01-01 19:30:09.339017,87.71929824561403,88.40792298909034,88.40792298909034,88.41909554048405,0.6886247434763106,0.6997972948700237
s18,run,s18_run,67000,2021-01-01 19:30:11.339017,87.71929824561403,87.86245891562064,87.86245891562064,88.22427272178186,0.14316067000660837,0.5049744761678312
s18,run,s18_run,68000,2021-01-01 19:30:13.339017,88.49557522123894,87.92101031064021,87.92101031064021,88.11813087788228,-0.574564910598724,-0.37744434335665744
s18,run,s18_run,69000,2021-01-01 19:30:15.339017,89.55223880597015,89.57672315613635,89.57672315613635,88.6286381752712,0.02448435016620465,-0.9236006306989424
s18,run,s18_run,70000,2021-01-01 19:30:17.339017,90.36144578313252,89.77591473898988,89.77591473898988,89.03018497257274,-0.5855310441426411,-1.3312608105597832
s18,run,s18_run,71000,2021-01-01 19:30:19.339017,90.36144578313252,90.4311790187245,90.4311790187245,89.52053288872585,0.06973323559198263,-0.8409128944066708
s18,run,s18_run,72000,2021-01-01 19:30:21.339017,89.82035928143712,89.7397635889441,89.7397635889441,89.59726363380224,-0.08059569249302001,-0.223095647634878
s18,run,s18_run,73000,2021-01-01 19:30:23.339017,90.36144578313252,90.90282653827511,90.90282653827511,90.05421065036775,0.5413807551425833,-0.30723513276477377
s18,run,s18_run,74000,2021-01-01 19:30:25.339017,92.3076923076923,92.2835788456657,92.2835788456657,90.83448951872202,-0.024113462026605248,-1.4732027889702834
s18,run,s18_run,75000,2021-01-01 19:30:27.339017,92.3076923076923,92.89762323426625,92.89762323426625,91.5565863191625,0.5899309265739419,-0.751105988529801
s18,run,s18_run,76000,2021-01-01 19:30:29.339017,91.74311926605505,92.90806305560938,92.90806305560938,92.02960317691891,1.1649437895543286,0.2864839108638648
s18,run,s18_run,77000,2021-01-01 19:30:31.339017,89.82035928143712,91.20399682440195,91.20399682440195,91.74064095353798,1.3836375429648342,1.920281672100856
s18,run,s18_run,78000,2021-01-01 19:30:33.339017,89.02077151335311,90.24416581454459,90.24416581454459,91.21687465489029,1.223394301191476,2.1961031415371792
s18,run,s18_run,79000,2021-01-01 19:30:35.339017,89.82035928143712,90.72763945448337,90.72763945448337,91.04564233474787,0.9072801730462459,1.225283053310747
s18,run,s18_run,80000,2021-01-01 19:30:37.339017,94.33962264150944,93.85828201378754,93.85828201378754,92.03006622241176,-0.4813406277218917,-2.3095564190976745
s18,run,s18_run,81000,2021-01-01 19:30:39.339017,94.33962264150944,93.84740678844145,93.84740678844145,92.66613542052215,-0.49221585306798943,-1.6734872209872833
s18,run,s18_run,82000,2021-01-01 19:30:41.339017,88.75739644970413,89.90216849724035,89.90216849724035,91.69874699737352,1.1447720475362217,2.941350547669387
s18,run,s18_run,83000,2021-01-01 19:30:43.339017,88.23529411764706,88.28957821449416,88.28957821449416,90.50553792336575,0.05428409684709834,2.2702438057186924
s18,run,s18_run,84000,2021-01-01 19:30:45.339017,88.75739644970413,89.54301351332464,89.54301351332464,90.16865437985136,0.7856170636205064,1.4112579301472294
s18,run,s18_run,85000,2021-01-01 19:30:47.339017,92.87925696594426,92.5842313646361,92.5842313646361,91.01410632452601,-0.29502560130816846,-1.8651506414182535
s18,run,s18_run,86000,2021-01-01 19:30:49.339017,92.87925696594426,91.04782810805116,91.04782810805116,91.02590894875982,-1.8314288578931013,-1.8533480171844445
s18,run,s18_run,87000,2021-01-01 19:30:51.339017,87.71929824561403,87.10406082876628,87.10406082876628,89.65326210676209,-0.6152374168477479,1.933963861148058
s18,run,s18_run,88000,2021-01-01 19:30:53.339017,83.56545961002786,83.83145502280476,83.83145502280476,87.61562962737702,0.26599541277690264,4.05017001734916
s18,run,s18_run,89000,2021-01-01 19:30:55.339017,83.44923504867873,83.60306070653616,83.60306070653616,86.21123050508271,0.15382565785742486,2.76199545640398
s18,run,s18_run,90000,2021-01-01 19:30:57.339017,86.95652173913044,85.25015898093875,85.25015898093875,85.87485547163233,-1.7063627581916876,-1.0816662674981075
s18,run,s18_run,91000,2021-01-01 19:30:59.339017,92.3076923076923,89.4373879322498,89.4373879322498,87.12174183284844,-2.870304375442501,-5.185950474843864
s18,run,s18_run,92000,2021-01-01 19:31:01.339017,94.9367088607595,94.79012342238751,94.79012342238751,89.80567538918712,-0.1465854383719858,-5.13103347157238
s18,run,s18_run,93000,2021-01-01 19:31:03.339017,95.08716323296356,94.89273170895531,94.89273170895531,91.58614510110598,-0.1944315240082517,-3.5010181318575775
s18,run,s18_run,94000,2021-01-01 19:31:05.339017,94.33962264150944,92.85848630093966,92.85848630093966,92.03146452104778,-1.4811363405697762,-2.3081581204616555
s18,run,s18_run,95000,2021-01-01 19:31:07.339017,89.28571428571428,90.4025711555789,90.4025711555789,91.46135184313367,1.1168568698646197,2.1756375574193925
s18,run,s18_run,96000,2021-01-01 19:31:09.339017,89.28571428571428,90.00540773103063,90.00540773103063,90.95177140389761,0.7196934453163522,1.666057118183332
s18,run,s18_run,97000,2021-01-01 19:31:11.339017,92.87925696594426,91.51686032855548,91.51686032855548,91.14955252752786,-1.362396637388784,-1.7297044384164053
s18,run,s18_run,98000,2021-01-01 19:31:13.339017,94.9367088607595,93.81617812151806,93.81617812151806,92.08287148542443,-1.1205307392414312,-2.853837375335061
s18,run,s18_run,99000,2021-01-01 19:31:15.339017,94.9367088607595,92.62262473734683,92.62262473734683,92.27178512359727,-2.3140841234126697,-2.6649237371622263
s18,run,s18_run,100000,2021-01-01 19:31:17.339017,90.09009009009009,89.16036744360903,89.16036744360903,91.1827889356014,-0.9297226464810535,1.0926988455113076
s18,run,s18_run,101000,2021-01-01 19:31:19.339017,82.64462809917356,85.5075645474069,85.5075645474069,89.19646039973333,2.8629364482333415,6.5518323005597665
s18,run,s18_run,102000,2021-01-01 19:31:21.339017,82.64462809917356,83.87654560217648,83.87654560217648,87.33449022058844,1.2319175030029186,4.689862121414876
s18,run,s18_run,103000,2021-01-01 19:31:23.339017,83.68200836820084,84.56181073122453,84.56181073122453,86.36405239931106,0.8798023630236855,2.682044031110223
s18,run,s18_run,104000,2021-01-01 19:31:25.339017,87.5912408759124,86.69487436598563,86.69487436598563,86.47984008764716,-0.8963665099267786,-1.111400788265243
s18,run,s18_run,105000,2021-01-01 19:31:27.339017,87.5912408759124,87.64331658625844,87.64331658625844,86.8870568621611,0.0520757103460312,-0.704184013751302
s18,run,s18_run,106000,2021-01-01 19:31:29.339017,87.3362445414847,87.56951953153414,87.56951953153414,87.12591879644167,0.23327499004943775,-0.21032574504303625
s18,run,s18_run,107000,2021-01-01 19:31:31.339017,87.71929824561403,87.50010168254107,87.50010168254107,87.25688280657646,-0.21919656307295554,-0.46241543903757076
s18,run,s18_run,108000,2021-01-01 19:31:33.339017,87.71929824561403,88.50705811710019,88.50705811710019,87.69444416525977,0.7877598714861591,-0.024854080354259622
s18,run,s18_run,109000,2021-01-01 19:31:35.339018,87.71929824561403,87.4194822544681,87.4194822544681,87.59820749648267,-0.29981599114593394,-0.12109074913135487
s18,run,s18_run,110000,2021-01-01 19:31:37.339018,85.9598853868195,86.53271951395693,86.53271951395693,87.22528670259867,0.5728341271374404,1.2654013157791724
s18,run,s18_run,111000,2021-01-01 19:31:39.339018,84.1514726507714,84.70167697776719,84.70167697776719,86.34202329890765,0.5502043269957966,2.190550648136252
s18,run,s18_run,112000,2021-01-01 19:31:41.339018,84.1514726507714,84.60948191217574,84.60948191217574,85.73563381355147,0.4580092614043423,1.5841611627800773
s18,run,s18_run,113000,2021-01-01 19:31:43.339018,87.2093023255814,87.08086872868365,87.08086872868365,86.20646603384773,-0.12843359689775014,-1.0028362917336722
s18,run,s18_run,114000,2021-01-01 19:31:45.339018,87.5912408759124,87.87216918439246,87.87216918439246,86.78946213653839,0.2809283084800569,-0.801778739374015
s18,run,s18_run,115000,2021-01-01 19:31:47.339018,88.49557522123894,88.33515289055889,88.33515289055889,87.33045390044556,-0.16042233068004919,-1.165121320793375
s18,run,s18_run,116000,2021-01-01 19:31:49.339018,89.02077151335311,90.00744827953002,90.00744827953002,88.26740193312511,0.9866767661769131,-0.7533695802279965
s18,run,s18_run,117000,2021-01-01 19:31:51.339018,90.36144578313252,90.71888057862613,90.71888057862613,89.12541945905048,0.357434795493603,-1.2360263240820473
s18,run,s18_run,118000,2021-01-01 19:31:53.339018,91.1854103343465,91.47350508917954,91.47350508917954,89.94724942959564,0.2880947548330397,-1.2381609047508562
s18,run,s18_run,119000,2021-01-01 19:31:55.339018,91.1854103343465,91.20061480039432,91.20061480039432,90.38592730937518,0.015204466047819665,-0.7994830249713232
s18,run,s18_run,120000,2021-01-01 19:31:57.339018,90.36144578313252,89.88811160429424,89.88811160429424,90.21169181259685,-0.4733341788382859,-0.14975397053567008
s18,run,s18_run,121000,2021-01-01 19:31:59.339018,89.55223880597015,89.61046207578998,89.61046207578998,90.00126140471444,0.058223269819833945,0.4490225987442926
s18,run,s18_run,122000,2021-01-01 19:32:01.339018,89.82035928143712,90.96218501658515,90.96218501658515,90.3375846688692,1.141825735148032,0.5172253874320774
s18,run,s18_run,123000,2021-01-01 19:32:03.339018,94.19152276295134,95.36966800497348,95.36966800497348,92.0988138365057,1.1781452420221399,-2.0927089264456384
s18,run,s18_run,124000,2021-01-01 19:32:05.339018,94.19152276295134,90.98370225102606,90.98370225102606,91.70852478158783,-3.207820511925277,-2.4829979813635106
s18,run,s18_run,125000,2021-01-01 19:32:07.339018,93.45794392523364,87.2930492193586,87.2930492193586,90.16310833480759,-6.164894705875042,-3.2948355904260467
s18,run,s18_run,126000,2021-01-01 19:32:09.339018,80.75370121130553,83.37873832362361,83.37873832362361,87.78857883089319,2.6250371123180827,7.034877619587661
s18,run,s18_run,127000,2021-01-01 19:32:11.339018,80.75370121130553,81.53348053593886,81.53348053593886,85.59929442765917,0.7797793246333384,4.845593216353649
s18,run,s18_run,128000,2021-01-01 19:32:13.339018,84.86562942008487,83.59936767989116,83.59936767989116,84.89932006594037,-1.2662617401937126,0.033690645855500634
s18,run,s18_run,129000,2021-01-01 19:32:15.339018,90.09009009009009,88.99848811248505,88.99848811248505,86.33402888223101,-1.0916019776050376,-3.7560612078590765
s18,run,s18_run,130000,2021-01-01 19:32:17.339018,90.09009009009009,90.48368047223539,90.48368047223539,87.78640693873254,0.3935903821453053,-2.3036831513575464
s18,run,s18_run,131000,2021-01-01 19:32:19.339018,90.09009009009009,90.62043288271806,90.62043288271806,88.77831601912747,0.5303427926279767,-1.3117740709626133
s18,run,s18_run,132000,2021-01-01 19:32:21.339018,87.2093023255814,88.04286132556774,88.04286132556774,88.52090687638157,0.8335589999863373,1.311604550800169
s18,run,s18_run,133000,2021-01-01 19:32:23.339018,86.95652173913044,86.19802974904115,86.19802974904115,87.70789988181242,-0.7584919900892828,0.7513781426819861
s18,run,s18_run,134000,2021-01-01 19:32:25.339018,87.08272859216257,86.96776053589606,86.96776053589606,87.4488511107417,-0.11496805626650541,0.36612251857913236
s18,run,s18_run,135000,2021-01-01 19:32:27.339018,88.49557522123894,87.91647752598415,87.91647752598415,87.61252035607656,-0.5790976952547879,-0.8830548651623786
s18,run,s18_run,136000,2021-01-01 19:32:29.339018,89.82035928143712,90.38059906045697,90.38059906045697,88.5813479026097,0.5602397790198523,-1.2390113788274135
s18,run,s18_run,137000,2021-01-01 19:32:31.339018,90.63444108761328,90.92824969971097,90.92824969971097,89.40276353159516,0.29380861209769193,-1.231677556018127
s18,run,s18_run,138000,2021-01-01 19:32:33.339018,90.7715582450832,91.29529709892033,91.29529709892033,90.06515028015897,0.5237388538371306,-0.7064079649242245
s18,run,s18_run,139000,2021-01-01 19:32:35.339018,90.9090909090909,90.57305022452351,90.57305022452351,90.24291526068656,-0.33604068456739355,-0.666175648404348
s18,run,s18_run,140000,2021-01-01 19:32:37.339018,90.63444108761328,90.97650446697453,90.97650446697453,90.49967148288735,0.34206337936124953,-0.1347696047259319
s18,run,s18_run,141000,2021-01-01 19:32:39.339018,90.63444108761328,90.57658566174894,90.57658566174894,90.5265914454889,-0.057855425864346444,-0.10784964212437842
s18,run,s18_run,142000,2021-01-01 19:32:41.339018,89.55223880597015,90.59268975157146,90.59268975157146,90.5497258526178,1.0404509456013074,0.9974870466476489
s18,run,s18_run,143000,2021-01-01 19:32:43.339018,89.02077151335311,90.11002627336565,90.11002627336565,90.39583099987954,1.0892547600125368,1.3750594865264247
s18,run,s18_run,144000,2021-01-01 19:32:45.339018,88.36524300441826,88.57612995238779,88.57612995238779,89.75893563325742,0.21088694796952723,1.3936926288391618
s18,run,s18_run,145000,2021-01-01 19:32:47.339018,88.49557522123894,88.99007578734927,88.99007578734927,89.48983468718957,0.49450056611033233,0.9942594659506341
s18,run,s18_run,146000,2021-01-01 19:32:49.339018,91.46341463414632,90.80109344026559,90.80109344026559,89.94877525076618,-0.6623211938807287,-1.5146393833801426
s18,run,s18_run,147000,2021-01-01 19:32:51.339018,92.5925925925926,92.7791953435883,92.7791953435883,90.93942228325392,0.18660275099570356,-1.6531703093386767
s18,run,s18_run,148000,2021-01-01 19:32:53.339018,92.0245398773006,92.71071651685197,92.71071651685197,91.55937526501324,0.6861766395513769,-0.46516461228735295
s18,run,s18_run,149000,2021-01-01 19:32:55.339018,90.09009009009009,91.32710961206925,91.32710961206925,91.47808228648285,1.237019521979164,1.3879921963927586
s18,run,s18_run,150000,2021-01-01 19:32:57.339018,89.82035928143712,89.5833101085708,89.5833101085708,90.81491202421363,-0.2370491728663211,0.9945527427765057
s18,run,s18_run,151000,2021-01-01 19:32:59.339018,89.82035928143712,89.88917084597597,89.88917084597597,90.49090261183045,0.06881156453884785,0.670543330393329
s18,run,s18_run,152000,2021-01-01 19:33:01.339018,91.46341463414632,90.8315971168435,90.8315971168435,90.61014568858502,-0.6318175173028209,-0.8532689455612967
s18,run,s18_run,153000,2021-01-01 19:33:03.339018,91.74311926605505,91.57346131201231,91.57346131201231,90.94730615678458,-0.16965795404273365,-0.795813109270469
s18,run,s18_run,154000,2021-01-01 19:33:05.339018,90.9090909090909,90.99908992644245,90.99908992644245,90.96543047616483,0.08999901735154481,0.05633956707391974
s18,run,s18_run,155000,2021-01-01 19:33:07.339018,89.55223880597015,90.14494285145008,90.14494285145008,90.67825980751466,0.5927040454799339,1.1260210015445153
s18,run,s18_run,156000,2021-01-01 19:33:09.339018,89.55223880597015,89.69748219663657,89.69748219663657,90.33498764370734,0.14524339066642256,0.7827488377371878
s18,run,s18_run,157000,2021-01-01 19:33:11.339018,89.82035928143712,89.81949712593365,89.81949712593365,90.15456596248654,-0.0008621555034693529,0.3342066810494231
s18,run,s18_run,158000,2021-01-01 19:33:13.339018,90.09009009009009,90.56567190082748,90.56567190082748,90.29845304090587,0.47558181073739547,0.2083629508157827
s18,run,s18_run,159000,2021-01-01 19:33:15.339018,90.09009009009009,90.74009871332834,90.74009871332834,90.45302902625373,0.65000862323825,0.36293893616364414
s18,run,s18_run,160000,2021-01-01 19:33:17.339018,89.28571428571428,89.70808777654618,89.70808777654618,90.19229958885609,0.4223734908319017,0.9065853031418101
s18,run,s18_run,161000,2021-01-01 19:33:19.339018,89.28571428571428,90.69997514167258,90.69997514167258,90.36998603234186,1.4142608559583039,1.0842717466275786
s18,run,s18_run,162000,2021-01-01 19:33:21.339018,90.9090909090909,90.93268431664066,90.93268431664066,90.56693043184643,0.02359340754975392,-0.3421604772444766
s18,run,s18_run,163000,2021-01-01 19:33:23.339018,90.9090909090909,90.96142395938196,90.96142395938196,90.70500316648386,0.05233305029105395,-0.20408774260704377
s18,run,s18_run,164000,2021-01-01 19:33:25.339018,89.82035928143712,90.30561284220742,90.30561284220742,90.56521655298711,0.48525356077030324,0.7448572715499893
s18,run,s18_run,165000,2021-01-01 19:33:27.339018,89.82035928143712,90.18272377312688,90.18272377312688,90.43134408003604,0.36236449168976037,0.6109847985989205
s18,run,s18_run,166000,2021-01-01 19:33:29.339018,92.87925696594426,91.86758693039742,91.86758693039742,90.93402907766253,-1.0116700355468424,-1.9452278882817353
s18,run,s18_run,167000,2021-01-01 19:33:31.339018,92.87925696594426,92.8660546920056,92.8660546920056,91.6102380426826,-0.013202273938659914,-1.2690189232616689
s18,run,s18_run,168000,2021-01-01 19:33:33.339018,92.3076923076923,92.1376583174329,92.1376583174329,91.7948351388452,-0.17003399025941235,-0.5128571688471055
s18,run,s18_run,169000,2021-01-01 19:33:35.339018,89.02077151335311,89.78386155949802,89.78386155949802,91.09099438607369,0.7630900461449102,2.070222872720578
s18,run,s18_run,170000,2021-01-01 19:33:37.339018,89.02077151335311,88.05257678789626,88.05257678789626,90.02754822671159,-0.9681947254568541,1.0067767133584766
s18,run,s18_run,171000,2021-01-01 19:33:39.339018,89.02077151335311,88.317797608324,88.317797608324,89.42913551027593,-0.7029739050291113,0.4083639969228159
s18,run,s18_run,172000,2021-01-01 19:33:41.339018,90.36144578313252,90.39448713439337,90.39448713439337,89.76700857871703,0.03304135126084873,-0.5944372044154989
s18,run,s18_run,173000,2021-01-01 19:33:43.339018,90.36144578313252,90.65687914501349,90.65687914501349,90.07846327692079,0.295433361880967,-0.2829825062117379
s18,run,s18_run,174000,2021-01-01 19:33:45.339018,91.1854103343465,90.16840224525323,90.16840224525323,90.10994191583714,-1.0170080890932667,-1.0754684185093595
s18,run,s18_run,175000,2021-01-01 19:33:47.339018,91.1854103343465,91.15780383098435,91.15780383098435,90.47669358613867,-0.027606503362150647,-0.7087167482078343
s18,run,s18_run,176000,2021-01-01 19:33:49.339018,91.74311926605505,92.22197706632367,92.22197706632367,91.08754280420342,0.4788578002686279,-0.6555764618516235
s18,run,s18_run,177000,2021-01-01 19:33:51.339018,93.75,93.91829631124759,93.91829631124759,92.07830653166889,0.16829631124758748,-1.6716934683311138
s18,run,s18_run,178000,2021-01-01 19:33:53.339018,93.75,93.70510575158232,93.70510575158232,92.64768625863859,-0.04489424841767686,-1.1023137413614137
s18,run,s18_run,179000,2021-01-01 19:33:55.339018,92.0245398773006,92.8720328054633,92.8720328054633,92.72620755002724,0.8474929281627084,0.7016676727266429
s18,run,s18_run,180000,2021-01-01 19:33:57.339018,92.16589861751152,92.06364060030154,92.06364060030154,92.49430911762325,-0.10225801720997652,0.3284105001117297
s18,run,s18_run,181000,2021-01-01 19:33:59.339018,92.7357032457496,93.12684634292756,93.12684634292756,92.71569714647976,0.3911430971779595,-0.020006099269849642
s18,run,s18_run,182000,2021-01-01 19:34:01.339018,95.84664536741214,94.34713294223381,94.34713294223381,93.28669967499368,-1.4995124251783238,-2.5599456924184523
s18,run,s18_run,183000,2021-01-01 19:34:03.339018,96.15384615384616,95.94159925840776,95.94159925840776,94.21591452918861,-0.2122468954383976,-1.9379316246575513
s18,run,s18_run,184000,2021-01-01 19:34:05.339018,96.15384615384616,96.0065334619796,96.0065334619796,94.84263115566546,-0.14731269186655993,-1.3112149981807022
s18,run,s18_run,185000,2021-01-01 19:34:07.339018,94.04388714733544,93.45214031004606,93.45214031004606,94.35595935969867,-0.5917468372893779,0.31207221236323335
s18,run,s18_run,186000,2021-01-01 19:34:09.339018,93.89671361502349,93.67818782947833,93.67818782947833,94.11873932412155,-0.2185257855451539,0.2220257090980624
s18,run,s18_run,187000,2021-01-01 19:34:11.339018,94.04388714733544,93.37104181955208,93.37104181955208,93.85704519752224,-0.6728453277833637,-0.1868419498131999
s18,run,s18_run,188000,2021-01-01 19:34:13.339018,94.33962264150944,93.42419241138475,93.42419241138475,93.70554672237412,-0.9154302301246844,-0.6340759191353129
s18,run,s18_run,189000,2021-01-01 19:34:15.339018,94.48818897637796,94.7223699554892,94.7223699554892,94.0614348539644,0.23418097911124391,-0.4267541224135556
s18,run,s18_run,190000,2021-01-01 19:34:17.339018,94.33962264150944,93.70580547243195,93.70580547243195,93.93696457042805,-0.6338171690774885,-0.4026580710813903
s18,run,s18_run,191000,2021-01-01 19:34:19.339018,91.46341463414632,92.24297377808945,92.24297377808945,93.34406779310953,0.779559143943132,1.880653158963213
s18,run,s18_run,192000,2021-01-01 19:34:21.339018,91.46341463414632,92.11839019365031,92.11839019365031,92.9150806332988,0.6549755595039954,1.4516659991524818
s18,run,s18_run,193000,2021-01-01 19:34:23.339018,95.54140127388536,93.55920925615169,93.55920925615169,93.14052565129731,-1.9821920177336665,-2.400875622588046
s18,run,s18_run,194000,2021-01-01 19:34:25.339018,97.7198697068404,97.69245098193214,97.69245098193214,94.7336995170195,-0.027418724908258696,-2.9861701898208963
s18,run,s18_run,195000,2021-01-01 19:34:27.339018,97.7198697068404,97.28819404109335,97.28819404109335,95.62777260044535,-0.43167566574705063,-2.0920971063950446
s18,run,s18_run,196000,2021-01-01 19:34:29.339018,96.61835748792272,95.87976947879959,95.87976947879959,95.71597150786934,-0.7385880091231343,-0.9023859800533813
s18,run,s18_run,197000,2021-01-01 19:34:31.339018,93.75,94.15691830885031,94.15691830885031,95.17030288821267,0.4069183088503081,1.4203028882126745
s18,run,s18_run,198000,2021-01-01 19:34:33.339018,93.45794392523364,93.18892290871474,93.18892290871474,94.4768198953884,-0.26902101651889154,1.0188759701547667
s18,run,s18_run,199000,2021-01-01 19:34:35.339018,93.45794392523364,93.65892344367903,93.65892344367903,94.19055613729012,0.20097951844539352,0.7326122120564804
s18,run,s18_run,200000,2021-01-01 19:34:37.339018,93.45794392523364,93.48659193044483,93.48659193044483,93.94416866489428,0.028648005211195482,0.48622473966064206
s18,run,s18_run,201000,2021-01-01 19:34:39.339018,93.45794392523364,93.71756425474531,93.71756425474531,93.86485712134214,0.2596203295116766,0.40691319610850485
s18,run,s18_run,202000,2021-01-01 19:34:41.339018,94.33962264150944,94.77267056815576,94.77267056815576,94.18259182772691,0.4330479266463243,-0.15703081378252648
s18,run,s18_run,203000,2021-01-01 19:34:43.339018,94.9367088607595,95.61858897776241,95.61858897776241,94.68519083023934,0.681880117002919,-0.25151803052015964
s18,run,s18_run,204000,2021-01-01 19:34:45.339018,94.9367088607595,95.44309383859627,95.44309383859627,94.95045688316426,0.5063849778367739,0.013748022404769245
s18,run,s18_run,205000,2021-01-01 19:34:47.339018,94.33962264150944,94.03746087314762,94.03746087314762,94.63090827965844,-0.3021617683618132,0.2912856381490059
s18,run,s18_run,206000,2021-01-01 19:34:49.339018,94.19152276295134,94.43040813942221,94.43040813942221,94.56073323057576,0.2388853764708756,0.369210467624427
s18,run,s18_run,207000,2021-01-01 19:34:51.339018,93.45794392523364,94.15971020798467,94.15971020798467,94.42037517266888,0.7017662827510378,0.9624312474352479
s18,run,s18_run,208000,2021-01-01 19:34:53.339018,93.16770186335404,91.30637297543886,91.30637297543886,93.33047440363838,-1.8613288879151781,0.16277254028433674
s18,run,s18_run,209000,2021-01-01 19:34:55.339018,86.20689655172414,87.99166893519997,87.99166893519997,91.46189248968493,1.7847723834758256,5.254995937960786
s18,run,s18_run,210000,2021-01-01 19:34:57.339018,85.83690987124464,86.65236323259873,86.65236323259873,89.77855724970476,0.8154533613540877,3.941647378460118
s18,run,s18_run,211000,2021-01-01 19:34:59.339018,87.46355685131195,87.49222028181022,87.49222028181022,88.97833931094166,0.028663430498269804,1.5147824596297141
s18,run,s18_run,212000,2021-01-01 19:35:01.339018,87.46355685131195,87.93391869034996,87.93391869034996,88.61279209373457,0.47036183903800577,1.1492352424226198
s18,run,s18_run,213000,2021-01-01 19:35:03.339018,85.71428571428572,87.04385122506446,87.04385122506446,88.06366278970003,1.3295655107787354,2.34937707541431
s18,run,s18_run,214000,2021-01-01 19:35:05.339018,85.71428571428572,85.50275566905528,85.50275566905528,87.16734529747437,-0.21153004523044672,1.4530595831886473
s18,run,s18_run,215000,2021-01-01 19:35:07.339018,86.70520231213874,85.90978559192234,85.90978559192234,86.72719940053116,-0.7954167202163944,0.021997088392424757
s18,run,s18_run,216000,2021-01-01 19:35:09.339018,88.23529411764706,88.31106246553855,88.31106246553855,87.28155147328376,0.075768347891497,-0.9537426443633024
s18,run,s18_run,217000,2021-01-01 19:35:11.339018,88.23529411764706,89.0259872795098,89.0259872795098,87.89210400546287,0.7906931618627482,-0.34319011218418893
s18,run,s18_run,218000,2021-01-01 19:35:13.339018,89.28571428571428,89.54252938147854,89.54252938147854,88.46975288706835,0.2568150957642672,-0.8159613986459249
s18,run,s18_run,219000,2021-01-01 19:35:15.339018,89.55223880597015,89.68147802263513,89.68147802263513,88.89385668451672,0.12923921666498472,-0.6583821214534282
s18,run,s18_run,220000,2021-01-01 19:35:17.339018,89.82035928143712,90.62057638183607,90.62057638183607,89.4982085785785,0.8002171003989531,-0.3221507028586217
s18,run,s18_run,221000,2021-01-01 19:35:19.339018,90.63444108761328,90.68695021360367,90.68695021360367,89.9142681508373,0.052509125990383154,-0.720172936775981
s18,run,s18_run,222000,2021-01-01 19:35:21.339018,91.74311926605505,91.26731584550555,91.26731584550555,90.38783484397119,-0.47580342054949654,-1.3552844220838551
s18,run,s18_run,223000,2021-01-01 19:35:23.339018,91.74311926605505,92.13333484129362,92.13333484129362,90.99875984303404,0.390215575238571,-0.7443594230210095
s18,run,s18_run,224000,2021-01-01 19:35:25.339018,92.3076923076923,92.47453442905163,92.47453442905163,91.5152809481402,0.16684212135932341,-0.792411359552105
s18,run,s18_run,225000,2021-01-01 19:35:27.339018,92.3076923076923,92.35792018857774,92.35792018857774,91.81020468229335,0.050227880885429954,-0.49748762539896063
s18,run,s18_run,226000,2021-01-01 19:35:29.339018,92.0245398773006,92.23998169012137,92.23998169012137,91.96062663503315,0.2154418128207709,-0.06391324226744644
s18,run,s18_run,227000,2021-01-01 19:35:31.339018,92.0245398773006,92.39979163966755,92.39979163966755,92.1143343866552,0.37525176236695756,0.0897945093546042
s18,run,s18_run,228000,2021-01-01 19:35:33.339018,91.74311926605505,92.13142847233901,92.13142847233901,92.12031731664453,0.3883092062839637,0.3771980505894845
s18,run,s18_run,229000,2021-01-01 19:35:35.339018,91.74311926605505,92.15097150187458,92.15097150187458,92.13104628147505,0.4078522358195329,0.3879270154200043
s18,run,s18_run,230000,2021-01-01 19:35:37.339018,90.9090909090909,90.97846583490326,90.97846583490326,91.72764312517492,0.0693749258123546,0.8185522160840151
s18,run,s18_run,231000,2021-01-01 19:35:39.339018,89.02077151335311,89.64670521371697,89.64670521371697,90.99931485616463,0.6259337003638592,1.9785433428115198
s18,run,s18_run,232000,2021-01-01 19:35:41.339018,87.71929824561403,88.39206761059782,88.39206761059782,90.08677832021625,0.6727693649837931,2.367480074602227
s18,run,s18_run,233000,2021-01-01 19:35:43.339018,88.49557522123894,87.88870534190278,87.88870534190278,89.31745277780654,-0.6068698793361591,0.8218775565675998
s18,run,s18_run,234000,2021-01-01 19:35:45.339018,88.75739644970413,88.0501756422723,88.0501756422723,88.87390578036955,-0.7072208074318382,0.1165093306654228
s18,run,s18_run,235000,2021-01-01 19:35:47.339018,88.75739644970413,88.47987403568911,88.47987403568911,88.7359946697314,-0.2775224140150243,-0.021401779972734403
s18,run,s18_run,236000,2021-01-01 19:35:49.339018,88.75739644970413,89.24579837665286,89.24579837665286,88.9144259671539,0.4884019269487254,0.15702951744977156
s18,run,s18_run,237000,2021-01-01 19:35:51.339018,89.02077151335311,89.33110493983578,89.33110493983578,89.06026360759256,0.31033342648267137,0.039492094239449216
s18,run,s18_run,238000,2021-01-01 19:35:53.339018,91.46341463414632,90.51582962479897,90.51582962479897,89.5697117136148,-0.9475850093473497,-1.8937029205315241
s18,sit,s18_sit,0,2021-01-01 19:47:38.631051,74.62686567164178,74.7073886702096,74.7073886702096,74.7073886702096,0.08052299856781531,0.08052299856781531
s18,sit,s18_sit,1000,2021-01-01 19:47:40.631051,74.07407407407408,74.18010603905239,74.18010603905239,74.52283974930458,0.10603196497831391,0.44876567523050426
s18,sit,s18_sit,2000,2021-01-01 19:47:42.631051,74.62686567164178,74.7370437399649,74.7370437399649,74.5978111460357,0.1101780683231226,-0.029054525606085235
s18,sit,s18_sit,3000,2021-01-01 19:47:44.631051,74.25742574257426,74.1982581076108,74.1982581076108,74.45796758258699,-0.05916763496345823,0.20054184001273256
s18,sit,s18_sit,4000,2021-01-01 19:47:46.631051,75.0,75.33455310612328,75.33455310612328,74.76477251582469,0.3345531061232805,-0.23522748417531147
s18,sit,s18_sit,5000,2021-01-01 19:47:48.631051,78.74015748031496,78.86813347390542,78.86813347390542,76.20094885115294,0.12797599359045364,-2.539208629162019
s18,sit,s18_sit,6000,2021-01-01 19:47:50.631051,78.74015748031496,79.23628791991982,79.23628791991982,77.26331752522135,0.4961304396048547,-1.4768399550936095
s18,sit,s18_sit,7000,2021-01-01 19:47:52.631051,78.32898172323759,78.96403088570911,78.96403088570911,77.85856720139208,0.6350491624715175,-0.47041452184551247
s18,sit,s18_sit,8000,2021-01-01 19:47:54.631051,76.92307692307692,77.32048111386268,77.32048111386268,77.67023707075678,0.39740419078576394,0.7471601476798639
s18,sit,s18_sit,9000,2021-01-01 19:47:56.631051,76.53061224489795,75.96636240489201,75.96636240489201,77.07388093770412,-0.5642498400059424,0.5432686928061656
s18,sit,s18_sit,10000,2021-01-01 19:47:58.631051,75.56675062972292,74.15307821682123,74.15307821682123,76.05159998539511,-1.4136724129016898,0.4848493556721962
s18,sit,s18_sit,11000,2021-01-01 19:48:00.631051,70.6713780918728,71.57546190052913,71.57546190052913,74.48495165569202,0.9040838086563383,3.8135735638192187
s18,sit,s18_sit,12000,2021-01-01 19:48:02.631051,71.59904534606206,70.80123391079452,70.80123391079452,73.1956504449779,-0.7978114352675334,1.5966050989158447
s18,sit,s18_sit,13000,2021-01-01 19:48:04.631051,73.89162561576354,73.23275694963148,73.23275694963148,73.20863772160666,-0.6588686661320651,-0.6829878941568808
s18,sit,s18_sit,14000,2021-01-01 19:48:06.631051,78.74015748031496,78.01540177663274,78.01540177663274,74.89100514086579,-0.7247557036822201,-3.8491523394491765
s18,sit,s18_sit,15000,2021-01-01 19:48:08.631051,80.4289544235925,80.53911653632672,80.53911653632672,76.8678441292771,0.11016211273421561,-3.561110294315398
s18,sit,s18_sit,16000,2021-01-01 19:48:10.631051,81.9672131147541,81.8635583695229,81.8635583695229,78.61634411336314,-0.10365474523119644,-3.3508690013909614
s18,sit,s18_sit,17000,2021-01-01 19:48:12.631051,81.9672131147541,81.94474619446933,81.94474619446933,79.7812848417503,-0.02246692028477071,-2.185928273003796
s18,sit,s18_sit,18000,2021-01-01 19:48:14.631051,81.08108108108108,80.78904012507599,80.78904012507599,80.1339991909143,-0.2920409560050956,-0.9470818901667855
s18,sit,s18_sit,19000,2021-01-01 19:48:16.631051,76.62835249042145,77.51800388202285,77.51800388202285,79.21840083280229,0.8896513916014044,2.5900483423808396
s18,sit,s18_sit,20000,2021-01-01 19:48:18.631051,75.56675062972292,76.36588185018607,76.36588185018607,78.22001918888661,0.7991312204631527,2.653268559163692
s18,sit,s18_sit,21000,2021-01-01 19:48:20.631051,77.12082262210797,76.40089970974557,76.40089970974557,77.58332737118725,-0.7199229123623923,0.4625047490792866
s18,sit,s18_sit,22000,2021-01-01 19:48:22.631051,77.12082262210797,76.78697756644537,76.78697756644537,77.3046049395276,-0.3338450556625929,0.18378231741962736
s18,sit,s18_sit,23000,2021-01-01 19:48:24.631051,77.12082262210797,75.7854509516189,75.7854509516189,76.77290104375956,-1.3353716704890672,-0.3479215783484051
s18,sit,s18_sit,24000,2021-01-01 19:48:26.631051,74.44168734491315,73.7159956156187,73.7159956156187,75.70298414391026,-0.7256917292944536,1.2612967989971082
s18,sit,s18_sit,25000,2021-01-01 19:48:28.631051,72.46376811594203,73.19423260790535,73.19423260790535,74.82492110630854,0.7304644919633176,2.361152990366506
s18,sit,s18_sit,26000,2021-01-01 19:48:30.631051,73.34963325183375,73.62198196165784,73.62198196165784,74.40389240568079,0.27234870982408665,1.0542591538470418
s18,sit,s18_sit,27000,2021-01-01 19:48:32.631052,76.14213197969544,75.81950226810493,75.81950226810493,74.89935585752924,-0.32262971159050835,-1.242776122166191
s18,sit,s18_sit,28000,2021-01-01 19:48:34.631052,76.14213197969544,76.46830041702786,76.46830041702786,75.44848645335377,0.3261684373324272,-0.693645526341669
s18,sit,s18_sit,29000,2021-01-01 19:48:36.631052,74.25742574257426,75.92750248150168,75.92750248150168,75.61614206320553,1.6700767389274205,1.3587163206312738
s18,sit,s18_sit,30000,2021-01-01 19:48:38.631052,73.89162561576354,73.45221123015108,73.45221123015108,74.85876627163648,-0.4394143856124657,0.9671406558729387
s18,sit,s18_sit,31000,2021-01-01 19:48:40.631052,72.90400972053463,72.8912704342346,72.8912704342346,74.17014272854583,-0.012739286300032404,1.2661330080111952
s18,sit,s18_sit,32000,2021-01-01 19:48:42.631052,72.46376811594203,72.80876301365154,72.80876301365154,73.69365982833283,0.34499489770951186,1.2298917123907955
s18,sit,s18_sit,33000,2021-01-01 19:48:44.631052,73.34963325183375,73.24225937486618,73.24225937486618,73.5356696696195,-0.10737387696757139,0.18603641778574342
s18,sit,s18_sit,34000,2021-01-01 19:48:46.631052,72.81553398058253,73.21845745831165,73.21845745831165,73.42464539566174,0.40292347772911796,0.6091114150792123
s18,sit,s18_sit,35000,2021-01-01 19:48:48.631052,72.28915662650603,72.44099647644347,72.44099647644347,73.08036827393535,0.1518398499374456,0.7912116474293214
s18,sit,s18_sit,36000,2021-01-01 19:48:50.631052,72.81553398058253,72.53624411318063,72.53624411318063,72.8899248176712,-0.2792898674019,0.07439083708867145
s18,sit,s18_sit,37000,2021-01-01 19:48:52.631052,73.17073170731707,72.73378070891458,72.73378070891458,72.83527437960637,-0.4369509984024944,-0.33545732771069936
s18,sit,s18_sit,38000,2021-01-01 19:48:54.631052,73.34963325183375,73.41426562034422,73.41426562034422,73.03792131386462,0.06463236851047327,-0.311711937969136
s18,sit,s18_sit,39000,2021-01-01 19:48:56.631052,73.34963325183375,73.45984747242004,73.45984747242004,73.18559546935901,0.11021422058628616,-0.1640377824747361
s18,sit,s18_sit,40000,2021-01-01 19:48:58.631052,72.81553398058253,73.07759524264743,73.07759524264743,73.14779539000996,0.2620612620649041,0.33226140942743143
s18,sit,s18_sit,41000,2021-01-01 19:49:00.631052,71.94244604316548,72.09982361786058,72.09982361786058,72.78100526975769,0.15737757469510427,0.8385592265922099
s18,sit,s18_sit,42000,2021-01-01 19:49:02.631052,72.28915662650603,72.0386086262309,72.0386086262309,72.5211664445233,-0.25054800027513124,0.23200981801727494
s18,sit,s18_sit,43000,2021-01-01 19:49:04.631052,71.17437722419929,71.26428156525856,71.26428156525856,72.08125673678065,0.08990434105926681,0.9068795125813551
s18,sit,s18_sit,44000,2021-01-01 19:49:06.631052,71.25890736342043,71.54541352725201,71.54541352725201,71.89371161344562,0.2865061638315751,0.6348042500251836
s18,sit,s18_sit,45000,2021-01-01 19:49:08.631052,71.51370679380214,72.05327947600928,72.05327947600928,71.9495603653429,0.5395726822071367,0.4358535715407612
s18,sit,s18_sit,46000,2021-01-01 19:49:10.631052,71.77033492822967,72.03855282724363,72.03855282724363,71.98070772700817,0.26821789901396187,0.21037279877849357
s18,sit,s18_sit,47000,2021-01-01 19:49:12.631052,72.46376811594203,72.5006890634583,72.5006890634583,72.1627011947657,0.036920947516264846,-0.3010669211763286
s18,sit,s18_sit,48000,2021-01-01 19:49:14.631052,73.52941176470588,74.06232388706464,74.06232388706464,72.82756913707033,0.5329121223587521,-0.7018426276355569
s18,sit,s18_sit,49000,2021-01-01 19:49:16.631052,76.92307692307692,76.29183534607411,76.29183534607411,74.04006231022166,-0.631241577002811,-2.8830146128552627
s18,sit,s18_sit,50000,2021-01-01 19:49:18.631052,78.74015748031496,78.37714842907438,78.37714842907438,75.55804245182011,-0.36300905124058147,-3.1821150284948487
s18,sit,s18_sit,51000,2021-01-01 19:49:20.631052,81.19079837618403,81.4075777316208,81.4075777316208,77.60537979975035,0.21677935543677052,-3.585418576433682
s18,sit,s18_sit,52000,2021-01-01 19:49:22.631052,82.64462809917356,81.49618149400693,81.49618149400693,78.96716039274015,-1.148446605166626,-3.6774677064334043
s18,sit,s18_sit,53000,2021-01-01 19:49:24.631052,78.125,78.14444381374096,78.14444381374096,78.67920959009044,0.019443813740963378,0.5542095900904371
s18,sit,s18_sit,54000,2021-01-01 19:49:26.631052,75.75757575757575,75.91274858410655,75.91274858410655,77.71094823799608,0.15517282653080144,1.9533724804203274
s18,sit,s18_sit,55000,2021-01-01 19:49:28.631052,75.75757575757575,75.9454705496084,75.9454705496084,77.09303104706039,0.18789479203265103,1.335455289484642
s18,sit,s18_sit,56000,2021-01-01 19:49:30.631052,78.125,77.6857308480296,77.6857308480296,77.30047597739963,-0.43926915197039307,-0.8245240226003716
s18,sit,s18_sit,57000,2021-01-01 19:49:32.631052,80.86253369272237,80.19418653695841,80.19418653695841,78.3132746732452,-0.6683471557639535,-2.5492590194771623
s18,sit,s18_sit,58000,2021-01-01 19:49:34.631052,80.10680907877169,79.94544919884946,79.94544919884946,78.88453575720669,-0.16135987992223022,-1.2222733215649981
s18,sit,s18_sit,59000,2021-01-01 19:49:36.631052,77.41935483870968,78.2948272087589,78.2948272087589,78.67813776524997,0.8754723700492235,1.2587829265402917
s18,sit,s18_sit,60000,2021-01-01 19:49:38.631052,75.37688442211055,76.0245884800237,76.0245884800237,77.74939551542077,0.6477040579131454,2.372511093310223
s18,sit,s18_sit,61000,2021-01-01 19:49:40.631052,76.14213197969544,76.11942863380848,76.11942863380848,77.17890710685647,-0.022703345886952775,1.036775127161036
s18,sit,s18_sit,62000,2021-01-01 19:49:42.631052,76.14213197969544,75.97209856447277,75.97209856447277,76.75652411702217,-0.1700334152226617,0.6143921373267318
s18,sit,s18_sit,63000,2021-01-01 19:49:44.631052,76.14213197969544,76.19161455127094,76.19161455127094,76.55880576900924,0.04948257157550984,0.41667378931380483
s18,sit,s18_sit,64000,2021-01-01 19:49:46.631052,77.12082262210797,77.26907151826224,77.26907151826224,76.8073987812478,0.1482488961542714,-0.3134238408601675
s18,sit,s18_sit,65000,2021-01-01 19:49:48.631052,78.32898172323759,77.82001375871904,77.82001375871904,77.16181402336274,-0.508967964518547,-1.1671676998748524
s18,sit,s18_sit,66000,2021-01-01 19:49:50.631052,78.84362680683311,78.78419254513375,78.78419254513375,77.7296465059826,-0.05943426169936572,-1.113980300850514
s18,sit,s18_sit,67000,2021-01-01 19:49:52.631052,79.15567282321899,78.46558835056004,78.46558835056004,77.98722615158471,-0.6900844726589526,-1.1684466716342854
s18,sit,s18_sit,68000,2021-01-01 19:49:54.631052,78.94736842105263,78.59219950242277,78.59219950242277,78.19896682437803,-0.35516891862985744,-0.7484015966745972
s18,sit,s18_sit,69000,2021-01-01 19:49:56.631052,80.32128514056225,78.58490570872418,78.58490570872418,78.33404543389918,-1.736379431838074,-1.9872397066630754
s18,sit,s18_sit,70000,2021-01-01 19:49:58.631052,82.19178082191782,81.53194169727563,81.53194169727563,79.45330912608094,-0.6598391246421897,-2.7384716958368784
s18,sit,s18_sit,71000,2021-01-01 19:50:00.631052,82.19178082191782,81.56585834841027,81.56585834841027,80.19270135389621,-0.6259224735075435,-1.9990794680216055
s18,sit,s18_sit,72000,2021-01-01 19:50:02.631052,78.32898172323759,78.72347061848592,78.72347061848592,79.6784705965026,0.39448889524832964,1.3494888732650168
s18,sit,s18_sit,73000,2021-01-01 19:50:04.631052,77.51937984496124,77.75797064043634,77.75797064043634,79.00629561187941,0.23859079547510476,1.4869157669181732
s18,sit,s18_sit,74000,2021-01-01 19:50:06.631052,77.51937984496124,76.11836731413293,76.11836731413293,77.99552070766813,-1.4010125308283108,0.4761408627068988
s18,sit,s18_sit,75000,2021-01-01 19:50:08.631052,72.28915662650603,74.37265389795299,74.37265389795299,76.72751732426784,2.0834972714469586,4.438360697761809
s18,sit,s18_sit,76000,2021-01-01 19:50:10.631052,71.94244604316548,71.97252369755789,71.97252369755789,75.06326955491936,0.030077654392414388,3.1208235117538834
s18,sit,s18_sit,77000,2021-01-01 19:50:12.631052,71.77033492822967,71.3540263505723,71.3540263505723,73.76503443339789,-0.41630857765737517,1.9946995051682137
s18,sit,s18_sit,78000,2021-01-01 19:50:14.631052,71.94244604316548,71.57533111332542,71.57533111332542,72.99863827137253,-0.36711492984005645,1.0561922282070526
s18,sit,s18_sit,79000,2021-01-01 19:50:16.631052,72.46376811594203,72.17764388329837,72.17764388329837,72.71129023554657,-0.28612423264365816,0.24752211960453963
s18,sit,s18_sit,80000,2021-01-01 19:50:18.631052,72.99270072992701,73.0558311638966,73.0558311638966,72.83187956046908,0.06313043396959017,-0.16082116945793246
s18,sit,s18_sit,81000,2021-01-01 19:50:20.631052,74.25742574257426,73.939851949108,73.939851949108,73.21966989649269,-0.31757379346625214,-1.0377558460815663
s18,sit,s18_sit,82000,2021-01-01 19:50:22.631052,72.99270072992701,73.89381335272117,73.89381335272117,73.45562010617266,0.9011126227941588,0.46291937624565094
s18,sit,s18_sit,83000,2021-01-01 19:50:24.631052,72.99270072992701,72.81878689547922,72.81878689547922,73.23272848242996,-0.17391383444778796,0.24002775250295372
s18,sit,s18_sit,84000,2021-01-01 19:50:26.631052,73.52941176470588,72.9037249565122,72.9037249565122,73.11757724835874,-0.6256868081936773,-0.41183451634714174
s18,sit,s18_sit,85000,2021-01-01 19:50:28.631052,72.81553398058253,73.30718825810926,73.30718825810926,73.18394110177142,0.4916542775267345,0.36840712118889485
s18,sit,s18_sit,86000,2021-01-01 19:50:30.631052,73.61963190184049,73.39689310468525,73.39689310468525,73.25847430279126,-0.22273879715524458,-0.3611575990492355
s18,sit,s18_sit,87000,2021-01-01 19:50:32.631052,72.81553398058253,72.84542059237364,72.84542059237364,73.1139055041451,0.029886611791113182,0.29837152356256524
s18,sit,s18_sit,88000,2021-01-01 19:50:34.631052,71.94244604316548,72.10743642103024,72.10743642103024,72.7616413250549,0.16499037786476833,0.8191952818894208
s18,sit,s18_sit,89000,2021-01-01 19:50:36.631052,71.59904534606206,71.97757493670291,71.97757493670291,72.4872180891317,0.3785295906408521,0.8881727430696458
s18,sit,s18_sit,90000,2021-01-01 19:50:38.631052,72.28915662650603,72.12230528746785,72.12230528746785,72.35949860854936,-0.16685133903817473,0.07034198204333109
s18,sit,s18_sit,91000,2021-01-01 19:50:40.631052,72.99270072992701,72.60195085286612,72.60195085286612,72.44435689406022,-0.39074987706088393,-0.5483438358667883
s18,sit,s18_sit,92000,2021-01-01 19:50:42.631052,73.52941176470588,73.39243355981738,73.39243355981738,72.77618372707522,-0.1369782048885071,-0.753228037630663
s18,sit,s18_sit,93000,2021-01-01 19:50:44.631052,73.52941176470588,73.56752537222724,73.56752537222724,73.05315330287843,0.03811360752135329,-0.4762584618274559
s18,sit,s18_sit,94000,2021-01-01 19:50:46.631052,74.44168734491315,73.70299366836794,73.70299366836794,73.28059743079976,-0.7386936765452106,-1.16108991411339
s18,sit,s18_sit,95000,2021-01-01 19:50:48.631052,74.44168734491315,73.96125550608228,73.96125550608228,73.51882775714864,-0.48043183883086726,-0.9228595877645063
s18,sit,s18_sit,96000,2021-01-01 19:50:50.631052,75.37688442211055,75.48630860566111,75.48630860566111,74.20744605412801,0.1094241835505585,-1.1694383679825364
s18,sit,s18_sit,97000,2021-01-01 19:50:52.631052,78.84362680683311,78.39211897783197,78.39211897783197,75.6720815774244,-0.4515078290011445,-3.1715452294087214
s18,sit,s18_sit,98000,2021-01-01 19:50:54.631052,80.32128514056225,80.28136063743854,80.28136063743854,77.28532924842935,-0.03992450312371432,-3.035955892132904
s18,sit,s18_sit,99000,2021-01-01 19:50:56.631052,81.08108108108108,81.061447029845,81.061447029845,78.60697047192483,-0.019634051236081973,-2.4741106091562557
s18,sit,s18_sit,100000,2021-01-01 19:50:58.631052,81.85538881309687,81.61436915146082,81.61436915146082,79.65956000976243,-0.24101966163604516,-2.195828803334436
s18,sit,s18_sit,101000,2021-01-01 19:51:00.631052,81.19079837618403,81.41976275756372,81.41976275756372,80.27563097149289,0.2289643813796829,-0.9151674046911467
s18,sit,s18_sit,102000,2021-01-01 19:51:02.631052,81.08108108108108,80.3030065219449,80.3030065219449,80.28521241415109,-0.7780745591361864,-0.7958686669299908
s18,sit,s18_sit,103000,2021-01-01 19:51:04.631052,77.51937984496124,78.45304790350745,78.45304790350745,79.64395483542582,0.9336680585462176,2.1245749904645805
s18,sit,s18_sit,104000,2021-01-01 19:51:06.631052,76.92307692307692,76.99785809939823,76.99785809939823,78.71782097781616,0.07478117632130932,1.7947440547392404
s18,sit,s18_sit,105000,2021-01-01 19:51:08.631052,79.57559681697613,78.16981940457359,78.16981940457359,78.52602042718127,-1.4057774124025428,-1.049576389794865
s18,sit,s18_sit,106000,2021-01-01 19:51:10.631052,80.86253369272237,81.15208523351333,81.15208523351333,79.44514310939749,0.289551540790967,-1.4173905833248739
s18,sit,s18_sit,107000,2021-01-01 19:51:12.631052,85.9598853868195,85.73005405528372,85.73005405528372,81.64486194045767,-0.2298313315357774,-4.3150234463618204
s18,sit,s18_sit,108000,2021-01-01 19:51:14.631052,85.9598853868195,86.34364926665603,86.34364926665603,83.2894375046271,0.38376387983653615,-2.6704478821923914
s18,sit,s18_sit,109000,2021-01-01 19:51:16.631052,85.59201141226819,82.95796498736924,82.95796498736924,83.17342212358685,-2.634046424898955,-2.4185892886813463
s18,sit,s18_sit,110000,2021-01-01 19:51:18.631052,77.92207792207792,77.27185394405986,77.27185394405986,81.1078732607524,-0.6502239780180616,3.185795338674481
s18,sit,s18_sit,111000,2021-01-01 19:51:20.631052,73.52941176470588,73.35748663499751,73.35748663499751,78.39523794173819,-0.17192512970837015,4.865826177032304
s18,sit,s18_sit,112000,2021-01-01 19:51:22.631052,73.52941176470588,72.27621355872594,72.27621355872594,76.2535794076839,-1.2531982059799418,2.724167642978017
s18,sit,s18_sit,113000,2021-01-01 19:51:24.631052,74.25742574257426,75.79654231628427,75.79654231628427,76.09361642569402,1.539116573710018,1.8361906831197672
s18,sit,s18_sit,114000,2021-01-01 19:51:26.631052,80.4289544235925,79.84567166346203,79.84567166346203,77.40683575891282,-0.5832827601304729,-3.022118664679681
s18,sit,s18_sit,115000,2021-01-01 19:51:28.631052,79.6812749003984,80.72347392320304,80.72347392320304,78.5676591164144,1.0421990228046383,-1.1136157839840024
s18,sit,s18_sit,116000,2021-01-01 19:51:30.631052,77.12082262210797,78.76293295105982,78.76293295105982,78.6360049585403,1.6421103289518584,1.515182336432332
s18,sit,s18_sit,117000,2021-01-01 19:51:32.631052,74.9063670411985,74.7544812447704,74.7544812447704,77.27747165872083,-0.15188579642808975,2.3711046175223345
s18,sit,s18_sit,118000,2021-01-01 19:51:34.631052,73.34963325183375,73.157877396705,73.157877396705,75.83561366701528,-0.19175585512874704,2.4859804151815297
s18,sit,s18_sit,119000,2021-01-01 19:51:36.631052,74.25742574257426,74.0768892197727,74.0768892197727,75.22006011048038,-0.1805365228015603,0.9626343679061193
s18,sit,s18_sit,120000,2021-01-01 19:51:38.631052,74.62686567164178,74.58302802736014,74.58302802736014,74.9970988813883,-0.04383764428163772,0.37023320974651597
s18,sit,s18_sit,121000,2021-01-01 19:51:40.631052,75.0,74.80624759366036,74.80624759366036,74.93030093068352,-0.19375240633964097,-0.06969906931648495
s18,sit,s18_sit,122000,2021-01-01 19:51:42.631052,77.51937984496124,77.29414751725963,77.29414751725963,75.75764723598516,-0.22523232770160462,-1.7617326089760752
s18,sit,s18_sit,123000,2021-01-01 19:51:44.631052,79.15567282321899,78.25695983909337,78.25695983909337,76.63240664707303,-0.8987129841256234,-2.5232661761459667
s18,sit,s18_sit,124000,2021-01-01 19:51:46.631052,79.6812749003984,79.47831368535968,79.47831368535968,77.62847411047335,-0.20296121503872655,-2.052800789925058
s18,sit,s18_sit,125000,2021-01-01 19:51:48.631052,80.0,80.26833890696524,80.26833890696524,78.55242678924552,0.26833890696524065,-1.4475732107544843
s18,sit,s18_sit,126000,2021-01-01 19:51:50.631052,81.30081300813008,81.0633617516914,81.0633617516914,79.43125402610158,-0.23745125643867482,-1.8695589820284937
s18,sit,s18_sit,127000,2021-01-01 19:51:52.631052,81.52173913043478,80.13523506598891,80.13523506598891,79.67764739006215,-1.386504064445873,-1.8440917403726331
s18,sit,s18_sit,128000,2021-01-01 19:51:54.631052,76.92307692307692,77.938137903522,77.938137903522,79.0688190697731,1.0150609804450852,2.145742146696179
s18,sit,s18_sit,129000,2021-01-01 19:51:56.631052,70.92198581560284,72.38207367859535,72.38207367859535,76.72845818286089,1.4600878629925091,5.806472367258053
s18,sit,s18_sit,130000,2021-01-01 19:51:58.631052,70.92198581560284,70.77239056318908,70.77239056318908,74.64383451597575,-0.1495952524137607,3.7218487003729166
s18,sit,s18_sit,131000,2021-01-01 19:52:00.631052,72.11538461538461,71.98621060958777,71.98621060958777,73.71366614873996,-0.12917400579684113,1.5982815333553475
s18,sit,s18_sit,132000,2021-01-01 19:52:02.631052,74.07407407407408,74.18575660704761,74.18575660704761,73.87889780914765,0.11168253297353203,-0.19517626492643103
s18,sit,s18_sit,133000,2021-01-01 19:52:04.631052,74.44168734491315,74.64484809079036,74.64484809079036,74.1469804077226,0.2031607458772129,-0.2947069371905542
s18,sit,s18_sit,134000,2021-01-01 19:52:06.631052,74.1656365883807,74.2793909678075,74.2793909678075,74.1933241037523,0.11375437942679412,0.027687515371596305
s18,sit,s18_sit,135000,2021-01-01 19:52:08.631052,74.07407407407408,74.10963861396968,74.10963861396968,74.16403418232838,0.03556453989560282,0.0899601082543029
s18,sit,s18_sit,136000,2021-01-01 19:52:10.631052,73.52941176470588,73.85522558464511,73.85522558464511,74.05595117313923,0.32581381993922776,0.5265394084333508
s18,sit,s18_sit,137000,2021-01-01 19:52:12.631053,74.07407407407408,74.04401054578766,74.04401054578766,74.05177195356619,-0.030063528286419228,-0.022302120507887935
s18,sit,s18_sit,138000,2021-01-01 19:52:14.631053,73.71007371007371,73.67548229287476,73.67548229287476,73.92007057232419,-0.03459141719895342,0.20999686225047753
s18,sit,s18_sit,139000,2021-01-01 19:52:16.631053,73.34963325183375,73.50686096029953,73.50686096029953,73.77544720811557,0.1572277084657827,0.4258139562818144
s18,sit,s18_sit,140000,2021-01-01 19:52:18.631053,74.81296758104737,74.86915328953364,74.86915328953364,74.15824433661189,0.05618570848626803,-0.6547232444354876
s18,sit,s18_sit,141000,2021-01-01 19:52:20.631053,77.12082262210797,75.88006750964104,75.88006750964104,74.7608824471721,-1.2407551124669283,-2.359940174935872
s18,sit,s18_sit,142000,2021-01-01 19:52:22.631053,78.22685788787483,78.14450466584057,78.14450466584057,75.94515022370607,-0.0823532220342571,-2.2817076641687635
s18,sit,s18_sit,143000,2021-01-01 19:52:24.631053,80.64516129032258,80.33913974804719,80.33913974804719,77.48304655722545,-0.30602154227538847,-3.162114733097127
s18,sit,s18_sit,144000,2021-01-01 19:52:26.631053,80.21390374331551,80.52233676548563,80.52233676548563,78.54679813011651,0.3084330221701208,-1.6671056131989985
s18,sit,s18_sit,145000,2021-01-01 19:52:28.631053,79.57559681697613,80.51773971138834,80.51773971138834,79.23662768356165,0.9421428944122141,-0.33896913341448
s18,sit,s18_sit,146000,2021-01-01 19:52:30.631053,79.36507936507937,79.84809724941623,79.84809724941623,79.45064203161076,0.48301788433686,0.08556266653138778
s18,sit,s18_sit,147000,2021-01-01 19:52:32.631053,80.10680907877169,81.0359919313192,81.0359919313192,80.00551449650871,0.9291828525475125,-0.10129458226298027
s18,sit,s18_sit,148000,2021-01-01 19:52:34.631053,83.79888268156425,83.63466671356153,83.63466671356153,81.2757177724772,-0.16421596800272198,-2.5231649090870576
s18,sit,s18_sit,149000,2021-01-01 19:52:36.631053,83.79888268156425,82.95524396704543,82.95524396704543,81.86355194057607,-0.8436387145188178,-1.935330740988178
s18,sit,s18_sit,150000,2021-01-01 19:52:38.631053,81.52173913043478,81.48834870263622,81.48834870263622,81.73223080729713,-0.03339042779856527,0.21049167686234682
s18,sit,s18_sit,151000,2021-01-01 19:52:40.631053,81.41112618724559,79.58790515130553,79.58790515130553,80.98171682770007,-1.8232210359400511,-0.4294093595455166
s18,sit,s18_sit,152000,2021-01-01 19:52:42.631053,82.07934336525308,82.04309027957885,82.04309027957885,81.35319753585765,-0.036253085674232466,-0.7261458293954348
s18,sit,s18_sit,153000,2021-01-01 19:52:44.631053,86.45533141210375,84.62618938283347,84.62618938283347,82.49874468229919,-1.8291420292702725,-3.956586729804556
s18,sit,s18_sit,154000,2021-01-01 19:52:46.631053,84.98583569405099,87.7735198009764,87.7735198009764,84.34491597383621,2.7876841069254112,-0.6409197202147823
s18,sit,s18_sit,155000,2021-01-01 19:52:48.631053,84.98583569405099,84.35469251148764,84.35469251148764,84.34833776201421,-0.6311431825633491,-0.63749793203678
s18,sit,s18_sit,156000,2021-01-01 19:52:50.631053,79.6812749003984,80.26580353495807,80.26580353495807,82.91945078254456,0.5845286345596605,3.2381758821461517
s18,sit,s18_sit,157000,2021-01-01 19:52:52.631053,78.125,78.00525654001774,78.00525654001774,81.19948279766018,-0.11974345998225999,3.074482797660181
s18,sit,s18_sit,158000,2021-01-01 19:52:54.631053,75.94936708860759,76.61188633896539,76.61188633896539,79.593824037117,0.6625192503578035,3.644456948509415
s18,sit,s18_sit,159000,2021-01-01 19:52:56.631053,73.17073170731707,73.83803273465183,73.83803273465183,77.5792970812542,0.6673010273347586,4.4085653739371224
s18,sit,s18_sit,160000,2021-01-01 19:52:58.631053,71.51370679380214,71.90659380841896,71.90659380841896,75.59385093576186,0.39288701461681796,4.080144141959721
s18,sit,s18_sit,161000,2021-01-01 19:53:00.631053,71.42857142857143,71.03649303043831,71.03649303043831,73.99877566889862,-0.3920783981331226,2.570204240327186
s18,sit,s18_sit,162000,2021-01-01 19:53:02.631053,72.02881152460985,72.26525815693347,72.26525815693347,73.39204453971081,0.23644663232362007,1.3632330151009597
s18,sit,s18_sit,163000,2021-01-01 19:53:04.631053,72.81553398058253,72.69812427728701,72.69812427728701,73.14917244786248,-0.1174097032955217,0.33363846727995394
s18,sit,s18_sit,164000,2021-01-01 19:53:06.631053,72.81553398058253,73.31275294781562,73.31275294781562,73.20642562284608,0.49721896723309555,0.3908916422635542
s18,sit,s18_sit,165000,2021-01-01 19:53:08.631053,73.52941176470588,73.73193628785681,73.73193628785681,73.39035435559984,0.2025245231509274,-0.13905740910604436
s18,sit,s18_sit,166000,2021-01-01 19:53:10.631053,73.34963325183375,73.16201577932236,73.16201577932236,73.31043585390272,-0.18761747251139127,-0.039197397931033606
s18,sit,s18_sit,167000,2021-01-01 19:53:12.631053,73.34963325183375,73.4398570363386,73.4398570363386,73.35573326775527,0.09022378450484325,0.00610001592151832
s18,sit,s18_sit,168000,2021-01-01 19:53:14.631053,75.0,75.03848777503329,75.03848777503329,73.94469734530257,0.03848777503328904,-1.055302654697428
s18,sit,s18_sit,169000,2021-01-01 19:53:16.631053,76.33587786259541,75.88985148905617,75.88985148905617,74.62550129561633,-0.44602637353924024,-1.710376566979079
s18,sit,s18_sit,170000,2021-01-01 19:53:18.631053,76.92307692307692,77.52662448253692,77.52662448253692,75.64089441103854,0.6035475594599973,-1.282182512038375
s18,sit,s18_sit,171000,2021-01-01 19:53:20.631053,78.125,78.11511308864083,78.11511308864083,76.50687094819935,-0.009886911359174633,-1.6181290518006506
s18,sit,s18_sit,172000,2021-01-01 19:53:22.631053,78.02340702210662,77.88446905588954,77.88446905588954,76.98903028589092,-0.13893796621708532,-1.0343767362157053
s18,sit,s18_sit,173000,2021-01-01 19:53:24.631053,78.125,77.89407571360452,77.89407571360452,77.30579618559068,-0.2309242863954779,-0.8192038144093203
s18,sit,s18_sit,174000,2021-01-01 19:53:26.631053,78.84362680683311,79.64579073772872,79.64579073772872,78.12479427883899,0.8021639308956026,-0.7188325279941239
s18,sit,s18_sit,175000,2021-01-01 19:53:28.631053,80.10680907877169,81.82257494173925,81.82257494173925,79.41901751085408,1.715765862967558,-0.6877915679176141
s18,sit,s18_sit,176000,2021-01-01 19:53:30.631053,80.64516129032258,78.90513019253835,78.90513019253835,79.23915694944358,-1.7400310977842253,-1.4060043408789937
s18,sit,s18_sit,177000,2021-01-01 19:53:32.631053,71.77033492822967,71.91657404651227,71.91657404651227,76.67625293341763,0.14623911828259395,4.9059180051879565
s18,sit,s18_sit,178000,2021-01-01 19:53:34.631053,70.92198581560284,70.85775876127745,70.85775876127745,74.63977997316857,-0.06422705432538578,3.7177941575657343
s18,sit,s18_sit,179000,2021-01-01 19:53:36.631053,71.17437722419929,71.29204025280247,71.29204025280247,73.46807107104044,0.11766302860317523,2.293693846841151
s18,sit,s18_sit,180000,2021-01-01 19:53:38.631053,73.89162561576354,74.42228994314668,74.42228994314668,73.80204767627762,0.5306643273831355,-0.08957793948592041
s18,sit,s18_sit,181000,2021-01-01 19:53:40.631053,78.84362680683311,77.40237940434814,77.40237940434814,75.0621637811023,-1.4412474024849757,-3.7814630257308153
s18,sit,s18_sit,182000,2021-01-01 19:53:42.631053,79.36507936507937,79.2613063755272,79.2613063755272,76.53186368915101,-0.10377298955216929,-2.8332156759283578
s18,sit,s18_sit,183000,2021-01-01 19:53:44.631053,79.15567282321899,78.46112369463945,78.46112369463945,77.20710469107196,-0.6945491285795384,-1.948568132147031
s18,sit,s18_sit,184000,2021-01-01 19:53:46.631053,75.75757575757575,75.88158211693434,75.88158211693434,76.7431717901238,0.12400635935858872,0.9855960325480453
s18,sit,s18_sit,185000,2021-01-01 19:53:48.631053,74.25742574257426,74.90810854923618,74.90810854923618,76.10089965581312,0.6506828066619192,1.8434739132388671
s18,sit,s18_sit,186000,2021-01-01 19:53:50.631053,74.25742574257426,74.49225022653609,74.49225022653609,75.53787235556617,0.2348244839618303,1.2804466129919092
s18,sit,s18_sit,187000,2021-01-01 19:53:52.631053,75.37688442211055,74.85103023984125,74.85103023984125,75.29747761506245,-0.525854182269299,-0.07940680704810177
s18,sit,s18_sit,188000,2021-01-01 19:53:54.631053,76.72634271099744,76.18423791718357,76.18423791718357,75.60784372080485,-0.542104793813877,-1.1184989901925917
s18,sit,s18_sit,189000,2021-01-01 19:53:56.631053,77.31958762886597,77.25751540034436,77.25751540034436,76.18522880864367,-0.06207222852161465,-1.1343588202223032
s18,sit,s18_sit,190000,2021-01-01 19:53:58.631053,78.53403141361257,78.32805232121774,78.32805232121774,76.93521703804458,-0.20597909239482703,-1.598814375567983
s18,sit,s18_sit,191000,2021-01-01 19:54:00.631053,78.53403141361257,77.56024585349735,77.56024585349735,77.15397712345305,-0.9737855601152177,-1.3800542901595207
s18,sit,s18_sit,192000,2021-01-01 19:54:02.631053,76.53061224489795,75.38991607967299,75.38991607967299,76.53655575813002,-1.1406961652249663,0.0059435132320686535
s18,sit,s18_sit,193000,2021-01-01 19:54:04.631053,74.25742574257426,74.06039385615841,74.06039385615841,75.66989909243996,-0.1970318864158429,1.4124733498657065
s18,sit,s18_sit,194000,2021-01-01 19:54:06.631053,74.07407407407408,72.90246757599309,72.90246757599309,74.70129806168356,-1.1716064980809904,0.627223987609483
s18,sit,s18_sit,195000,2021-01-01 19:54:08.631053,74.44168734491315,73.69732057707895,73.69732057707895,74.34990594207196,-0.7443667678341939,-0.09178140284119252
s18,sit,s18_sit,196000,2021-01-01 19:54:10.631053,77.61966364812419,78.61188116057015,78.61188116057015,75.84159726854632,0.9922175124459613,-1.778066379577865
s18,sit,s18_sit,197000,2021-01-01 19:54:12.631053,77.92207792207792,78.78752585176089,78.78752585176089,76.87267227267142,0.865447929682972,-1.049405649406495
s18,sit,s18_sit,198000,2021-01-01 19:54:14.631053,77.92207792207792,76.11709441664357,76.11709441664357,76.60822002306168,-1.8049835054343504,-1.3138578990162415
s18,sit,s18_sit,199000,2021-01-01 19:54:16.631053,71.25890736342043,72.06772810867088,72.06772810867088,75.01904785302489,0.8088207452504435,3.760140489604453
s18,sit,s18_sit,200000,2021-01-01 19:54:18.631053,71.17437722419929,71.36412282892263,71.36412282892263,73.7398240945891,0.1897456047233419,2.565446870389806
s18,sit,s18_sit,201000,2021-01-01 19:54:20.631053,72.63922518159806,72.71636413208833,72.71636413208833,73.38161310771383,0.07713895049026576,0.742387926115768
s18,sit,s18_sit,202000,2021-01-01 19:54:22.631053,77.82101167315174,76.5192093868327,76.5192093868327,74.47977180540543,-1.3018022863190453,-3.34123986774631
s18,sit,s18_sit,203000,2021-01-01 19:54:24.631053,82.3045267489712,83.85691605464987,83.85691605464987,77.76177229264098,1.5523893056786733,-4.542754456330215
s18,sit,s18_sit,204000,2021-01-01 19:54:26.631053,82.3045267489712,81.67235293660251,81.67235293660251,79.13047551802751,-0.6321738123686913,-3.1740512309436895
s18,sit,s18_sit,205000,2021-01-01 19:54:28.631053,79.7872340425532,78.42933301588317,78.42933301588317,78.885075642277,-1.3579010266700209,-0.9021584002761927
s18,sit,s18_sit,206000,2021-01-01 19:54:30.631053,72.28915662650603,72.9120373279917,72.9120373279917,76.79451223227714,0.6228807014856699,4.505355605771115
s18,sit,s18_sit,207000,2021-01-01 19:54:32.631053,72.28915662650603,71.67405508091471,71.67405508091471,75.0023522293003,-0.6151015455913154,2.713195602794272
s18,sit,s18_sit,208000,2021-01-01 19:54:34.631053,73.34963325183375,71.85597424872253,71.85597424872253,73.90111993609808,-1.493659003111219,0.5514866842643329
s18,sit,s18_sit,209000,2021-01-01 19:54:36.631053,74.07407407407408,74.25139667443256,74.25139667443256,74.02371679451515,0.17732260035847958,-0.05035727955892355
s18,sit,s18_sit,210000,2021-01-01 19:54:38.631053,78.125,77.63709946162517,77.63709946162517,75.28840072800365,-0.4879005383748307,-2.8365992719963486
s18,sit,s18_sit,211000,2021-01-01 19:54:40.631053,78.02340702210662,78.32019029835433,78.32019029835433,76.34952707762639,0.2967832762477087,-1.673879944480234
s18,sit,s18_sit,212000,2021-01-01 19:54:42.631053,77.720207253886,77.71642182217981,77.71642182217981,76.8279402382201,-0.003785431706191389,-0.892267015665908
s18,sit,s18_sit,213000,2021-01-01 19:54:44.631053,76.92307692307692,77.00193929132027,77.00193929132027,76.88883990680516,0.07886236824334958,-0.03423701627176001
s18,sit,s18_sit,214000,2021-01-01 19:54:46.631053,76.72634271099744,76.32063963753403,76.32063963753403,76.68996981256026,-0.40570307346341394,-0.03637289843717895
s18,sit,s18_sit,215000,2021-01-01 19:54:48.631053,76.53061224489795,76.27978615025881,76.27978615025881,76.54640553075475,-0.2508260946391374,0.01579328585680173
s18,sit,s18_sit,216000,2021-01-01 19:54:50.631053,76.72634271099744,77.4012567425897,77.4012567425897,76.84560345489699,0.6749140315922517,0.11926074389954522
s18,sit,s18_sit,217000,2021-01-01 19:54:52.631053,77.92207792207792,77.90944919888904,77.90944919888904,77.2179494652942,-0.012628723188882418,-0.7041284567837209
s18,sit,s18_sit,218000,2021-01-01 19:54:54.631053,78.125,78.15415868425455,78.15415868425455,77.54562269193032,0.029158684254554146,-0.5793773080696809
s18,sit,s18_sit,219000,2021-01-01 19:54:56.631053,77.92207792207792,78.29489542227788,78.29489542227788,77.80786814755197,0.3728175001999574,-0.11420977452594627
s18,sit,s18_sit,220000,2021-01-01 19:54:58.631053,77.41935483870968,77.63256205340122,77.63256205340122,77.7465110145992,0.21320721469153625,0.3271561758895274
s18,sit,s18_sit,221000,2021-01-01 19:55:00.631053,76.92307692307692,76.55831286654461,76.55831286654461,77.3306416627801,-0.3647640565323087,0.40756473970317586
s18,sit,s18_sit,222000,2021-01-01 19:55:02.631053,77.31958762886597,77.16326127167716,77.16326127167716,77.27205852589407,-0.15632635718881716,-0.04752910297190738
s18,sit,s18_sit,223000,2021-01-01 19:55:04.631053,77.41935483870968,77.61222173206777,77.61222173206777,77.39111564805486,0.1928668933580866,-0.028239190654815616
s18,sit,s18_sit,224000,2021-01-01 19:55:06.631053,77.51937984496124,76.46034956457912,76.46034956457912,77.06534751883835,-1.0590302803821174,-0.4540323261228849
s18,sit,s18_sit,225000,2021-01-01 19:55:08.631053,76.82458386683739,75.8976989372718,75.8976989372718,76.65667051529006,-0.9268849295655883,-0.16791335154732678
s18,sit,s18_sit,226000,2021-01-01 19:55:10.631053,76.72634271099744,75.86301412469196,75.86301412469196,76.37889077858073,-0.8633285863054851,-0.34745193241671757
s18,sit,s18_sit,227000,2021-01-01 19:55:12.631053,79.36507936507937,77.67245749383014,77.67245749383014,76.83163912891801,-1.69262187124923,-2.533440236161354
s18,sit,s18_sit,228000,2021-01-01 19:55:14.631053,80.64516129032258,81.18418454825272,81.18418454825272,78.35503002568517,0.5390232579301397,-2.2901312646374095
s18,sit,s18_sit,229000,2021-01-01 19:55:16.631053,80.86253369272237,81.12505083301497,81.12505083301497,79.3245373082506,0.2625171402926014,-1.537996384471768
s18,sit,s18_sit,230000,2021-01-01 19:55:18.631053,79.7872340425532,79.99781882291684,79.99781882291684,79.56018583838377,0.21058478036364647,-0.22704820416942084
s18,sit,s18_sit,231000,2021-01-01 19:55:20.631053,77.720207253886,77.75104296364894,77.75104296364894,78.92698583222658,0.0308357097629397,1.2067785783405753
s18,sit,s18_sit,232000,2021-01-01 19:55:22.631053,77.720207253886,77.58013204330521,77.58013204330521,78.4555870061041,-0.14007521058078964,0.735379752218094
s18,sit,s18_sit,233000,2021-01-01 19:55:24.631053,78.32898172323759,78.27163119092303,78.27163119092303,78.39120247079072,-0.05735053231455822,0.0622207475531269
s18,sit,s18_sit,234000,2021-01-01 19:55:26.631053,79.15567282321899,79.13778293570608,79.13778293570608,78.6525056335111,-0.017889887512907876,-0.5031671897078951
s18,sit,s18_sit,235000,2021-01-01 19:55:28.631053,79.15567282321899,75.50504287041929,75.50504287041929,77.55089366642896,-3.6506299527997044,-1.6047791567900305
s18,sit,s18_sit,236000,2021-01-01 19:55:30.631053,69.28406466512702,71.11577795983486,71.11577795983486,75.29860316912102,1.8317132947078392,6.014538503994004
s18,sit,s18_sit,237000,2021-01-01 19:55:32.631053,69.20415224913495,69.5929681255895,69.5929681255895,73.30163090388498,0.38881587645454374,4.097478654750034
s18,sit,s18_sit,238000,2021-01-01 19:55:34.631053,71.42857142857143,71.152673164709,71.152673164709,72.54949569517339,-0.2758982638624303,1.1209242666019605
s18,walk,s18_walk,0,2021-01-01 19:37:54.094987,91.74311926605505,90.39854359527857,90.39854359527857,90.39854359527857,-1.3445756707764787,-1.3445756707764787
s18,walk,s18_walk,1000,2021-01-01 19:37:56.094987,92.3076923076923,91.97525514907655,91.97525514907655,90.95039263910786,-0.33243715861576106,-1.3572996685844458
s18,walk,s18_walk,2000,2021-01-01 19:37:58.094987,94.9367088607595,94.39142070778384,94.39142070778384,92.15475246314446,-0.5452881529756581,-2.7819563976150334
s18,walk,s18_walk,3000,2021-01-01 19:38:00.094987,98.19967266775778,97.32706654011777,97.32706654011777,93.96506239008511,-0.8726061276400117,-4.234610277672672
s18,walk,s18_walk,4000,2021-01-01 19:38:02.094987,98.52216748768473,99.67793866722562,99.67793866722562,95.96456908708429,1.155771179540892,-2.5575984006004404
s18,walk,s18_walk,5000,2021-01-01 19:38:04.094987,99.33774834437088,99.77264865848595,99.77264865848595,97.29739693707486,0.4349003141150689,-2.040351407296015
s18,walk,s18_walk,6000,2021-01-01 19:38:06.094987,98.6842105263158,99.85839046434624,99.85839046434624,98.19374467161984,1.1741799380304485,-0.4904658546959553
s18,walk,s18_walk,7000,2021-01-01 19:38:08.094987,96.30818619582664,98.46010937292965,98.46010937292965,98.28697231707827,2.151923177103015,1.9787861212516304
s18,walk,s18_walk,8000,2021-01-01 19:38:10.094987,96.30818619582664,96.43934240158863,96.43934240158863,97.6403018466569,0.1311562057619966,1.3321156508302607
s18,walk,s18_walk,9000,2021-01-01 19:38:12.094987,99.33774834437088,97.80871512192877,97.80871512192877,97.69924649300205,-1.5290332224421093,-1.6385018513688294
s18,walk,s18_walk,10000,2021-01-01 19:38:14.094987,100.33444816053512,98.90318571028268,98.90318571028268,98.12062521905028,-1.431262450252433,-2.2138229414848354
s18,walk,s18_walk,11000,2021-01-01 19:38:16.094987,100.33444816053512,99.40903243553001,99.40903243553001,98.57156774481818,-0.9254157250051094,-1.7628804157169355
s18,walk,s18_walk,12000,2021-01-01 19:38:18.094987,98.03921568627452,98.91278979709189,98.91278979709189,98.69099546311398,0.8735741108173727,0.6517797768394615
s18,walk,s18_walk,13000,2021-01-01 19:38:20.094987,97.0873786407767,96.9804125376086,96.9804125376086,98.0922914391871,-0.10696610316810506,1.0049127984103876
s18,walk,s18_walk,14000,2021-01-01 19:38:22.094987,97.2447325769854,97.31562200866477,97.31562200866477,97.82045713850428,0.070889431679376,0.5757245615188822
s18,walk,s18_walk,15000,2021-01-01 19:38:24.094987,97.5609756097561,98.35427099575644,98.35427099575644,98.00729198854253,0.793295386000338,0.4463163787864346
s18,walk,s18_walk,16000,2021-01-01 19:38:26.094987,98.36065573770492,99.50200893262655,99.50200893262655,98.53044291897194,1.141353194921635,0.16978718126702574
s18,walk,s18_walk,17000,2021-01-01 19:38:28.094987,98.84678747940691,99.78929032568105,99.78929032568105,98.97103951132013,0.942502846274138,0.12425203191321543
s18,walk,s18_walk,18000,2021-01-01 19:38:30.094987,97.7198697068404,97.89585492433835,97.89585492433835,98.59472490587649,0.17598521749795282,0.8748551990360909
s18,walk,s18_walk,19000,2021-01-01 19:38:32.094987,97.7198697068404,97.48923041391174,97.48923041391174,98.20780183368882,-0.23063929292865737,0.48793212684842047
s18,walk,s18_walk,20000,2021-01-01 19:38:34.094987,99.50248756218906,98.17235652305672,98.17235652305672,98.19539597496758,-1.3301310391323398,-1.3070915872214783
s18,walk,s18_walk,21000,2021-01-01 19:38:36.094987,100.0,99.4500866430833,99.4500866430833,98.63453770880808,-0.5499133569167043,-1.3654622911919176
s18,walk,s18_walk,22000,2021-01-01 19:38:38.094987,100.0,98.55097388897114,98.55097388897114,98.60529037186515,-1.4490261110288571,-1.394709628134848
s18,walk,s18_walk,23000,2021-01-01 19:38:40.094987,97.87928221859708,97.6205985257442,97.6205985257442,98.26064822572282,-0.25868369285288395,0.38136600712573454
s18,walk,s18_walk,24000,2021-01-01 19:38:42.094987,96.61835748792272,96.42921078957673,96.42921078957673,97.61964512307168,-0.1891466983459935,1.0012876351489552
s18,walk,s18_walk,25000,2021-01-01 19:38:44.094987,96.15384615384616,95.8762017541429,95.8762017541429,97.0094399439466,-0.27764439970326293,0.8555937901004427
s18,walk,s18_walk,26000,2021-01-01 19:38:46.094987,97.0873786407767,96.77234375437703,96.77234375437703,96.92645627759725,-0.3150348863996726,-0.16092236317945208
s18,walk,s18_walk,27000,2021-01-01 19:38:48.094987,97.4025974025974,97.36029682446944,97.36029682446944,97.07830046900253,-0.04230057812794996,-0.3242969335948658
s18,walk,s18_walk,28000,2021-01-01 19:38:50.094987,96.7741935483871,95.85697867338101,95.85697867338101,96.65083784053499,-0.9172148750060956,-0.12335570785211303
s18,walk,s18_walk,29000,2021-01-01 19:38:52.094987,92.5925925925926,92.03450701683114,92.03450701683114,95.03512205223865,-0.5580855757614529,2.442529459646053
s18,walk,s18_walk,30000,2021-01-01 19:38:54.094987,85.47008547008548,87.30542871792824,87.30542871792824,92.32972938523,1.8353432478427578,6.859643915144517
s18,walk,s18_walk,31000,2021-01-01 19:38:56.094987,85.47008547008548,85.35515836564196,85.35515836564196,89.88862952837418,-0.11492710444352383,4.418544058288703
s18,walk,s18_walk,32000,2021-01-01 19:38:58.094987,85.71428571428572,85.44409142466661,85.44409142466661,88.33304119207654,-0.27019428961911274,2.6187554777908133
s18,walk,s18_walk,33000,2021-01-01 19:39:00.094987,86.95652173913044,87.27398896583956,87.27398896583956,87.96237291289358,0.31746722670912675,1.0058511737631477
s18,walk,s18_walk,34000,2021-01-01 19:39:02.094987,90.09009009009009,88.8627882886531,88.8627882886531,88.27751829440942,-1.2273018014369796,-1.8125717956806682
s18,walk,s18_walk,35000,2021-01-01 19:39:04.094987,90.63444108761328,90.51483369135525,90.51483369135525,89.06057868334045,-0.11960739625803285,-1.5738624042728304
s18,walk,s18_walk,36000,2021-01-01 19:39:06.094987,94.9367088607595,93.67414019239679,93.67414019239679,90.67532521151017,-1.2625686683627038,-4.261383649249325
s18,walk,s18_walk,37000,2021-01-01 19:39:08.094987,98.6842105263158,97.55887953328356,97.55887953328356,93.08456922413086,-1.125330993032236,-5.599641302184935
s18,walk,s18_walk,38000,2021-01-01 19:39:10.094987,101.18043844856662,100.4856769907745,100.4856769907745,95.67495694245613,-0.6947614577921257,-5.505481506110485
s18,walk,s18_walk,39000,2021-01-01 19:39:12.094987,101.52284263959392,102.20318358902948,102.20318358902948,97.9598362687568,0.6803409494355606,-3.5630063708371154
s18,walk,s18_walk,40000,2021-01-01 19:39:14.094987,101.52284263959392,100.20767345345962,100.20767345345962,98.74657928340278,-1.3151691861342982,-2.776263356191137
s18,walk,s18_walk,41000,2021-01-01 19:39:16.094987,86.20689655172414,91.30528595848354,91.30528595848354,96.14212661968105,5.098389406759395,9.935230067956908
s18,walk,s18_walk,42000,2021-01-01 19:39:18.094987,85.22727272727273,86.85316170376007,86.85316170376007,92.8909888991087,1.6258889764873317,7.663716171835972
s18,walk,s18_walk,43000,2021-01-01 19:39:20.094987,85.22727272727273,85.60630667088776,85.60630667088776,90.34135011923138,0.3790339436150276,5.114077391958645
s18,walk,s18_walk,44000,2021-01-01 19:39:22.094987,90.36144578313252,89.73154920298465,89.73154920298465,90.12791979854502,-0.6298965801478715,-0.2335259845875015
s18,walk,s18_walk,45000,2021-01-01 19:39:24.094987,94.33962264150944,93.57564966366961,93.57564966366961,91.33462525133862,-0.7639729778398276,-3.0049973901708142
s18,walk,s18_walk,46000,2021-01-01 19:39:26.094987,97.0873786407767,98.098147421835,98.098147421835,93.70185801101235,1.0107687810582888,-3.3855206297643576
s18,walk,s18_walk,47000,2021-01-01 19:39:28.094987,97.0873786407767,96.09759503446114,96.09759503446114,94.54036596921942,-0.9897836063155694,-2.547012671557283
s18,walk,s18_walk,48000,2021-01-01 19:39:30.094987,90.09009009009009,89.98686377337445,89.98686377337445,92.94664020067368,-0.10322631671563443,2.8565501105835978
s18,walk,s18_walk,49000,2021-01-01 19:39:32.094987,87.46355685131195,87.48333009732359,87.48333009732359,91.03448166450114,0.019773246011638435,3.570924813189194
s18,walk,s18_walk,50000,2021-01-01 19:39:34.094987,87.97653958944281,89.14493660951359,89.14493660951359,90.3731408952555,1.1683970200707847,2.3966013058126947
s18,walk,s18_walk,51000,2021-01-01 19:39:36.094987,92.44992295839754,92.3335782432345,92.3335782432345,91.05929396704815,-0.1163447151630379,-1.3906289913493879
s18,walk,s18_walk,52000,2021-01-01 19:39:38.094987,94.48818897637796,95.55722418763618,95.55722418763618,92.63356954425396,1.0690352112582246,-1.8546194321239966
s18,walk,s18_walk,53000,2021-01-01 19:39:40.094987,96.93053311793214,96.93414325201425,96.93414325201425,94.13877034197006,0.0036101340821090844,-2.791762775962084
s18,walk,s18_walk,54000,2021-01-01 19:39:42.094987,95.84664536741214,95.97496580553208,95.97496580553208,94.78143875421677,0.12832043811994254,-1.0652066131953717
s18,walk,s18_walk,55000,2021-01-01 19:39:44.094987,95.69377990430624,95.63554000984857,95.63554000984857,95.0803741936879,-0.05823989445767097,-0.6134057106183377
s18,walk,s18_walk,56000,2021-01-01 19:39:46.094987,97.0873786407767,97.71779942436704,97.71779942436704,96.0034730244256,0.6304207835903384,-1.0839056163511032
s18,walk,s18_walk,57000,2021-01-01 19:39:48.094987,97.87928221859708,98.15131999774495,98.15131999774495,96.75521946508738,0.2720377791478654,-1.1240627535097047
s18,walk,s18_walk,58000,2021-01-01 19:39:50.094987,97.87928221859708,95.81981939377276,95.81981939377276,96.42782944012725,-2.0594628248243225,-1.4514527784698288
s18,walk,s18_walk,59000,2021-01-01 19:39:52.094987,92.5925925925926,92.75413188139436,92.75413188139436,95.14203529457075,0.16153928880176238,2.549442701978151
s18,walk,s18_walk,60000,2021-01-01 19:39:54.094987,89.55223880597015,90.48664780298408,90.48664780298408,93.51264967251541,0.9344089970139322,3.96041086654526
s18,walk,s18_walk,61000,2021-01-01 19:39:56.094987,89.55223880597015,90.0340262183514,90.0340262183514,92.29513146355801,0.48178741238125156,2.742892657587859
s18,walk,s18_walk,62000,2021-01-01 19:39:58.094987,91.6030534351145,90.46792115864478,90.46792115864478,91.65560785683839,-1.1351322764697187,0.05255442172388314
s18,walk,s18_walk,63000,2021-01-01 19:40:00.094987,98.36065573770492,98.07510391330675,98.07510391330675,93.90243147660232,-0.2855518243981692,-4.4582242611026
s18,walk,s18_walk,64000,2021-01-01 19:40:02.094987,100.67114093959732,100.33411575729048,100.33411575729048,96.15352097484318,-0.33702518230684575,-4.517619964754147
s18,walk,s18_walk,65000,2021-01-01 19:40:04.094987,100.67114093959732,96.65495167070607,96.65495167070607,96.32902171839518,-4.016189268891253,-4.34211922120214
s18,walk,s18_walk,66000,2021-01-01 19:40:06.094987,92.5925925925926,92.00141699338747,92.00141699338747,94.81436006464247,-0.5911755992051297,2.2217674720498763
s18,walk,s18_walk,67000,2021-01-01 19:40:08.094987,90.63444108761328,90.62736489878978,90.62736489878978,93.34891175659403,-0.007076188823504026,2.714470668980752
s18,walk,s18_walk,68000,2021-01-01 19:40:10.094987,90.63444108761328,91.24413496610374,91.24413496610374,92.61223987992243,0.6096938784904609,1.9777987923091445
s18,walk,s18_walk,69000,2021-01-01 19:40:12.094987,97.2447325769854,94.28907889320217,94.28907889320217,93.19913353457034,-2.9556536837832255,-4.045599042415063
s18,walk,s18_walk,70000,2021-01-01 19:40:14.094987,97.87928221859708,97.35839255704394,97.35839255704394,94.6548741924361,-0.5208896615531415,-3.2244080261609867
s18,walk,s18_walk,71000,2021-01-01 19:40:16.094987,98.03921568627452,97.36987506223917,97.36987506223917,95.60512449686718,-0.6693406240353426,-2.43409118940734
s18,walk,s18_walk,72000,2021-01-01 19:40:18.094987,97.87928221859708,97.04950749723459,97.04950749723459,96.11065854699577,-0.8297747213624973,-1.7686236716013184
s18,walk,s18_walk,73000,2021-01-01 19:40:20.094987,92.5925925925926,93.70510784477898,93.70510784477898,95.26871580121988,1.112515252186384,2.6761232086272884
s18,walk,s18_walk,74000,2021-01-01 19:40:22.094987,93.75,93.70995158062489,93.70995158062489,94.72314832401165,-0.040048419375111166,0.9731483240116461
s18,walk,s18_walk,75000,2021-01-01 19:40:24.094987,96.30818619582664,95.81476485534891,95.81476485534891,95.1052141099797,-0.4934213404777239,-1.2029720858469375
s18,walk,s18_walk,76000,2021-01-01 19:40:26.094987,98.19967266775778,97.80861698075566,97.80861698075566,96.05140511475128,-0.39105568700212245,-2.148267553006505
s18,walk,s18_walk,77000,2021-01-01 19:40:28.094987,98.36065573770492,97.46383519232111,97.46383519232111,96.54575564190071,-0.8968205453838038,-1.8149000958042052
s18,walk,s18_walk,78000,2021-01-01 19:40:30.094987,97.5609756097561,97.37417918768676,97.37417918768676,96.83570388292583,-0.18679642206933522,-0.7252717268302717
s18,walk,s18_walk,79000,2021-01-01 19:40:32.094987,97.0873786407767,96.80332608173327,96.80332608173327,96.82437165250843,-0.2840525590434311,-0.2630069882682733
s18,walk,s18_walk,80000,2021-01-01 19:40:34.094987,97.4025974025974,97.2672732188519,97.2672732188519,96.97938720072864,-0.13532418374549593,-0.4232102018687556
s18,walk,s18_walk,81000,2021-01-01 19:40:36.094987,99.009900990099,98.72383329403884,98.72383329403884,97.58994333338721,-0.286067696060158,-1.4199576567117873
s18,walk,s18_walk,82000,2021-01-01 19:40:38.094987,100.0,100.02668363598947,100.02668363598947,98.442802439298,0.0266836359894711,-1.5571975607019937
s18,walk,s18_walk,83000,2021-01-01 19:40:40.094987,100.0,100.18096410660247,100.18096410660247,99.05115902285456,0.18096410660247386,-0.9488409771454371
s18,walk,s18_walk,84000,2021-01-01 19:40:42.094987,98.6842105263158,98.64143141575869,98.64143141575869,98.907754360371,-0.04277911055710604,0.2235438340552065
s18,walk,s18_walk,85000,2021-01-01 19:40:44.094987,98.19967266775778,98.86035512054914,98.86035512054914,98.89116462643335,0.6606824527913631,0.6914919586755701
s18,walk,s18_walk,86000,2021-01-01 19:40:46.094987,98.84678747940691,99.5843177952466,99.5843177952466,99.13376823551799,0.7375303158396918,0.28698075611107754
s18,walk,s18_walk,87000,2021-01-01 19:40:48.094987,99.33774834437088,98.85805325185649,98.85805325185649,99.03726799123646,-0.47969509251439035,-0.300480353134418
s18,walk,s18_walk,88000,2021-01-01 19:40:50.094987,99.009900990099,98.49432979911188,98.49432979911188,98.84723962399286,-0.5155711909871172,-0.16266136610613557
s18,walk,s18_walk,89000,2021-01-01 19:40:52.094987,92.16589861751152,93.63645285844379,93.63645285844379,97.02346425605069,1.4705542409322732,4.857565638539171
s18,walk,s18_walk,90000,2021-01-01 19:40:54.094988,91.88361408882082,91.53081576769092,91.53081576769092,95.10103728512478,-0.35279832112989595,3.2174231963039546
s18,walk,s18_walk,91000,2021-01-01 19:40:56.094988,93.16770186335404,92.89176487345176,92.89176487345176,94.32779194103922,-0.2759369899022772,1.160090077685183
s18,walk,s18_walk,92000,2021-01-01 19:40:58.094988,98.03921568627452,96.60500024620978,96.60500024620978,95.12481484784891,-1.4342154400647331,-2.914400838425607
s18,walk,s18_walk,93000,2021-01-01 19:41:00.094988,97.4025974025974,96.81153978388187,96.81153978388187,95.71516857546044,-0.5910576187155243,-1.687428827136955
s18,walk,s18_walk,94000,2021-01-01 19:41:02.094988,96.61835748792272,96.02562555981066,96.02562555981066,95.82382851998301,-0.5927319281120589,-0.7945289679397121
s18,walk,s18_walk,95000,2021-01-01 19:41:04.094988,93.45794392523364,93.08542336381808,93.08542336381808,94.86538671532529,-0.37252056141555556,1.4074427900916504
s18,walk,s18_walk,96000,2021-01-01 19:41:06.094988,93.45794392523364,92.34242790811035,92.34242790811035,93.98235113280006,-1.1155160171232836,0.5244072075664263
s18,walk,s18_walk,97000,2021-01-01 19:41:08.094988,94.04388714733544,92.06446539550706,92.06446539550706,93.31109112474752,-1.979421751828383,-0.7327960225879195
s18,walk,s18_walk,98000,2021-01-01 19:41:10.094988,96.4630225080386,95.79729033492518,95.79729033492518,94.1812608483097,-0.665732173113426,-2.2817616597289003
s18,walk,s18_walk,99000,2021-01-01 19:41:12.094988,98.6842105263158,97.90862080162589,97.90862080162589,95.48583683197037,-0.7755897246899082,-3.1983736943454204
s18,walk,s18_walk,100000,2021-01-01 19:41:14.094988,99.83361064891848,98.91730026165402,98.91730026165402,96.68684903235965,-0.9163103872644598,-3.146761616558834
s18,walk,s18_walk,101000,2021-01-01 19:41:16.094988,99.83361064891848,99.47175106822979,99.47175106822979,97.66156474491419,-0.3618595806886873,-2.1720459040042925
s18,walk,s18_walk,102000,2021-01-01 19:41:18.094988,99.33774834437088,100.54428389423309,100.54428389423309,98.6705164471758,1.2065355498622097,-0.6672318971950801
s18,walk,s18_walk,103000,2021-01-01 19:41:20.094988,98.84678747940691,98.86300611097796,98.86300611097796,98.73788782950655,0.01621863157104997,-0.1088996499003656
s18,walk,s18_walk,104000,2021-01-01 19:41:22.094988,98.36065573770492,98.328532478064,98.328532478064,98.59461345650166,-0.03212325964091178,0.23395771879674498
s18,walk,s18_walk,105000,2021-01-01 19:41:24.094988,97.5609756097561,96.49578899261381,96.49578899261381,97.8600248941409,-1.0651866171422881,0.2990492843848074
s18,walk,s18_walk,106000,2021-01-01 19:41:26.094988,97.0873786407767,93.82137155121163,93.82137155121163,96.44649622411566,-3.266007089565079,-0.640882416661043
s18,walk,s18_walk,107000,2021-01-01 19:41:28.094988,87.97653958944281,89.3790571943418,89.3790571943418,93.97289256369481,1.4025176048989891,5.996352974252005
s18,walk,s18_walk,108000,2021-01-01 19:41:30.094988,86.20689655172414,86.54387265628795,86.54387265628795,91.3727355961024,0.3369761045638029,5.165839044378259
s18,walk,s18_walk,109000,2021-01-01 19:41:32.094988,86.70520231213874,86.78628837703468,86.78628837703468,89.7674790694287,0.08108606489594194,3.0622767572899647
s18,walk,s18_walk,110000,2021-01-01 19:41:34.094988,92.3076923076923,90.421177725358,90.421177725358,89.99627359900396,-1.8865145823343,-2.3114187086883504
s18,walk,s18_walk,111000,2021-01-01 19:41:36.094988,94.04388714733544,92.41086610948717,92.41086610948717,90.84138097767308,-1.6330210378482661,-3.2025061696623567
s18,walk,s18_walk,112000,2021-01-01 19:41:38.094988,94.33962264150944,93.66545222756582,93.66545222756582,91.82980591513554,-0.6741704139436138,-2.5098167263738986
s18,walk,s18_walk,113000,2021-01-01 19:41:40.094988,94.33962264150944,92.87895178017587,92.87895178017587,92.19700696789965,-1.4606708613335684,-2.1426156736097823
s18,walk,s18_walk,114000,2021-01-01 19:41:42.094988,94.04388714733544,92.85999143123048,92.85999143123048,92.42905153006544,-1.1838957161049564,-1.6148356172700034
s18,walk,s18_walk,115000,2021-01-01 19:41:44.094988,94.19152276295134,93.03187393760618,93.03187393760618,92.6400393727047,-1.1596488253451582,-1.5514833902466307
s18,walk,s18_walk,116000,2021-01-01 19:41:46.094988,94.6372239747634,94.78426235583812,94.78426235583812,93.3905174168014,0.14703838107472222,-1.2467065579619998
s18,walk,s18_walk,117000,2021-01-01 19:41:48.094988,94.6372239747634,94.70501410782373,94.70501410782373,93.85059125865922,0.06779013306032766,-0.7866327161041795
s18,walk,s18_walk,118000,2021-01-01 19:41:50.094988,91.1854103343465,93.07778737759952,93.07778737759952,93.58010990028833,1.8923770432530205,2.394699565941835
s18,walk,s18_walk,119000,2021-01-01 19:41:52.094988,90.09009009009009,90.74106805063647,90.74106805063647,92.58644525291018,0.6509779605463848,2.4963551628200946
s18,walk,s18_walk,120000,2021-01-01 19:41:54.094988,90.09009009009009,90.10475967862025,90.10475967862025,91.71785530190871,0.014669588530168198,1.6277652118186268
s18,walk,s18_walk,121000,2021-01-01 19:41:56.094988,93.89671361502349,91.66591649506961,91.66591649506961,91.69967671951503,-2.230797119953877,-2.197036895508461
s18,walk,s18_walk,122000,2021-01-01 19:41:58.094988,98.03921568627452,98.59917762793654,98.59917762793654,94.11450203746256,0.5599619416620243,-3.9247136488119594
s18,walk,s18_walk,123000,2021-01-01 19:42:00.094988,98.03921568627452,97.7170070785588,97.7170070785588,95.37537880184624,-0.3222086077157229,-2.663836884428278
s18,walk,s18_walk,124000,2021-01-01 19:42:02.094988,96.4630225080386,96.04025948045171,96.04025948045171,95.60808703935815,-0.4227630275868961,-0.854935468680452
s18,walk,s18_walk,125000,2021-01-01 19:42:04.094988,90.36144578313252,92.2434684751058,92.2434684751058,94.43047054186982,1.882022691973276,4.069024758737299
s18,walk,s18_walk,126000,2021-01-01 19:42:06.094988,90.36144578313252,91.32427295352186,91.32427295352186,93.34330138594802,0.9628271703893319,2.9818556028155
s18,walk,s18_walk,127000,2021-01-01 19:42:08.094988,91.74311926605505,92.79995428054909,92.79995428054909,93.1531298990584,1.056835014494041,1.4100106330033526
s18,walk,s18_walk,128000,2021-01-01 19:42:10.094988,98.6842105263158,99.08828622420705,99.08828622420705,95.23043461286042,0.4040756978912583,-3.453775913455374
s18,walk,s18_walk,129000,2021-01-01 19:42:12.094988,98.6842105263158,97.63094168988445,97.63094168988445,96.07061208981884,-1.053268836431343,-2.6135984364969573
s18,walk,s18_walk,130000,2021-01-01 19:42:14.094988,96.15384615384616,95.9474279423731,95.9474279423731,96.02749763821282,-0.20641821147306416,-0.12634851563333882
s18,walk,s18_walk,131000,2021-01-01 19:42:16.094988,95.38950715421304,93.65534333576876,93.65534333576876,95.1972436323574,-1.734163818444273,-0.19226352185563655
s18,walk,s18_walk,132000,2021-01-01 19:42:18.094988,94.9367088607595,93.40775688198495,93.40775688198495,94.57092326972705,-1.5289519787745434,-0.36578559103244856
s18,walk,s18_walk,133000,2021-01-01 19:42:20.094988,98.52216748768473,96.85788152246472,96.85788152246472,95.37135865818523,-1.664285965220003,-3.1508088294994963
s18,walk,s18_walk,134000,2021-01-01 19:42:22.094988,98.6842105263158,98.40553735347899,98.40553735347899,96.43332120153804,-0.27867317283680393,-2.2508893247777593
s18,walk,s18_walk,135000,2021-01-01 19:42:24.094988,98.6842105263158,97.54778887846315,97.54778887846315,96.82338488846182,-1.136421647852643,-1.8608256378539778
s18,walk,s18_walk,136000,2021-01-01 19:42:26.094988,95.08716323296356,92.85696824467713,92.85696824467713,95.43513906313717,-2.230194988286428,0.3479758301736098
s18,walk,s18_walk,137000,2021-01-01 19:42:28.094988,92.87925696594426,92.75926131506793,92.75926131506793,94.49858185131293,-0.11999565087633357,1.6193248853686697
s18,walk,s18_walk,138000,2021-01-01 19:42:30.094988,98.03921568627452,96.36250257719786,96.36250257719786,95.15095410537265,-1.6767131090766583,-2.888261580901869
s18,walk,s18_walk,139000,2021-01-01 19:42:32.094988,98.84678747940691,98.70198272678961,98.70198272678961,96.39381412286858,-0.1448047526173042,-2.4529733565383367
s18,walk,s18_walk,140000,2021-01-01 19:42:34.094988,99.009900990099,98.65201019611754,98.65201019611754,97.18418274850572,-0.3578907939814542,-1.825718241593279
s18,walk,s18_walk,141000,2021-01-01 19:42:36.094988,99.33774834437088,99.11728316193971,99.11728316193971,97.86076789320762,-0.22046518243116964,-1.4769804511632572
s18,walk,s18_walk,142000,2021-01-01 19:42:38.094988,98.84678747940691,98.85292283556653,98.85292283556653,98.20802212303323,0.0061353561596178,-0.6387653563736819
s18,walk,s18_walk,143000,2021-01-01 19:42:40.094988,99.009900990099,98.24065467696961,98.24065467696961,98.21944351691096,-0.7692463131293863,-0.7904574731880416
s18,walk,s18_walk,144000,2021-01-01 19:42:42.094988,97.87928221859708,96.880034065406,96.880034065406,97.75065020888422,-0.9992481531910897,-0.12863200971285949
s18,walk,s18_walk,145000,2021-01-01 19:42:44.094988,96.4630225080386,95.97731207508365,95.97731207508365,97.12998186205402,-0.48571043295495997,0.6669593540154182
s18,walk,s18_walk,146000,2021-01-01 19:42:46.094988,93.45794392523364,95.27791664969033,95.27791664969033,96.48175903772673,1.8199727244566901,3.0238151124930965
s18,walk,s18_walk,147000,2021-01-01 19:42:48.094988,94.19152276295134,93.16173853329128,93.16173853329128,95.31975186117432,-1.0297842296600521,1.1282290982229881
s18,walk,s18_walk,148000,2021-01-01 19:42:50.094988,95.54140127388536,94.90785061315064,94.90785061315064,95.17558642436603,-0.6335506607347128,-0.3658148495193245
s18,walk,s18_walk,149000,2021-01-01 19:42:52.094988,96.7741935483871,96.57904339398581,96.57904339398581,95.66679636373294,-0.1951501544012899,-1.107397184654161
s18,walk,s18_walk,150000,2021-01-01 19:42:54.094988,96.7741935483871,95.91783650537543,95.91783650537543,95.75466041330782,-0.8563570430116698,-1.0195331350792856
s18,walk,s18_walk,151000,2021-01-01 19:42:56.094988,92.3076923076923,92.40873827637643,92.40873827637643,94.58358766538183,0.10104596868411875,2.275895357689521
s18,walk,s18_walk,152000,2021-01-01 19:42:58.094988,92.3076923076923,92.43525122219285,92.43525122219285,93.83166991026567,0.1275589145005398,1.5239776025733676
s18,walk,s18_walk,153000,2021-01-01 19:43:00.094988,95.38950715421304,93.75895784921578,93.75895784921578,93.80622068889821,-1.6305493049972597,-1.5832864653148278
s18,walk,s18_walk,154000,2021-01-01 19:43:02.094988,96.4630225080386,96.5793969341378,96.5793969341378,94.77683237473207,0.11637442609919901,-1.686190133306539
s18,walk,s18_walk,155000,2021-01-01 19:43:04.094988,96.4630225080386,96.13329902602521,96.13329902602521,95.25159570268465,-0.3297234820133923,-1.2114268053539519
s18,walk,s18_walk,156000,2021-01-01 19:43:06.094988,91.1854103343465,92.4056141183072,92.4056141183072,94.25550214815254,1.2202037839606987,3.0700918138060445
s18,walk,s18_walk,157000,2021-01-01 19:43:08.094988,91.1854103343465,90.08653542833325,90.08653542833325,92.79636379621579,-1.0988749060132506,1.6109534618692862
s18,walk,s18_walk,158000,2021-01-01 19:43:10.094988,92.3076923076923,92.11469938913807,92.11469938913807,92.55778125373858,-0.19299291855423917,0.25008894604627585
s18,walk,s18_walk,159000,2021-01-01 19:43:12.094988,96.61835748792272,94.00608306086271,94.00608306086271,93.06468688623202,-2.612274427060015,-3.5536706016906976
s18,walk,s18_walk,160000,2021-01-01 19:43:14.094988,98.03921568627452,96.90792223714807,96.90792223714807,94.40981925905264,-1.1312934491264457,-3.6293964272218773
s18,walk,s18_walk,161000,2021-01-01 19:43:16.094988,98.03921568627452,97.20475566950195,97.20475566950195,95.3880470027099,-0.8344600167725673,-2.65116868356462
s18,walk,s18_walk,162000,2021-01-01 19:43:18.094988,97.87928221859708,97.72432784699551,97.72432784699551,96.20574529820986,-0.1549543716015762,-1.673536920387221
s18,walk,s18_walk,163000,2021-01-01 19:43:20.094988,97.87928221859708,99.44571969472098,99.44571969472098,97.33973633698875,1.5664374761238946,-0.5395458816083334
s18,walk,s18_walk,164000,2021-01-01 19:43:22.094988,100.50251256281408,99.83324914047407,99.83324914047407,98.21246581820861,-0.6692634223400091,-2.290046744605462
s18,walk,s18_walk,165000,2021-01-01 19:43:24.094988,100.50251256281408,98.9140201223188,98.9140201223188,98.45800982464718,-1.5884924404952727,-2.044502738166898
s18,walk,s18_walk,166000,2021-01-01 19:43:26.094988,97.2447325769854,95.99751301777498,95.99751301777498,97.59683594224191,-1.2472195592104214,0.35210336525651087
s18,walk,s18_walk,167000,2021-01-01 19:43:28.094988,91.74311926605505,91.14615788815149,91.14615788815149,95.33909862331026,-0.5969613779035541,3.5959793572552172
s18,walk,s18_walk,168000,2021-01-01 19:43:30.094988,91.74311926605505,90.6091018562331,90.6091018562331,93.68359975483325,-1.1340174098219507,1.9404804887782063
s18,walk,s18_walk,169000,2021-01-01 19:43:32.094988,93.45794392523364,92.07145882669045,92.07145882669045,93.11935042998327,-1.38648509854319,-0.33859349525036464
s18,walk,s18_walk,170000,2021-01-01 19:43:34.094988,95.54140127388536,94.1779563870191,94.1779563870191,93.48986251494581,-1.3634448868662616,-2.051538758939543
s18,walk,s18_walk,171000,2021-01-01 19:43:36.094988,95.54140127388536,95.30298328164221,95.30298328164221,94.12445478328956,-0.23841799224314286,-1.416946490595791
s18,walk,s18_walk,172000,2021-01-01 19:43:38.094988,95.54140127388536,94.88786564267997,94.88786564267997,94.39164858407621,-0.6535356312053864,-1.149752689809148
s18,walk,s18_walk,173000,2021-01-01 19:43:40.094988,96.0,94.281963909578,94.281963909578,94.35325894800184,-1.7180360904220038,-1.6467410519981627
s18,walk,s18_walk,174000,2021-01-01 19:43:42.094988,96.15384615384616,95.37377151460143,95.37377151460143,94.71043834631169,-0.7800746392447309,-1.44340780753447
s18,walk,s18_walk,175000,2021-01-01 19:43:44.094988,96.15384615384616,96.28479720704492,96.28479720704492,95.26146394756832,0.130951053198757,-0.8923822062778441
s18,walk,s18_walk,176000,2021-01-01 19:43:46.094988,96.61835748792272,97.15645321873725,97.15645321873725,95.92471019247745,0.5380957308145327,-0.6936472954452739
s18,walk,s18_walk,177000,2021-01-01 19:43:48.094988,96.0,96.57762019050605,96.57762019050605,96.15322869178746,0.5776201905060532,0.15322869178746146
s18,walk,s18_walk,178000,2021-01-01 19:43:50.094988,95.84664536741214,95.47175853402803,95.47175853402803,95.91471413657166,-0.3748868333841102,0.06806876915952387
s18,walk,s18_walk,179000,2021-01-01 19:43:52.094988,94.33962264150944,94.62316027157058,94.62316027157058,95.46267028382128,0.2835376300611472,1.123047642311846
s18,walk,s18_walk,180000,2021-01-01 19:43:54.094988,95.54140127388536,94.49667038162417,94.49667038162417,95.12457031805229,-1.0447308922611853,-0.4168309558330634
s18,walk,s18_walk,181000,2021-01-01 19:43:56.094988,96.7741935483871,96.35909699594795,96.35909699594795,95.55665465531578,-0.41509655243915233,-1.2175388930713211
s18,walk,s18_walk,182000,2021-01-01 19:43:58.094988,97.0873786407767,97.53381987187997,97.53381987187997,96.24866248111326,0.4464412311032646,-0.8387161596634485
s18,walk,s18_walk,183000,2021-01-01 19:44:00.094988,97.0873786407767,97.04409930458482,97.04409930458482,96.52706536932831,-0.04327933619188684,-0.5603132714483934
s18,walk,s18_walk,184000,2021-01-01 19:44:02.094988,94.6372239747634,96.41727495217498,96.41727495217498,96.48863872332464,1.7800509774115767,1.8514147485612398
s18,walk,s18_walk,185000,2021-01-01 19:44:04.094988,94.6372239747634,93.8632890142253,93.8632890142253,95.56976632513988,-0.7739349605380994,0.9325423503764796
s18,walk,s18_walk,186000,2021-01-01 19:44:06.094988,96.7741935483871,97.38188855780736,97.38188855780736,96.2040091065735,0.6076950094202545,-0.570184441813609
s18,walk,s18_walk,187000,2021-01-01 19:44:08.094988,98.6842105263158,97.9241131273333,97.9241131273333,96.80604551383942,-0.7600973989824951,-1.878165012476373
s18,walk,s18_walk,188000,2021-01-01 19:44:10.094988,98.6842105263158,97.91339184671713,97.91339184671713,97.19361673034663,-0.770818679598662,-1.4905937959691613
s18,walk,s18_walk,189000,2021-01-01 19:44:12.094988,97.0873786407767,96.58525943273814,96.58525943273814,96.98069167618365,-0.5021192080385646,-0.10668696459305238
s18,walk,s18_walk,190000,2021-01-01 19:44:14.094988,93.16770186335404,93.99832896990456,93.99832896990456,95.93686472898597,0.8306271065505229,2.7691628656319267
s18,walk,s18_walk,191000,2021-01-01 19:44:16.094988,92.5925925925926,92.72573242710355,92.72573242710355,94.81296842332712,0.13313983451095623,2.2203758307345254
s18,walk,s18_walk,192000,2021-01-01 19:44:18.094988,93.16770186335404,93.22523948114682,93.22523948114682,94.25726329356402,0.05753761779277511,1.089561430209983
s18,walk,s18_walk,193000,2021-01-01 19:44:20.094988,98.03921568627452,96.24154746343336,96.24154746343336,94.9517627530183,-1.7976682228411534,-3.087452933256216
s18,walk,s18_walk,194000,2021-01-01 19:44:22.094988,97.5609756097561,97.01869062078275,97.01869062078275,95.67518750673585,-0.5422849889733499,-1.8857881030202464
s18,walk,s18_walk,195000,2021-01-01 19:44:24.094988,95.38950715421304,96.68994374576235,96.68994374576235,96.03035219039512,1.300436591549314,0.6408450361820854
s18,walk,s18_walk,196000,2021-01-01 19:44:26.094988,93.89671361502349,93.04343399558601,93.04343399558601,94.98493082221194,-0.8532796194374725,1.0882172071884497
s18,walk,s18_walk,197000,2021-01-01 19:44:28.094988,93.89671361502349,94.28544366364076,94.28544366364076,94.74011031671202,0.3887300486172762,0.8433967016885333
s18,walk,s18_walk,198000,2021-01-01 19:44:30.094988,99.66777408637874,98.64465380819523,98.64465380819523,96.10670053873113,-1.0231202781835123,-3.5610735476476094
s18,walk,s18_walk,199000,2021-01-01 19:44:32.094988,102.21465076660988,101.57919208843221,101.57919208843221,98.02207258112651,-0.6354586781776703,-4.19257818548337
s18,walk,s18_walk,200000,2021-01-01 19:44:34.094988,103.09278350515464,103.69881238997347,103.69881238997347,100.00893151422295,0.6060288848188264,-3.0838519909316915
s18,walk,s18_walk,201000,2021-01-01 19:44:36.094988,102.38907849829351,103.12678752815513,103.12678752815513,101.1001811190992,0.7377090298616196,-1.2888973791943101
s18,walk,s18_walk,202000,2021-01-01 19:44:38.094988,102.21465076660988,102.64723747006693,102.64723747006693,101.6416508419379,0.43258670345704786,-0.5729999246719757
s18,walk,s18_walk,203000,2021-01-01 19:44:40.094988,99.33774834437088,100.5326339653559,100.5326339653559,101.2534949351342,1.1948856209850192,1.9157465907633195
s18,walk,s18_walk,204000,2021-01-01 19:44:42.094988,97.7198697068404,97.31689027692241,97.31689027692241,99.87568330476009,-0.4029794299179912,2.155813597919689
s18,walk,s18_walk,205000,2021-01-01 19:44:44.094988,97.0873786407767,95.00931759066275,95.00931759066275,98.17245530482603,-2.078061050113959,1.0850766640493248
s18,walk,s18_walk,206000,2021-01-01 19:44:46.094988,93.89671361502349,92.86700489020735,92.86700489020735,96.3155476597095,-1.0297087248161318,2.418834044686008
s18,walk,s18_walk,207000,2021-01-01 19:44:48.094988,93.89671361502349,93.39040847373774,93.39040847373774,95.29174894461937,-0.5063051412857504,1.3950353295958848
s18,walk,s18_walk,208000,2021-01-01 19:44:50.094989,100.33444816053512,99.38291787771537,99.38291787771537,96.72365807120298,-0.9515302828197463,-3.6107900893321414
s18,walk,s18_walk,209000,2021-01-01 19:44:52.094989,100.67114093959732,101.77866879163834,101.77866879163834,98.49291182335536,1.1075278520410166,-2.1782291162419654
s18,walk,s18_walk,210000,2021-01-01 19:44:54.094989,102.56410256410255,101.9508027405706,101.9508027405706,99.70317364438068,-0.6132998235319604,-2.8609289197218715
s18,walk,s18_walk,211000,2021-01-01 19:44:56.094989,102.38907849829351,101.75358679560108,101.75358679560108,100.42081824730784,-0.635491702692434,-1.9682602509856792
s18,walk,s18_walk,212000,2021-01-01 19:44:58.094989,102.04081632653062,101.76801681102526,101.76801681102526,100.89233774460894,-0.27279951550535486,-1.1484785819216796
s18,walk,s18_walk,213000,2021-01-01 19:45:00.094989,101.35135135135135,101.76372018958729,101.76372018958729,101.19732160035136,0.41236883823593473,-0.15402975099999594
s18,walk,s18_walk,214000,2021-01-01 19:45:02.094989,99.33774834437088,99.17015948473626,99.17015948473626,100.48781485988607,-0.16758885963461978,1.1500665155151921
s18,walk,s18_walk,215000,2021-01-01 19:45:04.094989,100.67114093959732,99.63784647376816,99.63784647376816,100.1903259247448,-1.033294465829158,-0.4808150148525243
s18,walk,s18_walk,216000,2021-01-01 19:45:06.094989,100.1669449081803,100.01512629465728,100.01512629465728,100.12900605421416,-0.1518186135230195,-0.03793885396613916
s18,walk,s18_walk,217000,2021-01-01 19:45:08.094989,100.1669449081803,99.45498895429449,99.45498895429449,99.89310006924228,-0.7119559538858056,-0.27384483893801814
s18,walk,s18_walk,218000,2021-01-01 19:45:10.094989,97.87928221859708,99.11619495455014,99.11619495455014,99.62118327910002,1.2369127359530552,1.74190106050294
s18,walk,s18_walk,219000,2021-01-01 19:45:12.094989,97.87928221859708,97.54950588664119,97.54950588664119,98.89609619173942,-0.32977633195589817,1.0168139731423338
s18,walk,s18_walk,220000,2021-01-01 19:45:14.094989,97.0873786407767,97.39120223889967,97.39120223889967,98.36938330824549,0.30382359812296045,1.282004667468783
s18,walk,s18_walk,221000,2021-01-01 19:45:16.094989,97.0873786407767,97.0929744668882,97.0929744668882,97.92264021377044,0.0055958261114881225,0.8352615729937298
s18,walk,s18_walk,222000,2021-01-01 19:45:18.094989,94.48818897637796,95.17271282659561,95.17271282659561,96.96016562825925,0.6845238502176585,2.471976651881292
s18,walk,s18_walk,223000,2021-01-01 19:45:20.094989,94.48818897637796,95.50899395262667,95.50899395262667,96.45225554178785,1.0208049762487121,1.9640665654098939
s18,walk,s18_walk,224000,2021-01-01 19:45:22.094989,101.35135135135135,101.1703723566188,101.1703723566188,98.10359642697868,-0.18097899473255552,-3.2477549243726713
s18,walk,s18_walk,225000,2021-01-01 19:45:24.094989,101.35135135135135,102.81015405056198,102.81015405056198,99.75089159523284,1.4588026992106222,-1.6004597561185108
s18,walk,s18_walk,226000,2021-01-01 19:45:26.094989,103.44827586206895,103.07941853488578,103.07941853488578,100.91587602411136,-0.36885732718317854,-2.5323998379575983
s18,walk,s18_walk,227000,2021-01-01 19:45:28.094989,102.73972602739728,102.2675284210462,102.2675284210462,101.38895436303855,-0.472197606351088,-1.3507716643587315
s18,walk,s18_walk,228000,2021-01-01 19:45:30.094989,99.33774834437088,100.41864744016368,100.41864744016368,101.04934694003235,1.0808990957928017,1.7115985956614708
s18,walk,s18_walk,229000,2021-01-01 19:45:32.094989,96.61835748792272,97.58465451839164,97.58465451839164,99.83670459245809,0.9662970304689225,3.2183471045353684
s18,walk,s18_walk,230000,2021-01-01 19:45:34.094989,93.16770186335404,93.42909905491044,93.42909905491044,97.59404265431641,0.26139719155639796,4.426340790962371
s18,walk,s18_walk,231000,2021-01-01 19:45:36.094989,92.5925925925926,92.07932984686836,92.07932984686836,95.66389317170959,-0.5132627457242336,3.0713005791169934
s18,walk,s18_walk,232000,2021-01-01 19:45:38.094989,94.9367088607595,93.6866070265427,93.6866070265427,94.97184302090118,-1.2501018342167924,0.03513416014168058
s18,walk,s18_walk,233000,2021-01-01 19:45:40.094989,94.9367088607595,94.06525871345231,94.06525871345231,94.65453851329407,-0.8714501473071863,-0.28217034746542424
s18,walk,s18_walk,234000,2021-01-01 19:45:42.094989,94.04388714733544,92.95294730317815,92.95294730317815,94.0589815897535,-1.0909398441572904,0.015094442418060794
s18,walk,s18_walk,235000,2021-01-01 19:45:44.094989,93.02325581395348,92.8892939114681,92.8892939114681,93.64959090235361,-0.13396190248538176,0.6263350884001255
s18,walk,s18_walk,236000,2021-01-01 19:45:46.094989,91.74311926605505,92.13626761598033,92.13626761598033,93.11992775212296,0.39314834992528347,1.3768084860679153
s18,walk,s18_walk,237000,2021-01-01 19:45:48.094989,92.5925925925926,92.11582764046538,92.11582764046538,92.7684927130428,-0.4767649521272119,0.17590012045020842
s18,walk,s18_walk,238000,2021-01-01 19:45:50.094989,92.7357032457496,92.76355467831097,92.76355467831097,92.76676440088666,0.0278514325613628,0.031061155137052765
s19,run,s19_run,0,2021-01-01 11:58:42.369887,93.45794392523364,91.7183053617793,91.7183053617793,91.7183053617793,-1.739638563454335,-1.739638563454335
s19,run,s19_run,1000,2021-01-01 11:58:44.369887,94.33962264150944,96.85890710534942,96.85890710534942,93.51751597202883,2.5192844638399805,-0.8221066694806041
s19,run,s19_run,2000,2021-01-01 11:58:46.369887,95.23809523809524,97.1205109980835,97.1205109980835,94.77856423114795,1.8824157599882625,-0.4595310069472873
s19,run,s19_run,3000,2021-01-01 11:58:48.369887,95.38950715421304,96.43527673013212,96.43527673013212,95.3584136057924,1.0457695759190813,-0.03109354842062828
s19,run,s19_run,4000,2021-01-01 11:58:50.369887,95.84664536741214,95.87751190078765,95.87751190078765,95.54009800904075,0.030866533375515814,-0.3065473583713896
s19,run,s19_run,5000,2021-01-01 11:58:52.369887,95.38950715421304,94.56398048780339,94.56398048780339,95.19845687660768,-0.8255266664096439,-0.1910502776053562
s19,run,s19_run,6000,2021-01-01 11:58:54.369887,97.4025974025974,96.93581808440806,96.93581808440806,95.80653329933781,-0.4667793181893387,-1.5960641032595788
s19,run,s19_run,7000,2021-01-01 11:58:56.369887,97.5609756097561,97.3685631404477,97.3685631404477,96.35324374372627,-0.19241246930839395,-1.2077318660298317
s19,run,s19_run,8000,2021-01-01 11:58:58.369887,98.6842105263158,96.7282615301334,96.7282615301334,96.48449996896876,-1.9559489961824,-2.199710557347032
s19,run,s19_run,9000,2021-01-01 11:59:00.369887,98.6842105263158,98.56989537355624,98.56989537355624,97.21438836057438,-0.11431515275955917,-1.4698221657414194
s19,run,s19_run,10000,2021-01-01 11:59:02.369887,97.2447325769854,97.06677483624776,97.06677483624776,97.16272362706006,-0.17795774073763937,-0.08200894992533847
s19,run,s19_run,11000,2021-01-01 11:59:04.369887,96.15384615384616,97.08111021669278,97.08111021669278,97.13415893343151,0.9272640628466178,0.980312779585347
s19,run,s19_run,12000,2021-01-01 11:59:06.369887,97.0873786407767,95.84150542749678,95.84150542749678,96.68173020635436,-1.2458732132799213,-0.4056484344223463
s19,run,s19_run,13000,2021-01-01 11:59:08.369887,98.84678747940691,97.63811728171511,97.63811728171511,97.01646568273063,-1.2086701976918022,-1.8303217966762872
s19,run,s19_run,14000,2021-01-01 11:59:10.369887,99.33774834437088,97.33649103868407,97.33649103868407,97.12847455731432,-2.0012573056868064,-2.20927378705656
s19,run,s19_run,15000,2021-01-01 11:59:12.369887,99.50248756218906,99.63606002729743,99.63606002729743,98.0061294718084,0.13357246510837228,-1.496358090380653
s19,run,s19_run,16000,2021-01-01 11:59:14.369887,100.50251256281408,92.4719420923449,92.4719420923449,96.06916388899617,-8.030570470469172,-4.433348673817903
s19,run,s19_run,17000,2021-01-01 11:59:16.369887,101.010101010101,106.32983369599211,106.32983369599211,99.66039832144475,5.319732685891111,-1.3497026886562509
s19,run,s19_run,18000,2021-01-01 11:59:18.369887,102.04081632653062,101.96226973488983,101.96226973488983,100.46605331615052,-0.07854659164078726,-1.5747630103800958
s19,run,s19_run,19000,2021-01-01 11:59:20.369887,105.63380281690142,104.86263805551995,104.86263805551995,102.00485797492982,-0.7711647613814705,-3.6289448419716024
s19,run,s19_run,20000,2021-01-01 11:59:22.369888,105.63380281690142,105.0667434026667,105.0667434026667,103.07651787463773,-0.5670594142347198,-2.557284942263692
s19,run,s19_run,21000,2021-01-01 11:59:24.369888,104.52961672473867,104.5230699850651,104.5230699850651,103.58281111328732,-0.006546739673567004,-0.946805611451353
s19,run,s19_run,22000,2021-01-01 11:59:26.369888,102.04081632653062,102.80374645812103,102.80374645812103,103.31013848397913,0.7629301315904087,1.2693221574485136
s19,run,s19_run,23000,2021-01-01 11:59:28.369888,101.86757215619694,101.2354755785441,101.2354755785441,102.58400646707686,-0.6320965776528453,0.7164343108799187
s19,run,s19_run,24000,2021-01-01 11:59:30.369888,104.16666666666669,105.31631658333639,105.31631658333639,103.5403150077677,1.149649916669702,-0.626351658898983
s19,run,s19_run,25000,2021-01-01 11:59:32.369888,105.07880910683014,105.33681628696357,105.33681628696357,104.16909045548627,0.2580071801334327,-0.9097186513438658
s19,run,s19_run,26000,2021-01-01 11:59:34.369888,104.71204188481676,102.27316794998029,102.27316794998029,103.50551757855916,-2.438873934836465,-1.2065243062575917
s19,run,s19_run,27000,2021-01-01 11:59:36.369888,99.009900990099,96.61687131501154,96.61687131501154,101.09449138631749,-2.393029675087462,2.0845903962184877
s19,run,s19_run,28000,2021-01-01 11:59:38.369888,99.009900990099,97.7023606014142,97.7023606014142,99.90724561160133,-1.3075403886847994,0.8973446215023273
s19,run,s19_run,29000,2021-01-01 11:59:40.369888,100.0,98.79370345246556,98.79370345246556,99.5175058559038,-1.2062965475344356,-0.4824941440961936
s19,run,s19_run,30000,2021-01-01 11:59:42.369888,102.04081632653062,102.34503867064696,102.34503867064696,100.50714234106391,0.3042223441163401,-1.5336739854667059
s19,run,s19_run,31000,2021-01-01 11:59:44.369888,106.0070671378092,104.12577664376919,104.12577664376919,101.77366434701075,-1.881290494040016,-4.233402790798451
s19,run,s19_run,32000,2021-01-01 11:59:46.369888,106.0070671378092,105.07434407834269,105.07434407834269,102.92890225297693,-0.932723059466511,-3.078164884832276
s19,run,s19_run,33000,2021-01-01 11:59:48.369888,104.71204188481676,104.97169877081166,104.97169877081166,103.64388103421908,0.2596568859949002,-1.0681608505976783
s19,run,s19_run,34000,2021-01-01 11:59:50.369888,104.16666666666669,99.91070182702359,99.91070182702359,102.33726831170065,-4.255964839643099,-1.829398354966031
s19,run,s19_run,35000,2021-01-01 11:59:52.369888,102.04081632653062,99.75531108207764,99.75531108207764,101.4335832813326,-2.2855052444529775,-0.607233045198015
s19,run,s19_run,36000,2021-01-01 11:59:54.369888,103.09278350515464,104.7346072818445,104.7346072818445,102.58894168151177,1.6418237766898613,-0.5038418236428726
s19,run,s19_run,37000,2021-01-01 11:59:56.369888,104.16666666666669,104.62355365142598,104.62355365142598,103.30105587098174,0.45688698475929357,-0.8656107956849439
s19,run,s19_run,38000,2021-01-01 11:59:58.369888,104.16666666666669,105.11839661879488,105.11839661879488,103.93712513271635,0.9517299521281899,-0.22954153395033927
s19,run,s19_run,39000,2021-01-01 12:00:00.369888,105.26315789473684,104.9059859285646,104.9059859285646,104.27622641126322,-0.35717196617223124,-0.9869314834736116
s19,run,s19_run,40000,2021-01-01 12:00:02.369888,105.63380281690142,102.14162384990884,102.14162384990884,103.5291155147892,-3.492178966992583,-2.104687302112225
s19,run,s19_run,41000,2021-01-01 12:00:04.369888,104.52961672473867,103.62125653686006,103.62125653686006,103.56136487251399,-0.9083601878786141,-0.9682518522246824
s19,run,s19_run,42000,2021-01-01 12:00:06.369888,96.61835748792272,98.33514280687375,98.33514280687375,101.73218714953991,1.7167853189510254,5.1138296616171885
s19,run,s19_run,43000,2021-01-01 12:00:08.369888,94.19152276295134,95.47704598130265,95.47704598130265,99.54288774065687,1.2855232183513152,5.351364977705529
s19,run,s19_run,44000,2021-01-01 12:00:10.369888,95.08716323296356,92.8039417536412,92.8039417536412,97.18425664520137,-2.283221479322364,2.097093412237811
s19,run,s19_run,45000,2021-01-01 12:00:12.369888,96.4630225080386,95.94250876403653,95.94250876403653,96.74964488679367,-0.5205137440020735,0.28662237875506946
s19,run,s19_run,46000,2021-01-01 12:00:14.369888,100.33444816053512,95.92278517352626,95.92278517352626,96.46024398715008,-4.411662987008853,-3.8742041733850385
s19,run,s19_run,47000,2021-01-01 12:00:16.369888,102.38907849829351,100.68458911960096,100.68458911960096,97.93876478350788,-1.704489378692557,-4.450313714785636
s19,run,s19_run,48000,2021-01-01 12:00:18.369888,100.67114093959732,101.26331144785316,101.26331144785316,99.10235611602873,0.5921705082558333,-1.568784823568592
s19,run,s19_run,49000,2021-01-01 12:00:20.369888,99.66777408637874,95.67745140890314,95.67745140890314,97.90363946853478,-3.9903226774756035,-1.7641346178439647
s19,run,s19_run,50000,2021-01-01 12:00:22.369888,98.6842105263158,94.42142035244613,94.42142035244613,96.68486277790376,-4.262790173869661,-1.9993477484120348
s19,run,s19_run,51000,2021-01-01 12:00:24.369888,97.0873786407767,95.72627510828725,95.72627510828725,96.34935709353798,-1.3611035324894516,-0.7380215472387306
s19,run,s19_run,52000,2021-01-01 12:00:26.369888,96.7741935483871,96.08712778567111,96.08712778567111,96.25757683578456,-0.6870657627159886,-0.5166167126025414
s19,run,s19_run,53000,2021-01-01 12:00:28.369888,96.61835748792272,95.68142301064425,95.68142301064425,96.05592299698546,-0.93693447727847,-0.5624344909372638
s19,run,s19_run,54000,2021-01-01 12:00:30.369888,95.84664536741214,95.06461009277008,95.06461009277008,95.70896348051008,-0.7820352746420554,-0.13768188690205818
s19,run,s19_run,55000,2021-01-01 12:00:32.369888,95.38950715421304,96.73335759000797,96.73335759000797,96.06750141883434,1.3438504357949341,0.6779942646213044
s19,run,s19_run,56000,2021-01-01 12:00:34.369888,94.9367088607595,94.32322367302959,94.32322367302959,95.45700420780267,-0.613485187729907,0.5202953470431737
s19,run,s19_run,57000,2021-01-01 12:00:36.369888,95.23809523809524,94.80147739775782,94.80147739775782,95.22756982428697,-0.43661784033741924,-0.010525413808267103
s19,run,s19_run,58000,2021-01-01 12:00:38.369888,96.30818619582664,95.23693113171528,95.23693113171528,95.23084628188688,-1.0712550641113552,-1.0773399139397526
s19,run,s19_run,59000,2021-01-01 12:00:40.369888,96.7741935483871,98.08684918516835,98.08684918516835,96.23044729803539,1.312655636781244,-0.5437462503517168
s19,run,s19_run,60000,2021-01-01 12:00:42.369888,96.30818619582664,96.87681047250908,96.87681047250908,96.45667440910117,0.5686242766824421,0.14848821327453265
s19,run,s19_run,61000,2021-01-01 12:00:44.369888,96.30818619582664,97.74424760222593,97.74424760222593,96.90732502669482,1.4360614063992898,0.5991388308681849
s19,run,s19_run,62000,2021-01-01 12:00:46.369888,99.009900990099,98.87705035975989,98.87705035975989,97.5967288932676,-0.1328506303391066,-1.4131720968314028
s19,run,s19_run,63000,2021-01-01 12:00:48.369888,101.35135135135135,101.7123289177156,101.7123289177156,99.0371889018244,0.36097756636424094,-2.314162449526961
s19,run,s19_run,64000,2021-01-01 12:00:50.369888,101.35135135135135,101.30479018017273,101.30479018017273,99.83084934924631,-0.046561171178623795,-1.5205020021050473
s19,run,s19_run,65000,2021-01-01 12:00:52.369888,99.33774834437088,99.01421185495307,99.01421185495307,99.54502622624366,-0.3235364894178048,0.20727788187278406
s19,run,s19_run,66000,2021-01-01 12:00:54.369888,97.2447325769854,98.33297577420636,98.33297577420636,99.12080856803061,1.0882431972209616,1.8760759910452123
s19,run,s19_run,67000,2021-01-01 12:00:56.369888,97.2447325769854,97.7951212904645,97.7951212904645,98.65681802088247,0.5503887134790943,1.4120854438970696
s19,run,s19_run,68000,2021-01-01 12:00:58.369888,99.009900990099,98.31270364439338,98.31270364439338,98.53637798911129,-0.697197345705618,-0.4735230009877114
s19,run,s19_run,69000,2021-01-01 12:01:00.369888,102.38907849829351,102.55876489135271,102.55876489135271,99.94421340489578,0.16968639305919453,-2.4448650933977376
s19,run,s19_run,70000,2021-01-01 12:01:02.369888,102.73972602739728,102.83271349822431,102.83271349822431,100.95518843756076,0.09298747082702619,-1.7845375898365177
s19,run,s19_run,71000,2021-01-01 12:01:04.369888,102.38907849829351,101.87061483775193,101.87061483775193,101.27558767762767,-0.5184636605415847,-1.1134908206658451
s19,run,s19_run,72000,2021-01-01 12:01:06.369888,101.52284263959392,100.14214595778529,100.14214595778529,100.87888307568284,-1.3806966818086295,-0.643959563911082
s19,run,s19_run,73000,2021-01-01 12:01:08.369888,101.35135135135135,99.28750675148217,99.28750675148217,100.3219013622126,-2.063844599869185,-1.0294499891387545
s19,run,s19_run,74000,2021-01-01 12:01:10.369888,101.35135135135135,99.40774634926241,99.40774634926241,100.00194710768002,-1.943605002088944,-1.34940424367133
s19,run,s19_run,75000,2021-01-01 12:01:12.369888,101.52284263959392,101.81057642935116,101.81057642935116,100.63496737026492,0.2877337897572403,-0.8878752693290011
s19,run,s19_run,76000,2021-01-01 12:01:14.369888,101.35135135135135,101.70992735397454,101.70992735397454,101.01120336456329,0.358576002623181,-0.3401479867880681
s19,run,s19_run,77000,2021-01-01 12:01:16.369888,101.35135135135135,101.26557480242047,101.26557480242047,101.1002333678133,-0.08577654893088038,-0.2511179835380517
s19,run,s19_run,78000,2021-01-01 12:01:18.369888,101.010101010101,97.67491586907087,97.67491586907087,99.90137224325346,-3.3351851410301236,-1.108728766847534
s19,run,s19_run,79000,2021-01-01 12:01:20.369888,101.69491525423727,99.86676093975483,99.86676093975483,99.88925828702894,-1.8281543144824468,-1.8056569672083356
s19,run,s19_run,80000,2021-01-01 12:01:22.369888,102.38907849829351,100.1834212337429,100.1834212337429,99.99221531837883,-2.2056572645506094,-2.396863179914689
s19,run,s19_run,81000,2021-01-01 12:01:24.369888,102.73972602739728,101.90943054673096,101.90943054673096,100.66324064830206,-0.8302954806663223,-2.0764853790952174
s19,run,s19_run,82000,2021-01-01 12:01:26.369888,102.73972602739728,104.07088280104169,104.07088280104169,101.85591540176094,1.331156773644409,-0.8838106256363432
s19,run,s19_run,83000,2021-01-01 12:01:28.369888,102.04081632653062,101.31475955302471,101.31475955302471,101.66651085470326,-0.7260567735059027,-0.3743054718273555
s19,run,s19_run,84000,2021-01-01 12:01:30.369888,101.35135135135135,101.01135861378526,101.01135861378526,101.43720757038196,-0.3399927375660923,0.08585621903060314
s19,run,s19_run,85000,2021-01-01 12:01:32.369888,102.38907849829351,101.24715572442177,101.24715572442177,101.3706894242959,-1.141922773871741,-1.0183890739976107
s19,run,s19_run,86000,2021-01-01 12:01:34.369888,102.04081632653062,99.47114969702108,99.47114969702108,100.7058505197497,-2.569666629509541,-1.3349658067809145
s19,run,s19_run,87000,2021-01-01 12:01:36.369888,102.04081632653062,100.30350686286853,100.30350686286853,100.56503023984129,-1.7373094636620863,-1.4757860866893253
s19,run,s19_run,88000,2021-01-01 12:01:38.369888,101.35135135135135,100.09092163921302,100.09092163921302,100.3990922296214,-1.2604297121383325,-0.9522591217299521
s19,run,s19_run,89000,2021-01-01 12:01:40.369888,101.010101010101,100.0887530752587,100.0887530752587,100.29047352559445,-0.9213479348423022,-0.719627484506546
s19,run,s19_run,90000,2021-01-01 12:01:42.369888,99.83361064891848,98.46955249408828,98.46955249408828,99.65315116456728,-1.3640581548302038,-0.18045948435120351
s19,run,s19_run,91000,2021-01-01 12:01:44.369888,100.1669449081803,99.24674904551975,99.24674904551975,99.51091042290064,-0.9201958626605489,-0.6560344852796618
s19,run,s19_run,92000,2021-01-01 12:01:46.369888,99.009900990099,99.61509808219847,99.61509808219847,99.54737610365488,0.6051970920994734,0.5374751135558853
s19,run,s19_run,93000,2021-01-01 12:01:48.369888,98.84678747940691,98.55535711865589,98.55535711865589,99.20016945890524,-0.291430360751022,0.35338197949832306
s19,run,s19_run,94000,2021-01-01 12:01:50.369888,98.84678747940691,97.40136752303671,97.40136752303671,98.57058878135125,-1.445419956370202,-0.27619869805566566
s19,run,s19_run,95000,2021-01-01 12:01:52.369888,99.009900990099,97.41205518451542,97.41205518451542,98.16510202245871,-1.5978458055835745,-0.844798967640287
s19,run,s19_run,96000,2021-01-01 12:01:54.369888,100.50251256281408,98.482556891588,98.482556891588,98.27621122665397,-2.0199556712260716,-2.2263013361601054
s19,run,s19_run,97000,2021-01-01 12:01:56.369888,101.010101010101,100.63730320381666,100.63730320381666,99.10259341866092,-0.3727978062843391,-1.9075075914400799
s19,run,s19_run,98000,2021-01-01 12:01:58.369888,102.38907849829351,103.28515202048831,103.28515202048831,100.5664889293005,0.8960735221947971,-1.8225895689930098
s19,run,s19_run,99000,2021-01-01 12:02:00.369888,106.0070671378092,103.53653594263515,103.53653594263515,101.60600538396764,-2.470531195174047,-4.40106175384156
s19,run,s19_run,100000,2021-01-01 12:02:02.369888,106.0070671378092,105.36604977680062,105.36604977680062,102.9220209214592,-0.6410173610085792,-3.0850462163500083
s19,run,s19_run,101000,2021-01-01 12:02:04.369888,105.82010582010582,102.63598423300618,102.63598423300618,102.82190808050063,-3.1841215870996393,-2.998197739605189
s19,run,s19_run,102000,2021-01-01 12:02:06.369888,105.63380281690142,102.67729119579572,102.67729119579572,102.77129217085391,-2.9565116211057045,-2.862510646047511
s19,run,s19_run,103000,2021-01-01 12:02:08.369888,105.63380281690142,102.55023794294264,102.55023794294264,102.69392319108496,-3.083564873958778,-2.9398796258164595
s19,run,s19_run,104000,2021-01-01 12:02:10.369888,106.76156583629891,106.17134992539339,106.17134992539339,103.91102254809292,-0.5902159109055276,-2.850543288205998
s19,run,s19_run,105000,2021-01-01 12:02:12.369888,108.30324909747291,107.236850739237,107.236850739237,105.07506241499334,-1.0663983582359151,-3.228186682479574
s19,run,s19_run,106000,2021-01-01 12:02:14.369888,108.30324909747291,106.01998086157839,106.01998086157839,105.40578387129811,-2.283268235894525,-2.897465226174802
s19,run,s19_run,107000,2021-01-01 12:02:16.369888,106.0070671378092,105.14001915455694,105.14001915455694,105.3127662204387,-0.8670479832522631,-0.6943009173704979
s19,run,s19_run,108000,2021-01-01 12:02:18.369888,105.63380281690142,104.57603048782816,104.57603048782816,105.054908714025,-1.0577723290732592,-0.5788941028764185
s19,run,s19_run,109000,2021-01-01 12:02:20.369888,104.52961672473867,102.69980513539637,102.69980513539637,104.23062246150499,-1.8298115893422988,-0.2989942632336806
s19,run,s19_run,110000,2021-01-01 12:02:22.369888,105.26315789473684,102.11762263660717,102.11762263660717,103.49107252279076,-3.1455352581296694,-1.7720853719460763
s19,run,s19_run,111000,2021-01-01 12:02:24.369888,104.52961672473867,102.30963986474832,102.30963986474832,103.0775710924759,-2.2199768599903535,-1.4520456322627666
s19,run,s19_run,112000,2021-01-01 12:02:26.369888,105.4481546572935,102.91234437604074,102.91234437604074,103.01974174172359,-2.5358102812527648,-2.4284129155699077
s19,run,s19_run,113000,2021-01-01 12:02:28.369888,106.0070671378092,104.46527728948892,104.46527728948892,103.52567918344147,-1.5417898483202777,-2.481387954367733
s19,run,s19_run,114000,2021-01-01 12:02:30.369888,106.38297872340424,105.23394067296084,105.23394067296084,104.12357070477324,-1.1490380504433944,-2.2594080186309924
s19,run,s19_run,115000,2021-01-01 12:02:32.369888,106.38297872340426,105.41083008014917,105.41083008014917,104.57411148615482,-0.9721486432550961,-1.8088672372494443
s19,run,s19_run,116000,2021-01-01 12:02:34.369888,106.38297872340426,104.64036109374214,104.64036109374214,104.59729884881038,-1.7426176296621207,-1.7856798745938818
s19,run,s19_run,117000,2021-01-01 12:02:36.369888,106.0070671378092,104.15009826895546,104.15009826895546,104.44077864586117,-1.8569688688537411,-1.566288491948029
s19,run,s19_run,118000,2021-01-01 12:02:38.369888,106.38297872340426,105.00813006688408,105.00813006688408,104.63935164321919,-1.3748486565201858,-1.7436270801850782
s19,run,s19_run,119000,2021-01-01 12:02:40.369888,106.76156583629891,106.3268558670041,106.3268558670041,105.22997812154391,-0.43470996929481487,-1.5315877147550054
s19,run,s19_run,120000,2021-01-01 12:02:42.369888,106.38297872340426,104.92361627452144,104.92361627452144,105.12275147508603,-1.4593624488828283,-1.2602272483182304
s19,run,s19_run,121000,2021-01-01 12:02:44.369888,106.38297872340426,104.85672722398581,104.85672722398581,105.02964298720096,-1.52625149941845,-1.3533357362033058
s19,run,s19_run,122000,2021-01-01 12:02:46.369888,104.89510489510492,104.10509989808217,104.10509989808217,104.70605290600938,-0.7900049970227485,-0.189051989095546
s19,run,s19_run,123000,2021-01-01 12:02:48.369888,103.09278350515464,101.58088714802912,101.58088714802912,103.61224489071628,-1.5118963571255222,0.519461385561641
s19,run,s19_run,124000,2021-01-01 12:02:50.369888,102.38907849829351,100.6717054751968,100.6717054751968,102.58305609528446,-1.7173730230967124,0.19397759699094763
s19,run,s19_run,125000,2021-01-01 12:02:52.369888,102.38907849829351,102.89586523313514,102.89586523313514,102.69253929353219,0.5067867348416257,0.30346079523867786
s19,run,s19_run,126000,2021-01-01 12:02:54.369888,104.89510489510492,103.02774914064342,103.02774914064342,102.80986274002112,-1.8673557544614994,-2.0852421550838045
s19,run,s19_run,127000,2021-01-01 12:02:56.369888,104.89510489510492,103.30619539429041,103.30619539429041,102.98357916901537,-1.588909500814509,-1.9115257260895504
s19,run,s19_run,128000,2021-01-01 12:02:58.369888,104.89510489510492,102.91138756927859,102.91138756927859,102.95831210910751,-1.9837173258263334,-1.9367927859974117
s19,run,s19_run,129000,2021-01-01 12:03:00.369888,101.010101010101,98.14971454726557,98.14971454726557,101.27530296246283,-2.8603864628354216,0.26520195236183497
s19,run,s19_run,130000,2021-01-01 12:03:02.369888,101.010101010101,97.29551302462708,97.29551302462708,99.88237648422032,-3.714587985473912,-1.12772452588068
s19,run,s19_run,131000,2021-01-01 12:03:04.369888,101.86757215619694,97.06304937625032,97.06304937625032,98.8956119964308,-4.804522779946623,-2.971960159766141
s19,run,s19_run,132000,2021-01-01 12:03:06.369888,102.38907849829351,104.2793974531671,104.2793974531671,100.77993690628851,1.8903189548735924,-1.6091415920050025
s19,run,s19_run,133000,2021-01-01 12:03:08.369888,102.38907849829351,99.76025220637814,99.76025220637814,100.42304726131988,-2.6288262919153738,-1.9660312369736346
s19,run,s19_run,134000,2021-01-01 12:03:10.369888,101.86757215619694,97.69096616944007,97.69096616944007,99.46681887916195,-4.176605986756869,-2.400753277034994
s19,run,s19_run,135000,2021-01-01 12:03:12.369888,99.33774834437088,97.1483641453504,97.1483641453504,98.65535972232792,-2.1893841990204805,-0.6823886220429642
s19,run,s19_run,136000,2021-01-01 12:03:14.369888,99.33774834437088,98.23029977014674,98.23029977014674,98.50658873906451,-1.1074485742241365,-0.8311596053063681
s19,run,s19_run,137000,2021-01-01 12:03:16.369888,102.38907849829351,101.67842333211776,101.67842333211776,99.61673084663315,-0.710655166175755,-2.7723476516603682
s19,run,s19_run,138000,2021-01-01 12:03:18.369888,102.38907849829351,102.82283674295415,102.82283674295415,100.7388679103455,0.4337582446606376,-1.6502105879480098
s19,run,s19_run,139000,2021-01-01 12:03:20.369888,101.010101010101,100.5905719402023,100.5905719402023,100.68696432079537,-0.41952906989870087,-0.32313668930562756
s19,run,s19_run,140000,2021-01-01 12:03:22.369888,100.67114093959732,97.47133323404955,97.47133323404955,99.56149344043433,-3.1998077055477694,-1.109647499162989
s19,run,s19_run,141000,2021-01-01 12:03:24.369888,102.38907849829351,101.10791084326483,101.10791084326483,100.10273953142502,-1.281167655028682,-2.286338966868499
s19,run,s19_run,142000,2021-01-01 12:03:26.369888,102.38907849829351,102.17938704468781,102.17938704468781,100.82956616106699,-0.20969145360569996,-1.559512337226522
s19,run,s19_run,143000,2021-01-01 12:03:28.369888,102.38907849829351,99.2795459960848,99.2795459960848,100.28705910332323,-3.109532502208708,-2.1020193949702843
s19,run,s19_run,144000,2021-01-01 12:03:30.369888,101.18043844856662,100.06047184045886,100.06047184045886,100.20775356132069,-1.1199666081077595,-0.9726848872459328
s19,run,s19_run,145000,2021-01-01 12:03:32.369888,99.33774834437088,99.2882957726708,99.2882957726708,99.88594333529323,-0.04945257170007267,0.5481949909223545
s19,run,s19_run,146000,2021-01-01 12:03:34.369888,99.17355371900828,98.42467145639014,98.42467145639014,99.37449817767715,-0.7488822626181388,0.20094445866887156
s19,run,s19_run,147000,2021-01-01 12:03:36.369888,100.50251256281408,96.52926033408718,96.52926033408718,98.37866493242066,-3.973252228726892,-2.1238476303934135
s19,run,s19_run,148000,2021-01-01 12:03:38.369888,99.33774834437088,95.74042774265538,95.74042774265538,97.45528191600282,-3.597320601715495,-1.8824664283680619
s19,run,s19_run,149000,2021-01-01 12:03:40.369888,99.83361064891848,97.13118446231499,97.13118446231499,97.34184780721208,-2.702426186603489,-2.4917628417064037
s19,run,s19_run,150000,2021-01-01 12:03:42.369889,99.83361064891848,99.88898196685743,99.88898196685743,98.23334476308796,0.055371317938949005,-1.6002658858305239
s19,run,s19_run,151000,2021-01-01 12:03:44.369889,106.0070671378092,101.05533001592981,101.05533001592981,99.2210396015826,-4.95173712187939,-6.786027536226598
s19,run,s19_run,152000,2021-01-01 12:03:46.369889,106.38297872340426,103.04872813276275,103.04872813276275,100.56073058749566,-3.334250590641517,-5.822248135908609
s19,run,s19_run,153000,2021-01-01 12:03:48.369889,106.0070671378092,101.7426279493018,101.7426279493018,100.97439466412781,-4.264439188507396,-5.032672473681387
s19,run,s19_run,154000,2021-01-01 12:03:50.369889,104.16666666666669,101.56699372559785,101.56699372559785,101.18180433564233,-2.5996729410688317,-2.9848623310243596
s19,run,s19_run,155000,2021-01-01 12:03:52.369889,100.67114093959732,98.04172031918455,98.04172031918455,100.0827749298821,-2.6294206204127732,-0.5883660097152159
s19,run,s19_run,156000,2021-01-01 12:03:54.369889,100.50251256281408,98.60095190588312,98.60095190588312,99.56413687148246,-1.901560656930954,-0.9383756913316148
s19,run,s19_run,157000,2021-01-01 12:03:56.369889,102.73972602739728,101.35474410460233,101.35474410460233,100.19084940307442,-1.3849819227949496,-2.548876624322858
s19,run,s19_run,158000,2021-01-01 12:03:58.369889,103.09278350515464,102.88281555855232,102.88281555855232,101.13303755749169,-0.209967946602319,-1.9597459476629524
s19,run,s19_run,159000,2021-01-01 12:04:00.369889,103.27022375215148,103.04774378856698,103.04774378856698,101.80318473836803,-0.2224799635845045,-1.4670390137834488
s19,run,s19_run,160000,2021-01-01 12:04:02.369889,103.09278350515464,101.72067906969299,101.72067906969299,101.77430775433177,-1.372104435461651,-1.31847575082287
s19,run,s19_run,161000,2021-01-01 12:04:04.369889,103.09278350515464,101.41974036168415,101.41974036168415,101.65020916690511,-1.673043143470494,-1.4425743382495284
s19,run,s19_run,162000,2021-01-01 12:04:06.369889,106.38297872340426,105.4140899580608,105.4140899580608,102.9675674438096,-0.9688887653434648,-3.4154112795946645
s19,run,s19_run,163000,2021-01-01 12:04:08.369889,106.76156583629891,104.37083780271315,104.37083780271315,103.45871206942584,-2.3907280335857592,-3.3028537668730706
s19,run,s19_run,164000,2021-01-01 12:04:10.369889,106.38297872340426,105.5083212432767,105.5083212432767,104.17607528027364,-0.874657480127567,-2.206903443130628
s19,run,s19_run,165000,2021-01-01 12:04:12.369889,104.52961672473867,104.37654549157027,104.37654549157027,104.24623985422745,-0.15307123316840432,-0.2833768705112192
s19,run,s19_run,166000,2021-01-01 12:04:14.369889,102.73972602739728,99.035031291563,99.035031291563,102.4223168572949,-3.7046947358342806,-0.3174091701023798
s19,run,s19_run,167000,2021-01-01 12:04:16.369889,102.04081632653062,95.15389565552816,95.15389565552816,99.87836943667654,-6.886920671002457,-2.162446889854081
s19,run,s19_run,168000,2021-01-01 12:04:18.369889,102.38907849829351,102.3623000797353,102.3623000797353,100.7477451617471,-0.026778418558208728,-1.6413333365464098
s19,run,s19_run,169000,2021-01-01 12:04:20.369889,103.44827586206895,104.66868414333946,104.66868414333946,102.12007380530443,1.2204082812705082,-1.3282020567645247
s19,run,s19_run,170000,2021-01-01 12:04:22.369889,103.09278350515464,102.1157804737271,102.1157804737271,102.11857113925237,-0.9770030314275431,-0.9742123659022752
s19,run,s19_run,171000,2021-01-01 12:04:24.369889,103.09278350515464,101.04092736101877,101.04092736101877,101.74139581687061,-2.0518561441358685,-1.351387688284035
s19,run,s19_run,172000,2021-01-01 12:04:26.369889,103.80622837370242,100.8782131076288,100.8782131076288,101.43928186863596,-2.928015266073629,-2.3669465050664655
s19,run,s19_run,173000,2021-01-01 12:04:28.369889,104.89510489510492,101.08941203759062,101.08941203759062,101.31682742777008,-3.805692857514302,-3.5782774673348428
s19,run,s19_run,174000,2021-01-01 12:04:30.369889,104.89510489510492,105.73612497086691,105.73612497086691,102.86358156785397,0.841020075761989,-2.0315233272509516
s19,run,s19_run,175000,2021-01-01 12:04:32.369889,105.26315789473684,105.28472076956405,105.28472076956405,103.7109802884525,0.021562874827210976,-1.5521776062843315
s19,run,s19_run,176000,2021-01-01 12:04:34.369889,104.16666666666669,103.81458427377515,103.81458427377515,103.74724168331542,-0.352082392891532,-0.4194249833512629
s19,run,s19_run,177000,2021-01-01 12:04:36.369889,103.09278350515464,103.90537099456695,103.90537099456695,103.80258694225344,0.8125874894123086,0.7098034370987989
s19,run,s19_run,178000,2021-01-01 12:04:38.369889,106.0070671378092,104.92271951819242,104.92271951819242,104.1946333438321,-1.0843476196167785,-1.8124337939771067
s19,run,s19_run,179000,2021-01-01 12:04:40.369889,105.63380281690142,104.63718435442362,104.63718435442362,104.34952619753912,-0.9966184624777981,-1.284276619362302
s19,run,s19_run,180000,2021-01-01 12:04:42.369889,104.89510489510492,105.17975158187448,105.17975158187448,104.6401050820565,0.2846466867695625,-0.25499981304842834
s19,run,s19_run,181000,2021-01-01 12:04:44.369889,102.04081632653062,101.0916958354926,101.0916958354926,103.39816184575913,-0.9491204910380162,1.3573455192285167
s19,run,s19_run,182000,2021-01-01 12:04:46.369889,101.35135135135135,97.37645638825073,97.37645638825073,101.29056493563118,-3.974894963100624,-0.06078641572017318
s19,run,s19_run,183000,2021-01-01 12:04:48.369889,102.04081632653062,101.56626968210249,101.56626968210249,101.38706159689613,-0.47454664442813055,-0.6537547296344854
s19,run,s19_run,184000,2021-01-01 12:04:50.369889,106.0070671378092,95.72797060943721,95.72797060943721,99.4063797512855,-10.279096528371994,-6.600687386523703
s19,run,s19_run,185000,2021-01-01 12:04:52.369889,106.0070671378092,91.6430747397815,91.6430747397815,96.6892229972591,-14.363992398027705,-9.317844140550108
s19,run,s19_run,186000,2021-01-01 12:04:54.369889,105.63380281690142,92.12365997211707,92.12365997211707,95.09127593845938,-13.510142844784355,-10.542526878442047
s19,run,s19_run,187000,2021-01-01 12:04:56.369889,104.52961672473867,93.34881008078163,93.34881008078163,94.48141288827216,-11.180806643957041,-10.048203836466513
s19,run,s19_run,188000,2021-01-01 12:04:58.369889,101.35135135135135,93.47579926873331,93.47579926873331,94.12944812143357,-7.875552082618043,-7.221903229917785
s19,run,s19_run,189000,2021-01-01 12:05:00.369889,100.0,94.10827365486138,94.10827365486138,94.1220370581333,-5.891726345138622,-5.8779629418666985
s19,run,s19_run,190000,2021-01-01 12:05:02.369889,92.7357032457496,89.60925618209811,89.60925618209811,92.54256375152099,-3.126447063651497,-0.19313949422861754
s19,run,s19_run,191000,2021-01-01 12:05:04.369889,91.1854103343465,89.80258517175946,89.80258517175946,91.58357124860446,-1.3828251625870394,0.3981609142579572
s19,run,s19_run,192000,2021-01-01 12:05:06.369889,93.603744149766,97.45777963175696,97.45777963175696,93.63954418270784,3.8540354819909624,0.03580003294183598
s19,run,s19_run,193000,2021-01-01 12:05:08.369889,98.52216748768473,91.46306420384195,91.46306420384195,92.87777619010478,-7.059103283842774,-5.6443912975799435
s19,run,s19_run,194000,2021-01-01 12:05:10.369889,99.66777408637874,96.07785891019257,96.07785891019257,93.99780514213552,-3.5899151761861674,-5.669968944243223
s19,run,s19_run,195000,2021-01-01 12:05:12.369889,101.35135135135135,91.6337840049164,91.6337840049164,93.17039774410881,-9.717567346434961,-8.180953607242543
s19,run,s19_run,196000,2021-01-01 12:05:14.369889,103.44827586206895,100.56363887986892,100.56363887986892,95.75803214162485,-2.8846369822000355,-7.690243720444101
s19,run,s19_run,197000,2021-01-01 12:05:16.369889,103.09278350515464,93.42020906539388,93.42020906539388,94.93979406494401,-9.672574439760766,-8.152989440210632
s19,run,s19_run,198000,2021-01-01 12:05:18.369889,100.67114093959732,95.04206612802088,95.04206612802088,94.97558928702091,-5.629074811576444,-5.6955516525764125
s19,run,s19_run,199000,2021-01-01 12:05:20.369889,98.6842105263158,94.1712295155155,94.1712295155155,94.69406336699402,-4.512981010800289,-3.990147159321779
s19,run,s19_run,200000,2021-01-01 12:05:22.369889,98.36065573770492,76.42479846761458,76.42479846761458,88.29982065221121,-21.935857270090338,-10.060835085493707
s19,run,s19_run,201000,2021-01-01 12:05:24.369889,97.5609756097561,78.49214837093837,78.49214837093837,84.86713535376572,-19.068827238817732,-12.69384025599038
s19,run,s19_run,202000,2021-01-01 12:05:26.369889,98.19967266775778,94.64869994101495,94.64869994101495,88.29068295930296,-3.5509727267428275,-9.908989708454826
s19,run,s19_run,203000,2021-01-01 12:05:28.369889,98.6842105263158,80.85255378964513,80.85255378964513,85.68733774992272,-17.831656736670666,-12.996872776393076
s19,run,s19_run,204000,2021-01-01 12:05:30.369889,98.6842105263158,94.68942629742158,94.68942629742158,88.83806874154732,-3.9947842288942184,-9.846141784768477
s19,run,s19_run,205000,2021-01-01 12:05:32.369889,97.0873786407767,94.9782691781885,94.9782691781885,90.98713889437172,-2.109109462588208,-6.100239746404981
s19,run,s19_run,206000,2021-01-01 12:05:34.369889,95.54140127388536,86.70379482188045,86.70379482188045,89.48796846899978,-8.837606452004906,-6.053432804885574
s19,run,s19_run,207000,2021-01-01 12:05:36.369889,95.38950715421304,87.55429822753415,87.55429822753415,88.81118388448681,-7.835208926678888,-6.578323269726226
s19,run,s19_run,208000,2021-01-01 12:05:38.369889,96.15384615384616,95.84999741100775,95.84999741100775,91.27476861876914,-0.30384874283841157,-4.879077535077016
s19,run,s19_run,209000,2021-01-01 12:05:40.369889,96.7741935483871,96.91951194434834,96.91951194434834,93.25042878272185,0.1453183959612403,-3.5237647656652484
s19,run,s19_run,210000,2021-01-01 12:05:42.369889,97.87928221859708,97.19963172967005,97.19963172967005,94.63264981415372,-0.679650488927038,-3.2466324044433605
s19,run,s19_run,211000,2021-01-01 12:05:44.369889,98.84678747940691,96.57417810076373,96.57417810076373,95.31218471446722,-2.272609378643182,-3.5346027649396916
s19,run,s19_run,212000,2021-01-01 12:05:46.369889,101.010101010101,97.25852725725207,97.25852725725207,95.99340460444192,-3.751573752848927,-5.016696405659076
s19,run,s19_run,213000,2021-01-01 12:05:48.369889,102.04081632653062,98.35998861463551,98.35998861463551,96.82170900800968,-3.6808277118951054,-5.2191073185209405
s19,run,s19_run,214000,2021-01-01 12:05:50.369889,102.04081632653062,99.350873757488,99.350873757488,97.70691667032709,-2.689942569042614,-4.333899656203528
s19,run,s19_run,215000,2021-01-01 12:05:52.369889,101.69491525423727,92.65947291978674,92.65947291978674,95.94031135763797,-9.035442334450536,-5.754603896599306
s19,run,s19_run,216000,2021-01-01 12:05:54.369889,101.35135135135135,99.58860667873087,99.58860667873087,97.21721472002048,-1.7627446726204852,-4.134136631330875
s19,run,s19_run,217000,2021-01-01 12:05:56.369889,101.35135135135135,91.59549096754147,91.59549096754147,95.24961140665283,-9.755860383809889,-6.101739944698522
s19,run,s19_run,218000,2021-01-01 12:05:58.369889,100.67114093959732,95.36904782881153,95.36904782881153,95.29141415440837,-5.3020931107857905,-5.37972678518895
s19,run,s19_run,219000,2021-01-01 12:06:00.369889,99.83361064891848,97.37569254125533,97.37569254125533,96.0209115898048,-2.457918107663147,-3.812699059113683
s19,run,s19_run,220000,2021-01-01 12:06:02.369889,103.44827586206895,79.73543407598986,79.73543407598986,90.32099445996957,-23.712841786079096,-13.127281402099385
s19,run,s19_run,221000,2021-01-01 12:06:04.369889,104.71204188481676,91.66717227817406,91.66717227817406,90.79215669634115,-13.044869606642692,-13.919885188475604
s19,run,s19_run,222000,2021-01-01 12:06:06.369889,106.0070671378092,105.84130474028545,105.84130474028545,96.05935851172165,-0.16576239752374988,-9.947708626087547
s19,run,s19_run,223000,2021-01-01 12:06:08.369889,106.0070671378092,105.80735246489444,105.80735246489444,99.47115639533213,-0.19971467291476586,-6.535910742477071
s19,run,s19_run,224000,2021-01-01 12:06:10.369889,105.63380281690142,105.26719383303583,105.26719383303583,101.49976949852842,-0.36660898386558927,-4.134033318373
s19,run,s19_run,225000,2021-01-01 12:06:12.369889,104.89510489510492,104.65366786806304,104.65366786806304,102.60363392786554,-0.24143702704188286,-2.291470967239377
s19,run,s19_run,226000,2021-01-01 12:06:14.369889,103.44827586206895,101.85848236416402,101.85848236416402,102.34283088057,-1.5897934979049353,-1.1054449814989482
s19,run,s19_run,227000,2021-01-01 12:06:16.369889,103.09278350515464,102.3999976196495,102.3999976196495,102.36283923924782,-0.6927858855051454,-0.7299442659068234
s19,run,s19_run,228000,2021-01-01 12:06:18.369889,103.09278350515464,95.40250543737855,95.40250543737855,99.92672240859358,-7.690278067776092,-3.166061096561066
s19,run,s19_run,229000,2021-01-01 12:06:20.369889,103.44827586206895,101.76227131829293,101.76227131829293,100.56916452698835,-1.686004543776022,-2.8791113350806086
s19,run,s19_run,230000,2021-01-01 12:06:22.369889,103.80622837370242,95.00318268740659,95.00318268740659,98.62107088313473,-8.803045686295832,-5.18515749056769
s19,run,s19_run,231000,2021-01-01 12:06:24.369889,103.80622837370242,86.33271384588608,86.33271384588608,94.32014592009772,-17.47351452781635,-9.486082453604709
s19,run,s19_run,232000,2021-01-01 12:06:26.369889,103.80622837370242,96.56943266675502,96.56943266675502,95.10739628142778,-7.2367957069474045,-8.698832092274642
s19,run,s19_run,233000,2021-01-01 12:06:28.369889,104.16666666666669,101.89261685490935,101.89261685490935,97.48222348214632,-2.2740498117573367,-6.684443184520362
s19,run,s19_run,234000,2021-01-01 12:06:30.369889,104.16666666666669,94.89445576599579,94.89445576599579,96.57650478149364,-9.272210900670899,-7.590161885173046
s19,run,s19_run,235000,2021-01-01 12:06:32.369889,104.89510489510492,101.11584257353788,101.11584257353788,98.16527300870912,-3.779262321567046,-6.7298318863958
s19,run,s19_run,236000,2021-01-01 12:06:34.369889,105.4481546572935,88.92767597751616,88.92767597751616,94.93211404779159,-16.52047867977734,-10.516040609501914
s19,run,s19_run,237000,2021-01-01 12:06:36.369889,107.9136690647482,73.07480610439778,73.07480610439778,87.93211404779159,-34.838862960350426,-19.98155501695662
s19,run,s19_run,238000,2021-01-01 12:06:38.369889,110.09174311926604,88.99023942485832,88.99023942485832,88.30245792976494,-21.101503694407725,-21.7892851895011
s19,sit,s19_sit,0,2021-01-01 11:47:24.443665,77.02182284980745,75.09568948390267,75.09568948390267,75.09568948390267,-1.926133365904775,-1.926133365904775
s19,sit,s19_sit,1000,2021-01-01 11:47:26.443667,74.07407407407408,75.00592067976784,75.00592067976784,75.06427040245548,0.9318466056937638,0.9901963283814013
s19,sit,s19_sit,2000,2021-01-01 11:47:28.443667,72.20216606498195,71.83307066093238,71.83307066093238,73.93335049292239,-0.36909540404957397,1.731184427940434
s19,sit,s19_sit,3000,2021-01-01 11:47:30.443667,68.3371298405467,69.360606310829,69.360606310829,72.3328900291897,1.0234764702823043,3.995760188643004
s19,sit,s19_sit,4000,2021-01-01 11:47:32.443667,65.71741511500548,66.69682781174386,66.69682781174386,70.36026825308366,0.9794126967383789,4.642853138078181
s19,sit,s19_sit,5000,2021-01-01 11:47:34.443667,64.58557588805166,64.49142590608298,64.49142590608298,68.30617343163343,-0.09414998196868396,3.7205975435817606
s19,sit,s19_sit,6000,2021-01-01 11:47:36.443667,65.21739130434783,65.51526856799266,65.51526856799266,67.32935672935916,0.29787726364483547,2.111965425011334
s19,sit,s19_sit,7000,2021-01-01 11:47:38.443667,68.25938566552901,67.39826125014666,67.39826125014666,67.35347331163479,-0.8611244153823492,-0.9059123538942231
s19,sit,s19_sit,8000,2021-01-01 11:47:40.443667,72.11538461538461,70.68243221658732,70.68243221658732,68.51860892836817,-1.4329523987972976,-3.5967756870164465
s19,sit,s19_sit,9000,2021-01-01 11:47:42.443667,72.11538461538461,70.74807014400677,70.74807014400677,69.29892035384168,-1.3673144713778385,-2.816464261542933
s19,sit,s19_sit,10000,2021-01-01 11:47:44.443667,72.11538461538461,67.35732907380861,67.35732907380861,68.61936340583011,-4.758055541575999,-3.496021209554499
s19,sit,s19_sit,11000,2021-01-01 11:47:46.443667,73.17073170731707,68.38416105224883,68.38416105224883,68.53704258207667,-4.786570655068246,-4.633689125240409
s19,sit,s19_sit,12000,2021-01-01 11:47:48.443667,70.2576112412178,68.52696376817316,68.52696376817316,68.53351499721043,-1.730647473044641,-1.7240962440073702
s19,sit,s19_sit,13000,2021-01-01 11:47:50.443667,73.17073170731707,72.69588594313161,72.69588594313161,69.99034482828284,-0.47484576418546,-3.1803868790342307
s19,sit,s19_sit,14000,2021-01-01 11:47:52.443667,71.77033492822967,72.53990047072897,72.53990047072897,70.88268930313899,0.7695655424992935,-0.8876456250906841
s19,sit,s19_sit,15000,2021-01-01 11:47:54.443667,74.25742574257426,73.09578453036845,73.09578453036845,71.6572726326693,-1.161641212205808,-2.6001531099049515
s19,sit,s19_sit,16000,2021-01-01 11:47:56.443667,77.02182284980745,75.7562300700923,75.7562300700923,73.09190773576735,-1.2655927797151492,-3.9299151140400994
s19,sit,s19_sit,17000,2021-01-01 11:47:58.443667,85.9598853868195,81.41840001463797,81.41840001463797,76.00618003337206,-4.541485372181526,-9.953705353447432
s19,sit,s19_sit,18000,2021-01-01 11:48:00.443667,82.53094910591471,84.78479142986976,84.78479142986976,79.07869402214625,2.253842323955041,-3.4522550837684634
s19,sit,s19_sit,19000,2021-01-01 11:48:02.443667,76.33587786259541,77.16666795372755,77.16666795372755,78.40948489819971,0.830790091132144,2.0736070356042973
s19,sit,s19_sit,20000,2021-01-01 11:48:04.443667,76.33587786259541,75.191352804257,75.191352804257,77.28313866531975,-1.1445250583384166,0.9472608027243439
s19,sit,s19_sit,21000,2021-01-01 11:48:06.443667,77.92207792207792,77.98032625908016,77.98032625908016,77.5271543231359,0.05824833700224019,-0.39492359894201456
s19,sit,s19_sit,22000,2021-01-01 11:48:08.443667,79.15567282321899,79.13082365248275,79.13082365248275,78.0884385884073,-0.02484917073624615,-1.0672342348116928
s19,sit,s19_sit,23000,2021-01-01 11:48:10.443667,79.15567282321899,78.02568052797528,78.02568052797528,78.0664732672561,-1.12999229524371,-1.0891995559628924
s19,sit,s19_sit,24000,2021-01-01 11:48:12.443667,73.52941176470588,73.4390712290894,73.4390712290894,76.44688255389775,-0.09034053561649102,2.917470789191867
s19,sit,s19_sit,25000,2021-01-01 11:48:14.443667,73.17073170731707,72.53451490010562,72.53451490010562,75.0775538750705,-0.6362168072114542,1.9068221677534325
s19,sit,s19_sit,26000,2021-01-01 11:48:16.443667,73.71007371007371,73.1515517138527,73.1515517138527,74.40345311864428,-0.5585219962210175,0.6933794085705642
s19,sit,s19_sit,27000,2021-01-01 11:48:18.443667,74.9063670411985,74.64274969871194,74.64274969871194,74.48720692166796,-0.26361734248655466,-0.419160119530531
s19,sit,s19_sit,28000,2021-01-01 11:48:20.443667,75.18796992481202,75.2694041304011,75.2694041304011,74.76097594472456,0.08143420558907621,-0.4269939800874596
s19,sit,s19_sit,29000,2021-01-01 11:48:22.443667,75.0,74.65793143183461,74.65793143183461,74.72491036521308,-0.3420685681653879,-0.27508963478692294
s19,sit,s19_sit,30000,2021-01-01 11:48:24.443667,71.25890736342043,72.26976149407577,72.26976149407577,73.86560826031501,1.010854130655332,2.60670089689458
s19,sit,s19_sit,31000,2021-01-01 11:48:26.443667,70.75471698113208,70.93341391065337,70.93341391065337,72.83934023793344,0.17869692952129412,2.0846232568013647
s19,sit,s19_sit,32000,2021-01-01 11:48:28.443667,71.42857142857143,71.17470161220051,71.17470161220051,72.25671671892691,-0.25386981637092276,0.8281452903554793
s19,sit,s19_sit,33000,2021-01-01 11:48:30.443667,71.42857142857143,71.72477809832765,71.72477809832765,72.07053820171717,0.29620666975621646,0.6419667731457395
s19,sit,s19_sit,34000,2021-01-01 11:48:32.443667,73.7100737100737,73.03672166322629,73.03672166322629,72.40870241324536,-0.6733520468474126,-1.3013712968283357
s19,sit,s19_sit,35000,2021-01-01 11:48:34.443667,73.52941176470588,74.51237755201183,74.51237755201183,73.14498871181362,0.9829657873059432,-0.3844230528922594
s19,sit,s19_sit,36000,2021-01-01 11:48:36.443667,73.26007326007327,73.33627230817595,73.33627230817595,73.21193797054043,0.07619904810267997,-0.04813528953283708
s19,sit,s19_sit,37000,2021-01-01 11:48:38.443667,73.52941176470588,73.71893448837226,73.71893448837226,73.38938675178157,0.18952272366637146,-0.1400250129243119
s19,sit,s19_sit,38000,2021-01-01 11:48:40.443667,75.85335018963337,75.67427840445721,75.67427840445721,74.18909883021806,-0.17907178517616273,-1.6642513594153172
s19,sit,s19_sit,39000,2021-01-01 11:48:42.443667,86.45533141210375,84.4632295838854,84.4632295838854,77.78504459400162,-1.9921018282183525,-8.670286818102127
s19,sit,s19_sit,40000,2021-01-01 11:48:44.443667,86.45533141210375,89.2744424898674,89.2744424898674,81.80633385755465,2.819111077763651,-4.648997554549098
s19,sit,s19_sit,41000,2021-01-01 11:48:46.443667,82.07934336525308,90.48679825199976,90.48679825199976,84.84449639561043,8.407454886746677,2.7651530303573537
s19,sit,s19_sit,42000,2021-01-01 11:48:48.443667,82.07934336525308,85.29539541154708,85.29539541154708,85.00231105118826,3.2160520462939957,2.922967685935177
s19,sit,s19_sit,43000,2021-01-01 11:48:50.443667,86.83068017366136,87.0586038756961,87.0586038756961,85.72201353976601,0.22792370203472956,-1.1086666338953535
s19,sit,s19_sit,44000,2021-01-01 11:48:52.443667,90.36144578313252,90.75051698759327,90.75051698759327,87.48198974650555,0.3890712044607483,-2.8794560366269764
s19,sit,s19_sit,45000,2021-01-01 11:48:54.443667,92.3076923076923,91.62618155747454,91.62618155747454,88.93245688034469,-0.6815107502177682,-3.3752354273476186
s19,sit,s19_sit,46000,2021-01-01 11:48:56.443667,88.23529411764706,91.02865475639324,91.02865475639324,89.66612613696168,2.7933606387461793,1.4308320193146216
s19,sit,s19_sit,47000,2021-01-01 11:48:58.443667,85.9598853868195,85.36630569648752,85.36630569648752,88.16118898279572,-0.5935796903319783,2.2013035959762277
s19,sit,s19_sit,48000,2021-01-01 11:49:00.443667,85.9598853868195,84.83022366660258,84.83022366660258,86.99535112212811,-1.129661720216916,1.0354657353086196
s19,sit,s19_sit,49000,2021-01-01 11:49:02.443667,86.20689655172414,85.0041870161725,85.0041870161725,86.29844368504365,-1.202709535551648,0.09154713331950859
s19,sit,s19_sit,50000,2021-01-01 11:49:04.443667,86.20689655172414,84.93965338895674,84.93965338895674,85.82286708141324,-1.2672431627674001,-0.3840294703109066
s19,sit,s19_sit,51000,2021-01-01 11:49:06.443667,80.86253369272237,83.0265047041011,83.0265047041011,84.84414024935398,2.1639710113787345,3.9816065566316183
s19,sit,s19_sit,52000,2021-01-01 11:49:08.443667,76.92307692307692,77.74606945359388,77.74606945359388,82.35981547083794,0.8229925305169559,5.436738547761024
s19,sit,s19_sit,53000,2021-01-01 11:49:10.443667,73.52941176470588,74.18253554836119,74.18253554836119,79.49776749797108,0.6531237836553032,5.968355733265199
s19,sit,s19_sit,54000,2021-01-01 11:49:12.443667,74.44168734491315,74.98013704010461,74.98013704010461,77.91659683771782,0.5384496951914599,3.47490949280467
s19,sit,s19_sit,55000,2021-01-01 11:49:14.443667,72.63922518159806,73.71386816175952,73.71386816175952,76.44564180113241,1.0746429801614568,3.806416619534346
s19,sit,s19_sit,56000,2021-01-01 11:49:16.443667,74.44168734491315,74.73280586704584,74.73280586704584,75.84614922420211,0.29111852213269174,1.4044618792889594
s19,sit,s19_sit,57000,2021-01-01 11:49:18.443667,72.81553398058253,77.39873916712344,77.39873916712344,76.38955570422456,4.5832051865409085,3.5740217236420335
s19,sit,s19_sit,58000,2021-01-01 11:49:20.443667,75.0,79.05771882648398,79.05771882648398,77.32341279701535,4.057718826483978,2.323412797015351
s19,sit,s19_sit,59000,2021-01-01 11:49:22.443667,90.36144578313252,81.1691365770882,81.1691365770882,78.66941612004084,-9.192309206044328,-11.692029663091688
s19,sit,s19_sit,60000,2021-01-01 11:49:24.443667,99.009900990099,78.05621000364634,78.05621000364634,78.45479397930276,-20.953690986452656,-20.555107010796235
s19,sit,s19_sit,61000,2021-01-01 11:49:26.443667,99.66777408637874,93.58916851770607,93.58916851770607,83.75182506774392,-6.078605568672671,-15.91594901863482
s19,sit,s19_sit,62000,2021-01-01 11:49:28.443667,100.33444816053512,99.27060176343883,99.27060176343883,89.18339691123714,-1.0638463970962846,-11.151051249297979
s19,sit,s19_sit,63000,2021-01-01 11:49:30.443667,101.52284263959392,97.75604247683836,97.75604247683836,92.18382285919756,-3.7668001627555583,-9.339019780396356
s19,sit,s19_sit,64000,2021-01-01 11:49:32.443667,99.50248756218906,96.43182824620405,96.43182824620405,93.67062474464984,-3.0706593159850115,-5.831862817539218
s19,sit,s19_sit,65000,2021-01-01 11:49:34.443667,99.33774834437088,86.45315465610392,86.45315465610392,91.14451021365878,-12.88459368826696,-8.193238130712103
s19,sit,s19_sit,66000,2021-01-01 11:49:36.443667,86.45533141210375,85.60288672852836,85.60288672852836,89.20494199386313,-0.8524446835753849,2.7496105817593843
s19,sit,s19_sit,67000,2021-01-01 11:49:38.443667,86.45533141210375,88.43184764836161,88.43184764836161,88.9343589729376,1.976516236257865,2.479027560833856
s19,sit,s19_sit,68000,2021-01-01 11:49:40.443667,88.75739644970413,88.57412896140467,88.57412896140467,88.80827846890108,-0.18326748829946382,0.05088201919694768
s19,sit,s19_sit,69000,2021-01-01 11:49:42.443667,88.75739644970413,85.3921964928189,85.3921964928189,87.61264977727231,-3.3651999568852347,-1.1447466724318218
s19,sit,s19_sit,70000,2021-01-01 11:49:44.443667,79.57559681697613,78.99798679203876,78.99798679203876,84.59751773244056,-0.5776100249373712,5.021920915464435
s19,sit,s19_sit,71000,2021-01-01 11:49:46.443667,79.57559681697613,78.569370278842,78.569370278842,82.48766612368107,-1.006226538134129,2.912069306704936
s19,sit,s19_sit,72000,2021-01-01 11:49:48.443667,87.71929824561404,87.1294172260082,87.1294172260082,84.11227900949555,-0.5898810196058406,-3.6070192361184894
s19,sit,s19_sit,73000,2021-01-01 11:49:50.443667,89.28571428571428,90.92106572228892,90.92106572228892,86.49535435897323,1.6353514365746378,-2.790359926741047
s19,sit,s19_sit,74000,2021-01-01 11:49:52.443667,90.7715582450832,92.1845090059259,92.1845090059259,88.48655848540668,1.4129507608427048,-2.2849997596765235
s19,sit,s19_sit,75000,2021-01-01 11:49:54.443667,81.41112618724559,89.77004921530119,89.77004921530119,88.93578024086975,8.3589230280556,7.524654053624161
s19,sit,s19_sit,76000,2021-01-01 11:49:56.443667,81.41112618724559,83.95516972480375,83.95516972480375,87.19256656024665,2.544043537558167,5.781440373001061
s19,sit,s19_sit,77000,2021-01-01 11:49:58.443667,88.10572687224669,86.22264768158898,86.22264768158898,86.85309495271646,-1.8830791906577105,-1.2526319195302307
s19,sit,s19_sit,78000,2021-01-01 11:50:00.443667,89.82035928143712,91.39095602127365,91.39095602127365,88.44134632671148,1.5705967398365317,-1.3790129547256385
s19,sit,s19_sit,79000,2021-01-01 11:50:02.443667,90.09009009009009,91.42552384989084,91.42552384989084,89.48580845982426,1.3354337598007504,-0.6042816302658309
s19,sit,s19_sit,80000,2021-01-01 11:50:04.443667,90.63444108761328,90.6822898653529,90.6822898653529,89.90457695175928,0.04784877773961682,-0.729864135854001
s19,sit,s19_sit,81000,2021-01-01 11:50:06.443667,89.82035928143712,89.12117058968894,89.12117058968894,89.63038472503466,-0.6991886917481764,-0.1899745564024613
s19,sit,s19_sit,82000,2021-01-01 11:50:08.443667,87.2093023255814,85.66687874974674,85.66687874974674,88.2431576336839,-1.5424235758346612,1.0338553081024884
s19,sit,s19_sit,83000,2021-01-01 11:50:10.443667,86.20689655172414,85.54255642172662,85.54255642172662,87.29794720949884,-0.6643401299975267,1.0910506577747014
s19,sit,s19_sit,84000,2021-01-01 11:50:12.443667,86.70520231213874,85.42937985817018,85.42937985817018,86.64394863653382,-1.2758224539685585,-0.06125367560491668
s19,sit,s19_sit,85000,2021-01-01 11:50:14.443667,88.49557522123894,87.91673987697258,87.91673987697258,87.08942557068738,-0.5788353442663521,-1.406149650551555
s19,sit,s19_sit,86000,2021-01-01 11:50:16.443667,91.46341463414632,90.50614737051197,90.50614737051197,88.28527820062598,-0.9572672636343498,-3.1781364335203364
s19,sit,s19_sit,87000,2021-01-01 11:50:18.443667,92.0245398773006,91.43451441096146,91.43451441096146,89.38751087424339,-0.5900254663391422,-2.637029003057208
s19,sit,s19_sit,88000,2021-01-01 11:50:20.443667,92.3076923076923,92.16720376828373,92.16720376828373,90.3604033871575,-0.14048853940857953,-1.9472889205348025
s19,sit,s19_sit,89000,2021-01-01 11:50:22.443667,91.88361408882082,90.53359013795306,90.53359013795306,90.42101874993594,-1.3500239508677652,-1.4625953388848814
s19,sit,s19_sit,90000,2021-01-01 11:50:24.443667,84.03361344537815,84.80270885068222,84.80270885068222,88.45461028519713,0.7690954053040713,4.420996839818983
s19,sit,s19_sit,91000,2021-01-01 11:50:26.443667,84.03361344537815,83.7914092320554,83.7914092320554,86.82248991659752,-0.24220421332275066,2.7888764712193677
s19,sit,s19_sit,92000,2021-01-01 11:50:28.443667,86.0832137733142,85.38306215591948,85.38306215591948,86.31869020036021,-0.7001516173947238,0.23547642704600946
s19,sit,s19_sit,93000,2021-01-01 11:50:30.443667,89.55223880597015,86.79209401248394,86.79209401248394,86.48438153460351,-2.760144793486205,-3.067857271366634
s19,sit,s19_sit,94000,2021-01-01 11:50:32.443667,89.82035928143712,92.71822464383554,92.71822464383554,88.66622662283473,2.89786536239842,-1.1541326586023928
s19,sit,s19_sit,95000,2021-01-01 11:50:34.443667,84.50704225352113,84.70425643055756,84.70425643055756,87.27953705553773,0.19721417703642885,2.7724948020165954
s19,sit,s19_sit,96000,2021-01-01 11:50:36.443667,84.98583569405099,85.10792020489667,85.10792020489667,86.51947115781336,0.1220845108456814,1.5336354637623657
s19,sit,s19_sit,97000,2021-01-01 11:50:38.443667,85.9598853868195,85.91655638058378,85.91655638058378,86.308450985783,-0.04332900623570879,0.3485655989635035
s19,sit,s19_sit,98000,2021-01-01 11:50:40.443667,84.74576271186442,85.11274003652782,85.11274003652782,85.88995215354369,0.3669773246634094,1.1441894416792735
s19,sit,s19_sit,99000,2021-01-01 11:50:42.443667,83.91608391608392,83.20687318216464,83.20687318216464,84.95087451356102,-0.7092107339192779,1.0347905974770981
s19,sit,s19_sit,100000,2021-01-01 11:50:44.443667,76.82458386683739,77.61594654578984,77.61594654578984,82.3836497248411,0.7913626789524528,5.55906585800372
s19,sit,s19_sit,101000,2021-01-01 11:50:46.443667,76.43312101910827,76.17066278159112,76.17066278159112,80.20910429470361,-0.26245823751715136,3.775983275595337
s19,sit,s19_sit,102000,2021-01-01 11:50:48.443667,77.51937984496124,77.51919789480958,77.51919789480958,79.2676370547407,-0.00018195015165645145,1.7482572097794673
s19,sit,s19_sit,103000,2021-01-01 11:50:50.443667,78.53403141361257,78.35012205214808,78.35012205214808,78.94650680383329,-0.18390936146448666,0.41247539022072033
s19,sit,s19_sit,104000,2021-01-01 11:50:52.443667,78.53403141361257,78.71331729628429,78.71331729628429,78.86489047619114,0.17928588267172074,0.33085906257856834
s19,sit,s19_sit,105000,2021-01-01 11:50:54.443667,76.14213197969544,76.744003580149,76.744003580149,78.12258006257639,0.6018716004535634,1.9804480828809545
s19,sit,s19_sit,106000,2021-01-01 11:50:56.443667,76.72634271099744,76.3569402070608,76.3569402070608,77.50460611314594,-0.36940250393664087,0.7782634021484967
s19,sit,s19_sit,107000,2021-01-01 11:50:58.443667,78.53403141361257,78.68905242669916,78.68905242669916,77.91916232288956,0.15502101308659633,-0.6148690907230048
s19,sit,s19_sit,108000,2021-01-01 11:51:00.443667,79.89347536617844,80.20774026955516,80.20774026955516,78.72016460422253,0.3142649033767242,-1.1733107619559036
s19,sit,s19_sit,109000,2021-01-01 11:51:02.443667,81.30081300813008,81.04944130716453,81.04944130716453,79.53541145025223,-0.2513717009655494,-1.7654015578778512
s19,sit,s19_sit,110000,2021-01-01 11:51:04.443667,82.64462809917356,82.21293034568642,82.21293034568642,80.47254306365419,-0.4316977534871427,-2.1720850355193733
s19,sit,s19_sit,111000,2021-01-01 11:51:06.443667,79.89347536617844,80.06797855982906,80.06797855982906,80.33094548731539,0.17450319365062228,0.43747012113695405
s19,sit,s19_sit,112000,2021-01-01 11:51:08.443667,82.19178082191782,81.71064348048272,81.71064348048272,80.81383978492396,-0.481137341435101,-1.3779410369938603
s19,sit,s19_sit,113000,2021-01-01 11:51:10.443667,80.86253369272237,82.1248806104831,82.1248806104831,81.27270407386966,1.2623469177607376,0.41017038114729587
s19,sit,s19_sit,114000,2021-01-01 11:51:12.443667,80.86253369272237,81.16188804095114,81.16188804095114,81.23391846234819,0.2993543482287748,0.3713847696258199
s19,sit,s19_sit,115000,2021-01-01 11:51:14.443667,80.4289544235925,81.00228568956236,81.00228568956236,81.15284699187315,0.5733312659698555,0.7238925682806467
s19,sit,s19_sit,116000,2021-01-01 11:51:16.443667,80.4289544235925,81.1505882790249,81.1505882790249,81.15205644237626,0.7216338554324011,0.7231020187837629
s19,sit,s19_sit,117000,2021-01-01 11:51:18.443667,80.4289544235925,80.84874773202066,80.84874773202066,81.0458983937518,0.41979330842815443,0.6169439701592978
s19,sit,s19_sit,118000,2021-01-01 11:51:20.443667,80.32128514056225,80.7302407705077,80.7302407705077,80.93541822561636,0.40895562994545287,0.6141330850541067
s19,sit,s19_sit,119000,2021-01-01 11:51:22.443667,78.02340702210662,79.43511649532059,79.43511649532059,80.41031262001283,1.4117094732139606,2.386905597906207
s19,sit,s19_sit,120000,2021-01-01 11:51:24.443667,77.31958762886597,77.66183274035001,77.66183274035001,79.44834466213084,0.3422451114840328,2.1287570332648613
s19,sit,s19_sit,121000,2021-01-01 11:51:26.443667,79.36507936507937,79.17567591977955,79.17567591977955,79.35291060230789,-0.189403445299817,-0.012168762771480601
s19,sit,s19_sit,122000,2021-01-01 11:51:28.443667,80.64516129032258,80.22264091261343,80.22264091261343,79.65731621091483,-0.42252037770914797,-0.987845079407748
s19,sit,s19_sit,123000,2021-01-01 11:51:30.443667,80.86253369272237,80.47307742823227,80.47307742823227,79.94283263697594,-0.38945626449009296,-0.9197010557464296
s19,sit,s19_sit,124000,2021-01-01 11:51:32.443667,80.75370121130553,79.7021723282741,79.7021723282741,79.8586015289303,-1.0515288830314233,-0.895099682375232
s19,sit,s19_sit,125000,2021-01-01 11:51:34.443667,81.74386920980926,81.53201695237914,81.53201695237914,80.44429692713739,-0.2118522574301238,-1.2995722826718747
s19,sit,s19_sit,126000,2021-01-01 11:51:36.443667,89.68609865470852,85.58371104589176,85.58371104589176,82.24309186870141,-4.1023876088167555,-7.443006786007103
s19,sit,s19_sit,127000,2021-01-01 11:51:38.443667,92.0245398773006,89.2087308005579,89.2087308005579,84.68106549485118,-2.8158090767426955,-7.343474382449415
s19,sit,s19_sit,128000,2021-01-01 11:51:40.443667,92.44992295839754,93.72326692205245,93.72326692205245,87.84583599437163,1.2733439636549093,-4.60408696402591
s19,sit,s19_sit,129000,2021-01-01 11:51:42.443667,81.74386920980926,82.51513125056621,82.51513125056621,85.98008933403973,0.7712620407569517,4.236220124230471
s19,sit,s19_sit,130000,2021-01-01 11:51:44.443667,81.74386920980926,81.9375918941567,81.9375918941567,84.56521523008067,0.1937226843474349,2.821346020271406
s19,sit,s19_sit,131000,2021-01-01 11:51:46.443667,84.98583569405099,83.94249168273326,83.94249168273326,84.34726198850908,-1.0433440113177284,-0.6385737055419156
s19,sit,s19_sit,132000,2021-01-01 11:51:48.443667,84.98583569405099,84.44435798972052,84.44435798972052,84.38124558893308,-0.5414777043304753,-0.6045901051179072
s19,sit,s19_sit,133000,2021-01-01 11:51:50.443667,84.6262341325811,82.82209576521682,82.82209576521682,83.83554315063239,-1.8041383673642883,-0.790690981948714
s19,sit,s19_sit,134000,2021-01-01 11:51:52.443667,81.63265306122449,80.55883859300351,80.55883859300351,82.68869655546229,-1.0738144682209736,1.056043494237798
s19,sit,s19_sit,135000,2021-01-01 11:51:54.443667,81.63265306122449,80.82207933675177,80.82207933675177,82.0353805289136,-0.810573724472718,0.40272746768911816
s19,sit,s19_sit,136000,2021-01-01 11:51:56.443667,83.10249307479225,83.6544683328358,83.6544683328358,82.60206126028638,0.5519752580435551,-0.5004318145058733
s19,sit,s19_sit,137000,2021-01-01 11:51:58.443667,92.5925925925926,87.66159179184616,87.66159179184616,84.3728969463323,-4.931000800746432,-8.219695646260291
s19,sit,s19_sit,138000,2021-01-01 11:52:00.443667,92.87925696594426,91.34112307463002,91.34112307463002,86.81177609123651,-1.5381338913142457,-6.067480874707755
s19,sit,s19_sit,139000,2021-01-01 11:52:02.443667,94.33962264150944,93.67548832328853,93.67548832328853,89.21407537245472,-0.6641343182209027,-5.125547269054721
s19,sit,s19_sit,140000,2021-01-01 11:52:04.443667,94.6372239747634,94.62328964955555,94.62328964955555,91.10730036944,-0.01393432520785609,-3.529923605323404
s19,sit,s19_sit,141000,2021-01-01 11:52:06.443667,97.2447325769854,98.42536667680376,98.42536667680376,93.66862357701731,1.1806340998183629,-3.576108999968085
s19,sit,s19_sit,142000,2021-01-01 11:52:08.443667,97.2447325769854,100.0425858209157,100.0425858209157,95.89951036238176,2.797853243930305,-1.3452222146036377
s19,sit,s19_sit,143000,2021-01-01 11:52:10.443668,91.88361408882082,97.87542016749276,97.87542016749276,96.59107879417061,5.991806078671942,4.707464705349793
s19,sit,s19_sit,144000,2021-01-01 11:52:12.443668,91.46341463414632,92.65276196309553,92.65276196309553,95.21266790329435,1.1893473289492107,3.749253269148028
s19,sit,s19_sit,145000,2021-01-01 11:52:14.443668,92.3076923076923,95.05114590882596,95.05114590882596,95.15613520523041,2.743453601133652,2.8484428975381064
s19,sit,s19_sit,146000,2021-01-01 11:52:16.443668,92.3076923076923,90.41064460324182,90.41064460324182,93.4952134945344,-1.897047704450486,1.1875211868420905
s19,sit,s19_sit,147000,2021-01-01 11:52:18.443668,84.98583569405099,87.60672762796905,87.60672762796905,91.43424344123653,2.6208919339180596,6.448407747185541
s19,sit,s19_sit,148000,2021-01-01 11:52:20.443668,84.98583569405099,84.67426467239663,84.67426467239663,89.06825087214257,-0.311571021654359,4.08241517809158
s19,sit,s19_sit,149000,2021-01-01 11:52:22.443668,84.98583569405099,85.78071171230295,85.78071171230295,87.9176121661987,0.794876018251955,2.9317764721477033
s19,sit,s19_sit,150000,2021-01-01 11:52:24.443668,85.47008547008548,85.96436949345771,85.96436949345771,87.23397723073936,0.49428402337223076,1.7638917606538769
s19,sit,s19_sit,151000,2021-01-01 11:52:26.443668,85.47008547008548,84.62296808295278,84.62296808295278,86.32012402901405,-0.8471173871326982,0.8500385589285742
s19,sit,s19_sit,152000,2021-01-01 11:52:28.443668,83.10249307479225,82.35118465159175,82.35118465159175,84.93099524691624,-0.7513084232004985,1.82850217212399
s19,sit,s19_sit,153000,2021-01-01 11:52:30.443668,80.86253369272237,79.12864338688333,79.12864338688333,82.90017209590472,-1.73389030583904,2.0376384031823562
s19,sit,s19_sit,154000,2021-01-01 11:52:32.443668,78.32898172323759,77.63126009576253,77.63126009576253,81.05605289585495,-0.6977216274750617,2.7270711726173573
s19,sit,s19_sit,155000,2021-01-01 11:52:34.443668,79.15567282321899,79.24949351549057,79.24949351549057,80.42375711272742,0.09382069227157785,1.2680842895084226
s19,sit,s19_sit,156000,2021-01-01 11:52:36.443668,79.26023778071334,78.89796874791067,78.89796874791067,79.88973118504155,-0.3622690328026721,0.6294934043282154
s19,sit,s19_sit,157000,2021-01-01 11:52:38.443668,79.57559681697613,80.06136871099844,80.06136871099844,79.94980431912646,0.4857718940223066,0.37420750215032683
s19,sit,s19_sit,158000,2021-01-01 11:52:40.443668,79.7872340425532,79.49185505430468,79.49185505430468,79.78952207643883,-0.2953789882485154,0.002288033885633922
s19,sit,s19_sit,159000,2021-01-01 11:52:42.443668,79.05138339920948,78.58717885501781,78.58717885501781,79.36870194894148,-0.46420454419167356,0.31731854973199347
s19,sit,s19_sit,160000,2021-01-01 11:52:44.443668,79.05138339920948,78.20688984278166,78.20688984278166,78.96206771178555,-0.8444935564278211,-0.08931568742393381
s19,sit,s19_sit,161000,2021-01-01 11:52:46.443668,79.15567282321899,79.1503120774947,79.1503120774947,79.02795323978376,-0.005360745724289018,-0.12771958343523693
s19,sit,s19_sit,162000,2021-01-01 11:52:48.443668,81.30081300813008,81.88211873278021,81.88211873278021,80.02691116233251,0.5813057246501359,-1.2739018457975675
s19,sit,s19_sit,163000,2021-01-01 11:52:50.443668,78.32898172323759,79.0275544165525,79.0275544165525,79.6771363013095,0.6985726933149152,1.348154578071913
s19,sit,s19_sit,164000,2021-01-01 11:52:52.443668,79.36507936507937,79.48422451424578,79.48422451424578,79.6096171758372,0.11914514916641394,0.24453781075783354
s19,sit,s19_sit,165000,2021-01-01 11:52:54.443668,82.98755186721992,84.47087894784197,84.47087894784197,81.31105879603886,1.4833270806220469,-1.6764930711810564
s19,sit,s19_sit,166000,2021-01-01 11:52:56.443668,84.26966292134831,85.51829043437881,85.51829043437881,82.78358986945784,1.248627513030499,-1.4860730518904717
s19,sit,s19_sit,167000,2021-01-01 11:52:58.443668,84.26966292134831,85.21265155275347,85.21265155275347,83.6337614586113,0.9429886314051572,-0.6359014627370101
s19,sit,s19_sit,168000,2021-01-01 11:53:00.443668,78.53403141361257,79.35938292915024,79.35938292915024,82.13772897329993,0.825351515537676,3.6036975596873617
s19,sit,s19_sit,169000,2021-01-01 11:53:02.443668,76.23888182973316,76.2474649381124,76.2474649381124,80.0761365609843,0.008583108379241366,3.837254731251136
s19,sit,s19_sit,170000,2021-01-01 11:53:04.443668,76.72634271099744,77.22114625571453,77.22114625571453,79.07688995413989,0.49480354471708665,2.3505472431424437
s19,sit,s19_sit,171000,2021-01-01 11:53:06.443668,79.05138339920948,78.51909756246094,78.51909756246094,78.88166261705226,-0.5322858367485424,-0.16972078215722775
s19,sit,s19_sit,172000,2021-01-01 11:53:08.443668,79.57559681697613,79.31565146250958,79.31565146250958,79.03355871296232,-0.2599453544665522,-0.5420381040138125
s19,sit,s19_sit,173000,2021-01-01 11:53:10.443668,79.57559681697613,78.59432493655895,78.59432493655895,78.87982689122114,-0.9812718804171823,-0.6957699257549876
s19,sit,s19_sit,174000,2021-01-01 11:53:12.443668,76.23888182973316,77.09312214740612,77.09312214740612,78.25448023088589,0.8542403176729607,2.0155984011527295
s19,sit,s19_sit,175000,2021-01-01 11:53:14.443668,76.14213197969544,76.15277495604154,76.15277495604154,77.51888338469037,0.010642976346105115,1.376751404994934
s19,sit,s19_sit,176000,2021-01-01 11:53:16.443668,78.125,78.23324543985589,78.23324543985589,77.76891010399831,0.1082454398558923,-0.3560898960016914
s19,sit,s19_sit,177000,2021-01-01 11:53:18.443668,78.43137254901961,79.46330932570139,79.46330932570139,78.36194983159439,1.0319367766817749,-0.06942271742522621
s19,sit,s19_sit,178000,2021-01-01 11:53:20.443668,79.7872340425532,78.71345479469193,78.71345479469193,78.48497656867852,-1.0737792478612675,-1.3022574738746755
s19,sit,s19_sit,179000,2021-01-01 11:53:22.443668,77.12082262210797,77.88531378230682,77.88531378230682,78.27509459344843,0.7644911601988582,1.1542719713404637
s19,sit,s19_sit,180000,2021-01-01 11:53:24.443668,77.12082262210797,76.8279503222468,76.8279503222468,77.76859409852786,-0.29287229986115904,0.6477714764198907
s19,sit,s19_sit,181000,2021-01-01 11:53:26.443668,77.31958762886597,77.70324541411061,77.70324541411061,77.74572205898181,0.3836577852446368,0.4261344301158374
s19,sit,s19_sit,182000,2021-01-01 11:53:28.443668,79.05138339920948,79.65252083529218,79.65252083529218,78.41310163069043,0.6011374360826949,-0.6382817685190503
s19,sit,s19_sit,183000,2021-01-01 11:53:30.443668,82.98755186721992,82.5078981625928,82.5078981625928,79.84628041685626,-0.4796537046271254,-3.1412714503636607
s19,sit,s19_sit,184000,2021-01-01 11:53:32.443668,81.52173913043478,81.55878853534786,81.55878853534786,80.44565825832832,0.037049404913076955,-1.0760808721064592
s19,sit,s19_sit,185000,2021-01-01 11:53:34.443668,83.21775312066575,81.83170591044242,81.83170591044242,80.93077493656826,-1.3860472102233246,-2.2869781840974923
s19,sit,s19_sit,186000,2021-01-01 11:53:36.443668,81.08108108108108,80.15246435027169,80.15246435027169,80.65836623136445,-0.9286167308093951,-0.4227148497166269
s19,sit,s19_sit,187000,2021-01-01 11:53:38.443668,79.36507936507937,78.6010361962665,78.6010361962665,79.93830071908017,-0.7640431688128615,0.5732213540008075
s19,sit,s19_sit,188000,2021-01-01 11:53:40.443668,80.32128514056225,79.6062334105174,79.6062334105174,79.8220771610832,-0.7150517300448485,-0.4992079794790527
s19,sit,s19_sit,189000,2021-01-01 11:53:42.443668,81.08108108108108,81.28294228884259,81.28294228884259,80.33337995579899,0.2018612077615103,-0.7477011252820915
s19,sit,s19_sit,190000,2021-01-01 11:53:44.443668,79.6812749003984,79.85514008180186,79.85514008180186,80.16599599989999,0.17386518140345686,0.48472109950158426
s19,sit,s19_sit,191000,2021-01-01 11:53:46.443668,79.7872340425532,79.47799233678369,79.47799233678369,79.92519471780929,-0.3092417057695087,0.137960675256096
s19,sit,s19_sit,192000,2021-01-01 11:53:48.443668,77.12082262210797,77.11197605738742,77.11197605738742,78.94056818666164,-0.00884656472054246,1.8197455645536706
s19,sit,s19_sit,193000,2021-01-01 11:53:50.443668,79.15567282321899,78.26876823293065,78.26876823293065,78.70543820285579,-0.8869045902883386,-0.4502346203632044
s19,sit,s19_sit,194000,2021-01-01 11:53:52.443668,78.53403141361257,78.85810673782767,78.85810673782767,78.75887219009594,0.32407532421510155,0.22484077648337575
s19,sit,s19_sit,195000,2021-01-01 11:53:54.443668,78.43137254901961,78.77780785949182,78.77780785949182,78.7654996743845,0.3464353104722022,0.334127125364887
s19,sit,s19_sit,196000,2021-01-01 11:53:56.443668,77.82101167315174,77.89559960624776,77.89559960624776,78.46103465053665,0.0745879330960122,0.640022977384902
s19,sit,s19_sit,197000,2021-01-01 11:53:58.443668,77.12082262210797,77.29193317068277,77.29193317068277,78.05184913258779,0.17111054857480212,0.9310265104798248
s19,sit,s19_sit,198000,2021-01-01 11:54:00.443668,76.82458386683739,77.5865681196563,77.5865681196563,77.88900077806177,0.7619842528189196,1.0644169112243844
s19,sit,s19_sit,199000,2021-01-01 11:54:02.443668,77.12082262210797,77.41198539175033,77.41198539175033,77.72204539285278,0.2911627696423693,0.6012227707448119
s19,sit,s19_sit,200000,2021-01-01 11:54:04.443668,75.75757575757575,76.22935065653704,76.22935065653704,77.19960223514227,0.47177489896128577,1.4420264775665146
s19,sit,s19_sit,201000,2021-01-01 11:54:06.443668,75.75757575757575,75.53828572079325,75.53828572079325,76.61814145512011,-0.21929003678249614,0.8605656975443594
s19,sit,s19_sit,202000,2021-01-01 11:54:08.443668,76.33587786259541,77.19097740742576,77.19097740742576,76.81863403842709,0.8550995448303524,0.48275617583168184
s19,sit,s19_sit,203000,2021-01-01 11:54:10.443668,77.720207253886,77.96187364902002,77.96187364902002,77.21876790213462,0.24166639513401833,-0.5014393517513867
s19,sit,s19_sit,204000,2021-01-01 11:54:12.443668,78.74015748031496,79.08524413342064,79.08524413342064,77.87203458308473,0.34508665310568176,-0.8681228972302364
s19,sit,s19_sit,205000,2021-01-01 11:54:14.443668,78.84362680683311,78.81895705940089,78.81895705940089,78.20345744979538,-0.024669747432227496,-0.6401693570377347
s19,sit,s19_sit,206000,2021-01-01 11:54:16.443668,77.92207792207792,77.74882983716361,77.74882983716361,78.04433778537427,-0.17324808491430588,0.12225986329634964
s19,sit,s19_sit,207000,2021-01-01 11:54:18.443668,78.84362680683311,78.91741415447478,78.91741415447478,78.34991451455946,0.0737873476416695,-0.4937122922736563
s19,sit,s19_sit,208000,2021-01-01 11:54:20.443668,84.74576271186442,83.454079916214,83.454079916214,80.13637240513854,-1.2916827956504164,-4.609390306725871
s19,sit,s19_sit,209000,2021-01-01 11:54:22.443668,85.9598853868195,86.25618730809849,86.25618730809849,82.27830762117452,0.2963019212789959,-3.681577765644974
s19,sit,s19_sit,210000,2021-01-01 11:54:24.443668,82.41758241758242,85.40659216190966,85.40659216190966,83.37320721043181,2.989009744327234,0.9556247928493917
s19,sit,s19_sit,211000,2021-01-01 11:54:26.443668,78.94736842105263,79.79767111307598,79.79767111307598,82.12176957635728,0.8503026920233481,3.1744011553046505
s19,sit,s19_sit,212000,2021-01-01 11:54:28.443668,78.94736842105263,78.3137745160772,78.3137745160772,80.78897130525925,-0.6335939049754273,1.8416028842066225
s19,sit,s19_sit,213000,2021-01-01 11:54:30.443668,80.10680907877169,80.12711253822744,80.12711253822744,80.55732073679812,0.02030345945574652,0.45051165802642856
s19,sit,s19_sit,214000,2021-01-01 11:54:32.443668,84.86562942008487,83.18786947247833,83.18786947247833,81.47801279428619,-1.6777599476065461,-3.3876166257986853
s19,sit,s19_sit,215000,2021-01-01 11:54:34.443668,82.87292817679558,86.59395586665326,86.59395586665326,83.26859286961466,3.721027689857678,0.3956646928190821
s19,sit,s19_sit,216000,2021-01-01 11:54:36.443668,81.41112618724559,93.67520043286711,93.67520043286711,86.91090551675302,12.26407424562153,5.499779329507433
s19,sit,s19_sit,217000,2021-01-01 11:54:38.443668,81.41112618724559,88.54898152294332,88.54898152294332,87.48423211891962,7.137855335697736,6.073105931674036
s19,sit,s19_sit,218000,2021-01-01 11:54:40.468613,85.47008547008548,90.3276886699424,90.3276886699424,88.4794419117776,4.857603199856925,3.0093564416921197
s19,sit,s19_sit,219000,2021-01-01 11:54:42.468613,88.75739644970413,91.8102875289989,91.8102875289989,89.64523787780504,3.052891079294767,0.8878414281009128
s19,sit,s19_sit,220000,2021-01-01 11:54:44.468613,88.75739644970413,89.54582695807615,89.54582695807615,89.61044405589993,0.7884305083720164,0.8530476061958012
s19,sit,s19_sit,221000,2021-01-01 11:54:46.468613,89.02077151335311,89.23539503190001,89.23539503190001,89.47917689749995,0.21462351854690098,0.4584053841468432
s19,sit,s19_sit,222000,2021-01-01 11:54:48.468613,89.02077151335311,91.51331244850938,91.51331244850938,90.19112434035324,2.4925409351562706,1.17035282700013
s19,sit,s19_sit,223000,2021-01-01 11:54:50.468613,89.02077151335311,90.45695578231404,90.45695578231404,90.28416534503953,1.436184268960929,1.2633938316864146
s19,sit,s19_sit,224000,2021-01-01 11:54:52.468613,88.23529411764706,87.03026260709507,87.03026260709507,89.14529938675896,-1.20503151055199,0.910005269111906
s19,sit,s19_sit,225000,2021-01-01 11:54:54.468613,82.98755186721992,83.86137648701278,83.86137648701278,87.2959263718478,0.8738246197928561,4.308374504627878
s19,sit,s19_sit,226000,2021-01-01 11:54:56.468613,82.98755186721992,83.35886932770937,83.35886932770937,85.91795640639936,0.37131746048945047,2.9304045391794347
s19,sit,s19_sit,227000,2021-01-01 11:54:58.468613,82.53094910591471,83.01827549994834,83.01827549994834,84.9030680891415,0.4873263940336301,2.372118983226784
s19,sit,s19_sit,228000,2021-01-01 11:55:00.468613,81.9672131147541,83.5947617995809,83.5947617995809,84.44516088779528,1.6275486848267917,2.47794777304118
s19,sit,s19_sit,229000,2021-01-01 11:55:02.468613,80.75370121130553,80.91295315460835,80.91295315460835,83.20888818117984,0.1592519433028201,2.455186969874319
s19,sit,s19_sit,230000,2021-01-01 11:55:04.468613,78.94736842105263,78.79987539889692,78.79987539889692,81.66573370738081,-0.14749302215571447,2.7183652863281793
s19,sit,s19_sit,231000,2021-01-01 11:55:06.468613,78.125,77.86963886683795,77.86963886683795,80.3371005131908,-0.25536113316205444,2.212100513190805
s19,sit,s19_sit,232000,2021-01-01 11:55:08.468613,78.32898172323759,77.91001793684032,77.91001793684032,79.48762161146814,-0.4189637863972706,1.158639888230553
s19,sit,s19_sit,233000,2021-01-01 11:55:10.468613,78.84362680683311,78.44650859255248,78.44650859255248,79.12323205484766,-0.3971182142806384,0.27960524801454767
s19,sit,s19_sit,234000,2021-01-01 11:55:12.468613,78.74015748031496,78.52056879580239,78.52056879580239,78.91229991418182,-0.21958868451257274,0.17214243386685268
s19,sit,s19_sit,235000,2021-01-01 11:55:14.468613,80.32128514056225,80.9156490834437,80.9156490834437,79.61347212342346,0.5943639428814436,-0.7078130171387897
s19,sit,s19_sit,236000,2021-01-01 11:55:16.468613,81.19079837618403,81.37984507632301,81.37984507632301,80.2317026569383,0.18904670013897373,-0.9590957192457381
s19,sit,s19_sit,237000,2021-01-01 11:55:18.468613,80.64516129032258,81.43274140839425,81.43274140839425,80.65206621994788,0.7875801180716735,0.006904929625306977
s19,sit,s19_sit,238000,2021-01-01 11:55:20.468613,80.32128514056225,80.40092841695659,80.40092841695659,80.56416798890093,0.07964327639433577,0.2428828483386809
s19,sit,s19_sit,239000,2021-01-01 11:55:22.468613,80.32128514056225,80.19037837044948,80.19037837044948,80.43334162244292,-0.13090677011277307,0.1120564818806713
s19,sit,s19_sit,240000,2021-01-01 11:55:24.468613,81.9672131147541,81.60682979512939,81.60682979512939,80.84406248288319,-0.3603833196247166,-1.1231506318709137
s19,sit,s19_sit,241000,2021-01-01 11:55:26.468613,91.04704097116844,89.52298589695214,89.52298589695214,83.88168567780733,-1.5240550742163066,-7.165355293361117
s19,sit,s19_sit,242000,2021-01-01 11:55:28.468613,90.63444108761328,90.54176648760625,90.54176648760625,86.21271396123694,-0.09267460000702954,-4.421727126376339
s19,sit,s19_sit,243000,2021-01-01 11:55:30.468613,90.09009009009009,90.58152895134602,90.58152895134602,87.74179920777512,0.4914388612559293,-2.34829088231497
s19,sit,s19_sit,244000,2021-01-01 11:55:32.468613,81.30081300813008,82.90436787934539,82.90436787934539,86.04869824282471,1.6035548712153087,4.747885234694635
s19,sit,s19_sit,245000,2021-01-01 11:55:34.468613,80.53691275167785,80.77764087984765,80.77764087984765,84.20382816578274,0.24072812816980615,3.666915414104892
s19,walk,s19_walk,0,2021-01-01 11:37:39.295021,85.47008547008548,85.3260337270918,85.3260337270918,85.3260337270918,-0.14405174299368184,-0.14405174299368184
s19,walk,s19_walk,1000,2021-01-01 11:37:41.295021,86.58008658008657,87.89626226615361,87.89626226615361,86.22561371576343,1.3161756860670408,-0.3544728643231423
s19,walk,s19_walk,2000,2021-01-01 11:37:43.295021,85.47008547008548,87.36603876298523,87.36603876298523,86.62476248229106,1.8959532928997476,1.1546770122055818
s19,walk,s19_walk,3000,2021-01-01 11:37:45.295021,88.36524300441826,88.57597346720536,88.57597346720536,87.30768632701107,0.2107304627870974,-1.0575566774071916
s19,walk,s19_walk,4000,2021-01-01 11:37:47.295021,90.09009009009009,88.53844194468829,88.53844194468829,87.7384507931981,-1.5516481454017992,-2.351639296891989
s19,walk,s19_walk,5000,2021-01-01 11:37:49.295021,90.9090909090909,89.80266076723942,89.80266076723942,88.46092428411256,-1.1064301418514901,-2.4481666249783416
s19,walk,s19_walk,6000,2021-01-01 11:37:51.295021,94.48818897637796,90.82456955774362,90.82456955774362,89.28820012988344,-3.6636194186343403,-5.19998884649452
s19,walk,s19_walk,7000,2021-01-01 11:37:53.295021,94.04388714733544,94.00773926099768,94.00773926099768,90.94003882577343,-0.03614788633775845,-3.103848321562012
s19,walk,s19_walk,8000,2021-01-01 11:37:55.295021,91.74311926605505,90.00474268980523,90.00474268980523,90.61268517818456,-1.73837657624982,-1.1304340878704835
s19,walk,s19_walk,9000,2021-01-01 11:37:57.295021,92.5925925925926,90.23047976437107,90.23047976437107,90.47891328334984,-2.3621128282215267,-2.1136793092427553
s19,walk,s19_walk,10000,2021-01-01 11:37:59.295021,92.5925925925926,89.137386118083,89.137386118083,90.00937877550645,-3.4552064745095947,-2.583213817086147
s19,walk,s19_walk,11000,2021-01-01 11:38:01.295021,92.5925925925926,88.06407339672954,88.06407339672954,89.32852189293453,-4.528519195863055,-3.2640706996580633
s19,walk,s19_walk,12000,2021-01-01 11:38:03.295021,89.4187779433681,84.82733829708638,84.82733829708638,87.75310763438767,-4.591439646281714,-1.665670308980424
s19,walk,s19_walk,13000,2021-01-01 11:38:05.295021,76.82458386683739,77.89658293185155,77.89658293185155,84.30332398850004,1.0719990650141682,7.4787401216626535
s19,walk,s19_walk,14000,2021-01-01 11:38:07.295021,76.53061224489795,78.07005164394133,78.07005164394133,82.12167866790449,1.5394393990433741,5.591066423006538
s19,walk,s19_walk,15000,2021-01-01 11:38:09.295021,86.08321377331421,83.63888098395313,83.63888098395313,82.65269947852151,-2.4443327893610842,-3.430514294792701
s19,walk,s19_walk,16000,2021-01-01 11:38:11.295021,89.82035928143712,89.17557001409185,89.17557001409185,84.93570416597113,-0.6447892673452742,-4.884655115465989
s19,walk,s19_walk,17000,2021-01-01 11:38:13.295021,90.22556390977444,90.29922177666359,90.29922177666359,86.8129353297135,0.07365786688914966,-3.4126285800609395
s19,walk,s19_walk,18000,2021-01-01 11:38:15.295021,89.82035928143712,85.8022043907662,85.8022043907662,86.45917950108195,-4.018154890670914,-3.3611797803551724
s19,walk,s19_walk,19000,2021-01-01 11:38:17.295021,82.64462809917356,82.05995146527643,82.05995146527643,84.91944968855002,-0.5846766338971321,2.274821589376458
s19,walk,s19_walk,20000,2021-01-01 11:38:19.295021,84.1514726507714,83.40853933890148,83.40853933890148,84.39063106617303,-0.7429333118699191,0.23915841540163285
s19,walk,s19_walk,21000,2021-01-01 11:38:21.295021,89.82035928143712,84.57667407551885,84.57667407551885,84.45574611944406,-5.243685205918268,-5.364613161993063
s19,walk,s19_walk,22000,2021-01-01 11:38:23.295021,92.3076923076923,87.0627389618289,87.0627389618289,85.36819361427875,-5.244953345863408,-6.9394986934135545
s19,walk,s19_walk,23000,2021-01-01 11:38:25.295021,93.45794392523364,86.18743636461438,86.18743636461438,85.65492857689622,-7.270507560619251,-7.803015348337411
s19,walk,s19_walk,24000,2021-01-01 11:38:27.295021,92.87925696594426,87.22547006099923,87.22547006099923,86.20461809633227,-5.653786904945036,-6.6746388696119965
s19,walk,s19_walk,25000,2021-01-01 11:38:29.295021,81.9672131147541,80.04581755716474,80.04581755716474,84.04903790762363,-1.9213955575893635,2.0818247928695257
s19,walk,s19_walk,26000,2021-01-01 11:38:31.295021,81.9672131147541,80.51866868545984,80.51866868545984,82.81340867986631,-1.4485444292942589,0.8461955651122111
s19,walk,s19_walk,27000,2021-01-01 11:38:33.295021,91.1854103343465,81.32674232495025,81.32674232495025,82.29307545564569,-9.858668009396254,-8.892334878700808
s19,walk,s19_walk,28000,2021-01-01 11:38:35.295021,96.4630225080386,87.83686132446581,87.83686132446581,84.23340050973273,-8.62616118357279,-12.229621998305873
s19,walk,s19_walk,29000,2021-01-01 11:38:37.295021,95.23809523809524,87.62471539352366,87.62471539352366,85.42036071905956,-7.613379844571583,-9.817734519035682
s19,walk,s19_walk,30000,2021-01-01 11:38:39.295021,98.36065573770492,87.89953274215986,87.89953274215986,86.28807092714467,-10.461122995545054,-12.072584810560244
s19,walk,s19_walk,31000,2021-01-01 11:38:41.295021,93.45794392523364,82.80812151197021,82.80812151197021,85.07008863183361,-10.649822413263422,-8.387855293400023
s19,walk,s19_walk,32000,2021-01-01 11:38:43.295021,92.3076923076923,87.75739086937313,87.75739086937313,86.01064441497245,-4.550301438319181,-6.29704789271986
s19,walk,s19_walk,33000,2021-01-01 11:38:45.295021,92.3076923076923,89.47278626083788,89.47278626083788,87.22239406102535,-2.834906046854428,-5.085298246666952
s19,walk,s19_walk,34000,2021-01-01 11:38:47.295021,92.3076923076923,91.17058143598587,91.17058143598587,88.60425964226152,-1.1371108717064402,-3.703432665430782
s19,walk,s19_walk,35000,2021-01-01 11:38:49.295021,93.02325581395348,90.06449893595726,90.06449893595726,89.11534339505504,-2.9587568779962226,-3.907912418898448
s19,walk,s19_walk,36000,2021-01-01 11:38:51.295021,93.16770186335404,91.80404648597553,91.80404648597553,90.0563894768772,-1.3636553773785067,-3.1113123864768397
s19,walk,s19_walk,37000,2021-01-01 11:38:53.295021,89.82035928143712,87.59837791392847,87.59837791392847,89.19608542984514,-2.221981367508647,-0.6242738515919797
s19,walk,s19_walk,38000,2021-01-01 11:38:55.295021,85.22727272727273,83.3613020710028,83.3613020710028,87.15391125425032,-1.865970656269937,1.9266385269775839
s19,walk,s19_walk,39000,2021-01-01 11:38:57.295021,84.26966292134831,85.67725467945372,85.67725467945372,86.63708145307152,1.4075917581054114,2.367418531723203
s19,walk,s19_walk,40000,2021-01-01 11:38:59.295021,84.50704225352113,84.44913314435685,84.44913314435685,85.87129954502139,-0.057909109164285155,1.3642572915002518
s19,walk,s19_walk,41000,2021-01-01 11:39:01.295021,85.47008547008548,86.37476357048456,86.37476357048456,86.0475119539335,0.9046781003990816,0.577426483848015
s19,walk,s19_walk,42000,2021-01-01 11:39:03.295021,88.49557522123894,87.71995705620722,87.71995705620722,86.6328677397293,-0.775618165031716,-1.8627074815096307
s19,walk,s19_walk,43000,2021-01-01 11:39:05.295021,89.02077151335311,87.55675596627212,87.55675596627212,86.9562286190193,-1.4640155470809901,-2.0645428943338118
s19,walk,s19_walk,44000,2021-01-01 11:39:07.295021,89.02077151335311,87.91580851757435,87.91580851757435,87.29208158351356,-1.104962995778763,-1.7286899298395468
s19,walk,s19_walk,45000,2021-01-01 11:39:09.295021,89.02077151335311,87.67196655064103,87.67196655064103,87.42504132200818,-1.3488049627120802,-1.595730191344927
s19,walk,s19_walk,46000,2021-01-01 11:39:11.295021,86.95652173913044,87.09240892786052,87.09240892786052,87.3086199840565,0.13588718873008077,0.35209824492606856
s19,walk,s19_walk,47000,2021-01-01 11:39:13.295021,86.95652173913044,85.8108289414214,85.8108289414214,86.78439311913422,-1.1456927977090317,-0.1721286199962151
s19,walk,s19_walk,48000,2021-01-01 11:39:15.295021,88.75739644970413,90.51247023846791,90.51247023846791,88.08922011090101,1.7550737887637808,-0.6681763388031214
s19,walk,s19_walk,49000,2021-01-01 11:39:17.295021,90.09009009009009,92.39039098979768,92.39039098979768,89.59462991851484,2.3003008997075938,-0.495460171575246
s19,walk,s19_walk,50000,2021-01-01 11:39:19.295021,90.49773755656108,88.5667268578353,88.5667268578353,89.23486384727701,-1.9310106987257711,-1.2628737092840652
s19,walk,s19_walk,51000,2021-01-01 11:39:21.295021,93.31259720062208,88.75464778681088,88.75464778681088,89.06678822611386,-4.557949413811201,-4.245808974508222
s19,walk,s19_walk,52000,2021-01-01 11:39:23.295021,93.02325581395348,88.98755220718385,88.98755220718385,89.03905561948835,-4.03570360676963,-3.9842001944651315
s19,walk,s19_walk,53000,2021-01-01 11:39:25.295021,94.04388714733544,90.25943750214694,90.25943750214694,89.46618927841885,-3.784449645188502,-4.577697868916587
s19,walk,s19_walk,54000,2021-01-01 11:39:27.295021,93.45794392523364,88.04393420144788,88.04393420144788,88.96840000147901,-5.414009723785753,-4.489543923754624
s19,walk,s19_walk,55000,2021-01-01 11:39:29.295022,93.45794392523364,89.39295153356552,89.39295153356552,89.11699303770929,-4.064992391668113,-4.340950887524343
s19,walk,s19_walk,56000,2021-01-01 11:39:31.295022,93.45794392523364,89.81034965171469,89.81034965171469,89.35966785261118,-3.6475942735189477,-4.098276072622454
s19,walk,s19_walk,57000,2021-01-01 11:39:33.295022,92.5925925925926,89.73880526547237,89.73880526547237,89.4923659471126,-2.85378732712023,-3.1002266454799923
s19,walk,s19_walk,58000,2021-01-01 11:39:35.295022,91.1854103343465,88.36948223623932,88.36948223623932,89.09935664830695,-2.815928098107179,-2.0860536860395484
s19,walk,s19_walk,59000,2021-01-01 11:39:37.295022,91.74311926605505,91.67647041383104,91.67647041383104,90.00134646624039,-0.06664885222400585,-1.7417727998146546
s19,walk,s19_walk,60000,2021-01-01 11:39:39.295022,91.74311926605505,90.99994897061572,90.99994897061572,90.35085734277175,-0.7431702954393273,-1.3922619232833
s19,walk,s19_walk,61000,2021-01-01 11:39:41.295022,95.08716323296356,90.44197533521402,90.44197533521402,90.38274864012655,-4.645187897749537,-4.704414592837011
s19,walk,s19_walk,62000,2021-01-01 11:39:43.295022,96.15384615384616,92.75465999828683,92.75465999828683,91.21291761548264,-3.3991861555593346,-4.940928538363522
s19,walk,s19_walk,63000,2021-01-01 11:39:45.295022,95.69377990430624,92.95707550997511,92.95707550997511,91.823372878555,-2.7367043943311273,-3.870407025751234
s19,walk,s19_walk,64000,2021-01-01 11:39:47.295022,94.19152276295134,82.61890240302588,82.61890240302588,88.60180821211982,-11.572620359925452,-5.589714550831516
s19,walk,s19_walk,65000,2021-01-01 11:39:49.295022,92.5925925925926,89.3764879457793,89.3764879457793,88.87294611890064,-3.2161046468132923,-3.7196464736919523
s19,walk,s19_walk,66000,2021-01-01 11:39:51.295022,93.16770186335404,87.3471591101066,87.3471591101066,88.33892066582273,-5.820542753247437,-4.828781197531313
s19,walk,s19_walk,67000,2021-01-01 11:39:53.295022,93.89671361502349,92.51682794942612,92.51682794942612,89.80118821508391,-1.3798856655973708,-4.095525399939575
s19,walk,s19_walk,68000,2021-01-01 11:39:55.295022,93.603744149766,89.52327780151562,89.52327780151562,89.70391957033502,-4.080466348250383,-3.899824579430984
s19,walk,s19_walk,69000,2021-01-01 11:39:57.295022,95.54140127388536,92.92657542826936,92.92657542826936,90.83184912061205,-2.6148258456159965,-4.709552153273307
s19,walk,s19_walk,70000,2021-01-01 11:39:59.295022,97.5609756097561,90.63996080610475,90.63996080610475,90.76468821053449,-6.921014803651346,-6.796287399221612
s19,walk,s19_walk,71000,2021-01-01 11:40:01.295022,96.93053311793214,84.75780423426716,84.75780423426716,88.66227881884092,-12.172728883664988,-8.268254299091225
s19,walk,s19_walk,72000,2021-01-01 11:40:03.295022,96.93053311793214,85.6642671793708,85.6642671793708,87.61297474502638,-11.266265938561347,-9.317558372905765
s19,walk,s19_walk,73000,2021-01-01 11:40:05.295022,96.15384615384616,84.92151761896153,84.92151761896153,86.67096475090368,-11.23232853488463,-9.482881402942482
s19,walk,s19_walk,74000,2021-01-01 11:40:07.295022,95.84664536741214,84.12949947714601,84.12949947714601,85.78145190508849,-11.717145890266124,-10.065193462323649
s19,walk,s19_walk,75000,2021-01-01 11:40:09.295022,95.23809523809524,90.42277736193999,90.42277736193999,87.40591581498651,-4.815317876155248,-7.832179423108727
s19,walk,s19_walk,76000,2021-01-01 11:40:11.295022,95.84664536741214,91.42962698199312,91.42962698199312,88.81421472343882,-4.417018385419013,-7.0324306439733135
s19,walk,s19_walk,77000,2021-01-01 11:40:13.295022,96.7741935483871,91.94910112584144,91.94910112584144,89.91142496427975,-4.825092422545666,-6.862768584107357
s19,walk,s19_walk,78000,2021-01-01 11:40:15.295022,100.67114093959732,90.17555212259043,90.17555212259043,90.00386946968848,-10.49558881700689,-10.66727146990884
s19,walk,s19_walk,79000,2021-01-01 11:40:17.295022,103.09278350515464,83.91563209169836,83.91563209169836,87.87298638739193,-19.177151413456286,-15.21979711776271
s19,walk,s19_walk,80000,2021-01-01 11:40:19.295022,102.21465076660988,86.81321417804726,86.81321417804726,87.50206611412129,-15.401436588562618,-14.712584652488587
s19,walk,s19_walk,81000,2021-01-01 11:40:21.295022,90.9090909090909,90.2012380745953,90.2012380745953,88.44677630028718,-0.7078528344956112,-2.462314608803723
s19,walk,s19_walk,82000,2021-01-01 11:40:23.295022,88.49557522123894,88.86953478115045,88.86953478115045,88.59474176858933,0.373959559911512,0.09916654735039288
s19,walk,s19_walk,83000,2021-01-01 11:40:25.295022,88.49557522123894,86.9216637383821,86.9216637383821,88.0091644580168,-1.5739114828568432,-0.48641076322213905
s19,walk,s19_walk,84000,2021-01-01 11:40:27.295022,94.6372239747634,84.84067252560214,84.84067252560214,86.90019228167166,-9.796551449161257,-7.737031693091737
s19,walk,s19_walk,85000,2021-01-01 11:40:29.295022,94.6372239747634,87.06357658357807,87.06357658357807,86.95737678733892,-7.573647391185332,-7.679847187424485
s19,walk,s19_walk,86000,2021-01-01 11:40:31.295022,94.33962264150944,87.60325815217463,87.60325815217463,87.18343526503142,-6.736364489334804,-7.156187376478016
s19,walk,s19_walk,87000,2021-01-01 11:40:33.295022,91.46341463414632,90.52903969999973,90.52903969999973,88.35439681727033,-0.9343749341465895,-3.1090178168759905
s19,walk,s19_walk,88000,2021-01-01 11:40:35.295022,89.82035928143712,88.24905725387994,88.24905725387994,88.31752797008369,-1.5713020275571807,-1.5028313113534324
s19,walk,s19_walk,89000,2021-01-01 11:40:37.295022,89.28571428571428,87.92544105103369,87.92544105103369,88.18029754841618,-1.3602732346805908,-1.1054167372980999
s19,walk,s19_walk,90000,2021-01-01 11:40:39.295022,89.28571428571428,86.15644423097514,86.15644423097514,87.47194888731181,-3.1292700547391377,-1.8137653984024666
s19,walk,s19_walk,91000,2021-01-01 11:40:41.295022,90.9090909090909,82.88123294951767,82.88123294951767,85.86519830908387,-8.02785795957324,-5.043892600007041
s19,walk,s19_walk,92000,2021-01-01 11:40:43.295022,94.9367088607595,86.04448953635276,86.04448953635276,85.92795023862797,-8.892219324406739,-9.008758622131523
s19,walk,s19_walk,93000,2021-01-01 11:40:45.295022,95.54140127388536,87.0874946949239,87.0874946949239,86.33379079833155,-8.453906578961451,-9.207610475553807
s19,walk,s19_walk,94000,2021-01-01 11:40:47.295022,96.4630225080386,86.03423698519819,86.03423698519819,86.22894696373487,-10.428785522840414,-10.234075544303735
s19,walk,s19_walk,95000,2021-01-01 11:40:49.295022,96.93053311793214,84.79844888217892,84.79844888217892,85.72827263519028,-12.132084235753226,-11.202260482741863
s19,walk,s19_walk,96000,2021-01-01 11:40:51.295022,100.0,85.99118865150898,85.99118865150898,85.82029324090183,-14.008811348491022,-14.179706759098167
s19,walk,s19_walk,97000,2021-01-01 11:40:53.295022,98.52216748768473,84.80341229828258,84.80341229828258,85.4643849109851,-13.718755189402145,-13.057782576699623
s19,walk,s19_walk,98000,2021-01-01 11:40:55.295022,97.0873786407767,87.5071859283371,87.5071859283371,86.1793652670583,-9.580192712439612,-10.908013373718404
s19,walk,s19_walk,99000,2021-01-01 11:40:57.295022,97.0873786407767,82.43638026328117,82.43638026328117,84.8693205157363,-14.65099837749554,-12.2180581250404
s19,walk,s19_walk,100000,2021-01-01 11:40:59.295022,93.45794392523364,85.986130581393,85.986130581393,85.26020403871615,-7.471813343840637,-8.197739886517482
s19,walk,s19_walk,101000,2021-01-01 11:41:01.295022,93.45794392523364,86.64267896674168,86.64267896674168,85.74407026352509,-6.815264958491952,-7.713873661708547
s19,walk,s19_walk,102000,2021-01-01 11:41:03.295022,94.7867298578199,85.11031881536402,85.11031881536402,85.52225725666871,-9.676411042455882,-9.264472601151198
s19,walk,s19_walk,103000,2021-01-01 11:41:05.295022,96.0,85.39059868943652,85.39059868943652,85.47617675813744,-10.609401310563484,-10.523823241862559
s19,walk,s19_walk,104000,2021-01-01 11:41:07.295022,96.0,85.4461711030674,85.4461711030674,85.46567477886293,-10.5538288969326,-10.534325221137067
s19,walk,s19_walk,105000,2021-01-01 11:41:09.295022,98.03921568627452,83.9152898657084,83.9152898657084,84.92304005925885,-14.123925820566114,-13.116175627015664
s19,walk,s19_walk,106000,2021-01-01 11:41:11.295022,98.19967266775778,82.71229173359843,82.71229173359843,84.1492781452777,-15.487380934159347,-14.050394522480076
s19,walk,s19_walk,107000,2021-01-01 11:41:13.295022,99.83361064891848,80.09050258269266,80.09050258269266,82.72870669837295,-19.743108066225815,-17.104903950545534
s19,walk,s19_walk,108000,2021-01-01 11:41:15.295022,100.0,82.78331063236848,82.78331063236848,82.74781807527138,-17.216689367631517,-17.252181924728617
s19,walk,s19_walk,109000,2021-01-01 11:41:17.295022,100.33444816053512,82.809936128857,82.809936128857,82.76955939402634,-17.524512031678114,-17.564888766508773
s19,walk,s19_walk,110000,2021-01-01 11:41:19.295022,101.69491525423727,83.39020147027684,83.39020147027684,82.98678412071402,-18.304713783960437,-18.708131133523253
s19,walk,s19_walk,111000,2021-01-01 11:41:21.295022,104.16666666666669,84.73157409055676,84.73157409055676,83.59746061015898,-19.435092576109923,-20.56920605650771
s19,walk,s19_walk,112000,2021-01-01 11:41:23.295022,106.0070671378092,79.44162190627557,79.44162190627557,82.14291706379979,-26.56544523153363,-23.864150074009416
s19,walk,s19_walk,113000,2021-01-01 11:41:25.295022,104.16666666666669,83.20735648741118,83.20735648741118,82.51547086206378,-20.95931017925551,-21.651195804602906
s19,walk,s19_walk,114000,2021-01-01 11:41:27.295022,104.16666666666669,85.38411821853671,85.38411821853671,83.5194974368293,-18.782548448129972,-20.647169229837388
s19,walk,s19_walk,115000,2021-01-01 11:41:29.295022,98.36065573770492,84.77856418432651,84.77856418432651,83.96017079845332,-13.582091553378405,-14.400484939251598
s19,walk,s19_walk,116000,2021-01-01 11:41:31.295022,98.36065573770492,87.74545578843473,87.74545578843473,85.2850205449468,-10.615199949270192,-13.075635192758114
s19,walk,s19_walk,117000,2021-01-01 11:41:33.295022,100.8403361344538,85.8027867455588,85.8027867455588,85.466238715161,-15.037549388895002,-15.37409741929281
s19,walk,s19_walk,118000,2021-01-01 11:41:35.295022,102.21465076660988,86.55765929249863,86.55765929249863,85.84823591722916,-15.656991474111251,-16.366414849380718
s19,walk,s19_walk,119000,2021-01-01 11:41:37.295022,103.44827586206895,79.46815476204623,79.46815476204623,83.61520751291513,-23.98012110002273,-19.83306834915382
s19,walk,s19_walk,120000,2021-01-01 11:41:39.295022,103.80622837370242,84.22737029594788,84.22737029594788,83.82946448697659,-19.578858077754546,-19.976763886725834
s19,walk,s19_walk,121000,2021-01-01 11:41:41.295022,103.62694300518136,85.12882854603136,85.12882854603136,84.28424190764576,-18.498114459150003,-19.342701097535596
s19,walk,s19_walk,122000,2021-01-01 11:41:43.295022,102.38907849829351,86.67619359520664,86.67619359520664,85.12142499829207,-15.712884903086874,-17.267653500001444
s19,walk,s19_walk,123000,2021-01-01 11:41:45.295022,101.18043844856662,82.68771289354402,82.68771289354402,84.26962576163025,-18.492725555022602,-16.910812686936367
s19,walk,s19_walk,124000,2021-01-01 11:41:47.295022,100.67114093959732,86.0367717093223,86.0367717093223,84.88812684332247,-14.634369230275027,-15.783014096274854
s19,walk,s19_walk,125000,2021-01-01 11:41:49.295022,100.67114093959732,85.21176850651031,85.21176850651031,85.00140142543822,-15.459372433087012,-15.669739514159104
s19,walk,s19_walk,126000,2021-01-01 11:41:51.295022,98.84678747940691,85.09373590599799,85.09373590599799,85.03371849363414,-13.753051573408925,-13.813068985772773
s19,walk,s19_walk,127000,2021-01-01 11:41:53.295022,97.5609756097561,88.7463185998837,88.7463185998837,86.33312853082148,-8.814657009872406,-11.227847078934616
s19,walk,s19_walk,128000,2021-01-01 11:41:55.295022,95.69377990430624,88.99482390306565,88.99482390306565,87.26472191110695,-6.698956001240589,-8.429057993199294
s19,walk,s19_walk,129000,2021-01-01 11:41:57.295022,94.9367088607595,86.60089136237147,86.60089136237147,87.03238121904953,-8.335817498388025,-7.904327641709969
s19,walk,s19_walk,130000,2021-01-01 11:41:59.295022,94.33962264150944,88.32908186549625,88.32908186549625,87.48622644530587,-6.010540776013187,-6.853396196203562
s19,walk,s19_walk,131000,2021-01-01 11:42:01.295022,90.36144578313252,84.66894833147883,84.66894833147883,86.5001791054664,-5.6924974516536935,-3.861266677666123
s19,walk,s19_walk,132000,2021-01-01 11:42:03.295022,85.71428571428572,86.05382412200335,86.05382412200335,86.34395486125433,0.339538407717626,0.6296691469686095
s19,walk,s19_walk,133000,2021-01-01 11:42:05.295022,85.71428571428572,85.55509418899007,85.55509418899007,86.06785362596183,-0.15919152529565395,0.3535679116761088
s19,walk,s19_walk,134000,2021-01-01 11:42:07.295022,87.46355685131195,88.96092264507925,88.96092264507925,87.08042778265293,1.497365793767301,-0.3831290686590165
s19,walk,s19_walk,135000,2021-01-01 11:42:09.295022,91.46341463414632,89.99683512194203,89.99683512194203,88.10117035140411,-1.4665795122042908,-3.3622442827422105
s19,walk,s19_walk,136000,2021-01-01 11:42:11.295022,91.46341463414632,89.51382716241172,89.51382716241172,88.59560023525677,-1.9495874717346027,-2.86781439888955
s19,walk,s19_walk,137000,2021-01-01 11:42:13.295022,85.71428571428572,85.37981768718524,85.37981768718524,87.47007634343173,-0.33446802710048473,1.7557906291460057
s19,walk,s19_walk,138000,2021-01-01 11:42:15.295022,85.71428571428572,83.54825656989323,83.54825656989323,86.09743942269324,-2.166029144392496,0.3831537084075194
s19,walk,s19_walk,139000,2021-01-01 11:42:17.295022,93.16770186335404,88.91628968185981,88.91628968185981,87.08403701340154,-4.251412181494231,-6.083664849952498
s19,walk,s19_walk,140000,2021-01-01 11:42:19.295022,97.4025974025974,96.11695930635386,96.11695930635386,90.24555981593485,-1.285638096243531,-7.15703758666254
s19,walk,s19_walk,141000,2021-01-01 11:42:21.295022,97.2447325769854,97.48929250339755,97.48929250339755,92.7808662565468,0.24455992641215119,-4.463866320438598
s19,walk,s19_walk,142000,2021-01-01 11:42:23.295022,96.4630225080386,96.6499455201531,96.6499455201531,94.13504399880901,0.18692301211449092,-2.3279785092295953
s19,walk,s19_walk,143000,2021-01-01 11:42:25.295022,95.54140127388536,93.8452947627081,93.8452947627081,94.0336317661737,-1.6961065111772626,-1.5077695077116573
s19,walk,s19_walk,144000,2021-01-01 11:42:27.295022,95.38950715421304,91.28130163286781,91.28130163286781,93.07031621951664,-4.108205521345226,-2.319190934696394
s19,walk,s19_walk,145000,2021-01-01 11:42:29.295022,92.3076923076923,89.04855537407649,89.04855537407649,91.66269992361259,-3.259136933615821,-0.644992384079714
s19,walk,s19_walk,146000,2021-01-01 11:42:31.295022,91.46341463414632,89.23393462826462,89.23393462826462,90.8126320702408,-2.2294800058816975,-0.6507825639055227
s19,walk,s19_walk,147000,2021-01-01 11:42:33.295022,91.74311926605505,88.85140573552562,88.85140573552562,90.12620285309048,-2.8917135305294295,-1.6169164129645708
s19,walk,s19_walk,148000,2021-01-01 11:42:35.295022,91.74311926605505,90.15260373124107,90.15260373124107,90.13544316044319,-1.5905155348139743,-1.6076761056118585
s19,walk,s19_walk,149000,2021-01-01 11:42:37.295022,92.87925696594426,91.30382099057115,91.30382099057115,90.54437540098797,-1.5754359753731109,-2.334881564956291
s19,walk,s19_walk,150000,2021-01-01 11:42:39.295022,94.04388714733544,97.02754818186395,97.02754818186395,92.81348587429457,2.9836610345285095,-1.2304012730408687
s19,walk,s19_walk,151000,2021-01-01 11:42:41.295022,95.38950715421304,94.20227308676921,94.20227308676921,93.2995613986607,-1.1872340674438249,-2.0899457555523355
s19,walk,s19_walk,152000,2021-01-01 11:42:43.295022,95.23809523809524,95.0302563784323,95.0302563784323,93.90530464158076,-0.20783885966294235,-1.332790596514485
s19,walk,s19_walk,153000,2021-01-01 11:42:45.295022,95.08716323296356,94.25271957227793,94.25271957227793,94.02689986732477,-0.8344436606856362,-1.0602633656387894
s19,walk,s19_walk,154000,2021-01-01 11:42:47.295022,93.89671361502349,89.93870814970307,89.93870814970307,92.59603276615718,-3.9580054653204115,-1.3006808488663069
s19,walk,s19_walk,155000,2021-01-01 11:42:49.295022,92.5925925925926,89.06705163873393,89.06705163873393,91.36088937155904,-3.525540953858666,-1.2317032210335555
s19,walk,s19_walk,156000,2021-01-01 11:42:51.295022,92.5925925925926,90.23902228367582,90.23902228367582,90.96823589079992,-2.3535703089167725,-1.6243567017926779
s19,walk,s19_walk,157000,2021-01-01 11:42:53.295022,92.5925925925926,92.40914334476238,92.40914334476238,91.47255349968678,-0.183449247830211,-1.120039092905813
s19,walk,s19_walk,158000,2021-01-01 11:42:55.295022,90.36144578313252,99.17545629173301,99.17545629173301,94.16856947690296,8.81401050860049,3.8071236937704356
s19,walk,s19_walk,159000,2021-01-01 11:42:57.295022,88.23529411764706,98.68334075645139,98.68334075645139,95.74873942474491,10.448046638804328,7.513445307097854
s19,walk,s19_walk,160000,2021-01-01 11:42:59.295022,88.23529411764706,92.29688982764584,92.29688982764584,94.54059206576024,4.061595709998784,6.305297948113179
s19,walk,s19_walk,161000,2021-01-01 11:43:01.295022,93.16770186335404,91.35025301913807,91.35025301913807,93.42397339944247,-1.8174488442159742,0.256271536088434
s19,walk,s19_walk,162000,2021-01-01 11:43:03.295022,94.04388714733544,93.3678106226002,93.3678106226002,93.40431642754768,-0.6760765247352367,-0.6395707197877556
s19,walk,s19_walk,163000,2021-01-01 11:43:05.295022,94.48818897637796,102.66961530010491,102.66961530010491,96.64717103294271,8.181426323726953,2.158982056564753
s19,walk,s19_walk,164000,2021-01-01 11:43:07.295022,96.30818619582664,96.17006720941221,96.17006720941221,96.48018469470703,-0.1381189864144261,0.17199849888039864
s19,walk,s19_walk,165000,2021-01-01 11:43:09.295022,96.7741935483871,96.76370252993618,96.76370252993618,96.57941593703723,-0.01049101845092082,-0.1947776113498776
s19,walk,s19_walk,166000,2021-01-01 11:43:11.295022,97.7198697068404,91.6239684882125,91.6239684882125,94.84500932994857,-6.095901218627901,-2.8748603768918315
s19,walk,s19_walk,167000,2021-01-01 11:43:13.295022,101.69491525423727,95.59549849245552,95.59549849245552,95.107680536826,-6.099416761781754,-6.5872347174112775
s19,walk,s19_walk,168000,2021-01-01 11:43:15.295022,100.67114093959732,95.54527248174014,95.54527248174014,95.26083771754594,-5.12586845785718,-5.4103032220513825
s19,walk,s19_walk,169000,2021-01-01 11:43:17.295022,103.09278350515464,105.54508904489813,105.54508904489813,98.8603256821192,2.4523055397434916,-4.232457823035446
s19,walk,s19_walk,170000,2021-01-01 11:43:19.295022,103.80622837370242,105.03182777155689,105.03182777155689,101.02035141342239,1.2255993978544666,-2.785876960280035
s19,walk,s19_walk,171000,2021-01-01 11:43:21.295022,103.09278350515464,103.98763061956063,103.98763061956063,102.05889913557078,0.8948471144059909,-1.033884369583859
s19,walk,s19_walk,172000,2021-01-01 11:43:23.295022,103.09278350515464,104.01840329858871,104.01840329858871,102.74472559262705,0.9256197934340662,-0.34805791252759377
s19,walk,s19_walk,173000,2021-01-01 11:43:25.295022,99.66777408637874,91.56034818300927,91.56034818300927,98.83019349926082,-8.107425903369474,-0.8375805871179267
s19,walk,s19_walk,174000,2021-01-01 11:43:27.295022,95.08716323296356,98.1378683565209,98.1378683565209,98.58787969930185,3.0507051235573357,3.5007164663382895
s19,walk,s19_walk,175000,2021-01-01 11:43:29.295022,94.33962264150944,89.7862397921608,89.7862397921608,95.50730573180249,-4.553382849348637,1.1676830902930533
s19,walk,s19_walk,176000,2021-01-01 11:43:31.295022,93.45794392523364,89.41688940865231,89.41688940865231,93.37566001869993,-4.041054516581326,-0.08228390653370354
s19,walk,s19_walk,177000,2021-01-01 11:43:33.295022,93.45794392523364,88.3466369792177,88.3466369792177,91.61550195488115,-5.1113069460159295,-1.842441970352482
s19,walk,s19_walk,178000,2021-01-01 11:43:35.295022,93.45794392523364,87.57233022615102,87.57233022615102,90.2003918498256,-5.885613699082612,-3.2575520754080287
s19,walk,s19_walk,179000,2021-01-01 11:43:37.295022,87.71929824561403,88.72516471549764,88.72516471549764,89.68406235281081,1.005866469883614,1.9647641071967854
s19,walk,s19_walk,180000,2021-01-01 11:43:39.295022,91.1854103343465,89.06275423334432,89.06275423334432,89.46660451099754,-2.1226561010021783,-1.7188058233489585
s19,walk,s19_walk,181000,2021-01-01 11:43:41.295022,93.45794392523364,88.30914225278191,88.30914225278191,89.06149272062207,-5.148801672451725,-4.396451204611566
s19,walk,s19_walk,182000,2021-01-01 11:43:43.295022,93.45794392523364,86.90865307069254,86.90865307069254,88.30799884314673,-6.549290854541098,-5.1499450820869015
s19,walk,s19_walk,183000,2021-01-01 11:43:45.295022,94.33962264150944,98.00665565277622,98.00665565277622,91.70252872651706,3.6670330112667813,-2.637093914992377
s19,walk,s19_walk,184000,2021-01-01 11:43:47.295022,94.33962264150944,100.22578184731802,100.22578184731802,94.68566731879739,5.886159205808582,0.3460446772879493
s19,walk,s19_walk,185000,2021-01-01 11:43:49.295022,94.33962264150944,87.96434450127911,87.96434450127911,92.33320433266599,-6.375278140230321,-2.0064183088434504
s19,walk,s19_walk,186000,2021-01-01 11:43:51.295022,93.75,89.37837499029877,89.37837499029877,91.29901406283746,-4.3716250097012335,-2.4509859371625424
s19,walk,s19_walk,187000,2021-01-01 11:43:53.295022,93.75,89.21957999400193,89.21957999400193,90.57121213874503,-4.530420005998067,-3.1787878612549747
s19,walk,s19_walk,188000,2021-01-01 11:43:55.295022,97.0873786407767,88.71644645964443,88.71644645964443,89.92204415105982,-8.370932181132275,-7.165334489716884
s19,walk,s19_walk,189000,2021-01-01 11:43:57.295022,96.15384615384616,90.47723532365154,90.47723532365154,90.11636106146692,-5.676610830194619,-6.037485092379242
s19,walk,s19_walk,190000,2021-01-01 11:43:59.295022,94.6372239747634,92.8925191555284,92.8925191555284,91.08801639438843,-1.7447048192349968,-3.5492075803749685
s19,walk,s19_walk,191000,2021-01-01 11:44:01.295022,94.6372239747634,90.10021212914056,90.10021212914056,90.74228490155167,-4.5370118456228425,-3.894939073211731
s19,walk,s19_walk,192000,2021-01-01 11:44:03.295022,96.15384615384616,89.32416316174063,89.32416316174063,90.2459422926178,-6.829682992105532,-5.9079038612283625
s19,walk,s19_walk,193000,2021-01-01 11:44:05.295022,99.66777408637874,87.54166903224227,87.54166903224227,89.29944665148636,-12.126105054136474,-10.368327434892379
s19,walk,s19_walk,194000,2021-01-01 11:44:07.295022,102.91595197255576,99.3815895878923,99.3815895878923,92.82819667922844,-3.534362384663467,-10.08775529332732
s19,walk,s19_walk,195000,2021-01-01 11:44:09.295022,103.80622837370242,105.1219835879917,105.1219835879917,97.13102209729558,1.3157552142892825,-6.67520627640684
s19,walk,s19_walk,196000,2021-01-01 11:44:11.295022,102.38907849829351,99.69961122050586,99.69961122050586,98.03002829041918,-2.6894672777876565,-4.359050207874333
s19,walk,s19_walk,197000,2021-01-01 11:44:13.295022,98.6842105263158,89.39871264821933,89.39871264821933,95.00906781564923,-9.285497878096464,-3.675142710666563
s19,walk,s19_walk,198000,2021-01-01 11:44:15.295022,96.30818619582664,89.03272470337797,89.03272470337797,92.9173477263543,-7.27546149244867,-3.3908384694723424
s19,walk,s19_walk,199000,2021-01-01 11:44:17.295022,96.30818619582664,89.31712019068429,89.31712019068429,91.6572680888698,-6.991066005142343,-4.650918106956837
s19,walk,s19_walk,200000,2021-01-01 11:44:19.295022,96.61835748792272,93.34079617494477,93.34079617494477,92.24650291899604,-3.2775613129779515,-4.371854568926679
s19,walk,s19_walk,201000,2021-01-01 11:44:21.295022,98.52216748768473,92.06283771350306,92.06283771350306,92.1822200970735,-6.459329774181668,-6.339947390611229
s19,walk,s19_walk,202000,2021-01-01 11:44:23.295022,98.52216748768473,90.76776591348754,90.76776591348754,91.6871611328184,-7.754401574197189,-6.835006354866323
s19,walk,s19_walk,203000,2021-01-01 11:44:25.295022,90.36144578313252,90.91241714130804,90.91241714130804,91.41600073578978,0.5509713581755165,1.0545549526572557
s19,walk,s19_walk,204000,2021-01-01 11:44:27.295023,88.23529411764706,89.76612667595307,89.76612667595307,90.83854481484693,1.5308325583060167,2.6032506971998686
s19,walk,s19_walk,205000,2021-01-01 11:44:29.295023,88.23529411764706,91.25763078188821,91.25763078188821,90.98522490331138,3.022336664241152,2.7499307856643185
s19,walk,s19_walk,206000,2021-01-01 11:44:31.295023,92.5925925925926,90.09655715336127,90.09655715336127,90.67419119082885,-2.4960354392313207,-1.9184014017637452
s19,walk,s19_walk,207000,2021-01-01 11:44:33.295023,92.5925925925926,90.63858797826823,90.63858797826823,90.66173006643263,-1.9540046143243615,-1.9308625261599701
s19,walk,s19_walk,208000,2021-01-01 11:44:35.295023,89.82035928143712,89.33437693550293,89.33437693550293,90.19715647060724,-0.48598234593418965,0.3767971891701194
s19,walk,s19_walk,209000,2021-01-01 11:44:37.295023,89.82035928143712,89.8758835535667,89.8758835535667,90.08471094964305,0.055524272129574115,0.2643516682059328
s19,walk,s19_walk,210000,2021-01-01 11:44:39.295023,93.75,89.91049404056889,89.91049404056889,90.0237350314671,-3.839505959431108,-3.7262649685329023
s19,walk,s19_walk,211000,2021-01-01 11:44:41.295023,96.61835748792272,92.35809049613886,92.35809049613886,90.84075944410222,-4.260266991783865,-5.777598043820504
s19,walk,s19_walk,212000,2021-01-01 11:44:43.295023,98.36065573770492,92.55598649628229,92.55598649628229,91.44108891236525,-5.80466924142263,-6.919566825339672
s19,walk,s19_walk,213000,2021-01-01 11:44:45.295023,98.36065573770492,92.9780113782898,92.9780113782898,91.97901177543883,-5.38264435941511,-6.381643962266082
s19,walk,s19_walk,214000,2021-01-01 11:44:47.295023,98.36065573770492,95.68442870870899,95.68442870870899,93.27590770208339,-2.6762270289959247,-5.08474803562153
s19,walk,s19_walk,215000,2021-01-01 11:44:49.295023,97.4025974025974,102.27289105538127,102.27289105538127,96.42485187573764,4.870293652783872,-0.9777455268597492
s19,walk,s19_walk,216000,2021-01-01 11:44:51.295023,99.33774834437088,97.85754303656897,97.85754303656897,96.92629378202861,-1.48020530780191,-2.4114545623422714
s19,walk,s19_walk,217000,2021-01-01 11:44:53.295023,98.52216748768473,102.07420378081426,102.07420378081426,98.72806228160358,3.5520362931295324,0.20589479391885845
s19,walk,s19_walk,218000,2021-01-01 11:44:55.295023,97.7198697068404,97.23867330184254,97.23867330184254,98.20677613868722,-0.4811964049978599,0.48690643184681903
s19,walk,s19_walk,219000,2021-01-01 11:44:57.295023,96.15384615384616,98.33648899806025,98.33648899806025,98.25217563946778,2.1826428442140866,2.098329485621619
s19,walk,s19_walk,220000,2021-01-01 11:44:59.295023,96.0,92.28898826834889,92.28898826834889,96.16506005957618,-3.711011731651112,0.1650600595761773
s19,walk,s19_walk,221000,2021-01-01 11:45:01.295023,95.84664536741214,92.7573869962704,92.7573869962704,94.97237448741916,-3.0892583711417387,-0.8742708799929773
s19,walk,s19_walk,222000,2021-01-01 11:45:03.295023,95.84664536741214,96.38886602176227,96.38886602176227,95.46814652443925,0.5422206543501318,-0.3784988429728884
s19,walk,s19_walk,223000,2021-01-01 11:45:05.295023,93.75,92.85753811061934,92.85753811061934,94.55443357960229,-0.8924618893806553,0.8044335796022892
s19,walk,s19_walk,224000,2021-01-01 11:45:07.295023,92.87925696594426,90.43527907680036,90.43527907680036,93.11272950362161,-2.443977889143909,0.23347253767734344
s19,walk,s19_walk,225000,2021-01-01 11:45:09.295023,92.3076923076923,90.40681780670269,90.40681780670269,92.16566040969998,-1.900874500989616,-0.14203189799232518
s19,walk,s19_walk,226000,2021-01-01 11:45:11.295023,92.0245398773006,89.98203739271256,89.98203739271256,91.40139235375437,-2.0425024845880415,-0.6231475235462227
s19,walk,s19_walk,227000,2021-01-01 11:45:13.295023,92.0245398773006,91.7369825218608,91.7369825218608,91.51884891259162,-0.28755735543980165,-0.5056909647089753
s19,walk,s19_walk,228000,2021-01-01 11:45:15.295023,92.16589861751152,93.17847615278777,93.17847615278777,92.09971844666026,1.0125775352762503,-0.06618017085125416
s19,walk,s19_walk,229000,2021-01-01 11:45:17.295023,92.44992295839754,90.10625936198439,90.10625936198439,91.4020077670237,-2.343663596413151,-1.047915191373832
s19,walk,s19_walk,230000,2021-01-01 11:45:19.295023,94.04388714733544,102.68352955571841,102.68352955571841,95.35054039306685,8.639642408382969,1.306653245731411
s19,walk,s19_walk,231000,2021-01-01 11:45:21.295023,96.0,91.84787641298891,91.84787641298891,94.12460800003957,-4.15212358701109,-1.8753919999604278
s19,walk,s19_walk,232000,2021-01-01 11:45:23.295023,97.0873786407767,98.94459796624709,98.94459796624709,95.8116044882122,1.857219325470382,-1.2757741525645088
s19,walk,s19_walk,233000,2021-01-01 11:45:25.295023,97.4025974025974,92.28463059939682,92.28463059939682,94.57716362712682,-5.117966803200574,-2.8254337754705716
s19,walk,s19_walk,234000,2021-01-01 11:45:27.295023,97.5609756097561,99.9977535389819,99.9977535389819,96.47437009627609,2.436777929225798,-1.0866055134800092
s19,walk,s19_walk,235000,2021-01-01 11:45:29.295023,99.33774834437088,92.65322129274466,92.65322129274466,95.13696801504008,-6.684527051626219,-4.200780329330797
s19,walk,s19_walk,236000,2021-01-01 11:45:31.295023,101.86757215619694,93.09475898930732,93.09475898930732,94.42219485603363,-8.77281316688962,-7.445377300163315
s19,walk,s19_walk,237000,2021-01-01 11:45:33.295023,103.09278350515464,87.47794608368382,87.47794608368382,91.9917077857112,-15.614837421470824,-11.101075719443443
s19,walk,s19_walk,238000,2021-01-01 11:45:35.295023,103.09278350515464,90.35573374434927,90.35573374434927,91.41911687123452,-12.737049760805377,-11.67366663392012
s19,walk,s19_walk,239000,2021-01-01 11:45:37.295023,101.52284263959392,90.1108906856597,90.1108906856597,90.96123770628333,-11.41195195393422,-10.56160493331059
s19,walk,s19_walk,240000,2021-01-01 11:45:39.295023,99.33774834437088,82.03404183530404,82.03404183530404,87.83671915144058,-17.303706509066842,-11.501029192930304
s19,walk,s19_walk,241000,2021-01-01 11:45:41.295023,95.23809523809524,92.06704892777178,92.06704892777178,89.3173345731565,-3.1710463103234616,-5.92076066493874
s19,walk,s19_walk,242000,2021-01-01 11:45:43.295023,95.69377990430624,91.80713662920196,91.80713662920196,90.18876529277242,-3.8866432751042765,-5.505014611533824
s20,run,s20_run,0,2021-01-01 11:12:15.240786,82.3045267489712,83.54464715050922,83.54464715050922,83.54464715050922,1.2401204015380216,1.2401204015380216
s20,run,s20_run,1000,2021-01-01 11:12:17.240786,80.64516129032258,81.17003778954826,81.17003778954826,82.71353387417288,0.5248764992256838,2.068372583850305
s20,run,s20_run,2000,2021-01-01 11:12:19.240786,81.30081300813008,80.76974035504371,80.76974035504371,82.03320614247767,-0.531072653086369,0.7323931343475891
s20,run,s20_run,3000,2021-01-01 11:12:21.240786,82.75862068965517,81.24487419362221,81.24487419362221,81.75728996037826,-1.5137464960329652,-1.0013307292769156
s20,run,s20_run,4000,2021-01-01 11:12:23.240786,82.75862068965517,82.61446612494532,82.61446612494532,82.05730161797673,-0.14415456470985077,-0.7013190716784408
s20,run,s20_run,5000,2021-01-01 11:12:25.240786,83.33333333333334,83.0561588189734,83.0561588189734,82.40690163832556,-0.2771745143599418,-0.9264316950077784
s20,run,s20_run,6000,2021-01-01 11:12:27.240786,84.98583569405099,84.85545250916888,84.85545250916888,83.26389444312073,-0.1303831848821062,-1.7219412509302572
s20,run,s20_run,7000,2021-01-01 11:12:29.240786,87.46355685131195,87.20491433520287,87.20491433520287,84.64325140534947,-0.2586425161090773,-2.8203054459624752
s20,run,s20_run,8000,2021-01-01 11:12:31.240786,87.97653958944281,89.23334552086517,89.23334552086517,86.24978434577997,1.2568059314223632,-1.7267552436628364
s20,run,s20_run,9000,2021-01-01 11:12:33.240786,85.9598853868195,87.93289846141269,87.93289846141269,86.83887428625142,1.9730130745931973,0.8789888994319313
s20,run,s20_run,10000,2021-01-01 11:12:35.240786,85.47008547008548,86.9667828651842,86.9667828651842,86.8836422888779,1.496697395098721,1.413556818792415
s20,run,s20_run,11000,2021-01-01 11:12:37.240786,87.5912408759124,85.83222781630643,85.83222781630643,86.51564722347788,-1.7590130596059765,-1.0755936524345202
s20,run,s20_run,12000,2021-01-01 11:12:39.240786,90.36144578313252,90.52402782187978,90.52402782187978,87.91858043291855,0.16258203874726007,-2.442865350213978
s20,run,s20_run,13000,2021-01-01 11:12:41.240786,91.46341463414632,91.93928345838947,91.93928345838947,89.32582649183337,0.47586882424315036,-2.13758814231295
s20,run,s20_run,14000,2021-01-01 11:12:43.240786,90.36144578313252,89.74086888021264,89.74086888021264,89.47109132776612,-0.6205769029198791,-0.8903544553664062
s20,run,s20_run,15000,2021-01-01 11:12:45.240786,89.28571428571428,89.46657872860486,89.46657872860486,89.46951191805968,0.1808644428905808,0.18379763234540292
s20,run,s20_run,16000,2021-01-01 11:12:47.240786,88.23529411764706,90.01135626954708,90.01135626954708,89.65915744108027,1.776062151900021,1.4238633234332099
s20,run,s20_run,17000,2021-01-01 11:12:49.240786,88.75739644970413,89.30313241852467,89.30313241852467,89.5345486831858,0.5457359688205372,0.7771522334816723
s20,run,s20_run,18000,2021-01-01 11:12:51.240786,88.75739644970413,89.98404584747975,89.98404584747975,89.69187269068868,1.226649397775617,0.9344762409845515
s20,run,s20_run,19000,2021-01-01 11:12:53.240786,89.02077151335311,89.39674099093043,89.39674099093043,89.58857659577329,0.37596947757731414,0.567805082420179
s20,run,s20_run,20000,2021-01-01 11:12:55.240786,89.28571428571428,88.77816775770997,88.77816775770997,89.30493350245112,-0.5075465280043119,0.019219216736843237
s20,run,s20_run,21000,2021-01-01 11:12:57.240786,89.28571428571428,88.38340281679433,88.38340281679433,88.98239776247125,-0.9023114689199474,-0.3033165232430264
s20,run,s20_run,22000,2021-01-01 11:12:59.240786,89.02077151335311,89.18600722286398,89.18600722286398,89.05366107360871,0.16523570951086697,0.032889560255597416
s20,run,s20_run,23000,2021-01-01 11:13:01.240786,90.9090909090909,91.39578833184517,91.39578833184517,89.87340561399147,0.4866974227542613,-1.0356852950994409
s20,run,s20_run,24000,2021-01-01 11:13:03.240786,91.6030534351145,92.49636927326756,92.49636927326756,90.7914428947381,0.8933158381530575,-0.8116105403764067
s20,run,s20_run,25000,2021-01-01 11:13:05.240786,92.0245398773006,93.44491176497249,93.44491176497249,91.72015699932014,1.420371887671891,-0.3043828779804585
s20,run,s20_run,26000,2021-01-01 11:13:07.240786,92.0245398773006,92.9038565715915,92.9038565715915,92.13445184961512,0.8793166942909068,0.10991197231452077
s20,run,s20_run,27000,2021-01-01 11:13:09.240786,88.75739644970413,90.5205710570268,90.5205710570268,91.56959357220921,1.763174607322668,2.812197122505083
s20,run,s20_run,28000,2021-01-01 11:13:11.240786,85.83690987124464,87.67966053364219,87.67966053364219,90.20811700871076,1.842750662397549,4.371207137466115
s20,run,s20_run,29000,2021-01-01 11:13:13.240786,88.75739644970413,88.5960474974653,88.5960474974653,89.64389267977485,-0.16134895223882495,0.8864962300707191
s20,run,s20_run,30000,2021-01-01 11:13:15.240786,89.02077151335311,89.82967376802785,89.82967376802785,89.7089160606634,0.8089022546747344,0.6881445473102872
s20,run,s20_run,31000,2021-01-01 11:13:17.240786,89.82035928143712,90.79705703865405,90.79705703865405,90.08976540296013,0.9766977572169253,0.269406121523005
s20,run,s20_run,32000,2021-01-01 11:13:19.240786,90.63444108761328,91.15477892400979,91.15477892400979,90.46252013532751,0.5203378363965072,-0.17192095228577386
s20,run,s20_run,33000,2021-01-01 11:13:21.240786,90.9090909090909,92.39823527025514,92.39823527025514,91.14002043255218,1.4891443611642359,0.2309295234612705
s20,run,s20_run,34000,2021-01-01 11:13:23.240786,91.46341463414632,92.16022589346984,92.16022589346984,91.49709234387336,0.6968112593235247,0.0336777097270442
s20,run,s20_run,35000,2021-01-01 11:13:25.240786,91.74311926605505,91.73695889176875,91.73695889176875,91.58104563563674,-0.006160374286295678,-0.16207363041830547
s20,run,s20_run,36000,2021-01-01 11:13:27.240786,93.02325581395348,91.39881962673115,91.39881962673115,91.51726653251978,-1.6244361872223294,-1.505989281433699
s20,run,s20_run,37000,2021-01-01 11:13:29.240786,92.0245398773006,92.42570565947258,92.42570565947258,91.83522022695325,0.4011657821719865,-0.18931965034734333
s20,run,s20_run,38000,2021-01-01 11:13:31.240786,92.0245398773006,91.46625539002962,91.46625539002962,91.70608253402997,-0.5582844872709813,-0.31845734327062303
s20,run,s20_run,39000,2021-01-01 11:13:33.240786,87.2093023255814,88.28762832902126,88.28762832902126,90.50962356227693,1.0783260034398552,3.300321236695524
s20,run,s20_run,40000,2021-01-01 11:13:35.240786,87.2093023255814,87.19148759837701,87.19148759837701,89.34827597491196,-0.017814727204395808,2.138973649330552
s20,run,s20_run,41000,2021-01-01 11:13:37.240786,87.2093023255814,86.45705492246063,86.45705492246063,88.336348606554,-0.7522474031207764,1.1270462809725927
s20,run,s20_run,42000,2021-01-01 11:13:39.240786,87.97653958944281,88.73127751119762,88.73127751119762,88.47457372317926,0.7547379217548098,0.49803413373645355
s20,run,s20_run,43000,2021-01-01 11:13:41.240786,87.97653958944281,88.08345305133707,88.08345305133707,88.33768148803449,0.10691346189426554,0.3611418985916828
s20,run,s20_run,44000,2021-01-01 11:13:43.240786,88.49557522123894,88.19021631843962,88.19021631843962,88.28606867867629,-0.30535890279931266,-0.2095065425626501
s20,run,s20_run,45000,2021-01-01 11:13:45.240786,89.82035928143712,89.10446336692812,89.10446336692812,88.57250681956442,-0.7158959145090051,-1.2478524618726965
s20,run,s20_run,46000,2021-01-01 11:13:47.240786,90.49773755656108,91.29689716481468,91.29689716481468,89.52604344040202,0.7991596082536034,-0.9716941161590569
s20,run,s20_run,47000,2021-01-01 11:13:49.240786,92.16589861751152,93.65167309972541,93.65167309972541,90.9700138211652,1.4857744822138983,-1.19588479634632
s20,run,s20_run,48000,2021-01-01 11:13:51.240786,92.16589861751152,93.63298845272799,93.63298845272799,91.90205494221217,1.4670898352164699,-0.2638436752993414
s20,run,s20_run,49000,2021-01-01 11:13:53.240786,93.89671361502349,92.56031879539354,92.56031879539354,92.13244729082565,-1.3363948196299447,-1.764266324197834
s20,run,s20_run,50000,2021-01-01 11:13:55.240786,93.16770186335404,91.97034228571697,91.97034228571697,92.0757105390376,-1.197359577637073,-1.0919913243164387
s20,run,s20_run,51000,2021-01-01 11:13:57.240786,94.6372239747634,91.46390156216893,91.46390156216893,91.86157739713357,-3.173322412594473,-2.7756465776298285
s20,run,s20_run,52000,2021-01-01 11:13:59.240786,94.6372239747634,93.31578310440548,93.31578310440548,92.37054939467873,-1.3214408703579181,-2.2666745800846684
s20,run,s20_run,53000,2021-01-01 11:14:01.240786,90.9090909090909,89.3688004302432,89.3688004302432,91.3199372571263,-1.5402904788477088,0.4108463480353919
s20,run,s20_run,54000,2021-01-01 11:14:03.240786,83.68200836820084,83.30132526775597,83.30132526775597,88.51342306084669,-0.38068310044486964,4.8314146926458506
s20,run,s20_run,55000,2021-01-01 11:14:05.240786,83.68200836820084,83.7151162284789,83.7151162284789,86.83401566951797,0.033107860278065004,3.152007301317127
s20,run,s20_run,56000,2021-01-01 11:14:07.240786,86.33093525179856,87.86438997473051,87.86438997473051,87.19464667634236,1.5334547229319497,0.8637114245437942
s20,run,s20_run,57000,2021-01-01 11:14:09.240786,86.95652173913044,88.81509273935697,88.81509273935697,87.76180279839747,1.858571000226533,0.8052810592670312
s20,run,s20_run,58000,2021-01-01 11:14:11.240786,89.82035928143712,90.69524268427212,90.69524268427212,88.7885067584536,0.8748834028349961,-1.0318525229835274
s20,run,s20_run,59000,2021-01-01 11:14:13.240786,89.28571428571428,88.9224297171869,88.9224297171869,88.83537979401025,-0.36328456852737645,-0.4503344917040266
s20,run,s20_run,60000,2021-01-01 11:14:15.240786,89.55223880597015,89.75428010476281,89.75428010476281,89.15699490277365,0.20204129879266475,-0.3952439031965014
s20,run,s20_run,61000,2021-01-01 11:14:17.240786,89.28571428571428,90.34399668904906,90.34399668904906,89.57244552797005,1.0582824033347862,0.28673124225576885
s20,run,s20_run,62000,2021-01-01 11:14:19.240786,89.02077151335311,87.65345198288713,87.65345198288713,88.90079778719102,-1.367319530465977,-0.11997372616208679
s20,run,s20_run,63000,2021-01-01 11:14:21.240786,89.02077151335311,89.83405953652307,89.83405953652307,89.22743939945724,0.8132880231699602,0.20666788610412823
s20,run,s20_run,64000,2021-01-01 11:14:23.240786,92.3076923076923,91.14927493168067,91.14927493168067,89.90008183573543,-1.1584173760116414,-2.407610471956872
s20,run,s20_run,65000,2021-01-01 11:14:25.240786,93.16770186335404,93.4114247642571,93.4114247642571,91.12905186071802,0.24372290090306592,-2.038650002636018
s20,run,s20_run,66000,2021-01-01 11:14:27.240786,93.45794392523364,93.46476330371272,93.46476330371272,91.94655086576617,0.006819378479079319,-1.5113930594674656
s20,run,s20_run,67000,2021-01-01 11:14:29.240786,93.45794392523364,93.1367518322375,93.1367518322375,92.36312120403113,-0.32119209299614226,-1.0948227212025046
s20,run,s20_run,68000,2021-01-01 11:14:31.240786,93.31259720062208,92.48012003885127,92.48012003885127,92.40407079621818,-0.8324771617708109,-0.9085264044039008
s20,run,s20_run,69000,2021-01-01 11:14:33.240786,92.87925696594426,92.3183500558765,92.3183500558765,92.3740685370986,-0.5609069100677715,-0.5051884288456705
s20,run,s20_run,70000,2021-01-01 11:14:35.240786,91.6030534351145,91.85259355685606,91.85259355685606,92.19155229401372,0.24954012174156048,0.5884988588992144
s20,run,s20_run,71000,2021-01-01 11:14:37.240786,90.9090909090909,90.79346090554338,90.79346090554338,91.70222030804909,-0.11563000354752262,0.793129398958186
s20,run,s20_run,72000,2021-01-01 11:14:39.240786,90.63444108761328,90.22599268925283,90.22599268925283,91.1855406414704,-0.40844839836044855,0.5510995538571137
s20,run,s20_run,73000,2021-01-01 11:14:41.240786,90.63444108761328,91.43939358415328,91.43939358415328,91.27438917140941,0.8049524965399968,0.6399480837961278
s20,run,s20_run,74000,2021-01-01 11:14:43.240786,93.75,95.4504219018126,95.4504219018126,92.73600062705052,1.7004219018126037,-1.0139993729494847
s20,run,s20_run,75000,2021-01-01 11:14:45.240786,93.75,97.12523457073608,97.12523457073608,94.27223250734046,3.375234570736083,0.5222325073404619
s20,run,s20_run,76000,2021-01-01 11:14:47.240786,93.75,92.47287206100486,92.47287206100486,93.642456351123,-1.277127938995136,-0.10754364887699808
s20,run,s20_run,77000,2021-01-01 11:14:49.240786,92.0245398773006,91.1956480812372,91.1956480812372,92.78607345666296,-0.8288917960634024,0.7615335793623643
s20,run,s20_run,78000,2021-01-01 11:14:51.240786,93.75,92.88551690843606,92.88551690843606,92.82087866478355,-0.8644830915639403,-0.9291213352164505
s20,run,s20_run,79000,2021-01-01 11:14:53.240786,93.16770186335404,92.52247232907604,92.52247232907604,92.71643644728591,-0.6452295342780019,-0.4512654160681251
s20,run,s20_run,80000,2021-01-01 11:14:55.240786,92.0245398773006,89.35987448266201,89.35987448266201,91.54163975966755,-2.6646653946385896,-0.48290011763305074
s20,run,s20_run,81000,2021-01-01 11:14:57.240786,85.22727272727273,85.04302298836292,85.04302298836292,89.26712388971093,-0.18424973890981278,4.039851162438197
s20,run,s20_run,82000,2021-01-01 11:14:59.240786,82.07934336525308,82.26816923919672,82.26816923919672,86.81748976203096,0.18882587394364236,4.7381463967778785
s20,run,s20_run,83000,2021-01-01 11:15:01.240786,82.07934336525308,82.7481354792128,82.7481354792128,85.39321576304461,0.668792113959725,3.3138723977915276
s20,run,s20_run,84000,2021-01-01 11:15:03.240786,90.36144578313252,90.85691826787611,90.85691826787611,87.30551163973564,0.49547248474358696,-3.0559341433968825
s20,run,s20_run,85000,2021-01-01 11:15:05.240786,91.74311926605505,91.30338126336764,91.30338126336764,88.70476600800684,-0.43973800268740604,-3.038353258048204
s20,run,s20_run,86000,2021-01-01 11:15:07.240786,91.74311926605505,92.9770648615742,92.9770648615742,90.20007060675542,1.2339455955191596,-1.5430486592996289
s20,run,s20_run,87000,2021-01-01 11:15:09.240786,91.324200913242,91.83367490270078,91.83367490270078,90.7718321103363,0.5094739894587832,-0.5523688029056899
s20,run,s20_run,88000,2021-01-01 11:15:11.240786,91.74311926605505,91.27928902094821,91.27928902094821,90.94944202905047,-0.4638302451068341,-0.793677237004573
s20,run,s20_run,89000,2021-01-01 11:15:13.240786,92.0245398773006,93.22699997947652,93.22699997947652,91.74658731169959,1.2024601021759196,-0.2779525656010122
s20,run,s20_run,90000,2021-01-01 11:15:15.240786,95.54140127388536,97.14255947650024,97.14255947650024,93.6351775693798,1.601158202614883,-1.9062237045055497
s20,run,s20_run,91000,2021-01-01 11:15:17.240786,95.54140127388536,96.81826122367774,96.81826122367774,94.74925684838408,1.2768599497923816,-0.7921444255012773
s20,run,s20_run,92000,2021-01-01 11:15:19.240786,87.2093023255814,90.60831422575774,90.60831422575774,93.29992693046486,3.3990119001763333,6.090624604883459
s20,run,s20_run,93000,2021-01-01 11:15:21.240786,82.87292817679558,84.20717384403896,84.20717384403896,90.1174633502158,1.3342456672433798,7.244535173420218
s20,run,s20_run,94000,2021-01-01 11:15:23.240786,82.87292817679558,85.64100317186637,85.64100317186637,88.5507022877935,2.7680749950707906,5.677774110997916
s20,run,s20_run,95000,2021-01-01 11:15:25.240786,89.82035928143712,89.23166461590218,89.23166461590218,88.78903910263153,-0.5886946655349448,-1.0313201788055864
s20,run,s20_run,96000,2021-01-01 11:15:27.240786,90.36144578313252,90.52285275108089,90.52285275108089,89.3958738795888,0.1614069679483663,-0.9655719035437187
s20,run,s20_run,97000,2021-01-01 11:15:29.240786,87.08272859216255,85.92231111176379,85.92231111176379,88.18012691085005,-1.1604174803987632,1.097398318687496
s20,run,s20_run,98000,2021-01-01 11:15:31.240786,83.56545961002786,83.39311876479283,83.39311876479283,86.50467405973002,-0.17234084523502702,2.9392144497021633
s20,run,s20_run,99000,2021-01-01 11:15:33.240786,83.56545961002786,83.09457527616675,83.09457527616675,85.31113948548287,-0.4708843338611075,1.7456798754550107
s20,run,s20_run,100000,2021-01-01 11:15:35.240786,86.95652173913044,87.15438024196573,87.15438024196573,85.95627375025187,0.19785850283528816,-1.00024798887857
s20,run,s20_run,101000,2021-01-01 11:15:37.240786,90.9090909090909,90.50851467403534,90.50851467403534,87.54955807357608,-0.40057623505556705,-3.359532835514827
s20,run,s20_run,102000,2021-01-01 11:15:39.240786,92.87925696594426,90.55383010417502,90.55383010417502,88.60105328428571,-2.3254268617692446,-4.278203681658553
s20,run,s20_run,103000,2021-01-01 11:15:41.240786,93.75,92.18198238951005,92.18198238951005,89.85437847111423,-1.568017610489946,-3.895621528885769
s20,run,s20_run,104000,2021-01-01 11:15:43.240786,94.33962264150944,90.8882852332951,90.8882852332951,90.21624583787752,-3.451337408214343,-4.123376803631913
s20,run,s20_run,105000,2021-01-01 11:15:45.240786,95.69377990430624,95.7923392172251,95.7923392172251,92.16787852064918,0.09855931291886577,-3.5259013836570574
s20,run,s20_run,106000,2021-01-01 11:15:47.240786,96.93053311793214,95.24554763814885,95.24554763814885,93.24506271177407,-1.6849854797832933,-3.6854704061580748
s20,run,s20_run,107000,2021-01-01 11:15:49.240786,96.15384615384616,94.08175187477609,94.08175187477609,93.53790391882478,-2.072094279070072,-2.615942235021379
s20,run,s20_run,108000,2021-01-01 11:15:51.240786,90.36144578313252,89.09017908789535,89.09017908789535,91.98120022799948,-1.2712666952371734,1.619754444866956
s20,run,s20_run,109000,2021-01-01 11:15:53.240786,89.02077151335311,87.1076601894648,87.1076601894648,90.27546121451235,-1.913111323888316,1.2546897011592364
s20,run,s20_run,110000,2021-01-01 11:15:55.240786,89.02077151335311,87.52403472922653,87.52403472922653,89.31246194466232,-1.4967367841265826,0.29169043130920613
s20,run,s20_run,111000,2021-01-01 11:15:57.240786,93.16770186335404,91.88320815181602,91.88320815181602,90.2122231171661,-1.284493711538019,-2.9554787461879357
s20,run,s20_run,112000,2021-01-01 11:15:59.240786,93.16770186335404,94.00457680025312,94.00457680025312,91.53954690624656,0.8368749368990791,-1.6281549571074834
s20,run,s20_run,113000,2021-01-01 11:16:01.240786,93.16770186335404,90.32200409401,90.32200409401,91.11340692196376,-2.845697769344042,-2.054294941390282
s20,run,s20_run,114000,2021-01-01 11:16:03.240786,85.34850640113798,86.34544549610665,86.34544549610665,89.44462042291377,0.996939094968667,4.09611402177579
s20,run,s20_run,115000,2021-01-01 11:16:05.240786,82.75862068965517,83.10218879271592,83.10218879271592,87.22476935234452,0.3435681030607469,4.466148662689349
s20,run,s20_run,116000,2021-01-01 11:16:07.240786,83.79888268156425,85.61429134878229,85.61429134878229,86.66110205109774,1.815408667218037,2.8622193695334914
s20,run,s20_run,117000,2021-01-01 11:16:09.240787,94.6372239747634,91.17297002147282,91.17297002147282,88.24025584072902,-3.46425395329058,-6.396968134034381
s20,run,s20_run,118000,2021-01-01 11:16:11.240787,94.9367088607595,93.18370274130686,93.18370274130686,89.97046225593127,-1.7530061194526354,-4.966246604828228
s20,run,s20_run,119000,2021-01-01 11:16:13.240787,95.23809523809524,95.5949782807776,95.5949782807776,91.93904286462748,0.35688304268235527,-3.2990523734677595
s20,run,s20_run,120000,2021-01-01 11:16:15.240787,94.7867298578199,93.54752248162652,93.54752248162652,92.50201073057714,-1.2392073761933915,-2.2847191272427665
s20,run,s20_run,121000,2021-01-01 11:16:17.240787,90.36144578313252,92.52754231666448,92.52754231666448,92.51094678570772,2.166096533531956,2.1495010025751924
s20,run,s20_run,122000,2021-01-01 11:16:19.240787,90.36144578313252,90.87966005378321,90.87966005378321,91.93999642953413,0.518214270650688,1.5785506464016095
s20,run,s20_run,123000,2021-01-01 11:16:21.240787,92.3076923076923,91.64400055616576,91.64400055616576,91.8363978738552,-0.6636917515265424,-0.4712944338371017
s20,run,s20_run,124000,2021-01-01 11:16:23.240787,95.84664536741214,94.519374505727,94.519374505727,92.77543969501033,-1.327270861685136,-3.0712056724018026
s20,run,s20_run,125000,2021-01-01 11:16:25.240787,96.4630225080386,96.79256030005513,96.79256030005513,94.18143190677601,0.32953779201652367,-2.281590601262593
s20,run,s20_run,126000,2021-01-01 11:16:27.240787,96.4630225080386,97.41335272515389,97.41335272515389,95.31260419320827,0.9503302171152797,-1.1504183148303326
s20,run,s20_run,127000,2021-01-01 11:16:29.240787,84.26966292134831,92.90376317713532,92.90376317713532,94.46950983758273,8.634100255787004,10.19984691623442
s20,run,s20_run,128000,2021-01-01 11:16:31.240787,84.26966292134831,88.5574387696883,88.5574387696883,92.40028496381969,4.28777584833999,8.130622042471373
s20,run,s20_run,129000,2021-01-01 11:16:33.240787,90.09009009009009,86.06946080781685,86.06946080781685,90.18449650921869,-4.020629282273234,0.09440641912860315
s20,run,s20_run,130000,2021-01-01 11:16:35.240787,90.9090909090909,90.53605766871212,90.53605766871212,90.3075429150414,-0.3730332403787884,-0.6015479940495112
s20,run,s20_run,131000,2021-01-01 11:16:37.240787,90.9090909090909,90.76860392767588,90.76860392767588,90.46891426946347,-0.14048698141502314,-0.44017663962743825
s20,run,s20_run,132000,2021-01-01 11:16:39.240787,91.46341463414632,90.62111084708532,90.62111084708532,90.52218307163112,-0.8423037870609988,-0.941231562515199
s20,run,s20_run,133000,2021-01-01 11:16:41.240787,92.3076923076923,93.49348448573467,93.49348448573467,91.56213856656736,1.1857921780423624,-0.7455537411249509
s20,run,s20_run,134000,2021-01-01 11:16:43.240787,97.5609756097561,95.2799108678299,95.2799108678299,92.86335887200926,-2.281064741926201,-4.697616737746841
s20,run,s20_run,135000,2021-01-01 11:16:45.240787,97.5609756097561,98.3078282917286,98.3078282917286,94.76892316891102,0.7468526819724985,-2.792052440845083
s20,run,s20_run,136000,2021-01-01 11:16:47.240787,96.15384615384616,97.31841012970087,97.31841012970087,95.66124360518745,1.1645639758547048,-0.49260254865870934
s20,run,s20_run,137000,2021-01-01 11:16:49.240787,95.84664536741214,96.0106798679247,96.0106798679247,95.78354629714548,0.16403450051255675,-0.0630990702666594
s20,run,s20_run,138000,2021-01-01 11:16:51.240787,95.23809523809524,93.99338940551864,93.99338940551864,95.15699138507608,-1.2447058325765994,-0.08110385301915812
s20,run,s20_run,139000,2021-01-01 11:16:53.240787,95.08716323296356,93.41191943624712,93.41191943624712,94.54621620298595,-1.675243796716444,-0.540947029977616
s20,run,s20_run,140000,2021-01-01 11:16:55.240787,95.54140127388536,93.60336523011259,93.60336523011259,94.21621836248028,-1.9380360437727688,-1.3251829114050793
s20,run,s20_run,141000,2021-01-01 11:16:57.240787,96.30818619582664,93.44084094058194,93.44084094058194,93.94483626481585,-2.8673452552447003,-2.363349931010788
s20,run,s20_run,142000,2021-01-01 11:16:59.240787,95.84664536741214,91.98452945356678,91.98452945356678,93.25872888087868,-3.862115913845358,-2.5879164865334587
s20,run,s20_run,143000,2021-01-01 11:17:01.240787,91.46341463414632,90.41062577998571,90.41062577998571,92.26189279556614,-1.0527888541606103,0.7984781614198226
s20,run,s20_run,144000,2021-01-01 11:17:03.240787,88.75739644970413,89.5740409015296,89.5740409015296,91.32114463265336,0.8166444518254679,2.563748182949226
s20,run,s20_run,145000,2021-01-01 11:17:05.240787,89.55223880597015,90.76968696325939,90.76968696325939,91.12813444836547,1.2174481572892404,1.5758956423953236
s20,run,s20_run,146000,2021-01-01 11:17:07.240787,92.0245398773006,92.4542605055194,92.4542605055194,91.59227856836935,0.42972062821880286,-0.4322613089312455
s20,run,s20_run,147000,2021-01-01 11:17:09.240787,92.0245398773006,90.86358074798612,90.86358074798612,91.33723433123522,-1.1609591293144774,-0.6873055460653745
s20,run,s20_run,148000,2021-01-01 11:17:11.240787,90.9090909090909,87.24616926202128,87.24616926202128,89.90536155701035,-3.6629216470696235,-1.0037293520805548
s20,run,s20_run,149000,2021-01-01 11:17:13.240787,91.74311926605505,87.57110519783865,87.57110519783865,89.08837183130025,-4.172014068216399,-2.654747434754796
s20,run,s20_run,150000,2021-01-01 11:17:15.240787,91.74311926605505,90.03919486148561,90.03919486148561,89.42115989186513,-1.7039244045694346,-2.321959374189916
s20,run,s20_run,151000,2021-01-01 11:17:17.240787,91.74311926605505,91.32319622042998,91.32319622042998,90.08687260686283,-0.4199230456250689,-1.6562466591922202
s20,run,s20_run,152000,2021-01-01 11:17:19.240787,91.74311926605505,90.93152478292602,90.93152478292602,90.38250086848494,-0.8115944831290278,-1.3606183975701072
s20,run,s20_run,153000,2021-01-01 11:17:21.240787,89.82035928143712,91.17963504322682,91.17963504322682,90.6614978296446,1.3592757617897036,0.841138548207482
s20,run,s20_run,154000,2021-01-01 11:17:23.240787,88.23529411764706,89.00551216130545,89.00551216130545,90.08190284572589,0.7702180436583888,1.8466087280788344
s20,run,s20_run,155000,2021-01-01 11:17:25.240787,89.02077151335311,88.58634609189583,88.58634609189583,89.55845798188537,-0.43442542145727714,0.5376864685322573
s20,run,s20_run,156000,2021-01-01 11:17:27.240787,90.09009009009009,89.09266137049678,89.09266137049678,89.39542916789937,-0.9974287195933016,-0.694660922190721
s20,run,s20_run,157000,2021-01-01 11:17:29.240787,90.09009009009009,90.03250383375774,90.03250383375774,89.6184053009498,-0.0575862563323426,-0.47168478914028356
s20,run,s20_run,158000,2021-01-01 11:17:31.240787,90.09009009009009,90.96979581605834,90.96979581605834,90.09139198123779,0.8797057259682504,0.0013018911477047368
s20,run,s20_run,159000,2021-01-01 11:17:33.240787,89.55223880597015,90.29462959972375,90.29462959972375,90.16252514770788,0.7423907937536001,0.6102863417377336
s20,run,s20_run,160000,2021-01-01 11:17:35.240787,88.75739644970413,89.47181509400808,89.47181509400808,89.92077662891295,0.7144186443039473,1.163380179208815
s20,run,s20_run,161000,2021-01-01 11:17:37.240787,89.02077151335311,90.01160139788081,90.01160139788081,89.9525652980517,0.9908298845276988,0.9317937846985842
s20,run,s20_run,162000,2021-01-01 11:17:39.240787,89.55223880597015,91.22287714791416,91.22287714791416,90.39717444550357,1.670638341944013,0.8449356395334178
s20,run,s20_run,163000,2021-01-01 11:17:41.240787,89.55223880597015,90.20715575010283,90.20715575010283,90.3306679021133,0.6549169441326796,0.7784290961431566
s20,run,s20_run,164000,2021-01-01 11:17:43.240787,90.49773755656108,89.60745042430895,89.60745042430895,90.07754178488179,-0.8902871322521264,-0.420195771679289
s20,run,s20_run,165000,2021-01-01 11:17:45.240787,85.9598853868195,85.32211843316038,85.32211843316038,88.4131436117793,-0.63776695365911,2.4532582249598107
s20,run,s20_run,166000,2021-01-01 11:17:47.240787,84.38818565400844,83.66630317378586,83.66630317378586,86.7517494584816,-0.7218824802225754,2.3635638044731593
s20,run,s20_run,167000,2021-01-01 11:17:49.240787,86.58008658008657,84.97338604841202,84.97338604841202,86.12932226495724,-1.606700531674548,-0.4507643151293337
s20,run,s20_run,168000,2021-01-01 11:17:51.240787,89.55223880597015,87.78710774048375,87.78710774048375,86.70954718139151,-1.7651310654864005,-2.8426916245786344
s20,run,s20_run,169000,2021-01-01 11:17:53.240787,91.1854103343465,90.02586930975163,90.02586930975163,87.87025992631754,-1.1595410245948727,-3.3151504080289556
s20,run,s20_run,170000,2021-01-01 11:17:55.240787,91.46341463414632,88.80972282911942,88.80972282911942,88.1990719422982,-2.653691805026895,-3.264342691848114
s20,run,s20_run,171000,2021-01-01 11:17:57.240787,87.97653958944281,87.23213079878964,87.23213079878964,87.86064254207021,-0.7444087906531678,-0.11589704737259865
s20,run,s20_run,172000,2021-01-01 11:17:59.240787,87.97653958944281,87.31348887379636,87.31348887379636,87.66913875817437,-0.6630507156464489,-0.3074008312684384
s20,run,s20_run,173000,2021-01-01 11:18:01.240787,92.5925925925926,87.79984832099088,87.79984832099088,87.71488710516014,-4.79274427160172,-4.877705487432451
s20,run,s20_run,174000,2021-01-01 11:18:03.240787,93.75,91.18027790204103,91.18027790204103,88.92777388406844,-2.569722097958973,-4.8222261159315565
s20,run,s20_run,175000,2021-01-01 11:18:05.240787,93.75,91.95874167177668,91.95874167177668,89.98861260976634,-1.7912583282233214,-3.761387390233665
s20,run,s20_run,176000,2021-01-01 11:18:07.240787,89.55223880597015,91.37387838056075,91.37387838056075,90.47345562954439,1.8216395745906055,0.9212168235742411
s20,run,s20_run,177000,2021-01-01 11:18:09.240787,88.49557522123894,88.48048296728943,88.48048296728943,89.77591519775515,-0.015092253949504197,1.280339976516217
s20,run,s20_run,178000,2021-01-01 11:18:11.240787,88.49557522123894,89.84454778803827,89.84454778803827,89.79993660435424,1.3489725667993326,1.3043613831153067
s20,run,s20_run,179000,2021-01-01 11:18:13.240787,89.55223880597015,90.64931785104045,90.64931785104045,90.09722004069442,1.097079045070302,0.5449812347242755
s20,run,s20_run,180000,2021-01-01 11:18:15.240787,91.1854103343465,92.48479642949752,92.48479642949752,90.93287177677551,1.2993860951510214,-0.2525385575709862
s20,run,s20_run,181000,2021-01-01 11:18:17.240787,91.04704097116844,91.15422830269988,91.15422830269988,91.01034656084904,0.10718733153143489,-0.036694410319398685
s20,run,s20_run,182000,2021-01-01 11:18:19.240787,90.9090909090909,91.53286498620064,91.53286498620064,91.1932280097221,0.6237740771097293,0.2841371006311988
s20,run,s20_run,183000,2021-01-01 11:18:21.240787,90.63444108761328,90.39219410698324,90.39219410698324,90.91286614376351,-0.24224698063004269,0.27842505615022617
s20,run,s20_run,184000,2021-01-01 11:18:23.240787,90.9090909090909,89.99205724003535,89.99205724003535,90.59058302745865,-0.9170336690555558,-0.3185078816322573
s20,run,s20_run,185000,2021-01-01 11:18:25.240787,90.63444108761328,90.65727235032367,90.65727235032367,90.61392429046141,0.02283126271038327,-0.02051679715187049
s20,run,s20_run,186000,2021-01-01 11:18:27.240787,90.36144578313252,89.79723990449564,89.79723990449564,90.3280847553734,-0.5642058786368835,-0.03336102775912764
s20,run,s20_run,187000,2021-01-01 11:18:29.240787,90.36144578313252,90.1360630240727,90.1360630240727,90.26087714941815,-0.2253827590598263,-0.1005686337143743
s20,run,s20_run,188000,2021-01-01 11:18:31.240787,88.75739644970413,89.2024799903571,89.2024799903571,89.89043814374678,0.4450835406529734,1.133041694042646
s20,run,s20_run,189000,2021-01-01 11:18:33.240787,88.75739644970413,89.60851311577801,89.60851311577801,89.79176438395771,0.851116666073878,1.0343679342535808
s20,run,s20_run,190000,2021-01-01 11:18:35.240787,90.63444108761328,90.93945252906204,90.93945252906204,90.19345523474422,0.30501144144875525,-0.440985852869062
s20,run,s20_run,191000,2021-01-01 11:18:37.240787,93.16770186335404,91.4318620327446,91.4318620327446,90.62689761404435,-1.7358398306094358,-2.540804249309687
s20,run,s20_run,192000,2021-01-01 11:18:39.240787,94.9367088607595,92.1529271999176,92.1529271999176,91.16100796909998,-2.783781660841896,-3.775700891659511
s20,run,s20_run,193000,2021-01-01 11:18:41.240787,94.9367088607595,102.30421017696537,102.30421017696537,95.06112874185287,7.367501316205875,0.12441988109337387
s20,run,s20_run,194000,2021-01-01 11:18:43.240787,94.9367088607595,92.99539134099717,92.99539134099717,94.33812065155337,-1.9413175197623218,-0.5985882092061274
s20,run,s20_run,195000,2021-01-01 11:18:45.240787,94.6372239747634,93.02339185750233,93.02339185750233,93.8779655736355,-1.6138321172610688,-0.7592584011278944
s20,run,s20_run,196000,2021-01-01 11:18:47.240787,92.3076923076923,91.86444078104485,91.86444078104485,93.17323189622877,-0.44325152664745815,0.8655395885364641
s20,run,s20_run,197000,2021-01-01 11:18:49.240787,92.7357032457496,92.06477484017232,92.06477484017232,92.78527192660901,-0.6709284055772855,0.04956868085940869
s20,run,s20_run,198000,2021-01-01 11:18:51.240787,93.16770186335404,92.5212010662759,92.5212010662759,92.69284712549242,-0.6465007970781329,-0.47485473786161947
s20,run,s20_run,199000,2021-01-01 11:18:53.240787,93.16770186335404,91.42405761125772,91.42405761125772,92.24877079551027,-1.743644252096317,-0.9189310678437721
s20,run,s20_run,200000,2021-01-01 11:18:55.240787,85.71428571428572,91.47943591497065,91.47943591497065,91.9795035873214,5.7651502006849284,6.265217873035681
s20,run,s20_run,201000,2021-01-01 11:18:57.240787,84.50704225352113,84.92243955799991,84.92243955799991,89.50953117705888,0.4153973044787733,5.00248892353774
s20,run,s20_run,202000,2021-01-01 11:18:59.240787,85.22727272727273,85.31420512049463,85.31420512049463,88.04116705726139,0.08693239322190038,2.8138943299886563
s20,run,s20_run,203000,2021-01-01 11:19:01.240787,92.0245398773006,88.33010842226703,88.33010842226703,88.14229653501337,-3.694431455033566,-3.882243342287225
s20,run,s20_run,204000,2021-01-01 11:19:03.240787,93.16770186335404,90.92467861082693,90.92467861082693,89.11613026154812,-2.2430232525271094,-4.051571601805918
s20,run,s20_run,205000,2021-01-01 11:19:05.240787,93.16770186335404,92.37665927515751,92.37665927515751,90.2573154163114,-0.7910425881965324,-2.91038644704264
s20,run,s20_run,206000,2021-01-01 11:19:07.240787,94.48818897637796,92.74045101844,92.74045101844,91.12641287705641,-1.7477379579379573,-3.3617760993215455
s20,run,s20_run,207000,2021-01-01 11:19:09.240787,94.9367088607595,93.49176902721042,93.49176902721042,91.95428752961031,-1.4449398335490713,-2.982421331149183
s20,run,s20_run,208000,2021-01-01 11:19:11.240787,95.54140127388536,94.23057188099433,94.23057188099433,92.75098705259472,-1.3108293928910228,-2.790414221290632
s20,run,s20_run,209000,2021-01-01 11:19:13.240787,95.84664536741214,96.73385877774015,96.73385877774015,94.14499215639562,0.887213410328016,-1.7016532110165201
s20,run,s20_run,210000,2021-01-01 11:19:15.240787,96.30818619582664,95.38085683109836,95.38085683109836,94.57754479254157,-0.9273293647282799,-1.7306414032850626
s20,run,s20_run,211000,2021-01-01 11:19:17.240787,96.15384615384616,92.02100314638098,92.02100314638098,93.68275521638537,-4.132843007465183,-2.4710909374607866
s20,run,s20_run,212000,2021-01-01 11:19:19.240787,95.08716323296356,93.3839333714391,93.3839333714391,93.57816757065417,-1.7032298615244628,-1.5089956623093883
s20,run,s20_run,213000,2021-01-01 11:19:21.240787,93.16770186335404,91.94506191209179,91.94506191209179,93.00658059015734,-1.2226399512622521,-0.16112127319669867
s20,run,s20_run,214000,2021-01-01 11:19:23.240787,87.46355685131196,88.33832898404822,88.33832898404822,91.37269252801914,0.8747721327362541,3.90913567670718
s20,run,s20_run,215000,2021-01-01 11:19:25.240787,87.71929824561403,88.50208403319758,88.50208403319758,90.36797955483159,0.7827857875835491,2.648681309217565
s20,run,s20_run,216000,2021-01-01 11:19:27.240787,92.5925925925926,89.4831538610845,89.4831538610845,90.05829056202012,-3.1094387315080922,-2.5343020305724764
s20,run,s20_run,217000,2021-01-01 11:19:29.240787,93.603744149766,90.73350537620031,90.73350537620031,90.29461574698318,-2.8702387735656885,-3.309128402782818
s20,run,s20_run,218000,2021-01-01 11:19:31.240787,93.603744149766,90.61143729942764,90.61143729942764,90.40550329033874,-2.992306850338366,-3.1982408594272584
s20,run,s20_run,219000,2021-01-01 11:19:33.240787,88.49557522123894,88.36533582349593,88.36533582349593,89.69144467694376,-0.1302393977430114,1.1958694557048233
s20,run,s20_run,220000,2021-01-01 11:19:35.240787,88.49557522123894,88.49087524248826,88.49087524248826,89.27124537488433,-0.004699978750679179,0.7756701536453932
s20,run,s20_run,221000,2021-01-01 11:19:37.240787,90.36144578313252,89.02787815684854,89.02787815684854,89.18606684857181,-1.3335676262839797,-1.1753789345607117
s20,run,s20_run,222000,2021-01-01 11:19:39.240787,94.9367088607595,90.79959111532632,90.79959111532632,89.75080034193589,-4.137117745433173,-5.185908518823609
s20,run,s20_run,223000,2021-01-01 11:19:41.240787,94.9367088607595,92.32752770732986,92.32752770732986,90.65265491982379,-2.609181153429631,-4.284053940935706
s20,run,s20_run,224000,2021-01-01 11:19:43.240787,93.45794392523364,91.4201423335377,91.4201423335377,90.92127551462366,-2.0378015916959384,-2.536668410609977
s20,run,s20_run,225000,2021-01-01 11:19:45.240787,91.74311926605505,89.38181968483502,89.38181968483502,90.38246597419764,-2.361299581220024,-1.3606532918574032
s20,run,s20_run,226000,2021-01-01 11:19:47.240787,95.69377990430624,90.56496234836233,90.56496234836233,90.44633970515528,-5.128817555943911,-5.247440199150958
s20,run,s20_run,227000,2021-01-01 11:19:49.240787,96.30818619582664,97.13392213748801,97.13392213748801,92.78699355647174,0.8257359416613781,-3.5211926393548936
s20,run,s20_run,228000,2021-01-01 11:19:51.240787,96.30818619582664,95.46314819039436,95.46314819039436,93.72364767834466,-0.8450380054322721,-2.584538517481974
s20,run,s20_run,229000,2021-01-01 11:19:53.240787,94.19152276295134,93.5372327850108,93.5372327850108,93.65840246567781,-0.654289977940536,-0.5331202972735269
s20,run,s20_run,230000,2021-01-01 11:19:55.240787,93.75,90.35998997318005,90.35998997318005,92.5039580933036,-3.390010026819951,-1.246041906696405
s20,run,s20_run,231000,2021-01-01 11:19:57.240787,94.7867298578199,91.61902752013066,91.61902752013066,92.19423239269307,-3.1677023376892492,-2.59249746512684
s20,run,s20_run,232000,2021-01-01 11:19:59.240787,98.84678747940691,94.67745263696857,94.67745263696857,93.06335947818948,-4.169334842438346,-5.78342800121743
s20,run,s20_run,233000,2021-01-01 11:20:01.240787,98.84678747940691,96.4262803232318,96.4262803232318,94.24038177395428,-2.4205071561751197,-4.60640570545263
s20,run,s20_run,234000,2021-01-01 11:20:03.240787,97.4025974025974,96.18116894727868,96.18116894727868,94.91965728461781,-1.2214284553187156,-2.482940117979581
s20,run,s20_run,235000,2021-01-01 11:20:05.240787,91.74311926605505,90.09486334486702,90.09486334486702,93.23097940570503,-1.6482559211880243,1.4878601396499818
s20,run,s20_run,236000,2021-01-01 11:20:07.240787,91.74311926605505,90.22095169410272,90.22095169410272,92.17746970664422,-1.5221675719523233,0.4343504405891707
s20,run,s20_run,237000,2021-01-01 11:20:09.240787,96.0,96.72510750583365,96.72510750583365,93.76914293636051,0.7251075058336482,-2.2308570636394904
s20,run,s20_run,238000,2021-01-01 11:20:11.240787,96.4630225080386,97.31275446407169,97.31275446407169,95.00940697105942,0.8497319560330823,-1.4536155369791857
s20,run,s20_run,239000,2021-01-01 11:20:13.240787,96.4630225080386,91.20531867767032,91.20531867767032,93.67797606837323,-5.2577038303682855,-2.785046439665379
s20,run,s20_run,240000,2021-01-01 11:20:15.240787,92.0245398773006,90.10941500558673,90.10941500558673,92.42897969639795,-1.9151248717138714,0.40443981909734816
s20,run,s20_run,241000,2021-01-01 11:20:17.240787,93.16770186335404,88.25365190039703,88.25365190039703,90.96761496779763,-4.914049962957009,-2.20008689555641
s20,run,s20_run,242000,2021-01-01 11:20:19.240787,94.6372239747634,90.26646903497245,90.26646903497245,90.72221389130881,-4.370754939790956,-3.9150100834545896
s20,run,s20_run,243000,2021-01-01 11:20:21.240787,96.61835748792272,94.72986137047408,94.72986137047408,92.12489050901667,-1.8884961174486392,-4.493466978906056
s20,run,s20_run,244000,2021-01-01 11:20:23.240787,96.61835748792272,96.2232320623751,96.2232320623751,93.55931005269213,-0.39512542554761865,-3.059047435230596
s20,sit,s20_sit,0,2021-01-01 11:33:56.649898,69.68641114982579,70.52179836775069,70.52179836775069,70.52179836775069,0.8353872179249038,0.8353872179249038
s20,sit,s20_sit,1000,2021-01-01 11:33:58.649898,69.60556844547564,71.20445838345584,71.20445838345584,70.7607293732475,1.5988899379802035,1.1551609277718597
s20,sit,s20_sit,2000,2021-01-01 11:34:00.649898,69.44444444444444,68.97993176634085,68.97993176634085,70.13745021083018,-0.46451267810358843,0.6930057663857383
s20,sit,s20_sit,3000,2021-01-01 11:34:02.649898,69.36416184971098,68.94728423258331,68.94728423258331,69.72089211844377,-0.4168776171276676,0.35673026873278957
s20,sit,s20_sit,4000,2021-01-01 11:34:04.649898,70.58823529411765,69.36045678955179,69.36045678955179,69.59473975333158,-1.2277785045658618,-0.9934955407860713
s20,sit,s20_sit,5000,2021-01-01 11:34:06.649898,81.52173913043478,75.20289265506439,75.20289265506439,71.55759326893806,-6.318846475370393,-9.964145861496718
s20,sit,s20_sit,6000,2021-01-01 11:34:08.649898,82.19178082191782,81.51917154686049,81.51917154686049,75.04414566621091,-0.6726092750573258,-7.147635155706908
s20,sit,s20_sit,7000,2021-01-01 11:34:10.649898,81.85538881309687,81.43667054148514,81.43667054148514,77.28152937255689,-0.4187182716117235,-4.573859440539977
s20,sit,s20_sit,8000,2021-01-01 11:34:12.649898,79.57559681697613,78.8714185756455,78.8714185756455,77.83799059363791,-0.7041782413306237,-1.7376062233382186
s20,sit,s20_sit,9000,2021-01-01 11:34:14.649898,79.57559681697613,79.19805279341934,79.19805279341934,78.3140123635614,-0.3775440235567942,-1.2615844534147271
s20,sit,s20_sit,10000,2021-01-01 11:34:16.649898,78.94736842105263,79.37937988932818,79.37937988932818,78.68689099757978,0.4320114682755474,-0.2604774234728495
s20,sit,s20_sit,11000,2021-01-01 11:34:18.649898,78.32898172323759,77.97099652160128,77.97099652160128,78.4363279309873,-0.35798520163631053,0.10734620774971404
s20,sit,s20_sit,12000,2021-01-01 11:34:20.649898,73.71007371007371,75.29046404216699,75.29046404216699,77.33527556990019,1.5803903320932733,3.6252018598264755
s20,sit,s20_sit,13000,2021-01-01 11:34:22.649898,71.25890736342043,72.07752045623515,72.07752045623515,75.49506128011743,0.8186130928147151,4.236153916696992
s20,sit,s20_sit,14000,2021-01-01 11:34:24.649898,71.25890736342043,72.37214712524273,72.37214712524273,74.40204132591128,1.1132397618222996,3.1431339624908503
s20,sit,s20_sit,15000,2021-01-01 11:34:26.649898,78.43137254901961,76.36560764233987,76.36560764233987,75.08928953666128,-2.065764906679746,-3.34208301235833
s20,sit,s20_sit,16000,2021-01-01 11:34:28.649898,80.64516129032258,80.1607222797105,80.1607222797105,76.8642909967285,-0.4844390106120784,-3.7808702935940772
s20,sit,s20_sit,17000,2021-01-01 11:34:30.649898,80.21390374331551,79.76499532295026,79.76499532295026,77.87953751090612,-0.4489084203652567,-2.334366232409394
s20,sit,s20_sit,18000,2021-01-01 11:34:32.649898,80.0,79.13564447695923,79.13564447695923,78.3191749490247,-0.8643555230407713,-1.6808250509753009
s20,sit,s20_sit,19000,2021-01-01 11:34:34.649898,80.0,78.56490750148777,78.56490750148777,78.40518134238677,-1.4350924985122333,-1.5948186576132315
s20,sit,s20_sit,20000,2021-01-01 11:34:36.649898,83.79888268156425,84.31971359722952,84.31971359722952,80.47526763158173,0.5208309156652717,-3.3236150499825214
s20,sit,s20_sit,21000,2021-01-01 11:34:38.649898,85.83690987124464,86.51443322375422,86.51443322375422,82.5889755888421,0.6775233525095814,-3.2479342824025395
s20,sit,s20_sit,22000,2021-01-01 11:34:40.649898,85.47008547008548,86.57654976253549,86.57654976253549,83.98462654963478,1.1064642924500134,-1.4854589204506965
s20,sit,s20_sit,23000,2021-01-01 11:34:42.649898,85.1063829787234,84.87011099441942,84.87011099441942,84.29454610530941,-0.23627198430398266,-0.8118368734139949
s20,sit,s20_sit,24000,2021-01-01 11:34:44.649898,81.63265306122449,82.0945091729485,82.0945091729485,83.52453317898309,0.46185611172401764,1.8918801177586033
s20,sit,s20_sit,25000,2021-01-01 11:34:46.649898,77.720207253886,77.7335024067106,77.7335024067106,81.49767240868772,0.013295152824596812,3.7774651548017175
s20,sit,s20_sit,26000,2021-01-01 11:34:48.649898,73.17073170731707,75.01760740832641,75.01760740832641,79.22964965856127,1.8468757010093384,6.058917951244197
s20,sit,s20_sit,27000,2021-01-01 11:34:50.649898,73.17073170731707,73.27673997837509,73.27673997837509,77.14613127049611,0.10600827105801613,3.975399563179039
s20,sit,s20_sit,28000,2021-01-01 11:34:52.649898,73.17073170731707,73.86227020432317,73.86227020432317,75.99677989733559,0.6915384970060927,2.8260481900185113
s20,sit,s20_sit,29000,2021-01-01 11:34:54.649898,75.56675062972292,75.96080125193507,75.96080125193507,75.9841873714454,0.3940506222121485,0.4174367417224829
s20,sit,s20_sit,30000,2021-01-01 11:34:56.649898,79.7872340425532,78.48957030551654,78.48957030551654,76.8610713983703,-1.2976637370366575,-2.926162644182895
s20,sit,s20_sit,31000,2021-01-01 11:34:58.649898,80.10680907877169,81.46095634440672,81.46095634440672,78.47103112948304,1.354147265635035,-1.6357779492886522
s20,sit,s20_sit,32000,2021-01-01 11:35:00.649898,80.21390374331551,81.44159492897813,81.44159492897813,79.51072845930632,1.2276911856626214,-0.7031752840091912
s20,sit,s20_sit,33000,2021-01-01 11:35:02.649898,81.9672131147541,81.93370074350916,81.93370074350916,80.35876875877732,-0.03351237124493878,-1.6084443559767863
s20,sit,s20_sit,34000,2021-01-01 11:35:04.649898,81.74386920980926,82.02835823839526,82.02835823839526,80.9431250766436,0.2844890285859947,-0.8007441331656651
s20,sit,s20_sit,35000,2021-01-01 11:35:06.649898,81.9672131147541,81.57274021151346,81.57274021151346,81.16349037384805,-0.39447290324064,-0.8037227409060534
s20,sit,s20_sit,36000,2021-01-01 11:35:08.649898,81.9672131147541,82.39653123199042,82.39653123199042,81.59505467419788,0.4293181172363205,-0.3721584405562197
s20,sit,s20_sit,37000,2021-01-01 11:35:10.649898,81.9672131147541,82.61133136640632,82.61133136640632,81.95075151647083,0.6441182516522161,-0.016461598283271428
s20,sit,s20_sit,38000,2021-01-01 11:35:12.649898,81.41112618724559,82.21343737026274,82.21343737026274,82.042691565298,0.802311183017153,0.6315653780524144
s20,sit,s20_sit,39000,2021-01-01 11:35:14.649898,79.36507936507937,78.68761386513037,78.68761386513037,80.86841437023932,-0.677465499948994,1.503335005159954
s20,sit,s20_sit,40000,2021-01-01 11:35:16.649898,74.25742574257426,75.34376404439337,75.34376404439337,78.93478675619323,1.0863383018191115,4.677361013618977
s20,sit,s20_sit,41000,2021-01-01 11:35:18.649898,75.56675062972292,78.35725824926895,78.35725824926895,78.73265177876974,2.790507619546034,3.1659011490468174
s20,sit,s20_sit,42000,2021-01-01 11:35:20.649898,81.9672131147541,85.51139553256506,85.51139553256506,81.1052120925981,3.5441824178109584,-0.8620010221560079
s20,sit,s20_sit,43000,2021-01-01 11:35:22.649898,81.63265306122449,82.13878311020967,82.13878311020967,81.46696194876215,0.5061300489851845,-0.16569111246234058
s20,sit,s20_sit,44000,2021-01-01 11:35:24.649898,80.10680907877169,80.91933134022597,80.91933134022597,81.27529123577449,0.8125222614542764,1.1684821570027992
s20,sit,s20_sit,45000,2021-01-01 11:35:26.649898,79.7872340425532,80.2201285207584,80.2201285207584,80.90598428551885,0.4328944782051991,1.1187502429656604
s20,sit,s20_sit,46000,2021-01-01 11:35:28.649898,80.4289544235925,81.44737688266656,81.44737688266656,81.09547169452055,1.0184224590740598,0.666517270928054
s20,sit,s20_sit,47000,2021-01-01 11:35:30.649898,80.97165991902834,82.54126491431548,82.54126491431548,81.60149932144878,1.5696049952871363,0.6298394024204441
s20,sit,s20_sit,48000,2021-01-01 11:35:32.649898,80.86253369272237,81.67160467169346,81.67160467169346,81.62603619403441,0.8090709789710928,0.7635025013120469
s20,sit,s20_sit,49000,2021-01-01 11:35:34.649898,79.7872340425532,78.67009960699372,78.67009960699372,80.59145838857017,-1.1171344355594783,0.80422434601698
s20,sit,s20_sit,50000,2021-01-01 11:35:36.649898,81.08108108108108,79.80989570126482,79.80989570126482,80.3179114480133,-1.2711853798162593,-0.7631696330677755
s20,sit,s20_sit,51000,2021-01-01 11:35:38.649898,85.71428571428572,84.1665156179639,84.1665156179639,81.66492290749602,-1.5477700963218268,-4.049362806789702
s20,sit,s20_sit,52000,2021-01-01 11:35:40.649898,87.46355685131195,89.33691436442753,89.33691436442753,84.35011991742205,1.8733575131155789,-3.1134369338899006
s20,sit,s20_sit,53000,2021-01-01 11:35:42.649898,87.97653958944281,90.08671293613277,90.08671293613277,86.3579274739708,2.1101733466899617,-1.6186121154720041
s20,sit,s20_sit,54000,2021-01-01 11:35:44.649898,70.75471698113208,84.78098567308055,84.78098567308055,85.80599784365921,14.026268691948474,15.051280862527136
s20,sit,s20_sit,55000,2021-01-01 11:35:46.649898,70.4225352112676,71.49004877890046,71.49004877890046,80.79541567099365,1.067513567632858,10.372880459726048
s20,sit,s20_sit,56000,2021-01-01 11:35:48.649898,72.63922518159805,73.9175490849567,73.9175490849567,78.38816236588072,1.278323903358654,5.748937184282667
s20,sit,s20_sit,57000,2021-01-01 11:35:50.649898,76.72634271099744,78.90950057589194,78.90950057589194,78.57063073938465,2.183157864894497,1.8442880283872114
s20,sit,s20_sit,58000,2021-01-01 11:35:52.649898,77.02182284980745,81.72978469923329,81.72978469923329,79.67633462533168,4.707961849425843,2.6545117755242273
s20,sit,s20_sit,59000,2021-01-01 11:35:54.649898,77.31958762886597,81.60749818078676,81.60749818078676,80.35224186974095,4.287910551920788,3.032654240874976
s20,sit,s20_sit,60000,2021-01-01 11:35:56.649898,83.44923504867873,82.83535278826365,82.83535278826365,81.2213306912239,-0.6138822604150818,-2.2279043574548325
s20,sit,s20_sit,61000,2021-01-01 11:35:58.649898,77.720207253886,80.12414681541394,80.12414681541394,80.8373163346904,2.4039395615279346,3.117109080804397
s20,sit,s20_sit,62000,2021-01-01 11:36:00.649898,78.125,80.06711433708689,80.06711433708689,80.56774563552918,1.9421143370868919,2.442745635529178
s20,sit,s20_sit,63000,2021-01-01 11:36:02.649898,75.0,75.3812038747317,75.3812038747317,78.75245601925006,0.38120387473169615,3.7524560192500616
s20,sit,s20_sit,64000,2021-01-01 11:36:04.649898,70.2576112412178,70.19330246543275,70.19330246543275,75.756752275414,-0.0643087757850509,5.4991410341961995
s20,sit,s20_sit,65000,2021-01-01 11:36:06.649898,70.09345794392523,73.28738853893879,73.28738853893879,74.89247496764767,3.193930595013555,4.799017023722442
s20,sit,s20_sit,66000,2021-01-01 11:36:08.649898,70.17543859649123,73.17819648547346,73.17819648547346,74.2924774988867,3.002757888982231,4.117038902395464
s20,sit,s20_sit,67000,2021-01-01 11:36:10.649898,70.17543859649123,66.51472241400505,66.51472241400505,71.57026321917812,-3.6607161824861834,1.3948246226868832
s20,sit,s20_sit,68000,2021-01-01 11:36:12.649898,61.60164271047229,62.924297196539875,62.924297196539875,68.54417511125473,1.3226544860675844,6.94253240078244
s20,sit,s20_sit,69000,2021-01-01 11:36:14.649898,61.47540983606557,61.518881840723154,61.518881840723154,66.08532246656868,0.0434720046575805,4.609912630503111
s20,sit,s20_sit,70000,2021-01-01 11:36:16.649898,62.43496357960458,62.081561579272176,62.081561579272176,64.6840061560149,-0.35340200033240166,2.249042576410325
s20,sit,s20_sit,71000,2021-01-01 11:36:18.649898,68.3371298405467,67.00730953742237,67.00730953742237,65.49716233950753,-1.3298203031243219,-2.839967501039169
s20,sit,s20_sit,72000,2021-01-01 11:36:20.649898,69.12442396313364,73.81604897122563,73.81604897122563,68.40877266060886,4.6916250080919895,-0.7156513025247762
s20,sit,s20_sit,73000,2021-01-01 11:36:22.649898,69.12442396313364,74.21171050326319,74.21171050326319,70.43980090553788,5.087286540129554,1.3153769424042423
s20,sit,s20_sit,74000,2021-01-01 11:36:24.649898,65.28835690968444,65.79087174482532,65.79087174482532,68.81267569928849,0.5025148351408859,3.5243187896040524
s20,sit,s20_sit,75000,2021-01-01 11:36:26.649898,64.86486486486486,64.1920532575425,64.1920532575425,67.19545784467739,-0.6728116073223589,2.330592979812536
s20,sit,s20_sit,76000,2021-01-01 11:36:28.649898,65.86169045005488,65.54123134535645,65.54123134535645,66.61647856991506,-0.3204591046984291,0.75478811986018
s20,sit,s20_sit,77000,2021-01-01 11:36:30.649898,70.58823529411764,69.54387083887785,69.54387083887785,67.64106586405204,-1.044364455239787,-2.9471694300655997
s20,sit,s20_sit,78000,2021-01-01 11:36:32.649898,73.17073170731707,73.51040585079527,73.51040585079527,69.69533485941217,0.3396741434781916,-3.4753968479049036
s20,sit,s20_sit,79000,2021-01-01 11:36:34.649898,75.94936708860759,74.43696928959044,74.43696928959044,71.35490690997456,-1.512397799017151,-4.594460178633028
s20,sit,s20_sit,80000,2021-01-01 11:36:36.649898,75.94936708860759,75.17988183450973,75.17988183450973,72.69364813356187,-0.7694852540978587,-3.2557189550457224
s20,sit,s20_sit,81000,2021-01-01 11:36:38.649898,76.92307692307692,76.4491343196137,76.4491343196137,74.00806829868,-0.4739426034632146,-2.9150086243969184
s20,sit,s20_sit,82000,2021-01-01 11:36:40.649898,76.92307692307692,76.24895140485697,76.24895140485697,74.79237738584195,-0.6741255182199524,-2.1306995372349746
s20,sit,s20_sit,83000,2021-01-01 11:36:42.649898,71.94244604316548,69.7509129408848,69.7509129408848,73.02786483010695,-2.1915331022806726,1.0854187869414744
s20,sit,s20_sit,84000,2021-01-01 11:36:44.649898,71.17437722419929,69.61222783901225,69.61222783901225,71.8323918832238,-1.5621493851870412,0.6580146590245164
s20,sit,s20_sit,85000,2021-01-01 11:36:46.649898,72.81553398058253,72.1634598731958,72.1634598731958,71.948265679714,-0.6520741073867242,-0.8672683008685311
s20,sit,s20_sit,86000,2021-01-01 11:36:48.649898,78.53403141361257,76.28380342826897,76.28380342826897,73.46570389170823,-2.2502279853435994,-5.068327521904337
s20,sit,s20_sit,87000,2021-01-01 11:36:50.649898,82.53094910591471,82.08310784927328,82.08310784927328,76.48179527685599,-0.44784125664143914,-6.049153829058724
s20,sit,s20_sit,88000,2021-01-01 11:36:52.649898,84.74576271186442,84.86674813245548,84.86674813245548,79.41652877631581,0.12098542059106876,-5.329233935548601
s20,sit,s20_sit,89000,2021-01-01 11:36:54.649898,86.58008658008659,86.24183595614734,86.24183595614734,81.80538628925684,-0.33825062393924554,-4.774700290829742
s20,sit,s20_sit,90000,2021-01-01 11:36:56.649898,86.33093525179856,87.47407749016075,87.47407749016075,83.7894282095732,1.1431422383621879,-2.541507042225362
s20,sit,s20_sit,91000,2021-01-01 11:36:58.649898,85.1063829787234,84.46704975723122,84.46704975723122,84.02659575125351,-0.6393332214921799,-1.0797872274698932
s20,sit,s20_sit,92000,2021-01-01 11:37:00.649898,82.3045267489712,82.26361399404624,82.26361399404624,83.40955213623096,-0.04091275492496038,1.105025387259758
s20,sit,s20_sit,93000,2021-01-01 11:37:02.649898,82.3045267489712,81.87217435984115,81.87217435984115,82.87146991449453,-0.43235238913004537,0.5669431655233268
s20,sit,s20_sit,94000,2021-01-01 11:37:04.649898,84.74576271186442,84.7481526087139,84.7481526087139,83.5283088574713,0.0023898968494791006,-1.2174538543931135
s20,sit,s20_sit,95000,2021-01-01 11:37:06.649898,86.20689655172414,89.6024786919374,89.6024786919374,85.65426829953444,3.395582140213264,-0.5526282521897059
s20,sit,s20_sit,96000,2021-01-01 11:37:08.649898,86.20689655172414,85.55525290996675,85.55525290996675,85.61961291318575,-0.6516436417573885,-0.5872836385383948
s20,sit,s20_sit,97000,2021-01-01 11:37:10.649898,81.63265306122449,83.45997171833395,83.45997171833395,84.86373849498762,1.8273186571094584,3.231085433763127
s20,sit,s20_sit,98000,2021-01-01 11:37:12.649898,81.52173913043478,80.04913337854404,80.04913337854404,83.17862670423236,-1.4726057518907396,1.656887573797576
s20,sit,s20_sit,99000,2021-01-01 11:37:14.649898,83.44923504867873,84.02749878203923,84.02749878203923,83.47573193146476,0.578263733360501,0.026496882786034348
s20,sit,s20_sit,100000,2021-01-01 11:37:16.649898,88.23529411764706,87.41881255431213,87.41881255431213,84.85581014946135,-0.816481563334932,-3.37948396818571
s20,sit,s20_sit,101000,2021-01-01 11:37:18.649899,88.23529411764706,90.44951801150933,90.44951801150933,86.81360790117813,2.2142238938622683,-1.4216862164689275
s20,sit,s20_sit,102000,2021-01-01 11:37:20.649899,87.3362445414847,85.81723228927518,85.81723228927518,86.4648764370121,-1.5190122522095209,-0.8713681044726087
s20,sit,s20_sit,103000,2021-01-01 11:37:22.649899,80.97165991902834,81.94259161729065,81.94259161729065,84.88207675010959,0.9709316982623051,3.9104168310812497
s20,sit,s20_sit,104000,2021-01-01 11:37:24.649899,80.4289544235925,80.72968670547482,80.72968670547482,83.42874023448742,0.3007322818823184,2.9997858108949202
s20,sit,s20_sit,105000,2021-01-01 11:37:26.649899,84.74576271186442,84.22958436513011,84.22958436513011,83.70903568021237,-0.5161783467343071,-1.036727031652049
s20,sit,s20_sit,106000,2021-01-01 11:37:28.649899,85.9598853868195,86.56002927908328,86.56002927908328,84.70688343981719,0.6001438922637874,-1.2530019470023035
s20,sit,s20_sit,107000,2021-01-01 11:37:30.649899,87.2093023255814,87.61633124174027,87.61633124174027,85.72519017049027,0.4070289161588647,-1.4841121550911396
s20,sit,s20_sit,108000,2021-01-01 11:37:32.649899,87.46355685131195,89.00700295975928,89.00700295975928,86.87382464673442,1.543446108447327,-0.5897322045775297
s20,sit,s20_sit,109000,2021-01-01 11:37:34.649899,87.2093023255814,89.79430067887213,89.79430067887213,87.89599125798262,2.584998353290729,0.6866889324012106
s20,sit,s20_sit,110000,2021-01-01 11:37:36.649899,87.3362445414847,88.85594909746301,88.85594909746301,88.23197650180074,1.5197045559783078,0.8957319603160414
s20,sit,s20_sit,111000,2021-01-01 11:37:38.649899,83.68200836820084,86.15871639899379,86.15871639899379,87.50633546581831,2.476708030792949,3.82432709761747
s20,sit,s20_sit,112000,2021-01-01 11:37:40.649899,83.44923504867873,84.26727032245391,84.26727032245391,86.37266266564077,0.8180352737751804,2.9234276169620443
s20,sit,s20_sit,113000,2021-01-01 11:37:42.649899,83.68200836820084,85.09386458284952,85.09386458284952,85.92508333666383,1.4118562146486795,2.2430749684629916
s20,sit,s20_sit,114000,2021-01-01 11:37:44.649899,83.56545961002786,88.42724450253137,88.42724450253137,86.80083974471746,4.861784892503508,3.2353801346896063
s20,sit,s20_sit,115000,2021-01-01 11:37:46.649899,84.1514726507714,85.82828233057802,85.82828233057802,86.46044464976866,1.6768096798066239,2.308971998997265
s20,sit,s20_sit,116000,2021-01-01 11:37:48.649899,70.4225352112676,73.82972521548587,73.82972521548587,82.03969284776969,3.407190004218265,11.617157636502085
s20,sit,s20_sit,117000,2021-01-01 11:37:50.649899,70.4225352112676,71.31538643674253,71.31538643674253,78.28618560391018,0.8928512254749279,7.863650392642583
s20,sit,s20_sit,118000,2021-01-01 11:37:52.649899,76.14213197969544,73.53358556022675,73.53358556022675,76.62277558862098,-2.6085464194686807,0.48064360892554703
s20,sit,s20_sit,119000,2021-01-01 11:37:54.649899,80.86253369272237,81.34513031461898,81.34513031461898,78.27559974272029,0.48259662189661867,-2.586933950002077
s20,sit,s20_sit,120000,2021-01-01 11:37:56.649899,80.86253369272237,81.98538813199963,81.98538813199963,79.57402567896806,1.122854439277262,-1.28850801375431
s20,sit,s20_sit,121000,2021-01-01 11:37:58.649899,74.62686567164178,78.47697236325,78.47697236325,79.19005701846673,3.850106691608218,4.563191346824951
s20,sit,s20_sit,122000,2021-01-01 11:38:00.649899,71.09004739336493,71.10284701611693,71.10284701611693,76.35953351764431,0.01279962275199864,5.269486124279382
s20,sit,s20_sit,123000,2021-01-01 11:38:02.649899,69.68641114982579,69.45022756507902,69.45022756507902,73.94127643424646,-0.23618358474676882,4.254865284420674
s20,sit,s20_sit,124000,2021-01-01 11:38:04.649899,69.76744186046511,70.41651586293065,70.41651586293065,72.70761023428594,0.6490740024655395,2.940168373820825
s20,sit,s20_sit,125000,2021-01-01 11:38:06.649899,69.60556844547564,69.74202098600561,69.74202098600561,71.66965399738783,0.13645254052997302,2.0640855519121857
s20,sit,s20_sit,126000,2021-01-01 11:38:08.649899,68.18181818181819,68.54863643556335,68.54863643556335,70.57729785074926,0.36681825374516563,2.395479668931074
s20,sit,s20_sit,127000,2021-01-01 11:38:10.649899,68.96551724137932,68.78050053003192,68.78050053003192,69.94841878849819,-0.1850167113474015,0.9829015471188711
s20,sit,s20_sit,128000,2021-01-01 11:38:12.649899,70.17543859649123,69.87229264178289,69.87229264178289,69.92177463714783,-0.3031459547083415,-0.2536639593433989
s20,sit,s20_sit,129000,2021-01-01 11:38:14.649899,70.17543859649123,71.90233931843919,71.90233931843919,70.61497227559981,1.7269007219479562,0.4395336791085782
s20,sit,s20_sit,130000,2021-01-01 11:38:16.649899,72.11538461538461,71.71373962121332,71.71373962121332,70.99954084656454,-0.40164499417129207,-1.1158437688200706
s20,sit,s20_sit,131000,2021-01-01 11:38:18.649899,71.34363852556481,71.6345485407079,71.6345485407079,71.22179353951472,0.29091001514308346,-0.12184498605009253
s20,sit,s20_sit,132000,2021-01-01 11:38:20.649899,72.81553398058253,74.26607112370793,74.26607112370793,72.28729069398234,1.450537143125402,-0.5282432866001869
s20,sit,s20_sit,133000,2021-01-01 11:38:22.649899,77.82101167315174,77.52085111362355,77.52085111362355,74.11903684085677,-0.3001605595281944,-3.7019748322949795
s20,sit,s20_sit,134000,2021-01-01 11:38:24.649899,79.7872340425532,79.68133550833323,79.68133550833323,76.06584137447354,-0.10589853421996054,-3.721392668079659
s20,sit,s20_sit,135000,2021-01-01 11:38:26.649899,75.94936708860759,78.21141896280484,78.21141896280484,76.8167935303895,2.2620518741972546,0.867426441781916
s20,sit,s20_sit,136000,2021-01-01 11:38:28.649899,72.63922518159806,73.28703389490265,73.28703389490265,75.5813776579691,0.6478087133045847,2.942152476371035
s20,sit,s20_sit,137000,2021-01-01 11:38:30.649899,73.43941248470013,73.60479698890329,73.60479698890329,74.88957442379606,0.16538450420316053,1.4501619390959348
s20,sit,s20_sit,138000,2021-01-01 11:38:32.649899,74.62686567164178,75.45314068314833,75.45314068314833,75.08682261456936,0.8262750115065529,0.45995694292757605
s20,sit,s20_sit,139000,2021-01-01 11:38:34.649899,77.31958762886597,76.78304572524725,76.78304572524725,75.68050070330662,-0.5365419036187262,-1.6390869255593543
s20,sit,s20_sit,140000,2021-01-01 11:38:36.649899,77.92207792207792,77.72307836048192,77.72307836048192,76.39540288331797,-0.19899956159599697,-1.5266750387599473
s20,sit,s20_sit,141000,2021-01-01 11:38:38.649899,78.63695937090432,78.5324422038565,78.5324422038565,77.14336664550646,-0.10451716704781688,-1.4935927253978605
s20,sit,s20_sit,142000,2021-01-01 11:38:40.649899,80.10680907877169,79.1782879837395,79.1782879837395,77.85558911388802,-0.9285210950321954,-2.251219964883674
s20,sit,s20_sit,143000,2021-01-01 11:38:42.649899,85.9598853868195,81.85487205985224,81.85487205985224,79.2553381449755,-4.105013326967253,-6.704547241843997
s20,sit,s20_sit,144000,2021-01-01 11:38:44.649899,85.9598853868195,85.1267409156172,85.1267409156172,81.3103291147001,-0.8331444712022886,-4.649556272119398
s20,sit,s20_sit,145000,2021-01-01 11:38:46.649899,84.98583569405099,72.75543530517811,72.75543530517811,78.3161162813674,-12.23040038887288,-6.669719412683591
s20,sit,s20_sit,146000,2021-01-01 11:38:48.649899,68.18181818181819,67.2461338878702,67.2461338878702,74.44162244364338,-0.9356842939479861,6.259804261825195
s20,sit,s20_sit,147000,2021-01-01 11:38:50.649899,67.18924972004478,67.5056284519511,67.5056284519511,72.01402454655108,0.3163787319063118,4.8247748265062995
s20,sit,s20_sit,148000,2021-01-01 11:38:52.649899,71.59904534606206,71.3682248235117,71.3682248235117,71.7879946434873,-0.2308205225503599,0.18894929742523914
s20,sit,s20_sit,149000,2021-01-01 11:38:54.649899,81.85538881309687,80.6771106422911,80.6771106422911,74.89918524306863,-1.1782781708057684,-6.9562035700282365
s20,sit,s20_sit,150000,2021-01-01 11:38:56.649899,85.34850640113798,87.122267374956,87.122267374956,79.1772639892292,1.773760973818014,-6.1712424119087785
s20,sit,s20_sit,151000,2021-01-01 11:38:58.649899,85.34850640113798,88.44453312656555,88.44453312656555,82.42080818729693,3.0960267254275635,-2.9276982138410546
s20,sit,s20_sit,152000,2021-01-01 11:39:00.649899,81.74386920980926,85.28889068824655,85.28889068824655,83.4246370626293,3.5450214784372918,1.6807678528200398
s20,sit,s20_sit,153000,2021-01-01 11:39:02.649899,71.94244604316548,74.43422822808347,74.43422822808347,80.27799397053826,2.4917821849179944,8.335547927372787
s20,sit,s20_sit,154000,2021-01-01 11:39:04.649899,71.09004739336493,71.0339645191924,71.0339645191924,77.04258366256721,-0.05608287417253166,5.952536269202284
s20,sit,s20_sit,155000,2021-01-01 11:39:06.649899,70.09345794392523,70.31836129831783,70.31836129831783,74.68910583507993,0.22490335439259468,4.595647891154698
s20,sit,s20_sit,156000,2021-01-01 11:39:08.649899,70.83825265643448,71.29033401436197,71.29033401436197,73.49953569782865,0.45208135792749715,2.661283041394171
s20,sit,s20_sit,157000,2021-01-01 11:39:10.649899,69.93006993006993,70.32896814982895,70.32896814982895,72.38983705602875,0.39889821975901896,2.4597671259588196
s20,sit,s20_sit,158000,2021-01-01 11:39:12.649899,68.4931506849315,69.19984527764247,69.19984527764247,71.27333993359355,0.70669459271096,2.7801892486620403
s20,sit,s20_sit,159000,2021-01-01 11:39:14.649899,68.02721088435374,68.74767578113112,68.74767578113112,70.3893574802317,0.7204648967773863,2.3621465958779595
s20,sit,s20_sit,160000,2021-01-01 11:39:16.649899,68.72852233676976,69.43005413026209,69.43005413026209,70.05360130774233,0.701531793492336,1.3250789709725694
s20,sit,s20_sit,161000,2021-01-01 11:39:18.649899,71.77033492822967,71.53058714410238,71.53058714410238,70.57054635046835,-0.2397477841272888,-1.1997885777613249
s20,sit,s20_sit,162000,2021-01-01 11:39:20.649899,72.02881152460985,72.4905841576553,72.4905841576553,71.24255958298377,0.4617726330454559,-0.7862519416260767
s20,sit,s20_sit,163000,2021-01-01 11:39:22.649899,73.34963325183375,73.10835004335736,73.10835004335736,71.89558624411453,-0.24128320847638918,-1.4540470077192253
s20,sit,s20_sit,164000,2021-01-01 11:39:24.649899,73.34963325183375,74.77341128140911,74.77341128140911,72.90282500716762,1.4237780295753595,-0.4468082446661299
s20,sit,s20_sit,165000,2021-01-01 11:39:26.649899,75.0,75.60383721997344,75.60383721997344,73.84817928164966,0.6038372199734425,-1.1518207183503364
s20,sit,s20_sit,166000,2021-01-01 11:39:28.649899,75.0,74.58180090353768,74.58180090353768,74.10494684931047,-0.4181990964623168,-0.8950531506895345
s20,sit,s20_sit,167000,2021-01-01 11:39:30.649899,72.99270072992701,72.69462609809203,72.69462609809203,73.61133458638402,-0.29807463183497873,0.6186338564570093
s20,sit,s20_sit,168000,2021-01-01 11:39:32.649899,72.99270072992701,73.51475225985324,73.51475225985324,73.57753077209824,0.5220515299262303,0.5848300421712338
s20,sit,s20_sit,169000,2021-01-01 11:39:34.649899,74.81296758104737,75.47873728819789,75.47873728819789,74.24295305273313,0.6657697071505169,-0.5700145283142461
s20,sit,s20_sit,170000,2021-01-01 11:39:36.649899,77.92207792207792,76.7518533688641,76.7518533688641,75.12106816337896,-1.1702245532138136,-2.801009758698953
s20,sit,s20_sit,171000,2021-01-01 11:39:38.649899,78.125,77.58121718732242,77.58121718732242,75.98212032175917,-0.543782812677577,-2.1428796782408313
s20,sit,s20_sit,172000,2021-01-01 11:39:40.649899,78.32898172323759,77.51050469767003,77.51050469767003,76.51705485332798,-0.8184770255675602,-1.8119268699096125
s20,sit,s20_sit,173000,2021-01-01 11:39:42.649899,82.07934336525308,82.55362562689041,82.55362562689041,78.62985462407482,0.47428226163732745,-3.449488741178257
s20,sit,s20_sit,174000,2021-01-01 11:39:44.649899,83.79888268156425,83.40451577206346,83.40451577206346,80.30098602587086,-0.3943669095007891,-3.4978966556933955
s20,sit,s20_sit,175000,2021-01-01 11:39:46.649899,83.79888268156425,83.08693134919746,83.08693134919746,81.27606688903516,-0.7119513323667945,-2.5228157925290873
s20,sit,s20_sit,176000,2021-01-01 11:39:48.649899,79.57559681697613,79.87086768775058,79.87086768775058,80.78424716858555,0.2952708707744449,1.2086503516094211
s20,sit,s20_sit,177000,2021-01-01 11:39:50.649899,76.33587786259541,77.03979826575335,77.03979826575335,79.47369005259428,0.7039204031579374,3.1378121899988685
s20,sit,s20_sit,178000,2021-01-01 11:39:52.649899,76.33587786259541,75.9827028244901,75.9827028244901,78.2518445227578,-0.3531750381053058,1.9159666601623968
s20,sit,s20_sit,179000,2021-01-01 11:39:54.649899,80.21390374331551,79.31814503421492,79.31814503421492,78.62504970176781,-0.8957587091005905,-1.5888540415477053
s20,sit,s20_sit,180000,2021-01-01 11:39:56.649899,85.47008547008548,84.51340174102995,84.51340174102995,80.68597291550955,-0.956683729055527,-4.784112554575927
s20,sit,s20_sit,181000,2021-01-01 11:39:58.649899,85.47008547008548,87.48160884016546,87.48160884016546,83.06444548913913,2.011523370079985,-2.405639980946347
s20,sit,s20_sit,182000,2021-01-01 11:40:00.649899,82.41758241758242,85.01642239203609,85.01642239203609,83.74763740515307,2.598839974453668,1.330054987570648
s20,sit,s20_sit,183000,2021-01-01 11:40:02.649899,78.125,78.97213962622097,78.97213962622097,82.07621318252684,0.8471396262209652,3.9512131825268426
s20,sit,s20_sit,184000,2021-01-01 11:40:04.649899,78.125,76.24966078712318,76.24966078712318,80.03691984413555,-1.875339212876824,1.9119198441355536
s20,sit,s20_sit,185000,2021-01-01 11:40:06.649899,79.05138339920948,77.75840542538408,77.75840542538408,79.23943979757254,-1.2929779738254012,0.18805639836305943
s20,sit,s20_sit,186000,2021-01-01 11:40:08.649899,84.50704225352113,82.48451461794768,82.48451461794768,80.37521598470384,-2.0225276355734536,-4.131826268817292
s20,sit,s20_sit,187000,2021-01-01 11:40:10.649899,84.1514726507714,84.4074561437633,84.4074561437633,81.78650004037465,0.25598349299190204,-2.364972610396748
s20,sit,s20_sit,188000,2021-01-01 11:40:12.649899,85.1063829787234,85.86237543920454,85.86237543920454,83.2130564299651,0.7559924604811386,-1.8933265487582958
s20,sit,s20_sit,189000,2021-01-01 11:40:14.649899,85.59201141226819,85.8853163589464,85.8853163589464,84.14834740510855,0.29330494667820517,-1.44366400715964
s20,sit,s20_sit,190000,2021-01-01 11:40:16.649899,86.95652173913044,86.94489012359962,86.94489012359962,85.12713735658042,-0.01163161553081693,-1.8293843825500176
s20,sit,s20_sit,191000,2021-01-01 11:40:18.649899,86.95652173913044,87.92684037368566,87.92684037368566,86.10703341256726,0.9703186345552268,-0.8494883265631756
s20,sit,s20_sit,192000,2021-01-01 11:40:20.649899,85.22727272727273,85.80197648443216,85.80197648443216,86.00026348771998,0.5747037571594262,0.772990760447243
s20,sit,s20_sit,193000,2021-01-01 11:40:22.649899,85.22727272727273,85.35999394978847,85.35999394978847,85.77616914944394,0.13272122251574103,0.5488964221712109
s20,sit,s20_sit,194000,2021-01-01 11:40:24.649899,85.22727272727273,87.39151330510965,87.39151330510965,86.34153960392695,2.164240577836921,1.114266876654213
s20,sit,s20_sit,195000,2021-01-01 11:40:26.649899,88.75739644970413,87.76639383863503,87.76639383863503,86.84023858607478,-0.9910026110691064,-1.917157863629356
s20,sit,s20_sit,196000,2021-01-01 11:40:28.649899,89.02077151335311,90.31608726477272,90.31608726477272,88.05678562361905,1.2953157514196079,-0.9639858897340616
s20,sit,s20_sit,197000,2021-01-01 11:40:30.649899,85.71428571428572,87.6065013569223,87.6065013569223,87.89918613027518,1.8922156426365717,2.1849004159894605
s20,sit,s20_sit,198000,2021-01-01 11:40:32.649899,87.3362445414847,86.73598388416778,86.73598388416778,87.49206534413759,-0.6002606573169231,0.15582080265288312
s20,sit,s20_sit,199000,2021-01-01 11:40:34.649899,87.46355685131195,88.188972735605,88.188972735605,87.73598293115118,0.7254158842930565,0.27242607983923506
s20,sit,s20_sit,200000,2021-01-01 11:40:36.649899,87.46355685131195,89.72751980862763,89.72751980862763,88.43302083826794,2.263962957315684,0.9694639869559865
s20,sit,s20_sit,201000,2021-01-01 11:40:38.649899,88.75739644970413,89.30544193089122,89.30544193089122,88.73836822068608,0.5480454811870885,-0.019028229018047682
s20,sit,s20_sit,202000,2021-01-01 11:40:40.649899,88.75739644970413,87.49838903114696,87.49838903114696,88.30437550434739,-1.2590074185571751,-0.45302094535674087
s20,sit,s20_sit,203000,2021-01-01 11:40:42.649899,88.75739644970413,88.60470034770523,88.60470034770523,88.40948919952264,-0.15269610199889883,-0.3479072501814926
s20,sit,s20_sit,204000,2021-01-01 11:40:44.649899,90.9090909090909,90.87137273125383,90.87137273125383,89.27114843562856,-0.037718177837078315,-1.6379424734623456
s20,sit,s20_sit,205000,2021-01-01 11:40:46.649899,90.63444108761328,91.84562491085651,91.84562491085651,90.17221520195835,1.211183823243232,-0.46222588565493083
s20,sit,s20_sit,206000,2021-01-01 11:40:48.649899,85.83690987124463,91.17119149641125,91.17119149641125,90.52185690501688,5.334281625166625,4.6849470337722465
s20,sit,s20_sit,207000,2021-01-01 11:40:50.649899,80.64516129032258,82.22401652824702,82.22401652824702,87.61761277314743,1.5788552379244436,6.972451482824852
s20,sit,s20_sit,208000,2021-01-01 11:40:52.649899,80.75370121130553,84.05498244502321,84.05498244502321,86.37069215830395,3.3012812337176882,5.616990946998428
s20,sit,s20_sit,209000,2021-01-01 11:40:54.649899,80.64516129032258,83.70671409686098,83.70671409686098,85.43829983679892,3.0615528065384012,4.793138546476342
s20,sit,s20_sit,210000,2021-01-01 11:40:56.649899,80.53691275167785,81.00724897557023,81.00724897557023,83.88743203536887,0.4703362238923887,3.3505192836910282
s20,sit,s20_sit,211000,2021-01-01 11:40:58.649899,78.74015748031496,78.68455883931647,78.68455883931647,82.06642641675053,-0.05559864099849676,3.326268936435568
s20,sit,s20_sit,212000,2021-01-01 11:41:00.649899,78.74015748031496,79.88157913322296,79.88157913322296,81.30172986751589,1.1414216529079937,2.5615723872009255
s20,sit,s20_sit,213000,2021-01-01 11:41:02.649899,79.15567282321899,80.84481872949905,80.84481872949905,81.14181096921,1.6891459062800607,1.9861381459910064
s20,sit,s20_sit,214000,2021-01-01 11:41:04.649899,79.47019867549669,80.61295288744802,80.61295288744802,80.9567106405933,1.1427542119513276,1.4865119650966108
s20,sit,s20_sit,215000,2021-01-01 11:41:06.649899,79.15567282321899,78.75723326762656,78.75723326762656,80.18689356005494,-0.39843955559243227,1.031220736835948
s20,sit,s20_sit,216000,2021-01-01 11:41:08.649899,79.7872340425532,78.18277157120544,78.18277157120544,79.48545086395761,-1.6044624713477589,-0.3017831785955849
s20,sit,s20_sit,217000,2021-01-01 11:41:10.649899,81.08108108108108,81.51194148333799,81.51194148333799,80.19472258074074,0.43086040225691136,-0.8863585003403358
s20,sit,s20_sit,218000,2021-01-01 11:41:12.649899,82.19178082191782,82.3889765742732,82.3889765742732,80.9627114784771,0.197195752355384,-1.2290693434407132
s20,sit,s20_sit,219000,2021-01-01 11:41:14.649899,81.85538881309687,81.85504681127549,81.85504681127549,81.27502884495654,-0.0003420018213802223,-0.5803599681403284
s20,sit,s20_sit,220000,2021-01-01 11:41:16.649900,75.75757575757575,76.13239160603055,76.13239160603055,79.47510581133244,0.3748158484548014,3.7175300537566898
s20,sit,s20_sit,221000,2021-01-01 11:41:18.649900,75.75757575757575,75.58098130417605,75.58098130417605,78.1121622338277,-0.17659445339970148,2.354586476251953
s20,sit,s20_sit,222000,2021-01-01 11:41:20.649900,79.6812749003984,78.59848257904999,78.59848257904999,78.2823743546555,-1.0827923213484212,-1.3989005457429045
s20,sit,s20_sit,223000,2021-01-01 11:41:22.649900,80.21390374331551,81.6331687958327,81.6331687958327,79.45515240906752,1.41926505251719,-0.7587513342479895
s20,sit,s20_sit,224000,2021-01-01 11:41:24.649900,80.21390374331551,81.5568489609843,81.5568489609843,80.19074620223839,1.3429452176687846,-0.023157541077125643
s20,sit,s20_sit,225000,2021-01-01 11:41:26.649900,80.97165991902834,81.87154652761086,81.87154652761086,80.77902631611875,0.8998866085825199,-0.19263360290959497
s20,sit,s20_sit,226000,2021-01-01 11:41:28.649900,82.41758241758242,81.88708641378138,81.88708641378138,81.16684735030067,-0.5304960038010478,-1.2507350672817523
s20,sit,s20_sit,227000,2021-01-01 11:41:30.649900,84.98583569405099,84.34327400893176,84.34327400893176,82.27859668082155,-0.6425616851192331,-2.70723901322944
s20,sit,s20_sit,228000,2021-01-01 11:41:32.649900,85.1063829787234,84.3167203274163,84.3167203274163,82.99193995712972,-0.789662651307097,-2.1144430215936865
s20,sit,s20_sit,229000,2021-01-01 11:41:34.649900,80.75370121130553,82.63801443899102,82.63801443899102,82.86806602578118,1.884313227685496,2.1143648144756497
s20,sit,s20_sit,230000,2021-01-01 11:41:36.649900,76.33587786259541,76.97572218796104,76.97572218796104,80.80574568254413,0.6398443253656296,4.469867819948718
s20,sit,s20_sit,231000,2021-01-01 11:41:38.649900,74.62686567164178,75.51970617730326,75.51970617730326,78.95563185570983,0.8928405056614821,4.328766184068044
s20,sit,s20_sit,232000,2021-01-01 11:41:40.649900,74.62686567164178,75.03179021617561,75.03179021617561,77.58228728187285,0.4049245445338272,2.9554216102310704
s20,sit,s20_sit,233000,2021-01-01 11:41:42.649900,74.25742574257426,74.88851415538137,74.88851415538137,76.63946668760083,0.6310884128071166,2.3820409450265743
s20,sit,s20_sit,234000,2021-01-01 11:41:44.649900,74.25742574257426,73.75159389282966,73.75159389282966,75.62871120943092,-0.5058318497445953,1.371285466856662
s20,sit,s20_sit,235000,2021-01-01 11:41:46.649900,71.09004739336493,71.94017537500517,71.94017537500517,74.33772366738191,0.8501279816402416,3.247676274016982
s20,sit,s20_sit,236000,2021-01-01 11:41:48.649900,70.4225352112676,70.84377105077223,70.84377105077223,73.11484025156852,0.4212358395046323,2.6923050403009228
s20,sit,s20_sit,237000,2021-01-01 11:41:50.649900,70.01166861143524,70.13089168643118,70.13089168643118,72.07045825377045,0.11922307499594353,2.0587896423352134
s20,sit,s20_sit,238000,2021-01-01 11:41:52.649900,70.09345794392523,70.07338904997992,70.07338904997992,71.37148403244376,-0.02006889394530731,1.27802608851853
s20,sit,s20_sit,239000,2021-01-01 11:41:54.649900,70.09345794392523,71.70565554060963,71.70565554060963,71.48844406030182,1.6121975966843962,1.394986116376586
s20,sit,s20_sit,240000,2021-01-01 11:41:56.649900,75.37688442211055,74.88666222851182,74.88666222851182,72.67782041917532,-0.49022219359872565,-2.6990640029352306
s20,sit,s20_sit,241000,2021-01-01 11:41:58.649900,78.74015748031496,78.39323521508987,78.39323521508987,74.6782155977454,-0.3469222652250892,-4.061941882569556
s20,sit,s20_sit,242000,2021-01-01 11:42:00.649900,80.10680907877169,80.0441565682847,80.0441565682847,76.55629493743416,-0.06265251048698417,-3.55051414133753
s20,sit,s20_sit,243000,2021-01-01 11:42:02.649900,83.79888268156425,82.30763180651599,82.30763180651599,78.5692628416128,-1.4912508750482658,-5.229619839951454
s20,walk,s20_walk,0,2021-01-01 11:22:57.309233,86.70520231213874,87.29230061324733,87.29230061324733,87.29230061324733,0.5870983011085968,0.5870983011085968
s20,walk,s20_walk,1000,2021-01-01 11:22:59.309233,88.49557522123894,88.08884813530344,88.08884813530344,87.57109224596697,-0.40672708593550055,-0.924482975271971
s20,walk,s20_walk,2000,2021-01-01 11:23:01.309233,89.55223880597015,88.08459030980352,88.08459030980352,87.75081656830976,-1.4676484961666318,-1.8014222376603897
s20,walk,s20_walk,3000,2021-01-01 11:23:03.309233,88.23529411764706,88.23848169673421,88.23848169673421,87.92149936325832,0.0031875790871538356,-0.31379475438873783
s20,walk,s20_walk,4000,2021-01-01 11:23:05.309233,88.23529411764706,88.54566107544312,88.54566107544312,88.139955962523,0.31036695779606305,-0.09533815512405397
s20,walk,s20_walk,5000,2021-01-01 11:23:07.309233,85.71428571428572,87.12329383273438,87.12329383273438,87.78412421709699,1.4090081184486536,2.0698385028112654
s20,walk,s20_walk,6000,2021-01-01 11:23:09.309233,85.47008547008548,85.96759227097796,85.96759227097796,87.14833803595533,0.4975068008924808,1.6782525658698546
s20,walk,s20_walk,7000,2021-01-01 11:23:11.309233,85.71428571428572,85.4371734542043,85.4371734542043,86.54943043234248,-0.27711226008142376,0.8351447180567533
s20,walk,s20_walk,8000,2021-01-01 11:23:13.309233,86.95652173913044,85.99983580213602,85.99983580213602,86.35707231177022,-0.9566859369944183,-0.5994494273602129
s20,walk,s20_walk,9000,2021-01-01 11:23:15.309233,87.71929824561403,87.6103331496368,87.6103331496368,86.79571360502352,-0.1089650959772257,-0.923584640590505
s20,walk,s20_walk,10000,2021-01-01 11:23:17.309233,88.23529411764706,88.21931036453624,88.21931036453624,87.29397247085298,-0.01598375311081668,-0.9413216467940799
s20,walk,s20_walk,11000,2021-01-01 11:23:19.309233,90.09009009009009,87.72909084589337,87.72909084589337,87.44626390211711,-2.3609992441967194,-2.6438261879729765
s20,walk,s20_walk,12000,2021-01-01 11:23:21.309233,92.5925925925926,87.85877130537564,87.85877130537564,87.59064149325759,-4.733821287216955,-5.0019510993350025
s20,walk,s20_walk,13000,2021-01-01 11:23:23.309233,92.5925925925926,88.47152881969338,88.47152881969338,87.89895205751012,-4.12106377289922,-4.69364053508248
s20,walk,s20_walk,14000,2021-01-01 11:23:25.309233,86.95652173913044,87.73493216896813,87.73493216896813,87.84154509652042,0.7784104298376917,0.8850233573899828
s20,walk,s20_walk,15000,2021-01-01 11:23:27.309233,85.22727272727273,83.76266202034995,83.76266202034995,86.41393601986076,-1.4646107069227838,1.1866632925880225
s20,walk,s20_walk,16000,2021-01-01 11:23:29.309233,84.26966292134831,84.08991051468833,84.08991051468833,85.6005270930504,-0.17975240665998626,1.330864171702089
s20,walk,s20_walk,17000,2021-01-01 11:23:31.309233,84.03361344537815,84.45526533819259,84.45526533819259,85.19968547885017,0.42165189281443816,1.1660720334720196
s20,walk,s20_walk,18000,2021-01-01 11:23:33.309233,83.68200836820084,83.83645123602558,83.83645123602558,84.72255349386157,0.15444286782474137,1.0405451256607279
s20,walk,s20_walk,19000,2021-01-01 11:23:35.309234,83.91608391608392,85.07692912147017,85.07692912147017,84.84658496352458,1.1608452053862521,0.9305010474406572
s20,walk,s20_walk,20000,2021-01-01 11:23:37.309234,88.23529411764706,85.58847710983558,85.58847710983558,85.10624721473343,-2.646817007811478,-3.129046902913629
s20,walk,s20_walk,21000,2021-01-01 11:23:39.309234,90.09009009009009,87.9529720956407,87.9529720956407,86.10260092305097,-2.137117994449383,-3.987489167039115
s20,walk,s20_walk,22000,2021-01-01 11:23:41.309234,90.09009009009009,88.13389729193685,88.13389729193685,86.81355465216103,-1.9561927981532392,-3.2765354379290557
s20,walk,s20_walk,23000,2021-01-01 11:23:43.309234,89.95502248875562,88.07306004459903,88.07306004459903,87.25438153951433,-1.881962444156585,-2.70064094924129
s20,walk,s20_walk,24000,2021-01-01 11:23:45.309234,89.02077151335311,88.4972373619825,88.4972373619825,87.68938107737819,-0.5235341513706118,-1.3313904359749245
s20,walk,s20_walk,25000,2021-01-01 11:23:47.309234,89.68609865470852,88.60072486024741,88.60072486024741,88.00835140138241,-1.0853737944611055,-1.6777472533261033
s20,walk,s20_walk,26000,2021-01-01 11:23:49.309234,88.49557522123894,88.10849915463879,88.10849915463879,88.04340311502214,-0.3870760666001445,-0.4521721062167927
s20,walk,s20_walk,27000,2021-01-01 11:23:51.309234,85.9598853868195,84.9037001924071,84.9037001924071,86.94450709210687,-1.056185194412393,0.9846217052873811
s20,walk,s20_walk,28000,2021-01-01 11:23:53.309234,81.9672131147541,82.64161236322626,82.64161236322626,85.43849393699867,0.6743992484721559,3.471280822244566
s20,walk,s20_walk,29000,2021-01-01 11:23:55.309234,81.9672131147541,82.3633599555094,82.3633599555094,84.36219704347742,0.39614684075529283,2.3949839287233203
s20,walk,s20_walk,30000,2021-01-01 11:23:57.309234,83.33333333333334,83.39754806743629,83.39754806743629,84.02456990186303,0.06421473410294709,0.6912365685296891
s20,walk,s20_walk,31000,2021-01-01 11:23:59.309234,85.59201141226819,87.35926334396524,87.35926334396524,85.1917126065988,1.7672519316970465,-0.4002988056693937
s20,walk,s20_walk,32000,2021-01-01 11:24:01.309234,85.59201141226819,87.55802791516565,87.55802791516565,86.01992296459719,1.9660165028974603,0.42791155232899314
s20,walk,s20_walk,33000,2021-01-01 11:24:03.309234,86.70520231213874,85.33766315841196,85.33766315841196,85.78113203243235,-1.3675391537267814,-0.9240702797063847
s20,walk,s20_walk,34000,2021-01-01 11:24:05.309234,85.59201141226819,87.43588859411628,87.43588859411628,86.36029682902173,1.843877181848086,0.7682854167535424
s20,walk,s20_walk,35000,2021-01-01 11:24:07.309234,87.97653958944281,87.96732479466588,87.96732479466588,86.92275661699719,-0.00921479477692344,-1.0537829724456174
s20,walk,s20_walk,36000,2021-01-01 11:24:09.309234,88.10572687224669,88.25125107642215,88.25125107642215,87.38772967779593,0.14552420417545875,-0.7179971944507599
s20,walk,s20_walk,37000,2021-01-01 11:24:11.309234,84.38818565400844,87.32275877244325,87.32275877244325,87.36498986092249,2.9345731184348125,2.9768042069140535
s20,walk,s20_walk,38000,2021-01-01 11:24:13.309234,81.19079837618403,83.19557929411623,83.19557929411623,85.9056961625403,2.0047809179321945,4.714897786356261
s20,walk,s20_walk,39000,2021-01-01 11:24:15.309234,81.9672131147541,83.60728098896863,83.60728098896863,85.10125085179021,1.6400678742145232,3.1340377370361097
s20,walk,s20_walk,40000,2021-01-01 11:24:17.309234,82.19178082191782,84.81820809526663,84.81820809526663,85.00218588700696,2.62642727334881,2.8104050650891423
s20,walk,s20_walk,41000,2021-01-01 11:24:19.309234,82.19178082191782,84.22574551408377,84.22574551408377,84.73043175648384,2.033964692165952,2.5386509345660215
s20,walk,s20_walk,42000,2021-01-01 11:24:21.309234,81.9672131147541,83.93263721049492,83.93263721049492,84.45120366538771,1.965424095740815,2.4839905506336066
s20,walk,s20_walk,43000,2021-01-01 11:24:23.309234,81.41112618724559,84.69214496942539,84.69214496942539,84.5355331218009,3.2810187821797996,3.12440693455531
s20,walk,s20_walk,44000,2021-01-01 11:24:25.309234,80.4289544235925,83.33445027633734,83.33445027633734,84.11515412588865,2.905495852744835,3.6861997022961503
s20,walk,s20_walk,45000,2021-01-01 11:24:27.309234,82.64462809917356,82.9823579548549,82.9823579548549,83.71867546602684,0.3377298556813457,1.0740473668532786
s20,walk,s20_walk,46000,2021-01-01 11:24:29.309234,82.64462809917356,84.72016489153408,84.72016489153408,84.06919676495437,2.0755367923605235,1.4245686657808108
s20,walk,s20_walk,47000,2021-01-01 11:24:31.309234,82.98755186721992,85.16533429283278,85.16533429283278,84.4528448997118,2.177782425612861,1.4652930324918856
s20,walk,s20_walk,48000,2021-01-01 11:24:33.309234,81.85538881309687,84.64588329984655,84.64588329984655,84.52040833975897,2.7904944867496795,2.665019526662107
s20,walk,s20_walk,49000,2021-01-01 11:24:35.309234,80.53691275167785,83.29006922931462,83.29006922931462,84.08978965110344,2.7531564776367787,3.5528768994255984
s20,walk,s20_walk,50000,2021-01-01 11:24:37.309234,80.21390374331551,82.21779730916091,82.21779730916091,83.43459233142356,2.0038935658454022,3.2206885881080467
s20,walk,s20_walk,51000,2021-01-01 11:24:39.309234,82.64462809917356,84.19931575936593,84.19931575936593,83.70224553120339,1.5546876601923714,1.0576174320298293
s20,walk,s20_walk,52000,2021-01-01 11:24:41.309234,84.98583569405099,85.53476148051527,85.53476148051527,84.34362611346255,0.5489257864642809,-0.6422095805884425
s20,walk,s20_walk,53000,2021-01-01 11:24:43.309234,83.68200836820084,84.61072033474723,84.61072033474723,84.43710909091219,0.9287119665463877,0.7551007227113473
s20,walk,s20_walk,54000,2021-01-01 11:24:45.309234,79.57559681697613,82.55966973010064,82.55966973010064,83.78000531462814,2.984072913124507,4.204408497652011
s20,walk,s20_walk,55000,2021-01-01 11:24:47.309234,79.57559681697613,83.1932738448681,83.1932738448681,83.57464930021213,3.617677027891972,3.9990524832359995
s20,walk,s20_walk,56000,2021-01-01 11:24:49.309234,85.9598853868195,87.5715714825896,87.5715714825896,84.97357206404425,1.6116860957701107,-0.9863133227752456
s20,walk,s20_walk,57000,2021-01-01 11:24:51.309234,86.83068017366136,87.87922317057667,87.87922317057667,85.99054995133059,1.0485429969153017,-0.840130222330771
s20,walk,s20_walk,58000,2021-01-01 11:24:53.309234,86.70520231213874,87.51880168614352,87.51880168614352,86.5254380585151,0.8135993740047809,-0.17976425362363102
s20,walk,s20_walk,59000,2021-01-01 11:24:55.309234,86.70520231213874,87.54738547928268,87.54738547928268,86.88311965578376,0.8421831671439435,0.17791734364502076
s20,walk,s20_walk,60000,2021-01-01 11:24:57.309234,87.46355685131195,88.60721387036693,88.60721387036693,87.48655263088787,1.1436570190549844,0.022995779575921915
s20,walk,s20_walk,61000,2021-01-01 11:24:59.309234,90.36144578313252,89.58257703154176,89.58257703154176,88.22016117111673,-0.778868751590764,-2.141284612015795
s20,walk,s20_walk,62000,2021-01-01 11:25:01.309234,89.28571428571428,89.35455300312086,89.35455300312086,88.61719831231817,0.0688387174065781,-0.6685159733961115
s20,walk,s20_walk,63000,2021-01-01 11:25:03.309234,87.5912408759124,87.69713699985019,87.69713699985019,88.29517685295437,0.10589612393778225,0.7039359770419651
s20,walk,s20_walk,64000,2021-01-01 11:25:05.309234,84.86562942008487,85.62845083648801,85.62845083648801,87.36182274719114,0.7628214164031419,2.496193327106269
s20,walk,s20_walk,65000,2021-01-01 11:25:07.309234,82.75862068965517,85.03799501334855,85.03799501334855,86.54848304034624,2.279374323693375,3.7898623506910667
s20,walk,s20_walk,66000,2021-01-01 11:25:09.309234,84.1514726507714,85.2833219036327,85.2833219036327,86.1056766424965,1.1318492528613007,1.9542039917251088
s20,walk,s20_walk,67000,2021-01-01 11:25:11.309234,84.74576271186442,86.17723252385125,86.17723252385125,86.13072120097067,1.4314698119868297,1.3849584891062534
s20,walk,s20_walk,68000,2021-01-01 11:25:13.309234,85.47008547008548,108.92003213727834,108.92003213727834,93.13072120097067,23.44994666719286,7.66063573088519
s20,walk,s20_walk,69000,2021-01-01 11:25:15.309234,86.95652173913044,87.97379581235685,87.97379581235685,91.32579731495584,1.0172740732264174,4.369275575825398
s20,walk,s20_walk,70000,2021-01-01 11:25:17.309234,86.20689655172414,87.77181405476095,87.77181405476095,90.08190317388762,1.5649175030368099,3.8750066221634825
s20,walk,s20_walk,71000,2021-01-01 11:25:19.309234,81.08108108108108,85.35815640152774,85.35815640152774,88.42859180356166,4.277075320446656,7.347510722480578
s20,walk,s20_walk,72000,2021-01-01 11:25:21.309234,81.08108108108108,82.79095987058454,82.79095987058454,86.45542062701966,1.7098787895034633,5.374339545938582
s20,walk,s20_walk,73000,2021-01-01 11:25:23.309234,84.03361344537815,83.08733731267918,83.08733731267918,85.2765914670005,-0.9462761326989693,1.2429780216223492
s20,walk,s20_walk,74000,2021-01-01 11:25:25.309234,84.03361344537815,83.06946326339515,83.06946326339515,84.50409659573863,-0.9641501819830012,0.4704831503604794
s20,walk,s20_walk,75000,2021-01-01 11:25:27.309234,83.10249307479225,83.79288760245929,83.79288760245929,84.25517344809086,0.6903945276670385,1.1526803732986082
s20,walk,s20_walk,76000,2021-01-01 11:25:29.309234,80.64516129032258,84.47464942315825,84.47464942315825,84.33199003936444,3.829488132835678,3.686828749041865
s20,walk,s20_walk,77000,2021-01-01 11:25:31.309234,80.21390374331551,84.60100887441462,84.60100887441462,84.42614663163201,4.387105131099105,4.212242888316496
s20,walk,s20_walk,78000,2021-01-01 11:25:33.309234,81.41112618724559,84.45196859008524,84.45196859008524,84.43518431709064,3.040842402839658,3.0240581298450593
s20,walk,s20_walk,79000,2021-01-01 11:25:35.309234,86.95652173913044,86.28079341745237,86.28079341745237,85.08114750221725,-0.675728321678065,-1.8753742369131885
s20,walk,s20_walk,80000,2021-01-01 11:25:37.309234,87.2093023255814,88.22005972810753,88.22005972810753,86.17976678127884,1.0107574025261243,-1.0295355443025613
s20,walk,s20_walk,81000,2021-01-01 11:25:39.309234,87.2093023255814,86.95629156604636,86.95629156604636,86.45155045594747,-0.25301075953504437,-0.7577518696339354
s20,walk,s20_walk,82000,2021-01-01 11:25:41.309234,84.74576271186442,86.12495773354965,86.12495773354965,86.33724300310823,1.3791950216852342,1.591480291243812
s20,walk,s20_walk,83000,2021-01-01 11:25:43.309234,82.98755186721992,83.56138931296456,83.56138931296456,85.36569421155794,0.573837445744644,2.3781423443380163
s20,walk,s20_walk,84000,2021-01-01 11:25:45.309234,85.59201141226819,86.42975932295103,86.42975932295103,85.73811700054551,0.837747910682836,0.14610558827732234
s20,walk,s20_walk,85000,2021-01-01 11:25:47.309234,87.71929824561403,88.02130129138789,88.02130129138789,86.53723150234035,0.3020030457738585,-1.1820667432736798
s20,walk,s20_walk,86000,2021-01-01 11:25:49.309234,89.82035928143712,88.23018812634533,88.23018812634533,87.12976632074208,-1.5901711550917952,-2.6905929606950423
s20,walk,s20_walk,87000,2021-01-01 11:25:51.309234,90.09009009009009,88.03506573574272,88.03506573574272,87.4466211159923,-2.055024354347367,-2.643468974097786
s20,walk,s20_walk,88000,2021-01-01 11:25:53.309234,89.28571428571428,88.34905903303756,88.34905903303756,87.76247438695813,-0.9366552526767151,-1.5232398987561453
s20,walk,s20_walk,89000,2021-01-01 11:25:55.309234,89.02077151335311,88.47368401724513,88.47368401724513,88.01139775755858,-0.5470874961079772,-1.0093737557945275
s20,walk,s20_walk,90000,2021-01-01 11:25:57.309234,91.1854103343465,88.01905798566942,88.01905798566942,88.01407883739738,-3.16635234867708,-3.171331496949122
s20,walk,s20_walk,91000,2021-01-01 11:25:59.309234,92.87925696594426,89.41375972886473,89.41375972886473,88.50396714941095,-3.465497237079532,-4.375289816533311
s20,walk,s20_walk,92000,2021-01-01 11:26:01.309234,92.87925696594426,91.2393404839724,91.2393404839724,89.46134781650747,-1.6399164819718663,-3.4179091494367952
s20,walk,s20_walk,93000,2021-01-01 11:26:03.309234,91.1854103343465,87.50070854561648,87.50070854561648,88.77512407169561,-3.684701788730024,-2.410286262650885
s20,walk,s20_walk,94000,2021-01-01 11:26:05.309234,89.82035928143712,87.78609914102489,87.78609914102489,88.42896534596086,-2.034260140412229,-1.391393935476259
s20,walk,s20_walk,95000,2021-01-01 11:26:07.309234,89.02077151335311,88.37110774419463,88.37110774419463,88.40871518534269,-0.6496637691584795,-0.612056328010425
s20,walk,s20_walk,96000,2021-01-01 11:26:09.309234,89.82035928143712,87.67838402805266,87.67838402805266,88.15309928029117,-2.1419752533844587,-1.667260001145948
s20,walk,s20_walk,97000,2021-01-01 11:26:11.309234,89.02077151335311,88.73806723320313,88.73806723320313,88.35783806381036,-0.2827042801499857,-0.6629334495427486
s20,walk,s20_walk,98000,2021-01-01 11:26:13.309234,87.46355685131195,88.05110377117285,88.05110377117285,88.25048106138723,0.5875469198608982,0.7869242100752842
s20,walk,s20_walk,99000,2021-01-01 11:26:15.309234,86.95652173913044,88.30293656789766,88.30293656789766,88.26884048866589,1.346414828767223,1.31231874953545
s20,walk,s20_walk,100000,2021-01-01 11:26:17.309234,85.71428571428572,87.56898203682255,87.56898203682255,88.02389003052072,1.8546963225368245,2.3096043162349957
s20,walk,s20_walk,101000,2021-01-01 11:26:19.309234,81.9672131147541,84.98499739620169,84.98499739620169,86.96027760850906,3.0177842814475895,4.993064493754957
s20,walk,s20_walk,102000,2021-01-01 11:26:21.309234,81.08108108108108,83.81580753781597,83.81580753781597,85.85971308376648,2.73472645673489,4.778632002685399
s20,walk,s20_walk,103000,2021-01-01 11:26:23.309234,81.74386920980926,83.32878457945033,83.32878457945033,84.97388810725582,1.5849153696410667,3.2300188974465556
s20,walk,s20_walk,104000,2021-01-01 11:26:25.309234,84.26966292134831,84.32541811727853,84.32541811727853,84.74692361076376,0.05575519593021738,0.47726068941544497
s20,walk,s20_walk,105000,2021-01-01 11:26:27.309234,82.64462809917356,87.85578704406839,87.85578704406839,85.83502581242038,5.211158944894834,3.190397713246824
s20,walk,s20_walk,106000,2021-01-01 11:26:29.309234,82.07934336525308,84.01812967372688,84.01812967372688,85.19911216387766,1.9387863084737944,3.119768798624577
s20,walk,s20_walk,107000,2021-01-01 11:26:31.309234,80.86253369272237,84.24899111526256,84.24899111526256,84.86656979686238,3.3864574225401896,4.004036104140013
s20,walk,s20_walk,108000,2021-01-01 11:26:33.309234,80.86253369272237,80.91216292025273,80.91216292025273,83.482527390049,0.049629227530360254,2.6199936973266347
s20,walk,s20_walk,109000,2021-01-01 11:26:35.309234,81.9672131147541,82.66303080933947,82.66303080933947,83.19570358680066,0.6958176945853722,1.228490472046559
s20,walk,s20_walk,110000,2021-01-01 11:26:37.309234,84.6262341325811,84.25822872120342,84.25822872120342,83.56758738384163,-0.3680054113776805,-1.058646748739477
s20,walk,s20_walk,111000,2021-01-01 11:26:39.309234,84.6262341325811,85.58694767993116,85.58694767993116,84.27436348747295,0.9607135473500534,-0.3518706451081499
s20,walk,s20_walk,112000,2021-01-01 11:26:41.309234,84.6262341325811,84.01522373913156,84.01522373913156,84.18366457555346,-0.611010393449547,-0.4425695570276389
s20,walk,s20_walk,113000,2021-01-01 11:26:43.309234,85.47008547008548,84.32977079577495,84.32977079577495,84.23480175263099,-1.140314674310531,-1.235283717454493
s20,walk,s20_walk,114000,2021-01-01 11:26:45.309234,85.47008547008548,84.39759751448386,84.39759751448386,84.29178026927949,-1.0724879556016162,-1.178305200805994
s20,walk,s20_walk,115000,2021-01-01 11:26:47.309234,90.9090909090909,89.0099417685195,89.0099417685195,85.94313679401348,-1.89914914057141,-4.965954115077423
s20,walk,s20_walk,116000,2021-01-01 11:26:49.309234,91.46341463414632,87.6713495714075,87.6713495714075,86.54801126610138,-3.792065062738814,-4.9154033680449345
s20,walk,s20_walk,117000,2021-01-01 11:26:51.309234,91.46341463414632,84.39166703787997,84.39166703787997,85.79329078622388,-7.0717475962663485,-5.67012384792244
s20,walk,s20_walk,118000,2021-01-01 11:26:53.309234,86.95652173913044,87.55613672901252,87.55613672901252,86.4102868661999,0.5996149898820846,-0.5462348729305404
s20,walk,s20_walk,119000,2021-01-01 11:26:55.309234,86.95652173913044,87.51804981017352,87.51804981017352,86.79800389659067,0.5615280710430852,-0.15851784253976575
s20,walk,s20_walk,120000,2021-01-01 11:26:57.309234,92.0245398773006,88.57433496586964,88.57433496586964,87.41971977083831,-3.4502049114309585,-4.6048201064622845
s20,walk,s20_walk,121000,2021-01-01 11:26:59.309234,94.33962264150944,85.56304098083145,85.56304098083145,86.7698821943359,-8.77658166067799,-7.56974044717353
s20,walk,s20_walk,122000,2021-01-01 11:27:01.309234,93.45794392523364,88.0939290633953,88.0939290633953,87.23329859850669,-5.364014861838342,-6.224645326726943
s20,walk,s20_walk,123000,2021-01-01 11:27:03.309234,89.02077151335311,88.93151015137236,88.93151015137236,87.82767264200967,-0.0892613619807463,-1.1930988713434374
s20,walk,s20_walk,124000,2021-01-01 11:27:05.309234,88.75739644970413,85.75568585205335,85.75568585205335,87.10247726552495,-3.001710597650785,-1.6549191841791782
s20,walk,s20_walk,125000,2021-01-01 11:27:07.309234,88.23529411764706,86.88752367049904,86.88752367049904,87.02724350726588,-1.3477704471480223,-1.2080506103811786
s20,walk,s20_walk,126000,2021-01-01 11:27:09.309234,88.23529411764706,87.51322751546489,87.51322751546489,87.19733791013553,-0.7220666021821671,-1.0379562075115274
s20,walk,s20_walk,127000,2021-01-01 11:27:11.309234,88.75739644970413,87.948794393582,87.948794393582,87.4603476793418,-0.8086020561221261,-1.2970487703623377
s20,walk,s20_walk,128000,2021-01-01 11:27:13.309234,89.28571428571428,88.65860242245279,88.65860242245279,87.87973683943065,-0.62711186326149,-1.4059774462836288
s20,walk,s20_walk,129000,2021-01-01 11:27:15.309234,90.9090909090909,88.56626151504295,88.56626151504295,88.12002047589496,-2.3428293940479534,-2.7890704331959455
s20,walk,s20_walk,130000,2021-01-01 11:27:17.309234,90.9090909090909,89.04509772599222,89.04509772599222,88.443797513429,-1.8639931830986853,-2.4652933956619023
s20,walk,s20_walk,131000,2021-01-01 11:27:19.309234,87.97653958944281,87.74105763138195,87.74105763138195,88.19783855471253,-0.23548195806085914,0.2212989652697246
s20,walk,s20_walk,132000,2021-01-01 11:27:21.309234,87.97653958944281,87.79072895898855,87.79072895898855,88.05535019620913,-0.18581063045425594,0.07881060676632501
s20,walk,s20_walk,133000,2021-01-01 11:27:23.309234,91.46341463414632,88.4943867632687,88.4943867632687,88.20901299467998,-2.9690278708776248,-3.2544016394663373
s20,walk,s20_walk,134000,2021-01-01 11:27:25.309234,93.45794392523364,89.03599831485447,89.03599831485447,88.49845785674106,-4.421945610379169,-4.959486068492581
s20,walk,s20_walk,135000,2021-01-01 11:27:27.309234,93.75,89.09955661848916,89.09955661848916,88.70884242335289,-4.65044338151084,-5.041157576647109
s20,walk,s20_walk,136000,2021-01-01 11:27:29.309234,90.36144578313252,82.36619598007633,82.36619598007633,86.48891616820609,-7.995249803056197,-3.872529614926435
s20,walk,s20_walk,137000,2021-01-01 11:27:31.309234,88.75739644970413,84.32405477125751,84.32405477125751,85.73121467927409,-4.433341678446624,-3.0261817704300427
s20,walk,s20_walk,138000,2021-01-01 11:27:33.309234,88.75739644970413,87.11866660036553,87.11866660036553,86.2168228516561,-1.6387298493386027,-2.5405735980480273
s20,walk,s20_walk,139000,2021-01-01 11:27:35.309234,94.04388714733544,82.42667632358341,82.42667632358341,84.89027156683065,-11.617210823752032,-9.153615580504791
s20,walk,s20_walk,140000,2021-01-01 11:27:37.309234,97.0873786407767,83.14752134015244,83.14752134015244,84.28030898749327,-13.939857300624269,-12.807069653283435
s20,walk,s20_walk,141000,2021-01-01 11:27:39.309234,97.0873786407767,85.59438025690119,85.59438025690119,84.74023393178604,-11.492998383875516,-12.347144708990669
s20,walk,s20_walk,142000,2021-01-01 11:27:41.309234,95.69377990430624,85.59649059243475,85.59649059243475,85.03992376301308,-10.097289311871492,-10.653856141293161
s20,walk,s20_walk,143000,2021-01-01 11:27:43.309234,95.69377990430624,85.05943014135693,85.05943014135693,85.04675099543343,-10.634349762949313,-10.647028908872812
s20,walk,s20_walk,144000,2021-01-01 11:27:45.309234,93.89671361502349,85.08699411441171,85.08699411441171,85.06083608707583,-8.809719500611777,-8.835877527947659
s20,walk,s20_walk,145000,2021-01-01 11:27:47.309234,95.69377990430624,86.11947964241604,86.11947964241604,85.4313613314449,-9.574300261890201,-10.262418572861336
s20,walk,s20_walk,146000,2021-01-01 11:27:49.309234,95.84664536741214,84.30627124572408,84.30627124572408,85.03757980144262,-11.54037412168806,-10.809065565969519
s20,walk,s20_walk,147000,2021-01-01 11:27:51.309234,94.04388714733544,86.87150027077618,86.87150027077618,85.67945196570936,-7.172386876559258,-8.364435181626078
s20,walk,s20_walk,148000,2021-01-01 11:27:53.309235,94.04388714733544,83.91181289046686,83.91181289046686,85.06077828937448,-10.132074256868577,-8.983108857960957
s20,walk,s20_walk,149000,2021-01-01 11:27:55.309235,88.49557522123894,84.0502184504684,84.0502184504684,84.70708234575736,-4.44535677077053,-3.7884928754815803
s20,walk,s20_walk,150000,2021-01-01 11:27:57.309235,85.47008547008548,85.23391050677057,85.23391050677057,84.89147220211198,-0.23617496331490884,-0.5786132679734948
s20,walk,s20_walk,151000,2021-01-01 11:27:59.309235,85.47008547008548,81.16642808956361,81.16642808956361,83.58770676272005,-4.303657380521869,-1.882378707365433
s20,walk,s20_walk,152000,2021-01-01 11:28:01.309235,89.02077151335311,82.94824105459392,82.94824105459392,83.36389376487591,-6.072530458759189,-5.6568777484772
s20,walk,s20_walk,153000,2021-01-01 11:28:03.309235,89.02077151335311,83.39474200055918,83.39474200055918,83.37469064736506,-5.626029512793934,-5.646080865988054
s20,walk,s20_walk,154000,2021-01-01 11:28:05.309235,84.74576271186442,84.47402325812938,84.47402325812938,83.75945706113257,-0.2717394537350373,-0.9863056507318504
s20,walk,s20_walk,155000,2021-01-01 11:28:07.309235,84.6262341325811,84.4170637476286,84.4170637476286,83.98961940140617,-0.2091703849525004,-0.6366147311749302
s20,walk,s20_walk,156000,2021-01-01 11:28:09.309235,84.74576271186442,84.11469641144417,84.11469641144417,84.03339635491947,-0.6310663004202439,-0.7123663569449405
s20,walk,s20_walk,157000,2021-01-01 11:28:11.309235,85.1063829787234,100.8527522506119,100.8527522506119,89.92017091841183,15.746369271888497,4.8137879396884244
s20,walk,s20_walk,158000,2021-01-01 11:28:13.309235,84.38818565400844,84.54374192324936,84.54374192324936,88.03842077010496,0.15555626924091825,3.6502351160965247
s20,walk,s20_walk,159000,2021-01-01 11:28:15.309235,82.75862068965517,84.7415989790871,84.7415989790871,86.88453314324872,1.9829782894319266,4.125912453593543
s20,walk,s20_walk,160000,2021-01-01 11:28:17.309235,78.94736842105263,81.57201271767056,81.57201271767056,85.02515099429637,2.62464429661793,6.077782573243738
s20,walk,s20_walk,161000,2021-01-01 11:28:19.309235,79.6812749003984,83.20448550697188,83.20448550697188,84.3879180737328,3.523210606573471,4.706643173334399
s20,walk,s20_walk,162000,2021-01-01 11:28:21.309235,87.46355685131195,83.72305206017016,83.72305206017016,84.15521496898589,-3.740504791141788,-3.3083418823260615
s20,walk,s20_walk,163000,2021-01-01 11:28:23.309235,87.46355685131195,87.20244943368783,87.20244943368783,85.22174703163157,-0.2611074176241175,-2.241809819680384
s20,walk,s20_walk,164000,2021-01-01 11:28:25.309235,85.71428571428572,86.94342617004922,86.94342617004922,85.82433473007775,1.229140455763499,0.11004901579202908
s20,walk,s20_walk,165000,2021-01-01 11:28:27.309235,84.26966292134831,84.12325928473334,84.12325928473334,85.22895832420721,-0.14640363661497702,0.9592954028588991
s20,walk,s20_walk,166000,2021-01-01 11:28:29.309235,84.50704225352113,83.76315635443602,83.76315635443602,84.71592763478729,-0.7438858990851145,0.20888538126615686
s20,walk,s20_walk,167000,2021-01-01 11:28:31.309235,84.50704225352113,83.81185326211695,83.81185326211695,84.39950160435268,-0.69518899140418,-0.10754064916845607
s20,walk,s20_walk,168000,2021-01-01 11:28:33.309235,84.6262341325811,85.97094130520225,85.97094130520225,84.94950549965003,1.344707172621142,0.32327136706892645
s20,walk,s20_walk,169000,2021-01-01 11:28:35.309235,83.91608391608392,85.45592279948374,85.45592279948374,85.12675155459183,1.539838883399824,1.210667638507914
s20,walk,s20_walk,170000,2021-01-01 11:28:37.309235,82.53094910591471,83.98018792320528,83.98018792320528,84.72545428360654,1.4492388172905635,2.1945051776918234
s20,walk,s20_walk,171000,2021-01-01 11:28:39.309235,82.53094910591471,84.46254001322501,84.46254001322501,84.633434288973,1.9315909073102944,2.102485183058292
s20,walk,s20_walk,172000,2021-01-01 11:28:41.309235,83.79888268156425,85.00420674680645,85.00420674680645,84.76320464921471,1.2053240652421948,0.9643219676504629
s20,walk,s20_walk,173000,2021-01-01 11:28:43.309235,88.49557522123894,88.81258346557712,88.81258346557712,86.18048723494155,0.317008244338183,-2.315087986297385
s20,walk,s20_walk,174000,2021-01-01 11:28:45.309235,88.75739644970413,88.98764790243635,88.98764790243635,87.16299346856474,0.2302514527322188,-1.594402981139396
s20,walk,s20_walk,175000,2021-01-01 11:28:47.309235,89.28571428571428,88.92073661628596,88.92073661628596,87.77820357026717,-0.36497766942831333,-1.5075107154471112
s20,walk,s20_walk,176000,2021-01-01 11:28:49.309235,90.63444108761328,88.44014558067825,88.44014558067825,88.00988327391104,-2.1942955069350347,-2.624557813702239
s20,walk,s20_walk,177000,2021-01-01 11:28:51.309235,90.36144578313252,88.83077928128874,88.83077928128874,88.29719687649325,-1.5306665018437826,-2.0642489066392784
s20,walk,s20_walk,178000,2021-01-01 11:28:53.309235,91.1854103343465,89.32654335246342,89.32654335246342,88.65746814308281,-1.8588669818830823,-2.5279421912636906
s20,walk,s20_walk,179000,2021-01-01 11:28:55.309235,88.75739644970413,88.37080467722488,88.37080467722488,88.55713593003253,-0.3865917724792496,-0.20026051967160186
s20,walk,s20_walk,180000,2021-01-01 11:28:57.309235,86.45533141210375,87.80201676283679,87.80201676283679,88.29284422151402,1.3466853507330399,1.8375128094102706
s20,walk,s20_walk,181000,2021-01-01 11:28:59.309235,85.9598853868195,87.7634062080118,87.7634062080118,88.10754091678824,1.8035208211923077,2.1476555299687448
s20,walk,s20_walk,182000,2021-01-01 11:29:01.309235,89.28571428571428,87.31779825776668,87.31779825776668,87.83113098613069,-1.9679160279475951,-1.4545832995835895
s20,walk,s20_walk,183000,2021-01-01 11:29:03.309235,89.4187779433681,88.19033316118656,88.19033316118656,87.95685174740024,-1.2284447821815405,-1.4619261959678624
s20,walk,s20_walk,184000,2021-01-01 11:29:05.309235,89.28571428571428,86.74528291844766,86.74528291844766,87.53280265726683,-2.5404313672666206,-1.7529116284474497
s20,walk,s20_walk,185000,2021-01-01 11:29:07.309235,87.2093023255814,85.60097669134885,85.60097669134885,86.85666356919553,-1.608325634232557,-0.35263875638587194
s20,walk,s20_walk,186000,2021-01-01 11:29:09.309235,84.6262341325811,86.25311539771035,86.25311539771035,86.64542170917572,1.6268812651292421,2.019187576594618
s20,walk,s20_walk,187000,2021-01-01 11:29:11.309235,83.79888268156425,86.25958694697707,86.25958694697707,86.5103795424062,2.460704265412815,2.7114968608419474
s20,walk,s20_walk,188000,2021-01-01 11:29:13.309235,84.98583569405099,85.31730654738182,85.31730654738182,86.09280399414766,0.3314708533308277,1.1069683000966677
s20,walk,s20_walk,189000,2021-01-01 11:29:15.309235,85.71428571428572,88.68236210804248,88.68236210804248,86.99914933401084,2.9680763937567605,1.2848636197251153
s20,walk,s20_walk,190000,2021-01-01 11:29:17.309235,92.3076923076923,88.49476922532418,88.49476922532418,87.52261629597051,-3.8129230823681297,-4.785076011721799
s20,walk,s20_walk,191000,2021-01-01 11:29:19.309235,92.3076923076923,89.32789643839152,89.32789643839152,88.15446434581787,-2.979795869300787,-4.153227961874435
s20,walk,s20_walk,192000,2021-01-01 11:29:21.309235,89.15304606240713,89.1519482502691,89.1519482502691,88.5035837123758,-0.0010978121380276207,-0.6494623500313281
s20,walk,s20_walk,193000,2021-01-01 11:29:23.309235,88.10572687224669,86.18345190721914,86.18345190721914,87.69153758057097,-1.9222749650275546,-0.4141892916757257
s20,walk,s20_walk,194000,2021-01-01 11:29:25.309235,92.0245398773006,88.93503963765762,88.93503963765762,88.12676330055129,-3.089500239642973,-3.897776576749308
s20,walk,s20_walk,195000,2021-01-01 11:29:27.309235,93.45794392523364,91.17209465349804,91.17209465349804,89.19262927408265,-2.2858492717356,-4.265314651150987
s20,walk,s20_walk,196000,2021-01-01 11:29:29.309235,93.45794392523364,91.6168227825873,91.6168227825873,90.04109700205927,-1.8411211426463296,-3.4168469231743615
s20,walk,s20_walk,197000,2021-01-01 11:29:31.309235,87.46355685131195,89.41322349822302,89.41322349822302,89.82134127571659,1.9496666469110693,2.3577844244046418
s20,walk,s20_walk,198000,2021-01-01 11:29:33.309235,82.64462809917356,83.33018823676937,83.33018823676937,87.54943771208507,0.6855601375958145,4.904809612911507
s20,walk,s20_walk,199000,2021-01-01 11:29:35.309235,82.19178082191782,82.68545974247506,82.68545974247506,85.84704542272156,0.4936789205572438,3.655264600803747
s20,walk,s20_walk,200000,2021-01-01 11:29:37.309235,83.91608391608392,83.88776787982098,83.88776787982098,85.16129828270635,-0.028316036262935995,1.2452143666224345
s20,walk,s20_walk,201000,2021-01-01 11:29:39.309235,85.22727272727273,88.42695806640496,88.42695806640496,86.30427920700086,3.1996853391322304,1.0770064797281265
s20,walk,s20_walk,202000,2021-01-01 11:29:41.309235,86.08321377331421,88.30213095667801,88.30213095667801,87.00352731938786,2.2189171833638,0.9203135460736434
s20,walk,s20_walk,203000,2021-01-01 11:29:43.309235,86.45533141210375,101.48724433745379,101.48724433745379,92.07282827571093,15.031912925350042,5.617496863607187
s20,walk,s20_walk,204000,2021-01-01 11:29:45.309235,86.70520231213874,89.18444573586439,89.18444573586439,91.06189438676465,2.4792434237256487,4.3566920746259115
s20,walk,s20_walk,205000,2021-01-01 11:29:47.309235,87.71929824561403,88.00426393790612,88.00426393790612,89.99172372966416,0.28496569229209,2.2724254840501317
s20,walk,s20_walk,206000,2021-01-01 11:29:49.309235,90.09009009009009,88.42786754926884,88.42786754926884,89.4443740665258,-1.6622225408212472,-0.6457160235642903
s20,walk,s20_walk,207000,2021-01-01 11:29:51.309235,90.36144578313252,88.5136213638473,88.5136213638473,89.11861062058833,-1.8478244192852173,-1.2428351625441962
s20,walk,s20_walk,208000,2021-01-01 11:29:53.309235,90.36144578313252,83.65516400802615,83.65516400802615,87.20640430619156,-6.706281775106376,-3.1550414769409656
s20,walk,s20_walk,209000,2021-01-01 11:29:55.309235,83.91608391608392,84.51154329560747,84.51154329560747,86.26320295248712,0.5954593795235468,2.3471190364031997
s20,walk,s20_walk,210000,2021-01-01 11:29:57.309235,80.75370121130553,84.52819718818542,84.52819718818542,85.65595093498152,3.7744959768798907,4.902249723675993
s20,walk,s20_walk,211000,2021-01-01 11:29:59.309235,80.75370121130553,84.70789787313522,84.70789787313522,85.32413236333531,3.954196661829698,4.570431152029784
s20,walk,s20_walk,212000,2021-01-01 11:30:01.309235,86.58008658008657,87.99972792120379,87.99972792120379,86.26059080858927,1.419641341117213,-0.31949577149730146
s20,walk,s20_walk,213000,2021-01-01 11:30:03.309235,85.71428571428572,86.5900829821587,86.5900829821587,86.37591306933857,0.8757972678729828,0.6616273550528433
s20,walk,s20_walk,214000,2021-01-01 11:30:05.309235,84.86562942008487,85.3290032158607,85.3290032158607,86.00949462062131,0.4633737957758228,1.143865200536439
s20,walk,s20_walk,215000,2021-01-01 11:30:07.309235,81.30081300813008,82.86360254602579,82.86360254602579,84.90843239451289,1.5627895378957106,3.607619386382808
s20,walk,s20_walk,216000,2021-01-01 11:30:09.309235,83.10249307479225,83.22919705789764,83.22919705789764,84.32070002669755,0.12670398310538644,1.2182069519053016
s20,walk,s20_walk,217000,2021-01-01 11:30:11.309235,84.1514726507714,83.32134631659707,83.32134631659707,83.97092622816238,-0.8301263341743237,-0.18054642260901232
s20,walk,s20_walk,218000,2021-01-01 11:30:13.309235,88.23529411764706,87.29227351780605,87.29227351780605,85.13339777953767,-0.943020599841006,-3.101896338109384
s20,walk,s20_walk,219000,2021-01-01 11:30:15.309235,98.19967266775778,94.07978149561299,94.07978149561299,88.26463208016403,-4.11989117214479,-9.935040587593747
s20,walk,s20_walk,220000,2021-01-01 11:30:17.309235,98.36065573770492,98.39653985053911,98.39653985053911,91.81079979979532,0.03588411283419646,-6.549855937909598
s20,walk,s20_walk,221000,2021-01-01 11:30:19.309235,98.36065573770492,93.53012793510585,93.53012793510585,92.412564647154,-4.830527802599065,-5.948091090550918
s20,walk,s20_walk,222000,2021-01-01 11:30:21.309235,89.82035928143712,88.29540698397557,88.29540698397557,90.97155946504155,-1.524952297461553,1.1512001836044305
s20,walk,s20_walk,223000,2021-01-01 11:30:23.309235,92.5925925925926,87.60673342693889,87.60673342693889,89.79387035170562,-4.985859165653707,-2.798722240886974
s20,walk,s20_walk,224000,2021-01-01 11:30:25.309235,96.61835748792272,83.24225815647544,83.24225815647544,87.50080608337507,-13.376099331447278,-9.117551404547655
s20,walk,s20_walk,225000,2021-01-01 11:30:27.309235,96.61835748792272,82.05845300536615,82.05845300536615,85.59598250607195,-14.559904482556576,-11.022374981850774
s20,walk,s20_walk,226000,2021-01-01 11:30:29.309235,96.4630225080386,83.66956177976661,83.66956177976661,84.92173525186507,-12.793460728271995,-11.541287256173533
s20,walk,s20_walk,227000,2021-01-01 11:30:31.309235,94.9367088607595,84.00803967378691,84.00803967378691,84.60194179953771,-10.928669186972584,-10.334767061221783
s20,walk,s20_walk,228000,2021-01-01 11:30:33.309235,94.33962264150944,82.81986532851462,82.81986532851462,83.97821503467964,-11.519757312994813,-10.3614076068298
s20,walk,s20_walk,229000,2021-01-01 11:30:35.309235,95.38950715421304,84.52318253921416,84.52318253921416,84.16895366126673,-10.866324614998874,-11.220553492946308
s20,walk,s20_walk,230000,2021-01-01 11:30:37.309235,95.54140127388536,84.44517988627393,84.44517988627393,84.26563284001925,-11.096221387611422,-11.275768433866105
s20,walk,s20_walk,231000,2021-01-01 11:30:39.309235,94.33962264150944,84.75674421403977,84.75674421403977,84.43752182092643,-9.582878427469666,-9.902100820583001
s20,walk,s20_walk,232000,2021-01-01 11:30:41.322556,95.54140127388536,84.53988480039091,84.53988480039091,84.473348863739,-11.001516473494448,-11.06805241014635
s20,walk,s20_walk,233000,2021-01-01 11:30:43.322556,96.61835748792272,85.49975781148616,85.49975781148616,84.83259199545051,-11.11859967643656,-11.785765492472208
s20,walk,s20_walk,234000,2021-01-01 11:30:45.322557,97.87928221859708,93.88765985555706,93.88765985555706,88.0018657464878,-3.9916223630400225,-9.877416472109289
s20,walk,s20_walk,235000,2021-01-01 11:30:47.322557,97.87928221859708,94.46549197378673,94.46549197378673,90.26413492604243,-3.4137902448103574,-7.615147292554653
s20,walk,s20_walk,236000,2021-01-01 11:30:49.322557,94.33962264150944,83.7949206618947,83.7949206618947,87.99990993359071,-10.544701979614743,-6.339712707918721
s20,walk,s20_walk,237000,2021-01-01 11:30:51.322557,84.98583569405099,86.70919711683425,86.70919711683425,87.54816044772595,1.723361422783256,2.5623247536749574
s20,walk,s20_walk,238000,2021-01-01 11:30:53.322557,83.10249307479225,84.63770938626152,84.63770938626152,86.5295025762134,1.53521631146927,3.4270095014211535
s21,run,s21_run,0,2021-01-01 12:48:27.756090,96.93053311793214,96.17888476415438,96.17888476415438,96.17888476415438,-0.7516483537777674,-0.7516483537777674
s21,run,s21_run,1000,2021-01-01 12:48:29.756090,97.87928221859708,97.18392989419051,97.18392989419051,96.53065055966702,-0.6953523244065707,-1.34863165893006
s21,run,s21_run,2000,2021-01-01 12:48:31.756090,98.52216748768473,98.51720944039648,98.51720944039648,97.22594616792233,-0.004958047288241119,-1.2962213197623953
s21,run,s21_run,3000,2021-01-01 12:48:33.756090,99.66777408637874,100.24004458434213,100.24004458434213,98.28088061366927,0.5722704979633875,-1.386893472709474
s21,run,s21_run,4000,2021-01-01 12:48:35.756090,100.8403361344538,100.79185306880053,100.79185306880053,99.1597209729652,-0.048483065653272206,-1.6806151614886033
s21,run,s21_run,5000,2021-01-01 12:48:37.756090,100.1669449081803,100.48651964527348,100.48651964527348,99.6241005082731,0.31957473709317696,-0.5428443999071959
s21,run,s21_run,6000,2021-01-01 12:48:39.756090,99.17355371900828,99.32333349248864,99.32333349248864,99.51883205274855,0.1497797734803612,0.34527833374026784
s21,run,s21_run,7000,2021-01-01 12:48:41.756090,99.009900990099,99.57328254544241,99.57328254544241,99.5378897251914,0.5633815553434118,0.5279887350924071
s21,run,s21_run,8000,2021-01-01 12:48:43.756090,99.50248756218906,99.59995473538001,99.59995473538001,99.55961247875743,0.09746717319094955,0.0571249165683696
s21,run,s21_run,9000,2021-01-01 12:48:45.756090,99.83361064891848,99.54176418082517,99.54176418082517,99.55336557448113,-0.2918464680933113,-0.2802450744373459
s21,run,s21_run,10000,2021-01-01 12:48:47.756090,101.35135135135135,100.45524645086024,100.45524645086024,99.86902388121382,-0.8961049004911104,-1.482327470137534
s21,run,s21_run,11000,2021-01-01 12:48:49.756090,100.67114093959732,100.67216417429104,100.67216417429104,100.15012298379085,0.0010232346937186776,-0.5210179558064709
s21,run,s21_run,12000,2021-01-01 12:48:51.756090,99.009900990099,99.52732319167497,99.52732319167497,99.93214305655029,0.5174222015759682,0.9222420664512896
s21,run,s21_run,13000,2021-01-01 12:48:53.756090,98.6842105263158,98.96386879415375,98.96386879415375,99.5932470647115,0.27965826783795933,0.9090365383957106
s21,run,s21_run,14000,2021-01-01 12:48:55.756090,95.69377990430624,96.59366466887353,96.59366466887353,98.54339322616822,0.8998847645672896,2.8496133218619804
s21,run,s21_run,15000,2021-01-01 12:48:57.756090,94.19152276295134,94.49829299126172,94.49829299126172,97.12760814395095,0.30677022831038414,2.9360853809996144
s21,run,s21_run,16000,2021-01-01 12:48:59.756090,94.19152276295134,93.92607840113455,93.92607840113455,96.0070727339652,-0.2654443618167903,1.8155499710138656
s21,run,s21_run,17000,2021-01-01 12:49:01.756090,94.04388714733544,93.81621220012086,93.81621220012086,95.24027154711968,-0.22767494721458092,1.196384399784236
s21,run,s21_run,18000,2021-01-01 12:49:03.756090,93.75,93.48072420462233,93.48072420462233,94.6244299772456,-0.2692757953776663,0.8744299772455975
s21,run,s21_run,19000,2021-01-01 12:49:05.756090,93.16770186335404,92.45158097008606,92.45158097008606,93.86393282473975,-0.7161208932679841,0.6962309613857087
s21,run,s21_run,20000,2021-01-01 12:49:07.756090,92.0245398773006,91.89001621576358,91.89001621576358,93.17306201159809,-0.1345236615370169,1.1485221342974938
s21,run,s21_run,21000,2021-01-01 12:49:09.756090,92.0245398773006,91.52507824888457,91.52507824888457,92.59626769464836,-0.4994616284160287,0.5717278173477638
s21,run,s21_run,22000,2021-01-01 12:49:11.756090,92.3076923076923,92.57943874092751,92.57943874092751,92.59037756084606,0.271746433235208,0.28268525315375825
s21,run,s21_run,23000,2021-01-01 12:49:13.756090,92.0245398773006,91.18620204393781,91.18620204393781,92.09891612992817,-0.838337833362786,0.07437625262757308
s21,run,s21_run,24000,2021-01-01 12:49:15.756090,92.87925696594426,91.91615813404266,91.91615813404266,92.03495083136823,-0.9630988319016041,-0.8443061345760299
s21,run,s21_run,25000,2021-01-01 12:49:17.756090,92.7357032457496,91.91230285683751,91.91230285683751,91.99202404028247,-0.8234003889120913,-0.7436792054671315
s21,run,s21_run,26000,2021-01-01 12:49:19.756090,93.89671361502349,92.75584880796066,92.75584880796066,92.25936270896983,-1.140864807062826,-1.6373509060536549
s21,run,s21_run,27000,2021-01-01 12:49:21.756090,94.48818897637796,94.69194763018625,94.69194763018625,93.11076743139557,0.2037586538082934,-1.3774215449823828
s21,run,s21_run,28000,2021-01-01 12:49:23.756090,93.45794392523364,93.85015396720274,93.85015396720274,93.36955271892808,0.3922100419691077,-0.08839120630555897
s21,run,s21_run,29000,2021-01-01 12:49:25.756090,89.82035928143712,92.29693325281478,92.29693325281478,92.99413590578843,2.476573971377661,3.173776624351305
s21,run,s21_run,30000,2021-01-01 12:49:27.756090,89.55223880597015,89.31539290746488,89.31539290746488,91.70657585637518,-0.2368458985052655,2.154337050405033
s21,run,s21_run,31000,2021-01-01 12:49:29.756090,89.55223880597015,90.44941043160522,90.44941043160522,91.26656795770569,0.8971716256350675,1.7143291517355408
s21,run,s21_run,32000,2021-01-01 12:49:31.756090,98.36065573770492,95.84919215548506,95.84919215548506,92.87048642692847,-2.5114635822198608,-5.4901693107764515
s21,run,s21_run,33000,2021-01-01 12:49:33.756090,98.36065573770492,98.51719777085138,98.51719777085138,94.84683539730148,0.1565420331464651,-3.5138203404034414
s21,run,s21_run,34000,2021-01-01 12:49:35.756090,96.30818619582664,97.09232067699185,97.09232067699185,95.6327552451931,0.7841344811652107,-0.6754309506335403
s21,run,s21_run,35000,2021-01-01 12:49:37.756090,93.89671361502349,93.66979254542044,93.66979254542044,94.94571830027266,-0.22692106960305125,1.049004685249173
s21,run,s21_run,36000,2021-01-01 12:49:39.756090,94.04388714733544,93.14312881667355,93.14312881667355,94.31481198101298,-0.9007583306618869,0.2709248336775403
s21,run,s21_run,37000,2021-01-01 12:49:41.756090,95.84664536741214,95.82324338024,95.82324338024,94.84276297074244,-0.02340198717213582,-1.0038823966696953
s21,run,s21_run,38000,2021-01-01 12:49:43.756090,97.0873786407767,97.1231480630907,97.1231480630907,95.64089775306434,0.03576942231399016,-1.4464808877123687
s21,run,s21_run,39000,2021-01-01 12:49:45.756090,96.7741935483871,96.78811704871879,96.78811704871879,96.0424245065434,0.013923500331685545,-0.7317690418437053
s21,run,s21_run,40000,2021-01-01 12:49:47.756090,92.5925925925926,93.5273410825282,93.5273410825282,95.16214530813807,0.9347484899356004,2.56955271554547
s21,run,s21_run,41000,2021-01-01 12:49:49.756091,92.44992295839754,92.3684979070604,92.3684979070604,94.18436871776089,-0.08142505133713485,1.7344457593633535
s21,run,s21_run,42000,2021-01-01 12:49:51.756091,91.74311926605505,91.23536705243883,91.23536705243883,93.15221813489816,-0.5077522136162145,1.4090988688431167
s21,run,s21_run,43000,2021-01-01 12:49:53.756091,90.49773755656108,90.95160382277035,90.95160382277035,92.38200312565343,0.4538662662092747,1.8842655690923493
s21,run,s21_run,44000,2021-01-01 12:49:55.756091,87.97653958944281,88.99540885217019,88.99540885217019,91.1966951299343,1.018869262727378,3.22015554049149
s21,run,s21_run,45000,2021-01-01 12:49:57.756091,85.22727272727273,85.6390005341716,85.6390005341716,89.25150202141735,0.4117278068988668,4.024229294144618
s21,run,s21_run,46000,2021-01-01 12:49:59.756091,84.26966292134831,84.38221249073122,84.38221249073122,87.5472506856772,0.11254956938290661,3.277587764328885
s21,run,s21_run,47000,2021-01-01 12:50:01.756091,84.74576271186442,84.51544865563046,84.51544865563046,86.48611997516085,-0.23031405623395074,1.7403572632964313
s21,run,s21_run,48000,2021-01-01 12:50:03.756091,84.98583569405099,85.0315636478187,85.0315636478187,85.97702526059109,0.04572795376770955,0.9911895665401005
s21,run,s21_run,49000,2021-01-01 12:50:05.756091,85.71428571428572,86.06186192219629,86.06186192219629,86.00671809215291,0.34757620791056354,0.29243237786718623
s21,run,s21_run,50000,2021-01-01 12:50:07.756091,86.95652173913044,87.09536432569655,87.09536432569655,86.38774427389318,0.13884258656611337,-0.568777465237261
s21,run,s21_run,51000,2021-01-01 12:50:09.756091,87.3362445414847,87.84759361323071,87.84759361323071,86.89869154266131,0.511349071746011,-0.43755299882339216
s21,run,s21_run,52000,2021-01-01 12:50:11.756091,88.23529411764706,88.78580204310394,88.78580204310394,87.55918021781623,0.5505079254568841,-0.676113899830824
s21,run,s21_run,53000,2021-01-01 12:50:13.756091,87.46355685131196,88.66791029517944,88.66791029517944,87.94723574489336,1.2043534438674754,0.4836788935813985
s21,run,s21_run,54000,2021-01-01 12:50:15.756091,87.97653958944281,88.3995904621975,88.3995904621975,88.10555989594981,0.4230508727546862,0.1290203065070017
s21,run,s21_run,55000,2021-01-01 12:50:17.756091,88.23529411764706,88.7926642664846,88.7926642664846,88.34604642563698,0.5573701488375491,0.11075230798992663
s21,run,s21_run,56000,2021-01-01 12:50:19.756091,87.97653958944281,88.3751295389651,88.3751295389651,88.35622551530182,0.39858994952228954,0.3796859258590075
s21,run,s21_run,57000,2021-01-01 12:50:21.756091,88.49557522123894,88.48970817401371,88.48970817401371,88.40294444585098,-0.005867047225223132,-0.09263077538795983
s21,run,s21_run,58000,2021-01-01 12:50:23.756091,88.49557522123894,89.54171681259994,89.54171681259994,88.80151477421312,1.0461415913610068,0.30593955297418063
s21,run,s21_run,59000,2021-01-01 12:50:25.756091,93.16770186335404,92.51628675941679,92.51628675941679,90.10168496903441,-0.6514151039372535,-3.066016894319631
s21,run,s21_run,60000,2021-01-01 12:50:27.756091,93.45794392523364,94.25554758623998,94.25554758623998,91.55553688505637,0.7976036610063488,-1.9024070401772661
s21,run,s21_run,61000,2021-01-01 12:50:29.756091,93.75,93.55400474685206,93.55400474685206,92.25500063668485,-0.19599525314794164,-1.494999363315145
s21,run,s21_run,62000,2021-01-01 12:50:31.756091,91.04704097116844,92.31892802519397,92.31892802519397,92.27737522266304,1.2718870540255267,1.2303342514945967
s21,run,s21_run,63000,2021-01-01 12:50:33.756091,90.09009009009009,90.54503497321053,90.54503497321053,91.67105613535466,0.45494488312044723,1.5809660452645744
s21,run,s21_run,64000,2021-01-01 12:50:35.756091,87.46355685131195,88.67240115055512,88.67240115055512,90.62152689067483,1.208844299243168,3.15797003936288
s21,run,s21_run,65000,2021-01-01 12:50:37.756091,88.75739644970413,88.5859720152661,88.5859720152661,89.90908268428177,-0.17142443443803757,1.1516862345776389
s21,run,s21_run,66000,2021-01-01 12:50:39.756091,86.95652173913044,87.59117143889564,87.59117143889564,89.09781374839662,0.6346496997652054,2.1412920092661807
s21,run,s21_run,67000,2021-01-01 12:50:41.756091,87.97653958944281,88.7920009186085,88.7920009186085,88.99077925797077,0.8154613291656858,1.0142396685279635
s21,run,s21_run,68000,2021-01-01 12:50:43.756091,87.97653958944281,88.30394636265521,88.30394636265521,88.75038774461032,0.3274067732124024,0.7738481551675136
s21,run,s21_run,69000,2021-01-01 12:50:45.756091,87.97653958944281,87.66238908267624,87.66238908267624,88.3695882129334,-0.3141505067665662,0.39304862349058567
s21,run,s21_run,70000,2021-01-01 12:50:47.756091,92.3076923076923,90.64015613020958,90.64015613020958,89.16428698398006,-1.6675361774827309,-3.143405323712244
s21,run,s21_run,71000,2021-01-01 12:50:49.756091,89.28571428571428,88.06386532733468,88.06386532733468,88.77913940415418,-1.2218489583795957,-0.5065748815600983
s21,run,s21_run,72000,2021-01-01 12:50:51.756091,89.28571428571428,89.90323471481172,89.90323471481172,89.17257276288431,0.6175204290974392,-0.11314152282996304
s21,run,s21_run,73000,2021-01-01 12:50:53.756091,85.22727272727273,85.53060888834513,85.53060888834513,87.89788540679561,0.30333616107239436,2.6706126795228755
s21,run,s21_run,74000,2021-01-01 12:50:55.756091,85.22727272727273,85.69509503448229,85.69509503448229,87.12690877648595,0.4678223072095591,1.899636049213214
s21,run,s21_run,75000,2021-01-01 12:50:57.756091,90.09009009009009,89.74245488252139,89.74245488252139,88.04234991359836,-0.34763520756870037,-2.047740176491729
s21,run,s21_run,76000,2021-01-01 12:50:59.756091,92.5925925925926,91.272311332422,91.272311332422,89.17283641018663,-1.3202812601705887,-3.419756182405962
s21,run,s21_run,77000,2021-01-01 12:51:01.756091,93.45794392523364,93.47958282251557,93.47958282251557,90.68019765450177,0.02163889728193169,-2.7777462707318676
s21,run,s21_run,78000,2021-01-01 12:51:03.756091,94.04388714733544,94.63641769452789,94.63641769452789,92.06487466851091,0.5925305471924531,-1.9790124788245294
s21,run,s21_run,79000,2021-01-01 12:51:05.756091,94.04388714733544,93.7664244037276,93.7664244037276,92.66041707583675,-0.27746274360784184,-1.3834700714986923
s21,run,s21_run,80000,2021-01-01 12:51:07.756091,92.5925925925926,93.3004537505362,93.3004537505362,92.88442991198156,0.7078611579436114,0.29183731938896074
s21,run,s21_run,81000,2021-01-01 12:51:09.756091,90.9090909090909,91.75086416225645,91.75086416225645,92.48768189957778,0.8417732531655417,1.5785909904868731
s21,run,s21_run,82000,2021-01-01 12:51:11.756091,92.3076923076923,91.820424971595,91.820424971595,92.2541419747838,-0.4872673360973039,-0.05355033290850031
s21,run,s21_run,83000,2021-01-01 12:51:13.756091,92.3076923076923,89.84257271745157,89.84257271745157,91.41009273471752,-2.4651195902407324,-0.8975995729747837
s21,run,s21_run,84000,2021-01-01 12:51:15.756091,85.47008547008548,85.91905150847322,85.91905150847322,89.48822830553202,0.44896603838773785,4.01814283544654
s21,run,s21_run,85000,2021-01-01 12:51:17.756091,82.87292817679558,82.31262749048047,82.31262749048047,86.97676802026398,-0.5603006863151165,4.103839843468393
s21,run,s21_run,86000,2021-01-01 12:51:19.756091,82.87292817679558,82.47743216507014,82.47743216507014,85.40200047094613,-0.3954960117254416,2.529072294150552
s21,run,s21_run,87000,2021-01-01 12:51:21.756091,85.9598853868195,83.49405116187307,83.49405116187307,84.73421821277057,-2.46583422494642,-1.2256671740489224
s21,run,s21_run,88000,2021-01-01 12:51:23.756091,87.3362445414847,86.86796596112866,86.86796596112866,85.4810299246959,-0.4682785803560421,-1.8552146167887997
s21,run,s21_run,89000,2021-01-01 12:51:25.756091,88.49557522123894,88.47350269643466,88.47350269643466,86.52839539480446,-0.022072524804272575,-1.9671798264344744
s21,run,s21_run,90000,2021-01-01 12:51:27.756091,89.55223880597015,89.9399165265044,89.9399165265044,87.72242779089945,0.3876777205342563,-1.8298110150707032
s21,run,s21_run,91000,2021-01-01 12:51:29.756091,90.36144578313252,91.12070283168573,91.12070283168573,88.91182405517465,0.7592570485532093,-1.4496217279578758
s21,run,s21_run,92000,2021-01-01 12:51:31.756091,91.46341463414632,91.5576462204264,91.5576462204264,89.83786181301275,0.09423158628008821,-1.6255528211335672
s21,run,s21_run,93000,2021-01-01 12:51:33.756091,91.46341463414632,91.30009205901628,91.30009205901628,90.34964239911397,-0.16332257513003867,-1.113772235032343
s21,run,s21_run,94000,2021-01-01 12:51:35.756091,93.603744149766,93.4153786006876,93.4153786006876,91.42265006966474,-0.18836554907839798,-2.1810940801012606
s21,run,s21_run,95000,2021-01-01 12:51:37.756091,95.23809523809524,94.51378225884805,94.51378225884805,92.5045463358789,-0.7243129792471876,-2.7335489022163415
s21,run,s21_run,96000,2021-01-01 12:51:39.756091,95.23809523809524,95.34873056015239,95.34873056015239,93.50001081437463,0.11063532205714921,-1.7380844237206077
s21,run,s21_run,97000,2021-01-01 12:51:41.756091,94.9367088607595,94.3892422302658,94.3892422302658,93.81124180993655,-0.5474666304937017,-1.125467050822948
s21,run,s21_run,98000,2021-01-01 12:51:43.756091,94.9367088607595,94.24990435838122,94.24990435838122,93.96477370189218,-0.6868045023782798,-0.9719351588673106
s21,run,s21_run,99000,2021-01-01 12:51:45.756091,95.54140127388536,95.09834317264685,95.09834317264685,94.36152301665632,-0.4430581012385062,-1.179878257229035
s21,run,s21_run,100000,2021-01-01 12:51:47.756091,97.4025974025974,96.70603053478794,96.70603053478794,95.18210064800239,-0.6965668678094517,-2.220496754595004
s21,run,s21_run,101000,2021-01-01 12:51:49.756091,98.19967266775778,97.53620840351482,97.53620840351482,96.00603836243174,-0.6634642642429611,-2.193634305326043
s21,run,s21_run,102000,2021-01-01 12:51:51.756091,98.19967266775778,98.46714850531787,98.46714850531787,96.86742691244189,0.26747583756008453,-1.3322457553158955
s21,run,s21_run,103000,2021-01-01 12:51:53.756091,97.7198697068404,98.44360042059759,98.44360042059759,97.41908764029638,0.7237307137571918,-0.3007820665440164
s21,run,s21_run,104000,2021-01-01 12:51:55.756091,97.7198697068404,97.6660379536891,97.6660379536891,97.50552024998383,-0.05383175315130018,-0.21434945685656714
s21,run,s21_run,105000,2021-01-01 12:51:57.756091,96.61835748792272,97.02101652082825,97.02101652082825,97.33594394477939,0.4026590329055324,0.7175864568566652
s21,run,s21_run,106000,2021-01-01 12:51:59.756091,96.7741935483871,96.83535598927186,96.83535598927186,97.16073816035176,0.06116244088475753,0.38654461196465206
s21,run,s21_run,107000,2021-01-01 12:52:01.756091,96.7741935483871,95.4470446372517,95.4470446372517,96.56094542726673,-1.32714891113541,-0.2132481211203725
s21,run,s21_run,108000,2021-01-01 12:52:03.756091,94.6372239747634,92.24016173816418,92.24016173816418,95.04867113608083,-2.3970622365992256,0.411447161317426
s21,run,s21_run,109000,2021-01-01 12:52:05.756091,93.16770186335404,91.7895221430687,91.7895221430687,93.90796898852659,-1.3781797202853454,0.7402671251725508
s21,run,s21_run,110000,2021-01-01 12:52:07.756091,92.0245398773006,90.46338287449929,90.46338287449929,92.70236384861704,-1.561157002801309,0.6778239713164425
s21,run,s21_run,111000,2021-01-01 12:52:09.756091,92.0245398773006,91.67538115202024,91.67538115202024,92.34291990480816,-0.3491587252803612,0.31838002750755834
s21,run,s21_run,112000,2021-01-01 12:52:11.756091,90.63444108761328,91.32789895276423,91.32789895276423,91.98766257159278,0.6934578651509469,1.353221483979496
s21,run,s21_run,113000,2021-01-01 12:52:13.756091,90.7715582450832,91.23210939295424,91.23210939295424,91.72321895906929,0.460551147871044,0.9516607139860866
s21,run,s21_run,114000,2021-01-01 12:52:15.756091,90.7715582450832,92.10307628204802,92.10307628204802,91.85616902211184,1.3315180369648232,1.0846107770286437
s21,run,s21_run,115000,2021-01-01 12:52:17.756091,90.9090909090909,91.18136805750977,91.18136805750977,91.61998868450112,0.2722771484188655,0.710897775410217
s21,run,s21_run,116000,2021-01-01 12:52:19.756091,90.09009009009009,89.88223256340163,89.88223256340163,91.0117740421163,-0.20785752668845703,0.9216839520262141
s21,run,s21_run,117000,2021-01-01 12:52:21.756091,87.2093023255814,87.35761435804449,87.35761435804449,89.73281815269117,0.14831203246308178,2.5235158271097617
s21,run,s21_run,118000,2021-01-01 12:52:23.756091,87.2093023255814,86.7096838269509,86.7096838269509,88.67472113868207,-0.499618498630511,1.4654188131006691
s21,run,s21_run,119000,2021-01-01 12:52:25.756091,89.82035928143712,89.98844675168779,89.98844675168779,89.13452510323407,0.1680874702506685,-0.6858341782030521
s21,run,s21_run,120000,2021-01-01 12:52:27.756091,89.82035928143712,90.03070875259284,90.03070875259284,89.44818938050965,0.21034947115572322,-0.3721699009274744
s21,run,s21_run,121000,2021-01-01 12:52:29.756091,90.36144578313252,90.01345557873545,90.01345557873545,89.64603254988867,-0.3479902043970782,-0.7154132332438508
s21,run,s21_run,122000,2021-01-01 12:52:31.756091,90.36144578313252,90.40478635085391,90.40478635085391,89.91159638022651,0.04334056772138695,-0.44984940290601116
s21,run,s21_run,123000,2021-01-01 12:52:33.756091,89.55223880597015,90.50971098028758,90.50971098028758,90.12093649024789,0.9574721743174308,0.5686976842777369
s21,run,s21_run,124000,2021-01-01 12:52:35.756091,89.55223880597015,88.78380242431626,88.78380242431626,89.65293956717181,-0.7684363816538848,0.10070076120166505
s21,run,s21_run,125000,2021-01-01 12:52:37.756091,85.71428571428572,85.78641975007433,85.78641975007433,88.2996576311877,0.07213403578860778,2.585371916901977
s21,run,s21_run,126000,2021-01-01 12:52:39.756091,85.71428571428572,85.40014779742384,85.40014779742384,87.28482918937034,-0.3141379168618812,1.5705434750846194
s21,run,s21_run,127000,2021-01-01 12:52:41.756091,87.08272859216257,86.42251488486455,86.42251488486455,86.98301918279333,-0.6602137072980128,-0.09970940936923967
s21,run,s21_run,128000,2021-01-01 12:52:43.756091,88.49557522123894,88.29340640311821,88.29340640311821,87.44165470990703,-0.2021688181207253,-1.05392051133191
s21,run,s21_run,129000,2021-01-01 12:52:45.756091,88.75739644970413,89.01336054050415,89.01336054050415,87.99175175061602,0.25596409080002047,-0.7656446990881136
s21,run,s21_run,130000,2021-01-01 12:52:47.756091,90.9090909090909,90.50474670212851,90.50474670212851,88.87129998364539,-0.40434420696239215,-2.0377909254455204
s21,run,s21_run,131000,2021-01-01 12:52:49.756091,91.04704097116844,91.06489564721564,91.06489564721564,89.63905846589498,0.017854676047193152,-1.4079825052734662
s21,run,s21_run,132000,2021-01-01 12:52:51.756091,91.04704097116844,91.3880303961266,91.3880303961266,90.25119864147604,0.34098942495815265,-0.7958423296924053
s21,run,s21_run,133000,2021-01-01 12:52:53.756091,91.74311926605505,91.4696807974266,91.4696807974266,90.67766739605872,-0.27343846862844146,-1.0654518699963234
s21,run,s21_run,134000,2021-01-01 12:52:55.756091,92.0245398773006,92.1233903333394,92.1233903333394,91.18367042410696,0.09885045603880371,-0.8408694531936334
s21,run,s21_run,135000,2021-01-01 12:52:57.756091,93.16770186335404,92.5024813321527,92.5024813321527,91.64525424192297,-0.6652205312013422,-1.5224476214310698
s21,run,s21_run,136000,2021-01-01 12:52:59.756091,93.16770186335404,92.77933649201752,92.77933649201752,92.04218302945606,-0.38836537133651916,-1.125518833897985
s21,run,s21_run,137000,2021-01-01 12:53:01.756091,92.3076923076923,92.24878602166285,92.24878602166285,92.11449407672843,-0.05890628602945469,-0.19319823096387267
s21,run,s21_run,138000,2021-01-01 12:53:03.756091,91.74311926605505,91.4523775401919,91.4523775401919,91.88275328894065,-0.2907417258631426,0.1396340228856019
s21,run,s21_run,139000,2021-01-01 12:53:05.756091,92.3076923076923,92.6256505270096,92.6256505270096,92.14276732226477,0.3179582193172905,-0.16492498542753253
s21,run,s21_run,140000,2021-01-01 12:53:07.756091,94.6372239747634,95.37336002853155,95.37336002853155,93.27347476945815,0.7361360537681492,-1.363749205305254
s21,run,s21_run,141000,2021-01-01 12:53:09.756092,94.6372239747634,94.99752594312557,94.99752594312557,93.87689268024175,0.3603019683621653,-0.7603312945216487
s21,run,s21_run,142000,2021-01-01 12:53:11.756092,93.45794392523364,92.74512300698753,92.74512300698753,93.48077329460277,-0.7128209182461092,0.022829369369134156
s21,run,s21_run,143000,2021-01-01 12:53:13.756092,92.0245398773006,92.38238353832006,92.38238353832006,93.09633687990382,0.35784366101945864,1.071797002603219
s21,run,s21_run,144000,2021-01-01 12:53:15.756092,90.63444108761328,90.67557451443747,90.67557451443747,92.2490700519906,0.041133426824188746,1.6146289643773173
s21,run,s21_run,145000,2021-01-01 12:53:17.756092,91.46341463414632,91.6647906542756,91.6647906542756,92.04457226279035,0.20137602012928824,0.5811576286440356
s21,run,s21_run,146000,2021-01-01 12:53:19.756092,92.0245398773006,91.89419848181375,91.89419848181375,91.99194143944854,-0.13034139548685175,-0.03259843785205874
s21,run,s21_run,147000,2021-01-01 12:53:21.756092,93.16770186335404,92.46218986455942,92.46218986455942,92.15652838823735,-0.7055119987946199,-1.011173475116692
s21,run,s21_run,148000,2021-01-01 12:53:23.756092,94.6372239747634,94.12501455129807,94.12501455129807,92.8454985453086,-0.512209423465336,-1.7917254294548002
s21,run,s21_run,149000,2021-01-01 12:53:25.756092,96.4630225080386,96.1224788318646,96.1224788318646,93.99244164560321,-0.3405436761740077,-2.4705808624353978
s21,run,s21_run,150000,2021-01-01 12:53:27.756092,96.4630225080386,96.18708996050626,96.18708996050626,94.76056855581928,-0.2759325475323493,-1.7024539522193294
s21,run,s21_run,151000,2021-01-01 12:53:29.756092,92.87925696594426,92.82320074749336,92.82320074749336,94.08248982290522,-0.05605621845090525,1.2032328569609518
s21,run,s21_run,152000,2021-01-01 12:53:31.756092,90.36144578313252,90.9875952104753,90.9875952104753,92.99927670855475,0.6261494273427815,2.6378309254222216
s21,run,s21_run,153000,2021-01-01 12:53:33.756092,92.87925696594426,92.85386319549411,92.85386319549411,92.94838197898352,-0.02539377045015101,0.06912501303925467
s21,run,s21_run,154000,2021-01-01 12:53:35.756092,93.89671361502349,94.66322520157888,94.66322520157888,93.5485771068919,0.7665115865553958,-0.3481365081315886
s21,run,s21_run,155000,2021-01-01 12:53:37.756092,94.7867298578199,94.99852383035527,94.99852383035527,94.05605846010408,0.2117939725353608,-0.7306713977158239
s21,run,s21_run,156000,2021-01-01 12:53:39.756092,94.7867298578199,95.11498706908499,95.11498706908499,94.4266834732474,0.32825721126508256,-0.36004638457251303
s21,run,s21_run,157000,2021-01-01 12:53:41.756092,94.33962264150944,94.56802195256145,94.56802195256145,94.47615194100732,0.22839931105201572,0.13652929949788017
s21,run,s21_run,158000,2021-01-01 12:53:43.756092,94.04388714733544,94.01624488533868,94.01624488533868,94.3151844715233,-0.027642261996760453,0.2712973241878558
s21,run,s21_run,159000,2021-01-01 12:53:45.756092,93.89671361502349,93.94243396964013,93.94243396964013,94.18472179586419,0.04572035461664825,0.28800818084070556
s21,run,s21_run,160000,2021-01-01 12:53:47.756092,94.6372239747634,94.26871805392555,94.26871805392555,94.21412048618566,-0.3685059208378476,-0.4231034885777376
s21,run,s21_run,161000,2021-01-01 12:53:49.756092,96.7741935483871,97.39935004777838,97.39935004777838,95.32895083274312,0.6251564993912808,-1.4452427156439853
s21,run,s21_run,162000,2021-01-01 12:53:51.756092,99.009900990099,98.0357946574891,98.0357946574891,96.27634617140421,-0.9741063326098924,-2.7335548186947847
s21,run,s21_run,163000,2021-01-01 12:53:53.756092,99.33774834437088,100.8431748732608,100.8431748732608,97.87473621705402,1.5054265288899273,-1.4630121273168584
s21,run,s21_run,164000,2021-01-01 12:53:55.756092,99.33774834437088,101.05077239697685,101.05077239697685,98.98634888002701,1.7130240526059737,-0.3513994643438707
s21,run,s21_run,165000,2021-01-01 12:53:57.756092,90.63444108761328,91.84300255300252,91.84300255300252,96.48617766556845,1.2085614653892378,5.851736577955165
s21,run,s21_run,166000,2021-01-01 12:53:59.756092,90.63444108761328,90.55551774859539,90.55551774859539,94.41044669462788,-0.07892333901789073,3.7760056070145964
s21,run,s21_run,167000,2021-01-01 12:54:01.756092,94.33962264150944,90.97116969908235,90.97116969908235,93.20669974618694,-3.3684529424270835,-1.1329228953224941
s21,run,s21_run,168000,2021-01-01 12:54:03.756092,96.4630225080386,95.56215158450887,95.56215158450887,94.03110788959961,-0.9008709235297374,-2.431914618438995
s21,run,s21_run,169000,2021-01-01 12:54:05.756092,97.2447325769854,97.42545739660389,97.42545739660389,95.21913021705112,0.18072481961849007,-2.0256023599342825
s21,run,s21_run,170000,2021-01-01 12:54:07.756092,98.19967266775778,98.69721184134883,98.69721184134883,96.43645878555532,0.4975391735910506,-1.7632138822024643
s21,run,s21_run,171000,2021-01-01 12:54:09.756092,98.03921568627452,98.0868932131887,98.0868932131887,97.014110835227,0.047677526914185364,-1.0251048510475158
s21,run,s21_run,172000,2021-01-01 12:54:11.756092,96.15384615384616,97.5629631947861,97.5629631947861,97.20620916107268,1.4091170409399325,1.0523630072265178
s21,run,s21_run,173000,2021-01-01 12:54:13.756092,93.75,93.27024896112826,93.27024896112826,95.82862309109214,-0.47975103887173987,2.0786230910921404
s21,run,s21_run,174000,2021-01-01 12:54:15.756092,92.87925696594426,92.40861723438755,92.40861723438755,94.63162104124554,-0.4706397315567159,1.7523640753012728
s21,run,s21_run,175000,2021-01-01 12:54:17.756092,92.87925696594426,92.5123452917665,92.5123452917665,93.88987452892786,-0.3669116741777714,1.0106175629835974
s21,run,s21_run,176000,2021-01-01 12:54:19.756092,93.45794392523364,93.7606899507346,93.7606899507346,93.84465992656021,0.30274602550096574,0.386716001326576
s21,run,s21_run,177000,2021-01-01 12:54:21.756092,94.9367088607595,95.27342729574845,95.27342729574845,94.34472850577609,0.3367184349889527,-0.5919803549834057
s21,run,s21_run,178000,2021-01-01 12:54:23.756092,94.48818897637796,94.04924930411156,94.04924930411156,94.2413107851935,-0.4389396722664003,-0.2468781911844502
s21,run,s21_run,179000,2021-01-01 12:54:25.756092,94.9367088607595,94.4250294741329,94.4250294741329,94.30561232632229,-0.5116793866265965,-0.631096534437205
s21,run,s21_run,180000,2021-01-01 12:54:27.756092,94.48818897637796,94.18805931466865,94.18805931466865,94.2644687722435,-0.3001296617093061,-0.2237202041344517
s21,run,s21_run,181000,2021-01-01 12:54:29.756092,93.89671361502349,93.87950593056694,93.87950593056694,94.1297317776567,-0.017207684456550965,0.23301816263321484
s21,run,s21_run,182000,2021-01-01 12:54:31.756092,92.87925696594426,93.26618114512495,93.26618114512495,93.8274890562706,0.38692417918068145,0.9482320903263286
s21,run,s21_run,183000,2021-01-01 12:54:33.756092,91.46341463414632,91.86541214761996,91.86541214761996,93.14076213824288,0.40199751347364554,1.6773475040965593
s21,run,s21_run,184000,2021-01-01 12:54:35.756092,92.0245398773006,92.77994562641788,92.77994562641788,93.01447635910412,0.755405749117287,0.9899364818035252
s21,run,s21_run,185000,2021-01-01 12:54:37.756092,94.33962264150944,95.03670900360744,95.03670900360744,93.72225778468028,0.6970863620980055,-0.6173648568291554
s21,run,s21_run,186000,2021-01-01 12:54:39.756092,93.45794392523364,94.68295649103342,94.68295649103342,94.05850233190388,1.225012565799787,0.6005584066702454
s21,run,s21_run,187000,2021-01-01 12:54:41.756092,95.08716323296356,95.17390962379677,95.17390962379677,94.44889488406639,0.08674639083321267,-0.6382683488971708
s21,run,s21_run,188000,2021-01-01 12:54:43.756092,95.08716323296356,94.66971089226058,94.66971089226058,94.52618048693435,-0.41745234070297954,-0.5609827460292109
s21,run,s21_run,189000,2021-01-01 12:54:45.756092,96.7741935483871,96.84129322105416,96.84129322105416,95.3364699438763,0.06709967266705519,-1.4377236045108077
s21,run,s21_run,190000,2021-01-01 12:54:47.756092,99.33774834437088,98.93192685609887,98.93192685609887,96.59487986315419,-0.4058214882720108,-2.7428684812166892
s21,run,s21_run,191000,2021-01-01 12:54:49.756092,98.03921568627452,99.26255394739654,99.26255394739654,97.52856579263901,1.2233382611220236,-0.5106498936355024
s21,run,s21_run,192000,2021-01-01 12:54:51.756092,98.03921568627452,98.06013729208829,98.06013729208829,97.71461581744626,0.02092160581376845,-0.3245998688282583
s21,run,s21_run,193000,2021-01-01 12:54:53.756092,98.03921568627452,95.69299936165022,95.69299936165022,97.00705005791764,-2.3462163246242937,-1.0321656283568785
s21,run,s21_run,194000,2021-01-01 12:54:55.756092,92.87925696594426,92.81500242746225,92.81500242746225,95.53983338725826,-0.06425453848201812,2.6605764213139906
s21,run,s21_run,195000,2021-01-01 12:54:57.756092,92.5925925925926,91.95538624096613,91.95538624096613,94.28527688605601,-0.6372063516264603,1.6926842934634152
s21,run,s21_run,196000,2021-01-01 12:54:59.756092,93.75,91.85046498289397,91.85046498289397,93.43309271994929,-1.8995350171060323,-0.3169072800507138
s21,run,s21_run,197000,2021-01-01 12:55:01.756092,97.0873786407767,95.01248383473043,95.01248383473043,93.98587961012268,-2.0748948060462737,-3.1014990306540255
s21,run,s21_run,198000,2021-01-01 12:55:03.756092,97.2447325769854,97.46942414656824,97.46942414656824,95.20512019787863,0.22469156958284486,-2.039612379106771
s21,run,s21_run,199000,2021-01-01 12:55:05.756092,97.2447325769854,98.27924669417386,98.27924669417386,96.28106447158196,1.0345141171884649,-0.9636681054034426
s21,run,s21_run,200000,2021-01-01 12:55:07.756092,87.46355685131195,88.5753151686998,88.5753151686998,93.58405221557321,1.111758317387853,6.120495364261259
s21,run,s21_run,201000,2021-01-01 12:55:09.756092,83.10249307479225,83.77572356467962,83.77572356467962,90.15113718776045,0.6732304898873736,7.048644112968205
s21,run,s21_run,202000,2021-01-01 12:55:11.756092,83.33333333333334,83.70980502737208,83.70980502737208,87.89667093162453,0.3764716940387416,4.563337598291184
s21,run,s21_run,203000,2021-01-01 12:55:13.756092,86.95652173913044,87.98532171348448,87.98532171348448,87.9276987052755,1.028799974354044,0.971176966145066
s21,run,s21_run,204000,2021-01-01 12:55:15.756092,94.33962264150944,92.30621825738183,92.30621825738183,89.46018054851271,-2.033404384127607,-4.879442092996726
s21,run,s21_run,205000,2021-01-01 12:55:17.756092,96.0,95.93893742934723,95.93893742934723,91.7277454568048,-0.06106257065276566,-4.272254543195203
s21,run,s21_run,206000,2021-01-01 12:55:19.756092,95.08716323296356,93.33349152282759,93.33349152282759,92.28975657991278,-1.7536717101359756,-2.7974066530507855
s21,run,s21_run,207000,2021-01-01 12:55:21.756092,92.87925696594426,92.08474925904848,92.08474925904848,92.21800401761027,-0.7945077068957858,-0.6612529483339955
s21,run,s21_run,208000,2021-01-01 12:55:23.756092,90.9090909090909,91.04163159528035,91.04163159528035,91.80627366979479,0.1325406861894436,0.8971827607038847
s21,run,s21_run,209000,2021-01-01 12:55:25.756092,89.28571428571428,87.61084666995731,87.61084666995731,90.33787421985167,-1.6748676157569662,1.0521599341373928
s21,run,s21_run,210000,2021-01-01 12:55:27.756092,85.22727272727273,85.75563811531528,85.75563811531528,88.73409158326393,0.5283653880425447,3.506818855991199
s21,run,s21_run,211000,2021-01-01 12:55:29.756092,85.34850640113797,85.38749233127928,85.38749233127928,87.56278184506931,0.038985930141308245,2.214275443931342
s21,run,s21_run,212000,2021-01-01 12:55:31.756092,88.23529411764706,88.2120172462292,88.2120172462292,87.79001423547527,-0.023276871417863276,-0.44527988217178915
s21,run,s21_run,213000,2021-01-01 12:55:33.756092,88.49557522123894,88.8442053798965,88.8442053798965,88.1589811360227,0.3486301586575564,-0.3365940852162339
s21,run,s21_run,214000,2021-01-01 12:55:35.756092,88.23529411764706,89.00709306570799,89.00709306570799,88.45582031141255,0.7717989480609333,0.22052619376549387
s21,run,s21_run,215000,2021-01-01 12:55:37.756092,88.23529411764706,88.45239184397533,88.45239184397533,88.45462034780952,0.2170977263282765,0.21932623016246566
s21,run,s21_run,216000,2021-01-01 12:55:39.756092,90.09009009009009,90.24905970356753,90.24905970356753,89.08267412232483,0.15896961347743854,-1.0074159677652545
s21,run,s21_run,217000,2021-01-01 12:55:41.756092,92.5925925925926,92.19206562153602,92.19206562153602,90.17096114704876,-0.4005269710565784,-2.421631445543838
s21,run,s21_run,218000,2021-01-01 12:55:43.756092,93.16770186335404,93.10440990960727,93.10440990960727,91.19766821394424,-0.06329195374676999,-1.9700336494097996
s21,run,s21_run,219000,2021-01-01 12:55:45.756092,93.31259720062208,93.16332012847373,93.16332012847373,91.88564638402957,-0.14927707214835095,-1.4269508165925089
s21,run,s21_run,220000,2021-01-01 12:55:47.756092,94.9367088607595,95.73722715326032,95.73722715326032,93.23369965326033,0.8005182925008256,-1.7030092074991643
s21,run,s21_run,221000,2021-01-01 12:55:49.756092,97.7198697068404,97.21498897295882,97.21498897295882,94.6271509151548,-0.5048807338815777,-3.0927187916855985
s21,run,s21_run,222000,2021-01-01 12:55:51.756092,97.7198697068404,97.47019929251245,97.47019929251245,95.62221784722998,-0.24967041432795156,-2.0976518596104228
s21,run,s21_run,223000,2021-01-01 12:55:53.756092,88.23529411764706,90.07059287785647,90.07059287785647,93.67914910794924,1.8352987602094117,5.443854990302185
s21,run,s21_run,224000,2021-01-01 12:55:55.756092,87.2093023255814,87.6378083703317,87.6378083703317,91.5646798497831,0.42850604475029286,4.3553775242017
s21,run,s21_run,225000,2021-01-01 12:55:57.756092,87.2093023255814,87.56042067269858,87.56042067269858,90.16318913780353,0.35111834711717904,2.953886812222123
s21,run,s21_run,226000,2021-01-01 12:55:59.756092,88.23529411764706,87.66854514162438,87.66854514162438,89.29006373914082,-0.56674897602268,1.0547696214937616
s21,run,s21_run,227000,2021-01-01 12:56:01.756092,89.02077151335311,88.29857873542993,88.29857873542993,88.943043987842,-0.7221927779231834,-0.07772752551110784
s21,run,s21_run,228000,2021-01-01 12:56:03.756092,88.23529411764706,89.1260459506086,89.1260459506086,89.0070946748103,0.8907518329615414,0.771800557163246
s21,run,s21_run,229000,2021-01-01 12:56:05.756092,91.74311926605505,90.54066975315213,90.54066975315213,89.54384595222994,-1.2024495129029162,-2.1992733138251026
s21,run,s21_run,230000,2021-01-01 12:56:07.756092,92.87925696594426,91.7950835613132,91.7950835613132,90.33177911540909,-1.0841734046310592,-2.5474778505351736
s21,run,s21_run,231000,2021-01-01 12:56:09.756092,93.75,91.7019042142995,91.7019042142995,90.81132290002074,-2.0480957857004967,-2.938677099979259
s21,run,s21_run,232000,2021-01-01 12:56:11.756092,94.33962264150944,94.71453152254743,94.71453152254743,92.17744591790509,0.3749088810379959,-2.1621767236043468
s21,run,s21_run,233000,2021-01-01 12:56:13.756092,94.33962264150944,94.1519657301319,94.1519657301319,92.86852785218449,-0.18765691137753038,-1.471094789324951
s21,run,s21_run,234000,2021-01-01 12:56:15.756092,94.6372239747634,92.82384424026453,92.82384424026453,92.85288858801249,-1.8133797344988665,-1.7843353867509109
s21,run,s21_run,235000,2021-01-01 12:56:17.756092,95.54140127388536,93.47360132397473,93.47360132397473,93.07013804559928,-2.067799949910622,-2.4712632282860767
s21,run,s21_run,236000,2021-01-01 12:56:19.756092,92.87925696594426,95.30651036673638,95.30651036673638,93.85286835799727,2.427253400792111,0.9736113920530016
s21,run,s21_run,237000,2021-01-01 12:56:21.756092,95.23809523809524,95.90505815544698,95.90505815544698,94.57113478710467,0.6669629173517393,-0.6669604509905724
s21,run,s21_run,238000,2021-01-01 12:56:23.756092,95.08716323296356,94.04189082763925,94.04189082763925,94.38589940129177,-1.0452724053243116,-0.7012638316717954
s21,sit,s21_sit,0,2021-01-01 12:38:26.043694,77.12082262210797,77.07897153477813,77.07897153477813,77.07897153477813,-0.04185108732983167,-0.04185108732983167
s21,sit,s21_sit,1000,2021-01-01 12:38:28.043694,76.53061224489795,76.29662225388043,76.29662225388043,76.80514928646394,-0.23398999101752338,0.274537041565992
s21,sit,s21_sit,2000,2021-01-01 12:38:30.043694,75.0,76.31000609865598,76.31000609865598,76.63184917073116,1.3100060986559754,1.631849170731158
s21,sit,s21_sit,3000,2021-01-01 12:38:32.043694,74.25742574257426,74.79624924382205,74.79624924382205,75.98938919631297,0.5388235012477907,1.7319634537387145
s21,sit,s21_sit,4000,2021-01-01 12:38:34.043694,73.7100737100737,73.31722170636387,73.31722170636387,75.0541305748308,-0.39285200370983375,1.3440568647570927
s21,sit,s21_sit,5000,2021-01-01 12:38:36.043694,71.94244604316548,71.60607992939273,71.60607992939273,73.84731284892747,-0.3363661137727405,1.9048668057619977
s21,sit,s21_sit,6000,2021-01-01 12:38:38.043694,68.1044267877412,69.18461593032208,69.18461593032208,72.21536892741558,1.0801891425808776,4.110942139674378
s21,sit,s21_sit,7000,2021-01-01 12:38:40.043694,68.1044267877412,69.16973953880999,69.16973953880999,71.14939864140362,1.065312751068788,3.0449718536624175
s21,sit,s21_sit,8000,2021-01-01 12:38:42.043694,71.59904534606206,72.60066249858238,72.60066249858238,71.65734099141619,1.0016171525203248,0.05829564535413567
s21,sit,s21_sit,9000,2021-01-01 12:38:44.043694,74.25742574257426,73.63944505223401,73.63944505223401,72.35107741270244,-0.6179806903402465,-1.9063483298718182
s21,sit,s21_sit,10000,2021-01-01 12:38:46.043694,71.59904534606206,73.2510613515818,73.2510613515818,72.66607179131022,1.6520160055197408,1.0670264452481604
s21,sit,s21_sit,11000,2021-01-01 12:38:48.043694,70.75471698113208,71.48327350535197,71.48327350535197,72.25209239122483,0.728556524219897,1.4973754100927579
s21,sit,s21_sit,12000,2021-01-01 12:38:50.043694,70.58823529411765,70.76268638654311,70.76268638654311,71.73080028958623,0.17445109242545698,1.1425649954685753
s21,sit,s21_sit,13000,2021-01-01 12:38:52.043694,71.77033492822967,71.14648057746209,71.14648057746209,71.52628839034278,-0.6238543507675871,-0.2440465378868879
s21,sit,s21_sit,14000,2021-01-01 12:38:54.043694,71.8562874251497,71.49609521924779,71.49609521924779,71.51572078045953,-0.36019220590191026,-0.3405666446901705
s21,sit,s21_sit,15000,2021-01-01 12:38:56.043694,71.77033492822967,71.80726223367854,71.80726223367854,71.61776028908619,0.03692730544887013,-0.1525746391434808
s21,sit,s21_sit,16000,2021-01-01 12:38:58.043694,70.2576112412178,71.11836138086366,71.11836138086366,71.4429706712083,0.8607501396458588,1.1853594299904984
s21,sit,s21_sit,17000,2021-01-01 12:39:00.043694,70.2576112412178,69.962758902437,69.962758902437,70.92489655213835,-0.2948523387807995,0.6672853109205477
s21,sit,s21_sit,18000,2021-01-01 12:39:02.043694,71.77033492822967,70.63410243549714,70.63410243549714,70.82311861131393,-1.1362324927325318,-0.9472163169157426
s21,sit,s21_sit,19000,2021-01-01 12:39:04.043694,72.81553398058252,71.89087041886084,71.89087041886084,71.19683174395534,-0.9246635617216725,-1.618702236627172
s21,sit,s21_sit,20000,2021-01-01 12:39:06.043694,75.18796992481202,74.4835292782305,74.4835292782305,72.34717588095165,-0.7044406465815172,-2.8407940438603703
s21,sit,s21_sit,21000,2021-01-01 12:39:08.043694,75.75757575757575,77.22299387016082,77.22299387016082,74.05371217717486,1.4654181125850698,-1.703863580400892
s21,sit,s21_sit,22000,2021-01-01 12:39:10.043694,76.14213197969544,76.84862206236026,76.84862206236026,75.03193063698976,0.7064900826648284,-1.110201342705679
s21,sit,s21_sit,23000,2021-01-01 12:39:12.043694,77.720207253886,77.40129991477096,77.40129991477096,75.86120988421318,-0.318907339115043,-1.8589973696728208
s21,sit,s21_sit,24000,2021-01-01 12:39:14.043694,75.0,75.85785174309052,75.85785174309052,75.86003453482024,0.8578517430905208,0.8600345348202438
s21,sit,s21_sit,25000,2021-01-01 12:39:16.043694,74.44168734491315,74.77722302439702,74.77722302439702,75.48105050617212,0.3355356794838684,1.0393631612589758
s21,sit,s21_sit,26000,2021-01-01 12:39:18.043694,74.44168734491315,75.03301599022332,75.03301599022332,75.32423842559004,0.5913286453101705,0.8825510806768904
s21,sit,s21_sit,27000,2021-01-01 12:39:20.043694,74.07407407407408,74.23262151438928,74.23262151438928,74.94217250666978,0.1585474403152034,0.8680984325957013
s21,sit,s21_sit,28000,2021-01-01 12:39:22.043694,72.81553398058253,73.84031326276273,73.84031326276273,74.55652177130231,1.024779282180205,1.7409877907197853
s21,sit,s21_sit,29000,2021-01-01 12:39:24.043694,72.28915662650603,72.32721070931588,72.32721070931588,73.77626289960706,0.03805408280985034,1.487106273101034
s21,sit,s21_sit,30000,2021-01-01 12:39:26.043694,71.00591715976331,71.17939915753556,71.17939915753556,72.86736058988203,0.17348199777224238,1.8614434301187117
s21,sit,s21_sit,31000,2021-01-01 12:39:28.043694,72.28915662650603,71.72976675925402,71.72976675925402,72.46920274916222,-0.5593898672520083,0.18004612265619357
s21,sit,s21_sit,32000,2021-01-01 12:39:30.043694,74.53416149068323,74.55439249520465,74.55439249520465,73.19901916027708,0.02023100452142046,-1.335142330406157
s21,sit,s21_sit,33000,2021-01-01 12:39:32.043694,74.25742574257426,74.68187031763844,74.68187031763844,73.71801706535355,0.42444457506418587,-0.5394086772207061
s21,sit,s21_sit,34000,2021-01-01 12:39:34.043694,74.62686567164178,75.14825483969219,75.14825483969219,74.21860028637207,0.5213891680504048,-0.4082653852697149
s21,sit,s21_sit,35000,2021-01-01 12:39:36.043694,74.07407407407408,74.07815072811293,74.07815072811293,74.16944294098137,0.004076654038854599,0.09536886690729318
s21,sit,s21_sit,36000,2021-01-01 12:39:38.043694,74.25742574257426,74.51212809504433,74.51212809504433,74.2893827449034,0.2547023524700762,0.03195700232915044
s21,sit,s21_sit,37000,2021-01-01 12:39:40.043694,74.62686567164178,74.4435802303695,74.4435802303695,74.34335186481654,-0.1832854412722753,-0.2835138068252405
s21,sit,s21_sit,38000,2021-01-01 12:39:42.043694,75.18796992481202,75.174786625733,75.174786625733,74.6343540311373,-0.013183299079017274,-0.5536158936747171
s21,sit,s21_sit,39000,2021-01-01 12:39:44.043694,75.56675062972292,75.65649331730273,75.65649331730273,74.9921027812952,0.08974268757981463,-0.5746478484277162
s21,sit,s21_sit,40000,2021-01-01 12:39:46.043694,77.31958762886597,77.71680726140762,77.71680726140762,75.94574934933455,0.39721963254164905,-1.3738382795314266
s21,sit,s21_sit,41000,2021-01-01 12:39:48.043694,81.30081300813008,81.80185461755492,81.80185461755492,77.99538619321169,0.5010416094248455,-3.305426814918391
s21,sit,s21_sit,42000,2021-01-01 12:39:50.043694,81.30081300813008,81.23158750086434,81.23158750086434,79.12805665089012,-0.06922550726574173,-2.1727563572399617
s21,sit,s21_sit,43000,2021-01-01 12:39:52.043694,77.92207792207792,78.7439114167333,78.7439114167333,78.99360581893524,0.8218334946553796,1.0715278968573188
s21,sit,s21_sit,44000,2021-01-01 12:39:54.043694,74.25742574257426,75.05760286314403,75.05760286314403,77.61600478440832,0.8001771205697708,3.358579041834062
s21,sit,s21_sit,45000,2021-01-01 12:39:56.043694,73.43941248470013,73.92357367518261,73.92357367518261,76.32365389617931,0.48416119048248163,2.884241411479181
s21,sit,s21_sit,46000,2021-01-01 12:39:58.043694,72.63922518159806,73.3001960985991,73.3001960985991,75.26544366702623,0.6609709170010376,2.6262184854281685
s21,sit,s21_sit,47000,2021-01-01 12:40:00.043694,74.81296758104737,74.40759091805377,74.40759091805377,74.96519520488587,-0.40537666299360353,0.15222762383849897
s21,sit,s21_sit,48000,2021-01-01 12:40:02.043694,75.56675062972292,75.81129786045874,75.81129786045874,75.26133113433637,0.24454723073581874,-0.3054194953865448
s21,sit,s21_sit,49000,2021-01-01 12:40:04.043694,77.61966364812419,77.45084808536718,77.45084808536718,76.02766206719716,-0.16881556275700405,-1.5920015809270325
s21,sit,s21_sit,50000,2021-01-01 12:40:06.043694,77.51937984496124,77.94130564280603,77.94130564280603,76.69743731866026,0.4219257978447928,-0.8219425263009725
s21,sit,s21_sit,51000,2021-01-01 12:40:08.043694,77.12082262210797,77.60060473682836,77.60060473682836,77.0135459150191,0.47978211472039334,-0.1072767070888716
s21,sit,s21_sit,52000,2021-01-01 12:40:10.043694,74.25742574257426,74.65461898148891,74.65461898148891,76.18792148828354,0.3971932389146531,1.9304957457092797
s21,sit,s21_sit,53000,2021-01-01 12:40:12.043694,73.17073170731707,73.85652466686625,73.85652466686625,75.37193260078749,0.6857929595491754,2.201200893470414
s21,sit,s21_sit,54000,2021-01-01 12:40:14.043694,71.94244604316548,72.8870547444393,72.8870547444393,74.50222535106562,0.9446087012738218,2.5597793079001434
s21,sit,s21_sit,55000,2021-01-01 12:40:16.043694,71.8562874251497,72.20175682582403,72.20175682582403,73.69706136723106,0.3454694006743324,1.8407739420813556
s21,sit,s21_sit,56000,2021-01-01 12:40:18.043694,71.77033492822967,71.87943109081384,71.87943109081384,73.06089077048503,0.10909616258416577,1.2905558422553582
s21,sit,s21_sit,57000,2021-01-01 12:40:20.043694,72.28915662650603,72.84816370093391,72.84816370093391,72.98643629614213,0.5590070744278819,0.697279669636103
s21,sit,s21_sit,58000,2021-01-01 12:40:22.043694,74.62686567164178,75.01955559849142,75.01955559849142,73.69802805196439,0.3926899268496413,-0.9288376196773953
s21,sit,s21_sit,59000,2021-01-01 12:40:24.043694,77.31958762886597,76.35628859259486,76.35628859259486,74.62841924118504,-0.9632990362711098,-2.691168387680932
s21,sit,s21_sit,60000,2021-01-01 12:40:26.043694,77.31958762886597,76.67367403453959,76.67367403453959,75.34425841885914,-0.6459135943263874,-1.9753292100068336
s21,sit,s21_sit,61000,2021-01-01 12:40:28.043694,76.33587786259541,76.07420780968039,76.07420780968039,75.59974070564658,-0.2616700529150222,-0.7361371569488284
s21,sit,s21_sit,62000,2021-01-01 12:40:30.043694,75.75757575757575,75.56593623101736,75.56593623101736,75.58790913952635,-0.19163952655839012,-0.16966661804940486
s21,sit,s21_sit,63000,2021-01-01 12:40:32.043694,75.37688442211055,75.09324341426503,75.09324341426503,75.41477613568489,-0.2836410078455174,0.03789171357433929
s21,sit,s21_sit,64000,2021-01-01 12:40:34.043694,75.18796992481202,74.60711977094235,74.60711977094235,75.132096408025,-0.580850153869676,-0.0558735167870168
s21,sit,s21_sit,65000,2021-01-01 12:40:36.043694,75.18796992481202,74.96711916215222,74.96711916215222,75.07435437196952,-0.22085076265980774,-0.11361555284250358
s21,sit,s21_sit,66000,2021-01-01 12:40:38.043694,75.37688442211055,75.45838317429494,75.45838317429494,75.20876445278341,0.08149875218438751,-0.1681199693271367
s21,sit,s21_sit,67000,2021-01-01 12:40:40.043694,75.37688442211055,75.31469745050101,75.31469745050101,75.24584100198457,-0.06218697160953468,-0.1310434201259767
s21,sit,s21_sit,68000,2021-01-01 12:40:42.043694,73.17073170731707,74.46228246416484,74.46228246416484,74.97159551374767,1.2915507568477693,1.8008638064305984
s21,sit,s21_sit,69000,2021-01-01 12:40:44.043694,73.17073170731707,73.59599706623301,73.59599706623301,74.49013605711754,0.42526535891593653,1.3194043498004646
s21,sit,s21_sit,70000,2021-01-01 12:40:46.043694,73.17073170731707,73.4556236699863,73.4556236699863,74.1280567216216,0.2848919626692208,0.95732501430453
s21,sit,s21_sit,71000,2021-01-01 12:40:48.043694,76.53061224489795,75.32084514654112,75.32084514654112,74.54553267034343,-1.209767098356835,-1.9850795745545184
s21,sit,s21_sit,72000,2021-01-01 12:40:50.043694,77.720207253886,76.56596898853185,76.56596898853185,75.25268538170938,-1.1542382653541523,-2.4675218721766186
s21,sit,s21_sit,73000,2021-01-01 12:40:52.043694,76.92307692307692,77.64827888576548,77.64827888576548,76.09114310812902,0.7252019626885584,-0.8319338149479023
s21,sit,s21_sit,74000,2021-01-01 12:40:54.043694,77.720207253886,77.8245410632791,77.8245410632791,76.69783239243155,0.104333809393097,-1.0223748614544519
s21,sit,s21_sit,75000,2021-01-01 12:40:56.043694,79.05138339920948,78.70047056180643,78.70047056180643,77.39875575171276,-0.3509128374030581,-1.652627647496729
s21,sit,s21_sit,76000,2021-01-01 12:40:58.043694,82.64462809917356,81.96662945473078,81.96662945473078,78.99751154776907,-0.6779986444427806,-3.647116551404494
s21,sit,s21_sit,77000,2021-01-01 12:41:00.043695,84.98583569405099,84.66541428395672,84.66541428395672,80.98127750543475,-0.3204214100942693,-4.004558188616244
s21,sit,s21_sit,78000,2021-01-01 12:41:02.043695,87.2093023255814,86.39038682693746,86.39038682693746,82.87446576796069,-0.8189154986439462,-4.334836557620719
s21,sit,s21_sit,79000,2021-01-01 12:41:04.043695,86.45533141210375,87.29343412188169,87.29343412188169,84.42110469183304,0.8381027097779423,-2.034226720270709
s21,sit,s21_sit,80000,2021-01-01 12:41:06.043695,87.2093023255814,87.73207151773819,87.73207151773819,85.57994308089984,0.5227691921567867,-1.6293592446815666
s21,sit,s21_sit,81000,2021-01-01 12:41:08.043695,87.2093023255814,86.89460387769316,86.89460387769316,86.04007435977749,-0.3146984478882473,-1.1692279658039126
s21,sit,s21_sit,82000,2021-01-01 12:41:10.043695,84.03361344537815,84.55001302864461,84.55001302864461,85.51855289388098,0.5163995832664625,1.4849394485028284
s21,sit,s21_sit,83000,2021-01-01 12:41:12.043695,81.41112618724559,82.63217325595403,82.63217325595403,84.50832002060655,1.2210470687084438,3.0971938333609614
s21,sit,s21_sit,84000,2021-01-01 12:41:14.043695,81.9672131147541,82.12633145684173,82.12633145684173,83.67462402328886,0.15911834208762343,1.7074109085347544
s21,sit,s21_sit,85000,2021-01-01 12:41:16.043695,83.56545961002786,83.88539447813245,83.88539447813245,83.74839368248412,0.31993486810459615,0.1829340724562627
s21,sit,s21_sit,86000,2021-01-01 12:41:18.043695,85.9598853868195,85.35158002484772,85.35158002484772,84.30950890231138,-0.6083053619717731,-1.650376484508115
s21,sit,s21_sit,87000,2021-01-01 12:41:20.043695,87.46355685131196,86.86147916566766,86.86147916566766,85.20269849448607,-0.6020776856443035,-2.260858356825892
s21,sit,s21_sit,88000,2021-01-01 12:41:22.043695,86.83068017366136,87.07836075294435,87.07836075294435,85.85918028494648,0.24768057928298504,-0.971499888714888
s21,sit,s21_sit,89000,2021-01-01 12:41:24.043695,86.83068017366136,86.85360550260313,86.85360550260313,86.20722911112631,0.02292532894176702,-0.6234510625350538
s21,sit,s21_sit,90000,2021-01-01 12:41:26.043695,86.70520231213874,87.56123675821372,87.56123675821372,86.6811317876069,0.856034446074986,-0.024070524531836668
s21,sit,s21_sit,91000,2021-01-01 12:41:28.043695,85.47008547008548,83.06194906630256,83.06194906630256,85.41441783515037,-2.408136403782919,-0.05566763493510507
s21,sit,s21_sit,92000,2021-01-01 12:41:30.043695,77.02182284980745,77.70985920459782,77.70985920459782,82.71782231445698,0.6880363547903698,5.695999464649532
s21,sit,s21_sit,93000,2021-01-01 12:41:32.043695,75.18796992481202,75.5061214523699,75.5061214523699,80.1937270127265,0.31815152755787324,5.005757087914475
s21,sit,s21_sit,94000,2021-01-01 12:41:34.043695,76.92307692307692,75.90738230379756,75.90738230379756,78.69350636460138,-1.0156946192793583,1.7704294415244561
s21,sit,s21_sit,95000,2021-01-01 12:41:36.043695,77.12082262210797,77.15840285427412,77.15840285427412,78.15622013598684,0.037580232166149585,1.035397513878877
s21,sit,s21_sit,96000,2021-01-01 12:41:38.043695,78.53403141361257,78.58345169941428,78.58345169941428,78.30575118318644,0.04942028580171609,-0.22828023042612244
s21,sit,s21_sit,97000,2021-01-01 12:41:40.043695,78.74015748031496,78.41513523342566,78.41513523342566,78.34403560077017,-0.32502224688930426,-0.3961218795447934
s21,sit,s21_sit,98000,2021-01-01 12:41:42.043695,78.94736842105263,78.53367787681105,78.53367787681105,78.41041039738448,-0.41369054424157525,-0.5369580236681486
s21,sit,s21_sit,99000,2021-01-01 12:41:44.043695,78.43137254901961,78.493240080194,78.493240080194,78.43940078636781,0.061867531174385704,0.00802823734819924
s21,sit,s21_sit,100000,2021-01-01 12:41:46.043695,79.05138339920948,78.46748450553316,78.46748450553316,78.44923008807568,-0.5838988936763201,-0.6021533111338044
s21,sit,s21_sit,101000,2021-01-01 12:41:48.043695,81.63265306122449,80.3359109714251,80.3359109714251,79.10956839724798,-1.2967420897993946,-2.5230846639765048
s21,sit,s21_sit,102000,2021-01-01 12:41:50.043695,83.79888268156425,84.69849134535895,84.69849134535895,81.06569142908683,0.8996086637946945,-2.7331912524774253
s21,sit,s21_sit,103000,2021-01-01 12:41:52.043695,85.1063829787234,87.1228372168889,87.1228372168889,83.18569245481754,2.016454238165494,-1.9206905239058614
s21,sit,s21_sit,104000,2021-01-01 12:41:54.043695,85.34850640113798,86.43394484415421,86.43394484415421,84.32258079108537,1.0854384430162298,-1.0259256100526102
s21,sit,s21_sit,105000,2021-01-01 12:41:56.043695,83.79888268156425,82.68439592524147,82.68439592524147,83.74921608804001,-1.1144867563227763,-0.04966659352423619
s21,sit,s21_sit,106000,2021-01-01 12:41:58.043695,75.18796992481202,76.38617392782795,76.38617392782795,81.1721513319658,1.198204003015931,5.98418140715377
s21,sit,s21_sit,107000,2021-01-01 12:42:00.043695,74.62686567164178,73.86296030582514,73.86296030582514,78.61393447281657,-0.7639053658166404,3.987068801174786
s21,sit,s21_sit,108000,2021-01-01 12:42:02.043695,73.89162561576354,72.7857937077117,72.7857937077117,76.57408520502986,-1.1058319080518402,2.6824595892663154
s21,sit,s21_sit,109000,2021-01-01 12:42:04.043695,74.62686567164178,74.4386441050767,74.4386441050767,75.82668082004625,-0.18822156656507616,1.1998151484044683
s21,sit,s21_sit,110000,2021-01-01 12:42:06.043695,75.37688442211055,75.21765470421182,75.21765470421182,75.6135216795042,-0.1592297178987252,0.23663725739365304
s21,sit,s21_sit,111000,2021-01-01 12:42:08.043695,75.75757575757575,75.56126171419602,75.56126171419602,75.59523069164634,-0.19631404337972924,-0.162345065929415
s21,sit,s21_sit,112000,2021-01-01 12:42:10.043695,75.75757575757575,75.66117741044751,75.66117741044751,75.61831204322675,-0.09639834712824324,-0.1392637143489992
s21,sit,s21_sit,113000,2021-01-01 12:42:12.043695,75.18796992481202,74.81410915667234,74.81410915667234,75.33684103293271,-0.3738607681396786,0.14887110812068727
s21,sit,s21_sit,114000,2021-01-01 12:42:14.043695,73.34963325183375,74.05108314597788,74.05108314597788,74.88682577249853,0.7014498941441332,1.5371925206647745
s21,sit,s21_sit,115000,2021-01-01 12:42:16.043695,72.11538461538461,72.77914603490002,72.77914603490002,74.14913786433905,0.66376141951541,2.03375324895444
s21,sit,s21_sit,116000,2021-01-01 12:42:18.043695,71.8562874251497,72.63774214457854,72.63774214457854,73.62014936242286,0.7814547194288366,1.7638619372731625
s21,sit,s21_sit,117000,2021-01-01 12:42:20.043695,73.52941176470588,72.9840741544031,72.9840741544031,73.39752303961595,-0.5453376103027807,-0.13188872508993654
s21,sit,s21_sit,118000,2021-01-01 12:42:22.043695,74.07407407407408,74.39229815297274,74.39229815297274,73.74569432929083,0.3182240788986661,-0.3283797447832484
s21,sit,s21_sit,119000,2021-01-01 12:42:24.043695,75.75757575757575,75.67066254182787,75.67066254182787,74.41943320367879,-0.08691321574788446,-1.338142553896958
s21,sit,s21_sit,120000,2021-01-01 12:42:26.043695,76.92307692307692,77.83284974816884,77.83284974816884,75.61412899425031,0.9097728250919204,-1.308947928826612
s21,sit,s21_sit,121000,2021-01-01 12:42:28.043695,78.84362680683311,80.1687370463096,80.1687370463096,77.20824181247106,1.325110239476487,-1.635384994362056
s21,sit,s21_sit,122000,2021-01-01 12:42:30.043695,79.57559681697613,79.73546130710291,79.73546130710291,78.09276863559221,0.15986449012677895,-1.4828281813839226
s21,sit,s21_sit,123000,2021-01-01 12:42:32.043695,78.02340702210662,78.52362513960959,78.52362513960959,78.2435684119983,0.5002181175029676,0.2201613898916719
s21,sit,s21_sit,124000,2021-01-01 12:42:34.043695,77.92207792207792,78.65072340895094,78.65072340895094,78.38607266093172,0.7286454868730203,0.46399473885379905
s21,sit,s21_sit,125000,2021-01-01 12:42:36.043695,81.74386920980926,80.69761478528532,80.69761478528532,79.19511240445547,-1.0462544245239371,-2.54875680535379
s21,sit,s21_sit,126000,2021-01-01 12:42:38.043695,82.87292817679558,83.16810519299598,83.16810519299598,80.58565988044465,0.29517701620039816,-2.2872682963509305
s21,sit,s21_sit,127000,2021-01-01 12:42:40.043695,85.22727272727273,84.56243484232421,84.56243484232421,81.9775311171025,-0.6648378849485255,-3.2497416101702328
s21,sit,s21_sit,128000,2021-01-01 12:42:42.043695,86.70520231213874,85.96201848134878,85.96201848134878,83.3721016945887,-0.7431838307899596,-3.333100617550045
s21,sit,s21_sit,129000,2021-01-01 12:42:44.043695,86.95652173913044,88.68107619986696,88.68107619986696,85.23024277143608,1.7245544607365275,-1.7262789676943555
s21,sit,s21_sit,130000,2021-01-01 12:42:46.043695,86.33093525179856,86.02745381438757,86.02745381438757,85.5092666364691,-0.3034814374109942,-0.8216686153294575
s21,sit,s21_sit,131000,2021-01-01 12:42:48.043695,82.53094910591471,83.6424946584294,83.6424946584294,84.8558964441552,1.1115455525146842,2.3249473382404915
s21,sit,s21_sit,132000,2021-01-01 12:42:50.043695,80.64516129032258,80.69904859758813,80.69904859758813,83.40099969785673,0.053887307265554796,2.7558384075341564
s21,sit,s21_sit,133000,2021-01-01 12:42:52.043695,80.4289544235925,79.61487161321816,79.61487161321816,82.07585486823322,-0.8140828103743445,1.6469004446407212
s21,sit,s21_sit,134000,2021-01-01 12:42:54.043695,80.97165991902834,82.85358729847871,82.85358729847871,82.34806121881914,1.8819273794503744,1.3764012997907997
s21,sit,s21_sit,135000,2021-01-01 12:42:56.043695,80.75370121130553,81.85535420018562,81.85535420018562,82.17561376229742,1.1016529888800903,1.421912550991891
s21,sit,s21_sit,136000,2021-01-01 12:42:58.043695,81.30081300813008,80.57923816557538,80.57923816557538,81.6168823034447,-0.721574842554702,0.3160692953146196
s21,sit,s21_sit,137000,2021-01-01 12:43:00.043695,73.71007371007371,76.13056843639471,76.13056843639471,79.6966724499772,2.420494726320996,5.986598739903485
s21,sit,s21_sit,138000,2021-01-01 12:43:02.043695,72.81553398058253,73.72688503401999,73.72688503401999,77.60724685439217,0.9113510534374569,4.791712873809644
s21,sit,s21_sit,139000,2021-01-01 12:43:04.043695,73.71007371007371,73.74566641200732,73.74566641200732,76.25569369955747,0.035592701933609305,2.545619989483754
s21,sit,s21_sit,140000,2021-01-01 12:43:06.043695,75.66204287515762,75.87304653223342,75.87304653223342,76.12176719099405,0.21100365707579272,0.45972431583642503
s21,sit,s21_sit,141000,2021-01-01 12:43:08.043695,79.36507936507937,78.2155036169072,78.2155036169072,76.85457494006366,-1.1495757481721682,-2.5105044250157107
s21,sit,s21_sit,142000,2021-01-01 12:43:10.043695,82.3045267489712,82.21574854423591,82.21574854423591,78.73098570152395,-0.08877820473529141,-3.57354104744725
s21,sit,s21_sit,143000,2021-01-01 12:43:12.043695,80.53691275167785,81.39590944934687,81.39590944934687,79.66370901326198,0.8589966976690278,-0.8732037384158673
s21,sit,s21_sit,144000,2021-01-01 12:43:14.043695,81.52173913043478,80.51231243964101,80.51231243964101,79.96072021249464,-1.0094266907937737,-1.561018917940146
s21,sit,s21_sit,145000,2021-01-01 12:43:16.043695,82.98755186721992,81.25189485692152,81.25189485692152,80.41263133804405,-1.7356570102983966,-2.57492052917587
s21,sit,s21_sit,146000,2021-01-01 12:43:18.043695,79.57559681697613,80.69890234928772,80.69890234928772,80.51282619197934,1.1233055323115906,0.9372293750032128
s21,sit,s21_sit,147000,2021-01-01 12:43:20.043695,80.64516129032258,80.90217730487358,80.90217730487358,80.64909908149232,0.25701601455099876,0.003937791169747129
s21,sit,s21_sit,148000,2021-01-01 12:43:22.043695,77.51937984496124,78.44939513824559,78.44939513824559,79.87920270135596,0.930015293284356,2.3598228563947288
s21,sit,s21_sit,149000,2021-01-01 12:43:24.043695,76.33587786259541,76.10444635704906,76.10444635704906,78.55803798084855,-0.23143150554635383,2.222160118253143
s21,sit,s21_sit,150000,2021-01-01 12:43:26.043695,75.75757575757575,75.89676530441498,75.89676530441498,77.62659254409681,0.13918954683923346,1.8690167865210583
s21,sit,s21_sit,151000,2021-01-01 12:43:28.043695,76.33587786259541,76.23624737923824,76.23624737923824,77.13997173639632,-0.09963048335717417,0.8040938738009089
s21,sit,s21_sit,152000,2021-01-01 12:43:30.043695,75.75757575757575,75.99782112747421,75.99782112747421,76.74021902327358,0.24024536989846013,0.9826432656978312
s21,sit,s21_sit,153000,2021-01-01 12:43:32.043695,75.37688442211055,75.66766083320917,75.66766083320917,76.36482365675104,0.2907764110986193,0.9879392346404927
s21,sit,s21_sit,154000,2021-01-01 12:43:34.043695,74.07407407407408,74.56151030118504,74.56151030118504,75.73366398230294,0.4874362271109618,1.6595899082288668
s21,sit,s21_sit,155000,2021-01-01 12:43:36.043695,74.07407407407408,74.40375985852796,74.40375985852796,75.2681975389817,0.3296857844538863,1.1941234649076193
s21,sit,s21_sit,156000,2021-01-01 12:43:38.043695,74.44168734491315,74.61271536008336,74.61271536008336,75.03877877636728,0.17102801517020794,0.5970914314541318
s21,sit,s21_sit,157000,2021-01-01 12:43:40.043695,77.31958762886597,77.95428329418317,77.95428329418317,76.05920535760285,0.6346956653171958,-1.2603822712631256
s21,sit,s21_sit,158000,2021-01-01 12:43:42.043695,79.57559681697613,78.75119521129099,78.75119521129099,77.0014018063937,-0.8244016056851393,-2.5741950105824287
s21,sit,s21_sit,159000,2021-01-01 12:43:44.043695,80.32128514056225,80.3971874190568,80.3971874190568,78.18992677082579,0.07590227849455289,-2.1313583697364606
s21,sit,s21_sit,160000,2021-01-01 12:43:46.043695,82.87292817679558,83.0699499915653,83.0699499915653,79.89793489808461,0.19702181476971248,-2.9749932787109685
s21,sit,s21_sit,161000,2021-01-01 12:43:48.043695,84.50704225352113,84.62463703036154,84.62463703036154,81.55228064438154,0.11759477684040576,-2.954761609139595
s21,sit,s21_sit,162000,2021-01-01 12:43:50.043695,84.50704225352113,83.69232772185941,83.69232772185941,82.30129712149879,-0.8147145316617213,-2.2057451320223436
s21,sit,s21_sit,163000,2021-01-01 12:43:52.043695,82.53094910591471,82.9835701595649,82.9835701595649,82.54009268482193,0.4526210536501907,0.009143578907213623
s21,sit,s21_sit,164000,2021-01-01 12:43:54.043695,81.08108108108108,80.53975065258712,80.53975065258712,81.83997297353974,-0.5413304284939642,0.7588918924586636
s21,sit,s21_sit,165000,2021-01-01 12:43:56.043695,81.30081300813008,81.97133740727178,81.97133740727178,81.88595052534595,0.6705243991416978,0.5851375172158697
s21,sit,s21_sit,166000,2021-01-01 12:43:58.043695,81.30081300813008,80.9970388524569,80.9970388524569,81.57483143983478,-0.30377415567318167,0.27401843170470386
s21,sit,s21_sit,167000,2021-01-01 12:44:00.043695,78.43137254901961,78.40958812729383,78.40958812729383,80.46699628044544,-0.02178442172578343,2.0356237314258294
s21,sit,s21_sit,168000,2021-01-01 12:44:02.043695,78.125,77.49497795435948,77.49497795435948,79.42678986631536,-0.6300220456405157,1.3017898663153602
s21,sit,s21_sit,169000,2021-01-01 12:44:04.043695,79.15567282321899,78.9681082959291,78.9681082959291,79.26625131668017,-0.1875645272898936,0.11057849346117621
s21,sit,s21_sit,170000,2021-01-01 12:44:06.043695,81.63265306122449,82.35705089643828,82.35705089643828,80.34803116959552,0.724397835213793,-1.284621891628973
s21,sit,s21_sit,171000,2021-01-01 12:44:08.043695,81.74386920980926,82.12506237003993,82.12506237003993,80.96999208975106,0.38119316023066574,-0.7738771200582022
s21,sit,s21_sit,172000,2021-01-01 12:44:10.043695,81.30081300813008,80.45136390472918,80.45136390472918,80.7884722249934,-0.8494491034009002,-0.5123407831366791
s21,sit,s21_sit,173000,2021-01-01 12:44:12.043695,77.12082262210797,78.02534186887262,78.02534186887262,79.82137660035113,0.9045192467646501,2.700553978243164
s21,sit,s21_sit,174000,2021-01-01 12:44:14.043695,75.56675062972292,75.56468137408648,75.56468137408648,78.33153327115849,-0.0020692556364423353,2.7647826414355734
s21,sit,s21_sit,175000,2021-01-01 12:44:16.043695,75.0,74.95148766067548,74.95148766067548,77.14851730748944,-0.048512339324517484,2.148517307489442
s21,sit,s21_sit,176000,2021-01-01 12:44:18.043695,75.75757575757575,75.36049158664372,75.36049158664372,76.52270830519345,-0.3970841709320325,0.7651325476176964
s21,sit,s21_sit,177000,2021-01-01 12:44:20.043695,77.31958762886597,76.3928431509283,76.3928431509283,76.47725550120064,-0.9267444779376746,-0.8423321276653297
s21,sit,s21_sit,178000,2021-01-01 12:44:22.043695,79.57559681697613,81.20300997121954,81.20300997121954,78.13126956570726,1.6274131542434134,-1.4443272512688736
s21,sit,s21_sit,179000,2021-01-01 12:44:24.043695,79.36507936507937,80.05412650834035,80.05412650834035,78.80426949562883,0.6890471432609786,-0.5608098694505372
s21,sit,s21_sit,180000,2021-01-01 12:44:26.043695,76.53061224489795,77.88305643851795,77.88305643851795,78.48184492564002,1.352444193620002,1.9512326807420663
s21,sit,s21_sit,181000,2021-01-01 12:44:28.043695,74.07407407407408,74.86958639064906,74.86958639064906,77.21755443839318,0.7955123165749853,3.143480364319103
s21,sit,s21_sit,182000,2021-01-01 12:44:30.043695,73.7100737100737,74.10292548966794,74.10292548966794,76.12743430633935,0.39285177959423834,2.4173605962656524
s21,sit,s21_sit,183000,2021-01-01 12:44:32.043695,72.63922518159806,73.84496778191982,73.84496778191982,75.32857102279252,1.2057426003217557,2.689345841194452
s21,sit,s21_sit,184000,2021-01-01 12:44:34.043696,73.71007371007371,74.40310017897686,74.40310017897686,75.00465622745703,0.6930264689031418,1.2945825173833185
s21,sit,s21_sit,185000,2021-01-01 12:44:36.043696,72.99270072992701,73.58299444404042,73.58299444404042,74.50707460326122,0.5902937141134146,1.5143738733342076
s21,sit,s21_sit,186000,2021-01-01 12:44:38.043696,73.34963325183375,74.26867306138308,74.26867306138308,74.42363406360387,0.9190398095493322,1.0740008117701194
s21,sit,s21_sit,187000,2021-01-01 12:44:40.043696,73.34963325183375,74.37177908516666,74.37177908516666,74.40548482115085,1.0221458333329139,1.055851569317099
s21,sit,s21_sit,188000,2021-01-01 12:44:42.043696,73.71007371007371,74.1267296686836,74.1267296686836,74.30792051778731,0.4166559586098799,0.5978468077135943
s21,sit,s21_sit,189000,2021-01-01 12:44:44.043696,73.71007371007371,73.84698343462455,73.84698343462455,74.14659253868035,0.13690972455083283,0.43651882860663704
s21,sit,s21_sit,190000,2021-01-01 12:44:46.043696,72.28915662650603,73.13882711824755,73.13882711824755,73.79387464152887,0.8496704917415201,1.5047180150228456
s21,sit,s21_sit,191000,2021-01-01 12:44:48.043696,72.55139056831923,73.25512133768035,73.25512133768035,73.60531098518189,0.7037307693611154,1.0539204168626526
s21,sit,s21_sit,192000,2021-01-01 12:44:50.043696,73.52941176470588,73.90256787057515,73.90256787057515,73.70935089506953,0.3731561058692705,0.17993913036364972
s21,sit,s21_sit,193000,2021-01-01 12:44:52.043696,74.9063670411985,74.28106849851984,74.28106849851984,73.90945205627713,-0.6252985426786495,-0.9969149849213608
s21,sit,s21_sit,194000,2021-01-01 12:44:54.043696,74.07407407407408,74.15610913325047,74.15610913325047,73.99578203321781,0.0820350591763912,-0.07829204085626884
s21,sit,s21_sit,195000,2021-01-01 12:44:56.043696,74.07407407407408,74.26086558626716,74.26086558626716,74.08856127678507,0.1867915121930821,0.014487202710995462
s21,sit,s21_sit,196000,2021-01-01 12:44:58.043696,73.17073170731707,72.881923078645,72.881923078645,73.66623790743606,-0.28880862867207213,0.4955062001189816
s21,sit,s21_sit,197000,2021-01-01 12:45:00.043696,73.17073170731707,74.03283098810623,74.03283098810623,73.79454548567062,0.8620992807891525,0.6238137783535507
s21,sit,s21_sit,198000,2021-01-01 12:45:02.043696,77.31958762886597,75.5922552168181,75.5922552168181,74.42374389157224,-1.727332412047872,-2.895843737293731
s21,sit,s21_sit,199000,2021-01-01 12:45:04.043696,77.31958762886597,76.5074589805347,76.5074589805347,75.1530441727091,-0.8121286483312815,-2.166543456156873
s21,sit,s21_sit,200000,2021-01-01 12:45:06.043696,76.33587786259541,77.0895663679678,77.0895663679678,75.83082694104965,0.753688505372395,-0.5050509215457595
s21,sit,s21_sit,201000,2021-01-01 12:45:08.043696,75.56675062972292,75.41689785204936,75.41689785204936,75.68595175989955,-0.14985277767355853,0.11920113017663425
s21,sit,s21_sit,202000,2021-01-01 12:45:10.043696,75.56675062972292,75.23944850090565,75.23944850090565,75.52967561925169,-0.3273021288172657,-0.03707501047122719
s21,sit,s21_sit,203000,2021-01-01 12:45:12.043696,76.43312101910827,76.33207614892306,76.33207614892306,75.81051580463668,-0.10104487018520558,-0.6226052144715908
s21,sit,s21_sit,204000,2021-01-01 12:45:14.043696,79.7872340425532,78.62501997792062,78.62501997792062,76.79559226528606,-1.162214064632579,-2.9916417772671338
s21,sit,s21_sit,205000,2021-01-01 12:45:16.043696,78.02340702210662,78.52237750674996,78.52237750674996,77.39996709979843,0.49897048464333693,-0.6234399223081937
s21,sit,s21_sit,206000,2021-01-01 12:45:18.043696,75.0,76.15939243931967,76.15939243931967,76.96576596863086,1.1593924393196744,1.965765968630862
s21,sit,s21_sit,207000,2021-01-01 12:45:20.043696,74.81296758104737,75.40868832513947,75.40868832513947,76.42078879340887,0.5957207440920911,1.6078212123615003
s21,sit,s21_sit,208000,2021-01-01 12:45:22.043696,74.62686567164178,74.9484237047191,74.9484237047191,75.90546101236745,0.32155803307732356,1.2785953407256727
s21,sit,s21_sit,209000,2021-01-01 12:45:24.043696,74.62686567164178,74.71734868395444,74.71734868395444,75.4896216974229,0.0904830123126601,0.862756025781124
s21,sit,s21_sit,210000,2021-01-01 12:45:26.043696,74.62686567164178,74.70048444897638,74.70048444897638,75.21342366046662,0.07361877733460176,0.5865579888248362
s21,sit,s21_sit,211000,2021-01-01 12:45:28.043696,74.44168734491315,74.73017774198142,74.73017774198142,75.0442875889968,0.28849039706827284,0.6026002440836464
s21,sit,s21_sit,212000,2021-01-01 12:45:30.043696,74.44168734491315,75.26230129252532,75.26230129252532,75.12059238523179,0.8206139476121734,0.6789050403186394
s21,sit,s21_sit,213000,2021-01-01 12:45:32.043696,77.31958762886597,76.78386220284453,76.78386220284453,75.70273682139624,-0.5357254260214432,-1.6168508074697314
s21,sit,s21_sit,214000,2021-01-01 12:45:34.043696,81.52173913043478,79.85642960699394,79.85642960699394,77.15652929635544,-1.6653095234408397,-4.365209834079337
s21,sit,s21_sit,215000,2021-01-01 12:45:36.043696,83.91608391608392,84.87074533344934,84.87074533344934,79.8565049093383,0.9546614173654149,-4.059579006745622
s21,sit,s21_sit,216000,2021-01-01 12:45:38.043696,83.91608391608392,84.48173590283169,84.48173590283169,81.47533575706098,0.565651986747767,-2.440748159022945
s21,sit,s21_sit,217000,2021-01-01 12:45:40.043696,82.64462809917356,81.37484059604198,81.37484059604198,81.44016245070432,-1.2697875031315817,-1.2044656484692382
s21,sit,s21_sit,218000,2021-01-01 12:45:42.043696,74.62686567164178,75.8038658867967,75.8038658867967,79.46745865333665,1.1770002151549193,4.8405929816948685
s21,sit,s21_sit,219000,2021-01-01 12:45:44.043696,73.52941176470588,73.89262262885754,73.89262262885754,77.51626604476897,0.3632108641516538,3.986854280063085
s21,sit,s21_sit,220000,2021-01-01 12:45:46.043696,73.89162561576354,73.81305755793682,73.81305755793682,76.22014307437772,-0.07856805782672893,2.328517458614172
s21,sit,s21_sit,221000,2021-01-01 12:45:48.043696,74.81296758104737,74.40197195938893,74.40197195938893,75.58378318413165,-0.4109956216584436,0.770815603084273
s21,sit,s21_sit,222000,2021-01-01 12:45:50.043696,77.31958762886597,76.85343586903396,76.85343586903396,76.02816162384745,-0.46615175983201595,-1.291426005018522
s21,sit,s21_sit,223000,2021-01-01 12:45:52.043696,77.51937984496124,78.26945813008966,78.26945813008966,76.81261540103222,0.7500782851284242,-0.7067644439290177
s21,sit,s21_sit,224000,2021-01-01 12:45:54.043696,77.22007722007721,77.68223328300795,77.68223328300795,77.11698165972372,0.4621560629307311,-0.10309556035349488
s21,sit,s21_sit,225000,2021-01-01 12:45:56.043696,76.92307692307692,77.10554155876852,77.10554155876852,77.1129776243894,0.18246463569160198,0.1899007013124816
s21,sit,s21_sit,226000,2021-01-01 12:45:58.043696,75.75757575757575,75.77989092318568,75.77989092318568,76.6463972789681,0.022315165609924748,0.8888215213923445
s21,sit,s21_sit,227000,2021-01-01 12:46:00.043696,76.92307692307692,77.33520482348433,77.33520482348433,76.88747991954878,0.41212790040741254,-0.03559700352813877
s21,sit,s21_sit,228000,2021-01-01 12:46:02.043696,79.7872340425532,78.56589762897923,78.56589762897923,77.47492611784944,-1.2213364135739653,-2.3123079247037595
s21,sit,s21_sit,229000,2021-01-01 12:46:04.043696,80.53691275167785,80.53510630547497,80.53510630547497,78.54598918351837,-0.0018064462028775097,-1.9909235681594737
s21,sit,s21_sit,230000,2021-01-01 12:46:06.043696,84.86562942008487,83.66134648556661,83.66134648556661,80.33636423923525,-1.204282934518261,-4.52926518084962
s21,sit,s21_sit,231000,2021-01-01 12:46:08.043696,86.20689655172414,85.51255540982686,85.51255540982686,82.14803114894231,-0.6943411418972829,-4.058865402781834
s21,sit,s21_sit,232000,2021-01-01 12:46:10.043696,86.20689655172414,87.25538650645716,87.25538650645716,83.93560552407251,1.0484899547330144,-2.2712910276516283
s21,sit,s21_sit,233000,2021-01-01 12:46:12.043696,85.59201141226819,85.86165114152443,85.86165114152443,84.60972149018068,0.2696397292562409,-0.9822899220875172
s21,sit,s21_sit,234000,2021-01-01 12:46:14.043696,87.84773060029282,87.49106227640199,87.49106227640199,85.61819076535814,-0.3566683238908297,-2.229539834934684
s21,sit,s21_sit,235000,2021-01-01 12:46:16.043696,86.58008658008659,89.20820563138157,89.20820563138157,86.87469596846634,2.6281190512949877,0.2946093883797545
s21,sit,s21_sit,236000,2021-01-01 12:46:18.043696,86.58008658008659,87.6790810026735,87.6790810026735,87.15623073043885,1.0989944225869124,0.5761441503522633
s21,sit,s21_sit,237000,2021-01-01 12:46:20.043696,80.64516129032258,82.92883896287479,82.92883896287479,85.67664361179143,2.2836776725522157,5.031482321468857
s21,sit,s21_sit,238000,2021-01-01 12:46:22.043696,80.53691275167785,80.90420353410259,80.90420353410259,84.00628958460034,0.367290782424746,3.4693768329224923
s21,sit,s21_sit,239000,2021-01-01 12:46:24.043696,80.32128514056225,79.80961025753572,79.80961025753572,82.53745182012773,-0.5116748830265294,2.2161666795654753
s21,sit,s21_sit,240000,2021-01-01 12:46:26.043696,78.94736842105263,78.61178847454879,78.61178847454879,81.1634696491751,-0.3355799465038416,2.2161012281224686
s21,walk,s21_walk,0,2021-01-01 12:28:23.714252,91.46341463414632,92.37081014278871,92.37081014278871,92.37081014278871,0.907395508642395,0.907395508642395
s21,walk,s21_walk,1000,2021-01-01 12:28:25.714252,91.46341463414632,92.39912952177025,92.39912952177025,92.38072192543225,0.9357148876239307,0.9173072912859368
s21,walk,s21_walk,2000,2021-01-01 12:28:27.714252,91.6030534351145,91.89006104173671,91.89006104173671,92.20899061613882,0.28700760662221114,0.6059371810243164
s21,walk,s21_walk,3000,2021-01-01 12:28:29.714252,96.7741935483871,96.68327041301774,96.68327041301774,93.77498854504644,-0.09092313536936558,-2.9992050033406628
s21,walk,s21_walk,4000,2021-01-01 12:28:31.714252,96.7741935483871,96.39633125410447,96.39633125410447,94.69245849321675,-0.37786229428263596,-2.0817350551703555
s21,walk,s21_walk,5000,2021-01-01 12:28:33.714252,92.5925925925926,93.30932855376636,93.30932855376636,94.20836301440912,0.716735961173768,1.6157704218165208
s21,walk,s21_walk,6000,2021-01-01 12:28:35.714252,90.09009009009009,90.01032487627056,90.01032487627056,92.73904966606062,-0.0797652138195275,2.6489595759705367
s21,walk,s21_walk,7000,2021-01-01 12:28:37.714252,90.36144578313252,90.23635595489755,90.23635595489755,91.86310686715355,-0.1250898282349766,1.5016610840210234
s21,walk,s21_walk,8000,2021-01-01 12:28:39.714252,95.23809523809524,95.38660532867351,95.38660532867351,93.09633132868552,0.14851009057827014,-2.1417639094097183
s21,walk,s21_walk,9000,2021-01-01 12:28:41.714252,98.84678747940691,97.88033761952359,97.88033761952359,94.77073353047885,-0.9664498598833262,-4.076053948928063
s21,walk,s21_walk,10000,2021-01-01 12:28:43.714252,99.009900990099,99.10969659573047,99.10969659573047,96.28937060331691,0.09979560563147061,-2.7205303867820874
s21,walk,s21_walk,11000,2021-01-01 12:28:45.714252,99.009900990099,99.7373192807975,99.7373192807975,97.49615264043511,0.7274182906984947,-1.513748349663885
s21,walk,s21_walk,12000,2021-01-01 12:28:47.714252,99.33774834437088,100.59938171561144,100.59938171561144,98.58228281674683,1.2616333712405634,-0.7554655276240538
s21,walk,s21_walk,13000,2021-01-01 12:28:49.714252,101.52284263959392,101.0967539098366,101.0967539098366,99.46234769932825,-0.4260887297573248,-2.06049494026567
s21,walk,s21_walk,14000,2021-01-01 12:28:51.714252,101.69491525423727,102.42865556298919,102.42865556298919,100.50055545160959,0.7337403087519192,-1.1943598026276874
s21,walk,s21_walk,15000,2021-01-01 12:28:53.714252,102.73972602739728,103.04040067126994,103.04040067126994,101.38950127849071,0.30067464387265375,-1.3502247489065695
s21,walk,s21_walk,16000,2021-01-01 12:28:55.714252,102.73972602739728,102.95312089782576,102.95312089782576,101.93676814525799,0.21339487042847338,-0.802957882139296
s21,walk,s21_walk,17000,2021-01-01 12:28:57.714252,103.44827586206895,103.10093776919861,103.10093776919861,102.34422751363721,-0.3473380928703449,-1.1040483484317463
s21,walk,s21_walk,18000,2021-01-01 12:28:59.714252,104.89510489510492,104.94393854049486,104.94393854049486,103.2541263730374,0.04883364538993362,-1.6409785220675275
s21,walk,s21_walk,19000,2021-01-01 12:29:01.714252,105.63380281690142,105.39684852176764,105.39684852176764,104.00407912509297,-0.23695429513378485,-1.6297236918084508
s21,walk,s21_walk,20000,2021-01-01 12:29:03.714252,106.0070671378092,105.81770645728375,105.81770645728375,104.63884869135974,-0.18936068052545352,-1.3682184464494611
s21,walk,s21_walk,21000,2021-01-01 12:29:05.714252,105.63380281690142,105.09777568442138,105.09777568442138,104.7994731389313,-0.5360271324800436,-0.8343296779701177
s21,walk,s21_walk,22000,2021-01-01 12:29:07.714252,103.62694300518136,103.88686804812401,103.88686804812401,104.48006135714876,0.2599250429426547,0.8531183519673959
s21,walk,s21_walk,23000,2021-01-01 12:29:09.714252,103.09278350515464,103.25206176971528,103.25206176971528,104.05026150154706,0.15927826456064054,0.9574779963924129
s21,walk,s21_walk,24000,2021-01-01 12:29:11.714252,101.69491525423727,102.4973614039417,102.4973614039417,103.50674646738517,0.8024461497044229,1.8118312131478973
s21,walk,s21_walk,25000,2021-01-01 12:29:13.714252,101.010101010101,100.67474759420662,100.67474759420662,102.51554686177268,-0.3353534158943745,1.5054458516716807
s21,walk,s21_walk,26000,2021-01-01 12:29:15.714252,97.7198697068404,98.21914020148854,98.21914020148854,101.01180453067323,0.4992704946481439,3.2919348238328325
s21,walk,s21_walk,27000,2021-01-01 12:29:17.714252,97.5609756097561,96.85271494288291,96.85271494288291,99.55612317494662,-0.708260666873187,1.9951475651905213
s21,walk,s21_walk,28000,2021-01-01 12:29:19.714252,97.87928221859708,97.35534775967706,97.35534775967706,98.78585177960227,-0.5239344589200243,0.9065695610051847
s21,walk,s21_walk,29000,2021-01-01 12:29:21.714252,98.6842105263158,98.45154914813877,98.45154914813877,98.66884585859003,-0.2326613781770277,-0.015364667725762615
s21,walk,s21_walk,30000,2021-01-01 12:29:23.714252,98.6842105263158,98.4224151094962,98.4224151094962,98.5825950964072,-0.26179541681959506,-0.10161542990859118
s21,walk,s21_walk,31000,2021-01-01 12:29:25.714252,100.1669449081803,99.45916817863991,99.45916817863991,98.88939567518865,-0.7077767295403845,-1.277549232991646
s21,walk,s21_walk,32000,2021-01-01 12:29:27.714252,101.35135135135135,100.34191062054109,100.34191062054109,99.39777590606201,-1.0094407308102689,-1.9535754452893457
s21,walk,s21_walk,33000,2021-01-01 12:29:29.714252,98.03921568627452,98.42293341223119,98.42293341223119,99.05658103322122,0.38371772595667153,1.017365346946704
s21,walk,s21_walk,34000,2021-01-01 12:29:31.714252,96.7741935483871,96.36581739697668,96.36581739697668,98.11481376053563,-0.4083761514104225,1.3406202121485222
s21,walk,s21_walk,35000,2021-01-01 12:29:33.714252,96.61835748792272,96.18430153711486,96.18430153711486,97.43913448233836,-0.43405595080785986,0.8207769944156382
s21,walk,s21_walk,36000,2021-01-01 12:29:35.714252,96.7741935483871,97.19541726236726,97.19541726236726,97.35383345534848,0.42122371398015446,0.5796399069613756
s21,walk,s21_walk,37000,2021-01-01 12:29:37.714252,97.4025974025974,97.20216235208063,97.20216235208063,97.30074856920473,-0.20043505051675936,-0.10184883339266548
s21,walk,s21_walk,38000,2021-01-01 12:29:39.714252,97.4025974025974,96.55878671423741,96.55878671423741,97.04106191996617,-0.8438106883599801,-0.3615354826312256
s21,walk,s21_walk,39000,2021-01-01 12:29:41.714252,90.9090909090909,90.65172982519363,90.65172982519363,94.80479568679579,-0.25736108389727974,3.8957047777048786
s21,walk,s21_walk,40000,2021-01-01 12:29:43.714252,90.9090909090909,90.73131654750658,90.73131654750658,93.37907798804457,-0.17777436158432636,2.4699870789536646
s21,walk,s21_walk,41000,2021-01-01 12:29:45.714252,91.6030534351145,91.3927616578058,91.3927616578058,92.683867272461,-0.2102917773086972,1.080813837346497
s21,walk,s21_walk,42000,2021-01-01 12:29:47.714252,92.5925925925926,92.7927022319397,92.7927022319397,92.72195950827854,0.20010963934710446,0.12936691568594938
s21,walk,s21_walk,43000,2021-01-01 12:29:49.714252,93.16770186335404,92.95314318416389,92.95314318416389,92.8028737948384,-0.21455867919014793,-0.3648280685156351
s21,walk,s21_walk,44000,2021-01-01 12:29:51.714252,93.16770186335404,93.32738495764765,93.32738495764765,92.98645270182163,0.15968309429361227,-0.18124916153240633
s21,walk,s21_walk,45000,2021-01-01 12:29:53.714252,94.33962264150944,93.7950244575288,93.7950244575288,93.26945281631913,-0.5445981839806393,-1.0701698251903053
s21,walk,s21_walk,46000,2021-01-01 12:29:55.714252,95.84664536741214,95.10767154056153,95.10767154056153,93.91282936980397,-0.7389738268506107,-1.9338159976081641
s21,walk,s21_walk,47000,2021-01-01 12:29:57.714252,95.23809523809524,95.53439402503304,95.53439402503304,94.48037699913414,0.2962987869377969,-0.7577182389611039
s21,walk,s21_walk,48000,2021-01-01 12:29:59.714252,92.3076923076923,92.78218156105628,92.78218156105628,93.88600859580689,0.47448925336396996,1.5783162881145785
s21,walk,s21_walk,49000,2021-01-01 12:30:01.714252,91.1854103343465,90.92992329609166,90.92992329609166,92.85137874090655,-0.25548703825484154,1.6659684065600544
s21,walk,s21_walk,50000,2021-01-01 12:30:03.714252,88.75739644970413,89.0041518595841,89.0041518595841,91.5048493324437,0.2467554098799667,2.747452882739566
s21,walk,s21_walk,51000,2021-01-01 12:30:05.714252,88.49557522123894,86.92958969260897,86.92958969260897,89.90350845850155,-1.565985528629966,1.4079332372626112
s21,walk,s21_walk,52000,2021-01-01 12:30:07.714252,88.75739644970413,88.12530391215479,88.12530391215479,89.28113686728018,-0.6320925375493402,0.5237404175760503
s21,walk,s21_walk,53000,2021-01-01 12:30:09.714252,88.49557522123894,88.92255354174219,88.92255354174219,89.1556327033419,0.42697832050325246,0.6600574821029568
s21,walk,s21_walk,54000,2021-01-01 12:30:11.714252,91.46341463414632,91.19732006875826,91.19732006875826,89.87022328123763,-0.26609456538805887,-1.5931913529086899
s21,walk,s21_walk,55000,2021-01-01 12:30:13.714253,93.16770186335404,93.78916403916945,93.78916403916945,91.24185254651377,0.6214621758154095,-1.9258493168402708
s21,walk,s21_walk,56000,2021-01-01 12:30:15.714253,94.7867298578199,96.63975115952353,96.63975115952353,93.13111706106719,1.8530213017036203,-1.6556127967527203
s21,walk,s21_walk,57000,2021-01-01 12:30:17.714253,97.4025974025974,97.5484668688527,97.5484668688527,94.67718949379211,0.14586946625530572,-2.7254079088052805
s21,walk,s21_walk,58000,2021-01-01 12:30:19.714253,96.7741935483871,97.32004301163205,97.32004301163205,95.60218822503609,0.5458494632449487,-1.1720053233510157
s21,walk,s21_walk,59000,2021-01-01 12:30:21.714253,95.08716323296356,95.7410310997201,95.7410310997201,95.6507832311755,0.6538678667565421,0.5636199982119336
s21,walk,s21_walk,60000,2021-01-01 12:30:23.714253,96.93053311793214,97.19365576373224,97.19365576373224,96.19078861757035,0.26312264580009526,-0.7397445003617946
s21,walk,s21_walk,61000,2021-01-01 12:30:25.714253,96.93053311793214,98.13338507742573,98.13338507742573,96.87069737851974,1.2028519594935858,-0.0598357394124065
s21,walk,s21_walk,62000,2021-01-01 12:30:27.714253,98.36065573770492,98.60877755365365,98.60877755365365,97.47902543981661,0.2481218159487355,-0.8816302978883073
s21,walk,s21_walk,63000,2021-01-01 12:30:29.714253,99.66777408637874,99.8410004365008,99.8410004365008,98.30571668865608,0.17322635012206433,-1.3620573977226655
s21,walk,s21_walk,64000,2021-01-01 12:30:31.714253,98.6842105263158,99.22445862633572,99.22445862633572,98.62727636684394,0.5402481000199231,-0.056934159471850876
s21,walk,s21_walk,65000,2021-01-01 12:30:33.714253,100.1669449081803,99.86975943162366,99.86975943162366,99.06214543951684,-0.29718547655663485,-1.1047994686634581
s21,walk,s21_walk,66000,2021-01-01 12:30:35.714253,99.66777408637874,100.52919156729824,100.52919156729824,99.57561158424033,0.8614174809194992,-0.09216250213840738
s21,walk,s21_walk,67000,2021-01-01 12:30:37.714253,98.6842105263158,96.76292380070915,96.76292380070915,98.59117086000442,-1.9212867256066488,-0.09303966631136973
s21,walk,s21_walk,68000,2021-01-01 12:30:39.714253,94.9367088607595,94.28579891213244,94.28579891213244,97.08429067824923,-0.65090994862706,2.147581817489737
s21,walk,s21_walk,69000,2021-01-01 12:30:41.714253,92.16589861751152,91.75578154321519,91.75578154321519,95.21931248098733,-0.4101170742963234,3.053413863475811
s21,walk,s21_walk,70000,2021-01-01 12:30:43.714253,92.16589861751152,92.50717329440853,92.50717329440853,94.27006376568474,0.3412746768970152,2.104165148173223
s21,walk,s21_walk,71000,2021-01-01 12:30:45.714253,92.87925696594426,93.9226525288121,93.9226525288121,94.14846983277931,1.043395562867829,1.2692128668350477
s21,walk,s21_walk,72000,2021-01-01 12:30:47.714253,92.87925696594426,93.73355025241719,93.73355025241719,94.00324797965257,0.8542932864729238,1.1239910137083058
s21,walk,s21_walk,73000,2021-01-01 12:30:49.714253,92.87925696594426,92.95842761770781,92.95842761770781,93.63756085297192,0.07917065176354754,0.7583038870276511
s21,walk,s21_walk,74000,2021-01-01 12:30:51.714253,92.87925696594426,92.21317462244782,92.21317462244782,93.13902567228848,-0.6660823434964414,0.259768706344218
s21,walk,s21_walk,75000,2021-01-01 12:30:53.714253,92.5925925925926,92.59096120327166,92.59096120327166,92.9472031081326,-0.0016313893209343178,0.3546105155400028
s21,walk,s21_walk,76000,2021-01-01 12:30:55.714253,93.45794392523364,93.51539599474343,93.51539599474343,93.14607061844639,0.05745206950979309,-0.31187330678724834
s21,walk,s21_walk,77000,2021-01-01 12:30:57.714253,93.16770186335404,93.28052842934365,93.28052842934365,93.19313085226042,0.11282656598960727,0.02542898890638412
s21,walk,s21_walk,78000,2021-01-01 12:30:59.714253,92.3076923076923,91.26321604364861,91.26321604364861,92.51766066924628,-1.0444762640436949,0.20996836155397602
s21,walk,s21_walk,79000,2021-01-01 12:31:01.714253,93.16770186335404,91.74711604047353,91.74711604047353,92.24797004917582,-1.4205858228805113,-0.9197318141782205
s21,walk,s21_walk,80000,2021-01-01 12:31:03.714253,90.09009009009009,90.30918115704203,90.30918115704203,91.56939393692899,0.2190910669519468,1.4793038468389028
s21,walk,s21_walk,81000,2021-01-01 12:31:05.714253,89.82035928143712,90.42873744240126,90.42873744240126,91.17016416384428,0.6083781609641363,1.349804882407156
s21,walk,s21_walk,82000,2021-01-01 12:31:07.714253,89.82035928143712,90.32890359718925,90.32890359718925,90.87572296551502,0.5085443157521325,1.0553636840779035
s21,walk,s21_walk,83000,2021-01-01 12:31:09.714253,89.82035928143712,90.54765571747477,90.54765571747477,90.76089942870094,0.7272964360376477,0.9405401472638175
s21,walk,s21_walk,84000,2021-01-01 12:31:11.714253,93.75,93.45415030595386,93.45415030595386,91.70353723573946,-0.29584969404614014,-2.0464627642605393
s21,walk,s21_walk,85000,2021-01-01 12:31:13.714253,95.54140127388536,96.36675170215814,96.36675170215814,93.335662298986,0.8253504282727846,-2.2057389748993614
s21,walk,s21_walk,86000,2021-01-01 12:31:15.714253,96.4630225080386,96.93229970435196,96.93229970435196,94.59448539086408,0.4692771963133566,-1.868537117174526
s21,walk,s21_walk,87000,2021-01-01 12:31:17.714253,96.30818619582664,96.20742543227183,96.20742543227183,95.1590144053568,-0.10076076355480268,-1.1491717904698362
s21,walk,s21_walk,88000,2021-01-01 12:31:19.714253,93.45794392523364,93.79603243045666,93.79603243045666,94.68197071414176,0.3380885052230269,1.2240267889081196
s21,walk,s21_walk,89000,2021-01-01 12:31:21.714253,93.89671361502349,93.67351579586004,93.67351579586004,94.32901149274315,-0.2231978191634454,0.43229787771966244
s21,walk,s21_walk,90000,2021-01-01 12:31:23.714253,98.6842105263158,97.96120682398445,97.96120682398445,95.6002798586776,-0.72300370233134,-3.0839306676381995
s21,walk,s21_walk,91000,2021-01-01 12:31:25.714253,101.010101010101,101.12153497424222,101.12153497424222,97.53271914912521,0.1114339641412272,-3.4773818609757825
s21,walk,s21_walk,92000,2021-01-01 12:31:27.714253,101.35135135135135,102.50408058352359,102.50408058352359,99.27269565116464,1.1527292321722342,-2.078655700186715
s21,walk,s21_walk,93000,2021-01-01 12:31:29.714253,100.8403361344538,100.81522423018014,100.81522423018014,99.81258065382005,-0.025111904273671826,-1.0277554806337577
s21,walk,s21_walk,94000,2021-01-01 12:31:31.714253,99.50248756218906,99.25975858518322,99.25975858518322,99.61909292979716,-0.2427289770058394,0.11660536760810203
s21,walk,s21_walk,95000,2021-01-01 12:31:33.714253,98.36065573770492,97.82727108777311,97.82727108777311,98.99195528508875,-0.5333846499318042,0.6312995473838328
s21,walk,s21_walk,96000,2021-01-01 12:31:35.714253,98.52216748768473,98.57437004706914,98.57437004706914,98.84580045178188,0.052202559384411984,0.3236329640971576
s21,walk,s21_walk,97000,2021-01-01 12:31:37.714253,98.03921568627452,98.01653776095438,98.01653776095438,98.55555850999227,-0.02267792532013857,0.5163428237177499
s21,walk,s21_walk,98000,2021-01-01 12:31:39.714253,92.16589861751152,92.95011038124812,92.95011038124812,96.59365166493181,0.7842117637366073,4.427753047420296
s21,walk,s21_walk,99000,2021-01-01 12:31:41.714253,87.71929824561403,89.70918535968971,89.70918535968971,94.18408845809708,1.9898871140756853,6.464790212483052
s21,walk,s21_walk,100000,2021-01-01 12:31:43.714253,87.5912408759124,87.85203564130413,87.85203564130413,91.96786997221955,0.2607947653917222,4.376629096307141
s21,walk,s21_walk,101000,2021-01-01 12:31:45.714253,89.28571428571428,89.08332895583301,89.08332895583301,90.95828061648426,-0.20238532988126678,1.6725663307699818
s21,walk,s21_walk,102000,2021-01-01 12:31:47.714253,88.36524300441826,89.14598019122928,89.14598019122928,90.32397546764503,0.7807371868110238,1.9587324632267666
s21,walk,s21_walk,103000,2021-01-01 12:31:49.714253,87.46355685131196,87.82544730012725,87.82544730012725,89.44949060901381,0.36189044881528787,1.9859337577018437
s21,walk,s21_walk,104000,2021-01-01 12:31:51.714253,87.46355685131195,88.3705781666642,88.3705781666642,89.07187125419145,0.907021315352253,1.6083144028795004
s21,walk,s21_walk,105000,2021-01-01 12:31:53.714253,87.46355685131195,88.16815187447206,88.16815187447206,88.75556947128966,0.7045950231601097,1.2920126199777116
s21,walk,s21_walk,106000,2021-01-01 12:31:55.714253,87.46355685131195,88.40493300559035,88.40493300559035,88.63284670829489,0.9413761542784016,1.1692898569829424
s21,walk,s21_walk,107000,2021-01-01 12:31:57.714253,87.71929824561403,88.70161155132824,88.70161155132824,88.65691440335657,0.9823133057142144,0.9376161577425393
s21,walk,s21_walk,108000,2021-01-01 12:31:59.714253,86.45533141210375,87.3325691546758,87.3325691546758,88.19339356631829,0.8772377425720492,1.7380621542145462
s21,walk,s21_walk,109000,2021-01-01 12:32:01.714253,86.70520231213874,86.20803016114834,86.20803016114834,87.49851637450881,-0.49717215099039436,0.7933140623700723
s21,walk,s21_walk,110000,2021-01-01 12:32:03.714253,87.46355685131195,87.09254403041467,87.09254403041467,87.35642605407587,-0.3710128208972776,-0.10713079723608132
s21,walk,s21_walk,111000,2021-01-01 12:32:05.714253,90.63444108761328,90.4806266136998,90.4806266136998,88.44989624994425,-0.15381447391348502,-2.184544837669037
s21,walk,s21_walk,112000,2021-01-01 12:32:07.714253,91.1854103343465,91.36981875378487,91.36981875378487,89.47186912628847,0.18440841943836972,-1.7135412080580323
s21,walk,s21_walk,113000,2021-01-01 12:32:09.714253,92.0245398773006,91.60437105573938,91.60437105573938,90.21824480159628,-0.4201688215612194,-1.8062950757043126
s21,walk,s21_walk,114000,2021-01-01 12:32:11.714253,91.1854103343465,91.15923714490138,91.15923714490138,90.54759212175307,-0.026173189445117373,-0.6378182125934302
s21,walk,s21_walk,115000,2021-01-01 12:32:13.714253,90.9090909090909,91.0089357292957,91.0089357292957,90.709062384393,0.0998448202047939,-0.2000285246979132
s21,walk,s21_walk,116000,2021-01-01 12:32:15.714253,91.1854103343465,91.12550316497983,91.12550316497983,90.85481665759839,-0.05990716936666729,-0.3305936767481086
s21,walk,s21_walk,117000,2021-01-01 12:32:17.714253,91.74311926605505,92.02064601330245,92.02064601330245,91.26285693209482,0.277526747247407,-0.48026233396022633
s21,walk,s21_walk,118000,2021-01-01 12:32:19.714253,95.54140127388536,95.48724885260755,95.48724885260755,92.74139410427426,-0.05415242127780573,-2.800007169611092
s21,walk,s21_walk,119000,2021-01-01 12:32:21.714253,95.54140127388536,95.51724944548648,95.51724944548648,93.71294347369854,-0.02415182839887109,-1.8284578001868113
s21,walk,s21_walk,120000,2021-01-01 12:32:23.714253,94.9367088607595,93.5042311280675,93.5042311280675,93.63989415272768,-1.4324777326919929,-1.2968147080318175
s21,walk,s21_walk,121000,2021-01-01 12:32:25.714253,94.9367088607595,93.40110313126475,93.40110313126475,93.55631729521565,-1.5356057294947476,-1.380391565543846
s21,walk,s21_walk,122000,2021-01-01 12:32:27.714253,94.9367088607595,93.60106249746491,93.60106249746491,93.5719781160029,-1.335646363294586,-1.3647307447565993
s21,walk,s21_walk,123000,2021-01-01 12:32:29.714253,95.23809523809524,95.84245887119593,95.84245887119593,94.36664638032046,0.6043636331006894,-0.8714488577747801
s21,walk,s21_walk,124000,2021-01-01 12:32:31.714253,95.23809523809524,95.79067934989098,95.79067934989098,94.86505791967014,0.5525841117957384,-0.373037318425105
s21,walk,s21_walk,125000,2021-01-01 12:32:33.714253,93.75,93.5460826646765,93.5460826646765,94.40341658042237,-0.20391733532349576,0.6534165804223733
s21,walk,s21_walk,126000,2021-01-01 12:32:35.714253,93.75,92.38815459685938,92.38815459685938,93.69807488617533,-1.3618454031406202,-0.051925113824665914
s21,walk,s21_walk,127000,2021-01-01 12:32:37.714253,92.0245398773006,92.38054569784536,92.38054569784536,93.23693967025984,0.35600582054476604,1.2123997929592463
s21,walk,s21_walk,128000,2021-01-01 12:32:39.714253,93.75,93.52804649956259,93.52804649956259,93.3388270605158,-0.22195350043740802,-0.41117293948420297
s21,walk,s21_walk,129000,2021-01-01 12:32:41.714253,93.89671361502349,93.68041862404635,93.68041862404635,93.4583841077515,-0.21629499097713278,-0.4383295072719875
s21,walk,s21_walk,130000,2021-01-01 12:32:43.714253,93.16770186335404,92.88581914147505,92.88581914147505,93.25798636955474,-0.28188272187898633,0.09028450620070316
s21,walk,s21_walk,131000,2021-01-01 12:32:45.714253,93.31259720062208,93.5812398664521,93.5812398664521,93.3711250934688,0.26864266583001495,0.058527892846726104
s21,walk,s21_walk,132000,2021-01-01 12:32:47.714253,92.3076923076923,92.3063087195398,92.3063087195398,92.99843936259364,-0.0013835881525068316,0.6907470549013368
s21,walk,s21_walk,133000,2021-01-01 12:32:49.714253,93.45794392523364,92.09451662438636,92.09451662438636,92.68206640422109,-1.3634273008472775,-0.7758775210125464
s21,walk,s21_walk,134000,2021-01-01 12:32:51.714253,92.3076923076923,91.3152419911852,91.3152419911852,92.20367785965854,-0.992450316507103,-0.10401444803376592
s21,walk,s21_walk,135000,2021-01-01 12:32:53.714253,88.75739644970413,90.98436551997449,90.98436551997449,91.77691854076912,2.226969070270357,3.019522091064985
s21,walk,s21_walk,136000,2021-01-01 12:32:55.714253,87.97653958944281,90.12126893649155,90.12126893649155,91.19744117927196,2.144729347048738,3.220901589829154
s21,walk,s21_walk,137000,2021-01-01 12:32:57.714253,87.46355685131195,87.81205915922538,87.81205915922538,90.01255747225566,0.34850230791343506,2.5490006209437155
s21,walk,s21_walk,138000,2021-01-01 12:32:59.714253,89.55223880597015,90.28337913684258,90.28337913684258,90.10734505486109,0.7311403308724351,0.5551062488909366
s21,walk,s21_walk,139000,2021-01-01 12:33:01.714253,93.16770186335404,92.01705759315189,92.01705759315189,90.77574444326287,-1.1506442702021502,-2.391957420091174
s21,walk,s21_walk,140000,2021-01-01 12:33:03.714253,95.23809523809524,94.19364362733813,94.19364362733813,91.9720091576892,-1.0444516107571076,-3.2660860804060405
s21,walk,s21_walk,141000,2021-01-01 12:33:05.714253,95.69377990430624,95.41879683517843,95.41879683517843,93.17838484481044,-0.27498306912781345,-2.515395059495802
s21,walk,s21_walk,142000,2021-01-01 12:33:07.714253,96.0,96.68892766229297,96.68892766229297,94.40707483092932,0.6889276622929685,-1.592925169070682
s21,walk,s21_walk,143000,2021-01-01 12:33:09.714253,95.69377990430624,95.41309261519339,95.41309261519339,94.75918105542175,-0.2806872891128478,-0.934598848884491
s21,walk,s21_walk,144000,2021-01-01 12:33:11.714253,94.48818897637796,94.07901901713011,94.07901901713011,94.52112434201968,-0.4091699592478477,0.03293536564171973
s21,walk,s21_walk,145000,2021-01-01 12:33:13.714253,92.0245398773006,92.5782094163055,92.5782094163055,93.84110411801971,0.5536695390049005,1.8165642407191172
s21,walk,s21_walk,146000,2021-01-01 12:33:15.714253,89.82035928143712,90.22291965108371,90.22291965108371,92.57473955459211,0.4025603696465936,2.754380273154993
s21,walk,s21_walk,147000,2021-01-01 12:33:17.714253,87.97653958944281,88.78801793480473,88.78801793480473,91.24938698766653,0.8114783453619197,3.2728473982237176
s21,walk,s21_walk,148000,2021-01-01 12:33:19.714253,85.83690987124464,85.64055503325541,85.64055503325541,89.28629580362264,-0.19635483798923303,3.449385932377993
s21,walk,s21_walk,149000,2021-01-01 12:33:21.714253,86.33093525179856,86.0252524444914,86.0252524444914,88.1449306279267,-0.30568280730716424,1.8139953761281333
s21,walk,s21_walk,150000,2021-01-01 12:33:23.714253,86.45533141210375,85.57793478399938,85.57793478399938,87.24648208255213,-0.8773966281043641,0.7911506704483884
s21,walk,s21_walk,151000,2021-01-01 12:33:25.714253,87.97653958944281,86.91457183500029,86.91457183500029,87.13031349590898,-1.0619677544425201,-0.8462260935338293
s21,walk,s21_walk,152000,2021-01-01 12:33:27.714253,88.49557522123894,89.507185430176,89.507185430176,87.96221867290242,1.011610208937057,-0.5333565483365135
s21,walk,s21_walk,153000,2021-01-01 12:33:29.714253,94.04388714733544,92.16528067733564,92.16528067733564,89.43329037445405,-1.878606469999795,-4.610596772881394
s21,walk,s21_walk,154000,2021-01-01 12:33:31.714253,94.19152276295134,94.84552660708243,94.84552660708243,91.32757305587398,0.6540038441310969,-2.863949707077353
s21,walk,s21_walk,155000,2021-01-01 12:33:33.714253,94.19152276295134,94.52774763265992,94.52774763265992,92.44763415774906,0.33622486970858745,-1.7438886052022724
s21,walk,s21_walk,156000,2021-01-01 12:33:35.714253,92.16589861751152,92.03093303516926,92.03093303516926,92.30178876484612,-0.13496558234226086,0.13589014733460658
s21,walk,s21_walk,157000,2021-01-01 12:33:37.714253,89.02077151335311,90.00306540064325,90.00306540064325,91.49723558737512,0.9822938872901403,2.4764640740220045
s21,walk,s21_walk,158000,2021-01-01 12:33:39.714253,89.02077151335311,89.99922127356487,89.99922127356487,90.97293057754152,0.9784497602117597,1.9521590641884075
s21,walk,s21_walk,159000,2021-01-01 12:33:41.714253,90.09009009009009,90.22442952455796,90.22442952455796,90.71095520899728,0.13433943446787566,0.6208651189071901
s21,walk,s21_walk,160000,2021-01-01 12:33:43.714253,94.04388714733544,92.54777875978755,92.54777875978755,91.35384345177387,-1.496108387547892,-2.6900436955615703
s21,walk,s21_walk,161000,2021-01-01 12:33:45.714253,95.54140127388536,95.0714775796745,95.0714775796745,92.65501539653908,-0.46992369421086266,-2.886385877346271
s21,walk,s21_walk,162000,2021-01-01 12:33:47.714253,94.04388714733544,94.63318032696958,94.63318032696958,93.34737312218977,0.5892931796341401,-0.6965140251456745
s21,walk,s21_walk,163000,2021-01-01 12:33:49.714253,93.16770186335404,92.93752388529788,92.93752388529788,93.2039258892776,-0.2301779780561617,0.03622402592355911
s21,walk,s21_walk,164000,2021-01-01 12:33:51.714253,89.82035928143712,90.53585921842024,90.53585921842024,92.27010255447752,0.7154999369831216,2.449743273040397
s21,walk,s21_walk,165000,2021-01-01 12:33:53.714253,89.28571428571428,89.58350332788248,89.58350332788248,91.32979282516925,0.2977890421682048,2.044078539454972
s21,walk,s21_walk,166000,2021-01-01 12:33:55.714253,89.28571428571428,87.9226213783126,87.9226213783126,90.13728281876942,-1.363092907401679,0.8515685330551435
s21,walk,s21_walk,167000,2021-01-01 12:33:57.714253,89.82035928143712,89.55339978096258,89.55339978096258,89.93292375553702,-0.26695950047454176,0.1125644740998979
s21,walk,s21_walk,168000,2021-01-01 12:33:59.714253,88.23529411764706,88.39686321600851,88.39686321600851,89.39530256670204,0.16156909836145417,1.1600084490549847
s21,walk,s21_walk,169000,2021-01-01 12:34:01.714253,87.2093023255814,87.738733533613,87.738733533613,88.81550340512088,0.5294312080315962,1.606201079539474
s21,walk,s21_walk,170000,2021-01-01 12:34:03.714253,85.71428571428572,85.92776967536925,85.92776967536925,87.8047965997078,0.21348396108352574,2.090510885422077
s21,walk,s21_walk,171000,2021-01-01 12:34:05.714253,86.33093525179856,85.75305041580486,85.75305041580486,87.08668543534176,-0.5778848359937001,0.7557501835431992
s21,walk,s21_walk,172000,2021-01-01 12:34:07.714253,87.97653958944281,87.10176904513322,87.10176904513322,87.09196469876878,-0.8747705443095839,-0.8845748906740312
s21,walk,s21_walk,173000,2021-01-01 12:34:09.714253,89.28571428571428,89.47220870013484,89.47220870013484,87.9250500992469,0.18649441442056514,-1.3606641864673747
s21,walk,s21_walk,174000,2021-01-01 12:34:11.714253,89.55223880597015,89.48018198055219,89.48018198055219,88.46934625770375,-0.07205682541795966,-1.0828925482664005
s21,walk,s21_walk,175000,2021-01-01 12:34:13.714253,89.28571428571428,89.34070700944372,89.34070700944372,88.77432252081275,0.054992723729441195,-0.511391764901532
s21,walk,s21_walk,176000,2021-01-01 12:34:15.714253,83.79888268156425,85.30285234300938,85.30285234300938,87.55930795858157,1.503969661445126,3.760425277017319
s21,walk,s21_walk,177000,2021-01-01 12:34:17.714253,83.79888268156425,83.86191177655691,83.86191177655691,86.26521929487294,0.06302909499265752,2.466336613308684
s21,walk,s21_walk,178000,2021-01-01 12:34:19.714254,85.22727272727273,85.34426960414287,85.34426960414287,85.94288690311741,0.11699687687013238,0.7156141758446779
s21,walk,s21_walk,179000,2021-01-01 12:34:21.714254,85.71428571428572,85.4983179832539,85.4983179832539,85.78728778116519,-0.21596773103182443,0.07300206687946798
s21,walk,s21_walk,180000,2021-01-01 12:34:23.714254,86.20689655172414,86.85797753020901,86.85797753020901,86.16202919333053,0.6510809784848703,-0.044867358393616996
s21,walk,s21_walk,181000,2021-01-01 12:34:25.714254,86.70520231213874,88.74147794719778,88.74147794719778,87.06483625718406,2.0362756350590416,0.3596339450453172
s21,walk,s21_walk,182000,2021-01-01 12:34:27.714254,86.20689655172414,86.80128925346409,86.80128925346409,86.97259480588207,0.5943927017399488,0.7656982541579254
s21,walk,s21_walk,183000,2021-01-01 12:34:29.714254,84.6262341325811,84.69580558100675,84.69580558100675,86.1757185771757,0.06957144842564844,1.5494844445945972
s21,walk,s21_walk,184000,2021-01-01 12:34:31.714254,84.6262341325811,85.40526793833483,85.40526793833483,85.9060608535814,0.7790338057537269,1.2798267210002905
s21,walk,s21_walk,185000,2021-01-01 12:34:33.714254,91.04704097116844,89.8339820190317,89.8339820190317,87.280833261489,-1.2130589521367483,-3.766207709679449
s21,walk,s21_walk,186000,2021-01-01 12:34:35.714254,90.9090909090909,90.68365230173816,90.68365230173816,88.4718199255762,-0.2254386073527428,-2.4372709835147077
s21,walk,s21_walk,187000,2021-01-01 12:34:37.714254,90.9090909090909,90.68530170454167,90.68530170454167,89.24653854821412,-0.22378920454923446,-1.6625523608767878
s21,walk,s21_walk,188000,2021-01-01 12:34:39.714254,90.63444108761328,90.25904869205421,90.25904869205421,89.60091709855816,-0.375392395559075,-1.0335239890551264
s21,walk,s21_walk,189000,2021-01-01 12:34:41.714254,89.82035928143712,89.73192579280196,89.73192579280196,89.64677014154348,-0.08843348863516098,-0.173589139893636
s21,walk,s21_walk,190000,2021-01-01 12:34:43.714254,90.09009009009009,90.13337947977428,90.13337947977428,89.81708340992427,0.04328938968419038,-0.2730066801658211
s21,walk,s21_walk,191000,2021-01-01 12:34:45.714254,90.36144578313252,90.12510153638861,90.12510153638861,89.92488975418678,-0.2363442467439114,-0.43655602894574486
s21,walk,s21_walk,192000,2021-01-01 12:34:47.714254,89.95502248875562,89.03436292518599,89.03436292518599,89.6132053640365,-0.9206595635696289,-0.34181712471911396
s21,walk,s21_walk,193000,2021-01-01 12:34:49.714254,80.97165991902834,81.10346139412125,81.10346139412125,86.63479497456616,0.13180147509291373,5.663135055537822
s21,walk,s21_walk,194000,2021-01-01 12:34:51.714254,80.64516129032258,79.80348680104346,79.80348680104346,84.24383711383322,-0.8416744892791144,3.5986758235106464
s21,walk,s21_walk,195000,2021-01-01 12:34:53.714254,83.21775312066575,82.02921529910445,82.02921529910445,83.46871947867815,-1.1885378215612974,0.2509663580124055
s21,walk,s21_walk,196000,2021-01-01 12:34:55.714254,85.9598853868195,84.43810192305085,84.43810192305085,83.80800333420859,-1.5217834637686423,-2.151882052610901
s21,walk,s21_walk,197000,2021-01-01 12:34:57.714254,85.9598853868195,85.6855579889771,85.6855579889771,84.46514746337758,-0.27432739784239857,-1.4947379234419174
s21,walk,s21_walk,198000,2021-01-01 12:34:59.714254,83.21775312066575,82.60292688952806,82.60292688952806,83.81337026253024,-0.614826231137684,0.5956171418644942
s21,walk,s21_walk,199000,2021-01-01 12:35:01.714254,83.21775312066575,83.42950116294632,83.42950116294632,83.67901607767587,0.21174804228057553,0.46126295701012054
s21,walk,s21_walk,200000,2021-01-01 12:35:03.714254,84.1514726507714,83.5417568980823,83.5417568980823,83.63097536481811,-0.6097157526890982,-0.520497285953283
s21,walk,s21_walk,201000,2021-01-01 12:35:05.714254,87.46355685131195,86.52838929902757,86.52838929902757,84.64507024179142,-0.9351675522843834,-2.8184866095205336
s21,walk,s21_walk,202000,2021-01-01 12:35:07.714254,87.97653958944281,88.66332457422178,88.66332457422178,86.05145925814205,0.6867849847789671,-1.9250803313007623
s21,walk,s21_walk,203000,2021-01-01 12:35:09.714254,86.95652173913044,87.8109826718026,87.8109826718026,86.66729245292323,0.8544609326721684,-0.28922928620720256
s21,walk,s21_walk,204000,2021-01-01 12:35:11.714254,85.22727272727273,86.1197063498395,86.1197063498395,86.47563731684393,0.8924336225667702,1.248364589571196
s21,walk,s21_walk,205000,2021-01-01 12:35:13.714254,85.22727272727273,85.57365978654346,85.57365978654346,86.15994518123877,0.3463870592707252,0.9326724539660347
s21,walk,s21_walk,206000,2021-01-01 12:35:15.714254,87.97653958944281,87.70598017122828,87.70598017122828,86.7010574277351,-0.2705594182145319,-1.2754821617077141
s21,walk,s21_walk,207000,2021-01-01 12:35:17.714254,91.1854103343465,90.61008202276857,90.61008202276857,88.06921603599682,-0.575328311577934,-3.116194298349683
s21,walk,s21_walk,208000,2021-01-01 12:35:19.714254,90.9090909090909,90.94776684009662,90.94776684009662,89.07670881743175,0.03867593100571298,-1.8323820916591558
s21,walk,s21_walk,209000,2021-01-01 12:35:21.714254,90.09009009009009,90.31012201012557,90.31012201012557,89.5084034348746,0.22003192003548122,-0.581686655215492
s21,walk,s21_walk,210000,2021-01-01 12:35:23.714254,86.95652173913044,87.47473855943782,87.47473855943782,88.79662072847172,0.5182168203073871,1.8400989893412856
s21,walk,s21_walk,211000,2021-01-01 12:35:25.714254,83.56545961002786,84.63435200408196,84.63435200408196,87.33982667493531,1.068892394054103,3.7743670649074517
s21,walk,s21_walk,212000,2021-01-01 12:35:27.714254,81.52173913043478,81.85476318090717,81.85476318090717,85.42005445202545,0.3330240504723889,3.8983153215906725
s21,walk,s21_walk,213000,2021-01-01 12:35:29.714254,82.64462809917356,82.71040320381421,82.71040320381421,84.47167651515153,0.06577510464065028,1.8270484159779699
s21,walk,s21_walk,214000,2021-01-01 12:35:31.714254,82.3045267489712,82.27088761360537,82.27088761360537,83.70140039961038,-0.03363913536583141,1.3968736506391792
s21,walk,s21_walk,215000,2021-01-01 12:35:33.714254,82.87292817679558,82.77614767928817,82.77614767928817,83.37756194749761,-0.09678049750741025,0.5046337707020285
s21,walk,s21_walk,216000,2021-01-01 12:35:35.714254,85.22727272727273,84.0730636138068,84.0730636138068,83.62098753070583,-1.1542091134659387,-1.6062851965669012
s21,walk,s21_walk,217000,2021-01-01 12:35:37.714254,85.47008547008548,84.48662211715452,84.48662211715452,83.92395963596287,-0.9834633529309542,-1.5461258341226056
s21,walk,s21_walk,218000,2021-01-01 12:35:39.714254,85.9598853868195,86.17494991439374,86.17494991439374,84.71180623341368,0.215064527574242,-1.2480791534058113
s21,walk,s21_walk,219000,2021-01-01 12:35:41.714254,86.95652173913044,87.49266223913396,87.49266223913396,85.68510583541578,0.5361405000035262,-1.2714159037146544
s21,walk,s21_walk,220000,2021-01-01 12:35:43.714254,89.02077151335311,87.68958560012672,87.68958560012672,86.38667375306461,-1.331185913226392,-2.6340977602884976
s21,walk,s21_walk,221000,2021-01-01 12:35:45.714254,89.82035928143712,88.97270271885957,88.97270271885957,87.29178389109285,-0.847656562577555,-2.5285753903442725
s21,walk,s21_walk,222000,2021-01-01 12:35:47.714254,91.46341463414632,91.84266985245632,91.84266985245632,88.88459397757006,0.3792552183100071,-2.578820656576255
s21,walk,s21_walk,223000,2021-01-01 12:35:49.714254,92.0245398773006,94.38084069143586,94.38084069143586,90.80828032742309,2.356300814135267,-1.2162595498775062
s21,walk,s21_walk,224000,2021-01-01 12:35:51.714254,91.46341463414632,94.27045094260649,94.27045094260649,92.02004004273728,2.8070363084601695,0.5566254085909605
s21,walk,s21_walk,225000,2021-01-01 12:35:53.714254,84.03361344537815,92.68177393369933,92.68177393369933,92.25164690457399,8.648160488321182,8.218033459195837
s21,walk,s21_walk,226000,2021-01-01 12:35:55.714254,83.44923504867873,84.00487945871939,84.00487945871939,89.36527829852488,0.5556444100406566,5.916043249846155
s21,walk,s21_walk,227000,2021-01-01 12:35:57.714254,84.6262341325811,85.4760923775458,85.4760923775458,88.00406322618221,0.8498582449646932,3.3778290936011075
s21,walk,s21_walk,228000,2021-01-01 12:35:59.714254,85.59201141226819,85.45787510573969,85.45787510573969,87.11289738402732,-0.13413630652850372,1.520885971759128
s21,walk,s21_walk,229000,2021-01-01 12:36:01.714254,86.95652173913044,87.0419600600863,87.0419600600863,87.08806932064796,0.08543832095585913,0.13154758151752333
s21,walk,s21_walk,230000,2021-01-01 12:36:03.714254,87.97653958944281,87.8338167833896,87.8338167833896,87.34908093260754,-0.1427228060532144,-0.6274586568352731
s21,walk,s21_walk,231000,2021-01-01 12:36:05.714254,89.02077151335311,89.89000326997102,89.89000326997102,88.23840375068475,0.8692317566179071,-0.7823677626683576
s21,walk,s21_walk,232000,2021-01-01 12:36:07.714254,89.02077151335311,90.31658005201119,90.31658005201119,88.965765456149,1.295808538658079,-0.05500605720411045
s21,walk,s21_walk,233000,2021-01-01 12:36:09.714254,89.02077151335311,90.27897336619549,90.27897336619549,89.42538822466527,1.258201852842376,0.4046167113121584
s21,walk,s21_walk,234000,2021-01-01 12:36:11.714254,89.02077151335311,88.72718155868161,88.72718155868161,89.18101589157098,-0.2935899546715035,0.1602443782178682
s21,walk,s21_walk,235000,2021-01-01 12:36:13.714254,87.71929824561403,85.20910152718406,85.20910152718406,87.79084586403556,-2.5101967184299667,0.07154761842153334
s21,walk,s21_walk,236000,2021-01-01 12:36:15.714254,87.71929824561403,87.41344768392436,87.41344768392436,87.65875650099665,-0.30585056168966673,-0.06054174461738171
s21,walk,s21_walk,237000,2021-01-01 12:36:17.714254,86.58008658008659,87.11393829737484,87.11393829737484,87.46807012972901,0.5338517172882575,0.8879835496424278
s21,walk,s21_walk,238000,2021-01-01 12:36:19.714254,87.71929824561403,90.00418348442106,90.00418348442106,88.35570980387124,2.2848852388070355,0.6364115582572083
s21,walk,s21_walk,239000,2021-01-01 12:36:21.714254,93.45794392523364,92.85022515114647,92.85022515114647,89.92879017541756,-0.6077187740871608,-3.529153749816075
s22,run,s22_run,0,2021-01-01 12:29:37.986649,92.0245398773006,92.94660409657719,92.94660409657719,92.94660409657719,0.9220642192765922,0.9220642192765922
s22,run,s22_run,1000,2021-01-01 12:29:39.986649,92.0245398773006,91.85090389493833,91.85090389493833,92.56310902600359,-0.17363598236227062,0.5385691487029902
s22,run,s22_run,2000,2021-01-01 12:29:41.986649,88.49557522123894,89.04103484565606,89.04103484565606,91.33038306288195,0.5454596244171199,2.8348078416430127
s22,run,s22_run,3000,2021-01-01 12:29:43.986649,88.75739644970413,89.3816763780372,89.3816763780372,90.64833572318628,0.6242799283330669,1.8909392734821466
s22,run,s22_run,4000,2021-01-01 12:29:45.986649,92.3076923076923,91.0446598614608,91.0446598614608,90.78704917158237,-1.263032446231506,-1.520643136109939
s22,run,s22_run,5000,2021-01-01 12:29:47.986649,94.04388714733544,93.56247224577083,93.56247224577083,91.75844724754833,-0.4814149015646052,-2.2854398997871073
s22,run,s22_run,6000,2021-01-01 12:29:49.986649,94.33962264150944,94.72185308997578,94.72185308997578,92.79563929239794,0.3822304484663448,-1.5439833491114996
s22,run,s22_run,7000,2021-01-01 12:29:51.986649,94.04388714733544,92.65569457561945,92.65569457561945,92.74665864152547,-1.3881925717159902,-1.2972285058099686
s22,run,s22_run,8000,2021-01-01 12:29:53.986649,91.74311926605505,92.14748523202095,92.14748523202095,92.5369479481989,0.40436596596590846,0.7938286821438538
s22,run,s22_run,9000,2021-01-01 12:29:55.986649,92.44992295839754,91.90082945297435,91.90082945297435,92.3143064748703,-0.5490935054231869,-0.13561648352722955
s22,run,s22_run,10000,2021-01-01 12:29:57.986649,96.0,95.96502602166748,95.96502602166748,93.59205831624931,-0.03497397833251625,-2.4079416837506926
s22,run,s22_run,11000,2021-01-01 12:29:59.986649,97.2447325769854,97.42721275641036,97.42721275641036,94.93436237030568,0.18248017942495665,-2.310370206679721
s22,run,s22_run,12000,2021-01-01 12:30:01.986649,100.33444816053512,100.42628378438287,100.42628378438287,96.8565348652327,0.09183562384775712,-3.4779132953024146
s22,run,s22_run,13000,2021-01-01 12:30:03.986649,101.18043844856662,102.25751272490614,102.25751272490614,98.74687711611841,1.0770742763395162,-2.433561332448207
s22,run,s22_run,14000,2021-01-01 12:30:05.986649,109.4890510948905,108.12345921492229,108.12345921492229,102.02868085069977,-1.365591879968207,-7.460370244190727
s22,run,s22_run,15000,2021-01-01 12:30:07.986649,113.85199240986717,111.32994957653037,111.32994957653037,105.28412490474048,-2.5220428333367977,-8.567867505126685
s22,run,s22_run,16000,2021-01-01 12:30:09.986649,114.06844106463878,113.87514615702925,113.87514615702925,108.29098234304155,-0.19329490760952694,-5.7774587215972275
s22,run,s22_run,17000,2021-01-01 12:30:11.986649,114.06844106463878,113.25756446898063,113.25756446898063,110.02928608712023,-0.8108765956581436,-4.03915497751855
s22,run,s22_run,18000,2021-01-01 12:30:13.986649,107.9136690647482,108.68985212633223,108.68985212633223,109.56048420084443,0.7761830615840211,1.6468151360962224
s22,run,s22_run,19000,2021-01-01 12:30:15.986649,105.26315789473684,104.85700320165118,104.85700320165118,107.9142658511268,-0.40615469308565366,2.651107956389964
s22,run,s22_run,20000,2021-01-01 12:30:17.986649,104.34782608695652,101.65546872383607,101.65546872383607,105.72368685657504,-2.6923573631204505,1.3758607696185265
s22,run,s22_run,21000,2021-01-01 12:30:19.986649,100.67114093959732,99.8764581705777,99.8764581705777,103.67715681647599,-0.7946827690196159,3.0060158768786636
s22,run,s22_run,22000,2021-01-01 12:30:21.986649,100.67114093959732,99.76725762445527,99.76725762445527,102.30869209926874,-0.9038833151420533,1.6375511596714176
s22,run,s22_run,23000,2021-01-01 12:30:23.986649,102.38907849829351,103.77325599758639,103.77325599758639,102.82128946367993,1.3841774992928748,0.43221096538641746
s22,run,s22_run,24000,2021-01-01 12:30:25.986649,105.26315789473684,103.89708090468406,103.89708090468406,103.19781646803138,-1.3660769900527754,-2.0653414267054586
s22,run,s22_run,25000,2021-01-01 12:30:27.986649,106.19469026548674,104.31131356384803,104.31131356384803,103.58754045156721,-1.88337670163871,-2.607149813919534
s22,run,s22_run,26000,2021-01-01 12:30:29.986649,85.9598853868195,86.11321282308792,86.11321282308792,97.47152578159945,0.1533274362684267,11.51164039477996
s22,run,s22_run,27000,2021-01-01 12:30:31.986649,82.41758241758242,85.62637975426733,85.62637975426733,93.3257246720332,3.20879733668491,10.90814225445078
s22,run,s22_run,28000,2021-01-01 12:30:33.986649,82.41758241758242,82.75471385304661,82.75471385304661,89.6258708853879,0.3371314354641868,7.208288467805474
s22,run,s22_run,29000,2021-01-01 12:30:35.986649,85.47008547008548,85.74847745452453,85.74847745452453,88.26878318458571,0.2783919844390539,2.7986977145002356
s22,run,s22_run,30000,2021-01-01 12:30:37.986649,87.46355685131195,87.06527598863809,87.06527598863809,87.84755566600404,-0.3982808626738574,0.38399881469209163
s22,run,s22_run,31000,2021-01-01 12:30:39.986649,87.46355685131195,87.59351000921401,87.59351000921401,87.75863968612754,0.1299531579020652,0.29508283481558806
s22,run,s22_run,32000,2021-01-01 12:30:41.986649,89.28571428571428,88.54840178457944,88.54840178457944,88.0350564205857,-0.7373125011348378,-1.2506578651285736
s22,run,s22_run,33000,2021-01-01 12:30:43.986649,90.36144578313252,89.65906433465989,89.65906433465989,88.60345919051167,-0.7023814484726358,-1.7579865926208527
s22,run,s22_run,34000,2021-01-01 12:30:45.986649,91.46341463414632,91.16060460437366,91.16060460437366,89.49846008536338,-0.30281002977265814,-1.9649545487829414
s22,run,s22_run,35000,2021-01-01 12:30:47.986649,93.45794392523364,93.79055651313891,93.79055651313891,91.00069383508482,0.3326125879052739,-2.4572500901488183
s22,run,s22_run,36000,2021-01-01 12:30:49.986649,94.33962264150944,92.38606800115319,92.38606800115319,91.48557479320874,-1.953554640356245,-2.854047848300695
s22,run,s22_run,37000,2021-01-01 12:30:51.986649,94.33962264150944,95.13381396910725,95.13381396910725,92.76245850477322,0.7941913275978152,-1.577164136736215
s22,run,s22_run,38000,2021-01-01 12:30:53.986649,95.23809523809524,95.69758804704098,95.69758804704098,93.78975384456695,0.45949280894573974,-1.4483413935282954
s22,run,s22_run,39000,2021-01-01 12:30:55.986649,96.15384615384616,96.90778555887165,96.90778555887165,94.88106494457358,0.7539394050254913,-1.2727812092725799
s22,run,s22_run,40000,2021-01-01 12:30:57.986649,93.45794392523364,94.3738956809125,94.3738956809125,94.70355570229219,0.9159517556788614,1.2456117770585564
s22,run,s22_run,41000,2021-01-01 12:30:59.986649,94.7867298578199,94.39071706503232,94.39071706503232,94.59406217925124,-0.3960127927875874,-0.19266767856866807
s22,run,s22_run,42000,2021-01-01 12:31:01.986649,96.4630225080386,96.63332702123479,96.63332702123479,95.30780487394549,0.17030451319618578,-1.1552176340931197
s22,run,s22_run,43000,2021-01-01 12:31:03.986649,96.61835748792272,96.66657614381383,96.66657614381383,95.78337481839941,0.0482186558911053,-0.8349826695233133
s22,run,s22_run,44000,2021-01-01 12:31:05.986649,97.2447325769854,97.3762960444485,97.3762960444485,96.34089724751658,0.13156346746309566,-0.9038353294688193
s22,run,s22_run,45000,2021-01-01 12:31:07.986649,97.5609756097561,97.39357010252688,97.39357010252688,96.70933274677019,-0.1674055072292191,-0.8516428629859121
s22,run,s22_run,46000,2021-01-01 12:31:09.986649,97.5609756097561,97.34230157315446,97.34230157315446,96.93087183600468,-0.21867403660164086,-0.630103773751415
s22,run,s22_run,47000,2021-01-01 12:31:11.986649,97.5609756097561,96.88396705436503,96.88396705436503,96.91445516243081,-0.677008555391069,-0.6465204473252868
s22,run,s22_run,48000,2021-01-01 12:31:13.986649,97.7198697068404,98.08584465169334,98.08584465169334,97.3244414836727,0.3659749448529368,-0.39542822316769843
s22,run,s22_run,49000,2021-01-01 12:31:15.986649,104.71204188481676,101.28645763680554,101.28645763680554,98.7111471372692,-3.4255842480112193,-6.000894747547562
s22,run,s22_run,50000,2021-01-01 12:31:17.986649,104.71204188481676,105.44834402712164,105.44834402712164,101.06916604871755,0.7363021423048792,-3.6428758360992077
s22,run,s22_run,51000,2021-01-01 12:31:19.986649,104.52961672473867,105.04484416618602,105.04484416618602,102.46065338983152,0.515227441447351,-2.068963334907153
s22,run,s22_run,52000,2021-01-01 12:31:21.986649,103.62694300518136,104.79011566572814,104.79011566572814,103.27596518639534,1.1631726605467776,-0.35097781878602063
s22,run,s22_run,53000,2021-01-01 12:31:23.986649,103.09278350515464,103.57240653452247,103.57240653452247,103.37971965823985,0.4796230293678292,0.2869361530852075
s22,run,s22_run,54000,2021-01-01 12:31:25.986649,102.73972602739728,103.09533768662094,103.09533768662094,103.28018596817321,0.3556116592236549,0.5404599407759321
s22,run,s22_run,55000,2021-01-01 12:31:27.986649,102.38907849829351,102.62523153795372,102.62523153795372,103.0509519175964,0.23615303966020917,0.6618734193028786
s22,run,s22_run,56000,2021-01-01 12:31:29.986649,101.69491525423727,101.96023539089637,101.96023539089637,102.66920113325139,0.26532013665909915,0.9742858790141184
s22,run,s22_run,57000,2021-01-01 12:31:31.986649,101.69491525423727,102.7243083431938,102.7243083431938,102.68848865673124,1.0293930889565246,0.9935734024939649
s22,run,s22_run,58000,2021-01-01 12:31:33.986649,104.52961672473867,103.95444448583795,103.95444448583795,103.1315731969186,-0.5751722389007199,-1.3980435278200787
s22,run,s22_run,59000,2021-01-01 12:31:35.986649,105.63380281690142,105.42770149410569,105.42770149410569,103.93521810093407,-0.2061013227957318,-1.6985847159673568
s22,run,s22_run,60000,2021-01-01 12:31:37.986649,105.26315789473684,104.77121413771799,104.77121413771799,104.22781671380844,-0.49194375701884496,-1.0353411809283983
s22,run,s22_run,61000,2021-01-01 12:31:39.986649,102.04081632653062,100.303925347753,100.303925347753,102.85445473568903,-1.7368909787776232,0.8136384091584148
s22,run,s22_run,62000,2021-01-01 12:31:41.986649,93.31259720062208,92.5689866740949,92.5689866740949,99.25454091413108,-0.7436105265271777,5.941943713509005
s22,run,s22_run,63000,2021-01-01 12:31:43.986649,92.87925696594426,91.28568223973978,91.28568223973978,96.46544037809413,-1.59357472620448,3.5861834121498646
s22,run,s22_run,64000,2021-01-01 12:31:45.986649,94.6372239747634,92.2673439748296,92.2673439748296,94.99610663695154,-2.3698799999338007,0.3588826621881367
s22,run,s22_run,65000,2021-01-01 12:31:47.986649,95.54140127388536,95.38354393548236,95.38354393548236,95.13170969143732,-0.15785733840299088,-0.4096915824480334
s22,run,s22_run,66000,2021-01-01 12:31:49.986649,102.38907849829351,100.10274658268051,100.10274658268051,96.87157260337244,-2.2863319156130046,-5.517505894921072
s22,run,s22_run,67000,2021-01-01 12:31:51.986649,104.52961672473867,104.221536723044,104.221536723044,99.44406004525749,-0.30808000169467675,-5.085556679481186
s22,run,s22_run,68000,2021-01-01 12:31:53.986649,106.0070671378092,106.77092405976576,106.77092405976576,102.00846245033537,0.7638569219565596,-3.9986046874738292
s22,run,s22_run,69000,2021-01-01 12:31:55.986649,107.5268817204301,108.87653419193813,108.87653419193813,104.41228755989633,1.349652471508037,-3.1145941605337697
s22,run,s22_run,70000,2021-01-01 12:31:57.986649,107.5268817204301,108.19048537961547,108.19048537961547,105.73465679679802,0.6636036591853696,-1.7922249236320766
s22,run,s22_run,71000,2021-01-01 12:31:59.986649,98.03921568627452,94.15169363184805,94.15169363184805,101.68061968906552,-3.8875220544264693,3.641404002791006
s22,run,s22_run,72000,2021-01-01 12:32:01.986649,88.23529411764706,89.53746400050892,89.53746400050892,97.43051519807071,1.302169882861861,9.19522108042365
s22,run,s22_run,73000,2021-01-01 12:32:03.986649,86.83068017366136,87.09784298275562,87.09784298275562,93.81407992271043,0.26716280909425905,6.98339974904907
s22,run,s22_run,74000,2021-01-01 12:32:05.986649,87.3362445414847,87.71439160380493,87.71439160380493,91.67918901109351,0.3781470623202239,4.34294446960881
s22,run,s22_run,75000,2021-01-01 12:32:07.986649,86.95652173913044,87.10669662187388,87.10669662187388,90.07881667486663,0.1501748827434426,3.1222949357361927
s22,run,s22_run,76000,2021-01-01 12:32:09.986649,85.71428571428572,86.08676124650582,86.08676124650582,88.68159727494034,0.37247553222009344,2.967311560654622
s22,run,s22_run,77000,2021-01-01 12:32:11.986649,83.79888268156425,83.43500677791583,83.43500677791583,86.84529060098177,-0.36387590364842026,3.0464079194175184
s22,run,s22_run,78000,2021-01-01 12:32:13.986649,85.22727272727273,83.99429101713623,83.99429101713623,85.84744074663583,-1.2329817101364995,0.6201680193630921
s22,run,s22_run,79000,2021-01-01 12:32:15.986649,93.45794392523364,93.54727936479324,93.54727936479324,88.54238426299092,0.08933543955960488,-4.915559662242714
s22,run,s22_run,80000,2021-01-01 12:32:17.986649,96.4630225080386,98.23118124519695,98.23118124519695,91.93346320676304,1.7681587371583447,-4.529559301275569
s22,run,s22_run,81000,2021-01-01 12:32:19.986649,98.03921568627452,97.6193687664998,97.6193687664998,93.9235301526709,-0.419846919774713,-4.11568553360361
s22,run,s22_run,82000,2021-01-01 12:32:21.986649,97.7198697068404,97.15894818126526,97.15894818126526,95.05592646267893,-0.5609215255751394,-2.663943244161473
s22,run,s22_run,83000,2021-01-01 12:32:23.986649,97.7198697068404,97.87654472409957,97.87654472409957,96.04314285417615,0.15667501725917532,-1.6767268526642454
s22,run,s22_run,84000,2021-01-01 12:32:25.986649,103.44827586206895,102.8307607885257,102.8307607885257,98.41880913119849,-0.6175150735432595,-5.0294667308704675
s22,run,s22_run,85000,2021-01-01 12:32:27.986649,104.34782608695652,103.65044017602764,103.65044017602764,100.2498799968887,-0.6973859109288725,-4.097946090067822
s22,run,s22_run,86000,2021-01-01 12:32:29.986649,101.86757215619694,102.80907454754609,102.80907454754609,101.14559808961879,0.9415023913491467,-0.7219740665781558
s22,run,s22_run,87000,2021-01-01 12:32:31.986649,90.63444108761328,91.18186476295628,91.18186476295628,97.6582914252869,0.5474236753429977,7.023850337673622
s22,run,s22_run,88000,2021-01-01 12:32:33.986649,89.55223880597015,89.33932112703397,89.33932112703397,94.74665182089838,-0.2129176789361793,5.19441301492823
s22,run,s22_run,89000,2021-01-01 12:32:35.986649,90.09009009009009,91.30618327727483,91.30618327727483,93.54248783063014,1.2160931871847396,3.45239774054005
s22,run,s22_run,90000,2021-01-01 12:32:37.986649,95.23809523809524,93.33195260829478,93.33195260829478,93.46880050281277,-1.9061426298004562,-1.7692947352824717
s22,run,s22_run,91000,2021-01-01 12:32:39.986649,97.5609756097561,97.74969491142222,97.74969491142222,94.96711354582607,0.18871930166612572,-2.5938620639300325
s22,run,s22_run,92000,2021-01-01 12:32:41.986649,99.009900990099,98.81070057926733,98.81070057926733,96.3123690075305,-0.19920041083166495,-2.697531982568492
s22,run,s22_run,93000,2021-01-01 12:32:43.986649,99.50248756218906,99.36179810481288,99.36179810481288,97.37966919157934,-0.1406894573761832,-2.1228183706097212
s22,run,s22_run,94000,2021-01-01 12:32:45.986649,100.33444816053512,101.77681532361888,101.77681532361888,98.91867033779317,1.442367163083759,-1.4157778227419442
s22,run,s22_run,95000,2021-01-01 12:32:47.986649,101.18043844856662,102.57350768506028,102.57350768506028,100.19786340933666,1.393069236493659,-0.9825750392299568
s22,run,s22_run,96000,2021-01-01 12:32:49.986649,102.73972602739728,102.54394960030196,102.54394960030196,101.01899357617452,-0.19577642709532483,-1.7207324512227586
s22,run,s22_run,97000,2021-01-01 12:32:51.986649,99.009900990099,100.94431799826562,100.94431799826562,100.9928571239064,1.9344170081666192,1.9829561338074058
s22,run,s22_run,98000,2021-01-01 12:32:53.986649,99.33774834437088,98.35274731328492,98.35274731328492,100.06881869018889,-0.9850010310859574,0.7310703458180114
s22,run,s22_run,99000,2021-01-01 12:32:55.986649,99.66777408637874,99.36164855830296,99.36164855830296,99.82130914402882,-0.30612552807578197,0.1535350576500747
s22,run,s22_run,100000,2021-01-01 12:32:57.986649,97.87928221859708,97.60216614630946,97.60216614630946,99.04460909482705,-0.277116072287626,1.1653268762299689
s22,run,s22_run,101000,2021-01-01 12:32:59.986649,96.4630225080386,95.68031432138778,95.68031432138778,97.86710592412331,-0.7827081866508223,1.4040834160847027
s22,run,s22_run,102000,2021-01-01 12:33:01.986649,91.46341463414632,91.41836510554323,91.41836510554323,95.61004663762029,-0.0450495286030872,4.146632003473968
s22,run,s22_run,103000,2021-01-01 12:33:03.986649,89.02077151335311,88.99518365775957,88.99518365775957,93.29484459466903,-0.025587855593542486,4.274073081315919
s22,run,s22_run,104000,2021-01-01 12:33:05.986649,89.02077151335311,89.0402336299892,89.0402336299892,91.80573075703109,0.019462116636091764,2.7849592436779744
s22,run,s22_run,105000,2021-01-01 12:33:07.986649,92.7357032457496,91.52561956014685,91.52561956014685,91.7076918381216,-1.2100836856027541,-1.028011407628
s22,run,s22_run,106000,2021-01-01 12:33:09.986649,93.603744149766,94.1094264962725,94.1094264962725,92.54829896847443,0.5056823465065037,-1.0554451812915744
s22,run,s22_run,107000,2021-01-01 12:33:11.986649,93.16770186335404,94.22618518187203,94.22618518187203,93.13555914316359,1.058483318517986,-0.032142720190449836
s22,run,s22_run,108000,2021-01-01 12:33:13.986649,92.3076923076923,92.79907714971591,92.79907714971591,93.01779044545691,0.49138484202360644,0.7100981377646036
s22,run,s22_run,109000,2021-01-01 12:33:15.986649,90.63444108761328,91.29758953451598,91.29758953451598,92.41572012662758,0.6631484469026958,1.7812790390142936
s22,run,s22_run,110000,2021-01-01 12:33:17.986649,90.63444108761328,91.04588915136945,91.04588915136945,91.93627928528723,0.4114480637561684,1.3018381976739448
s22,run,s22_run,111000,2021-01-01 12:33:19.986649,89.82035928143712,90.2687358101641,90.2687358101641,91.35263906899414,0.44837652872698186,1.532279787557016
s22,run,s22_run,112000,2021-01-01 12:33:21.986649,86.70520231213874,88.21980947912412,88.21980947912412,90.25614871253964,1.5146071669853853,3.5509464004009033
s22,run,s22_run,113000,2021-01-01 12:33:23.986649,86.70520231213874,86.74809390869422,86.74809390869422,89.02832953119375,0.04289159655547792,2.32312721905501
s22,run,s22_run,114000,2021-01-01 12:33:25.986649,86.58008658008659,86.1986129439597,86.1986129439597,88.03792872566183,-0.38147363612688423,1.457842145575242
s22,run,s22_run,115000,2021-01-01 12:33:27.986649,84.86562942008487,85.5822642632439,85.5822642632439,87.17844616381555,0.7166348431590279,2.3128167437306786
s22,run,s22_run,116000,2021-01-01 12:33:29.986649,87.2093023255814,87.31591367162974,87.31591367162974,87.22655979155051,0.10661134604833933,0.017257465969109376
s22,run,s22_run,117000,2021-01-01 12:33:31.986649,88.23529411764706,88.47269126471136,88.47269126471136,87.66270580715681,0.23739714706429993,-0.5725883104902465
s22,run,s22_run,118000,2021-01-01 12:33:33.986649,92.5925925925926,90.94667987194039,90.94667987194039,88.81209672983107,-1.6459127206522055,-3.7804958627615264
s22,run,s22_run,119000,2021-01-01 12:33:35.986649,94.48818897637796,93.65654181959889,93.65654181959889,90.5076525112498,-0.83164715677907,-3.9805364651281536
s22,run,s22_run,120000,2021-01-01 12:33:37.986649,95.69377990430624,96.89438598533674,96.89438598533674,92.74300922718024,1.2006060810305001,-2.950770677126002
s22,run,s22_run,121000,2021-01-01 12:33:39.986649,100.33444816053512,104.47662766224333,104.47662766224333,96.84977567945232,4.142179501708213,-3.4846724810827965
s22,run,s22_run,122000,2021-01-01 12:33:41.986649,100.33444816053512,103.63775029913498,103.63775029913498,99.22556679634125,3.303302138599861,-1.1088813641938629
s22,run,s22_run,123000,2021-01-01 12:33:43.986649,94.04388714733544,94.76640405001392,94.76640405001392,97.66485983512669,0.7225169026784783,3.6209726877912516
s22,run,s22_run,124000,2021-01-01 12:33:45.986649,94.04388714733544,92.8511857864013,92.8511857864013,95.9800739180728,-1.1927013609341373,1.9361867707373648
s22,run,s22_run,125000,2021-01-01 12:33:47.986650,101.35135135135135,97.13408536704874,97.13408536704874,96.38397792521438,-4.217265984302614,-4.967373426136973
s22,run,s22_run,126000,2021-01-01 12:33:49.986650,103.62694300518136,103.74291510488858,103.74291510488858,98.95960593810035,0.11597209970722133,-4.667337067081007
s22,run,s22_run,127000,2021-01-01 12:33:51.986650,103.44827586206895,104.80793977229155,104.80793977229155,101.00652278006727,1.3596639102225936,-2.441753082001682
s22,run,s22_run,128000,2021-01-01 12:33:53.986650,103.80622837370242,105.12619534469711,105.12619534469711,102.44840817768771,1.3199669709946846,-1.357820196014714
s22,run,s22_run,129000,2021-01-01 12:33:55.986650,106.0070671378092,105.33175868927154,105.33175868927154,103.45758085674206,-0.6753084485376633,-2.5494862810671464
s22,run,s22_run,130000,2021-01-01 12:33:57.986650,108.30324909747291,107.07445830167201,107.07445830167201,104.72348796246754,-1.2287907958009043,-3.57976113500537
s22,run,s22_run,131000,2021-01-01 12:33:59.986650,108.69565217391305,108.61149870006399,108.61149870006399,106.0842917206263,-0.08415347384905658,-2.61136045328675
s22,run,s22_run,132000,2021-01-01 12:34:01.986650,108.30324909747291,107.36119101266772,107.36119101266772,106.53120647284078,-0.9420580848051969,-1.7720426246321352
s22,run,s22_run,133000,2021-01-01 12:34:03.986650,99.17355371900828,100.97775556535358,100.97775556535358,104.58749865522026,1.8042018463452933,5.413944936211976
s22,run,s22_run,134000,2021-01-01 12:34:05.986650,100.33444816053512,99.56527921908393,99.56527921908393,102.82972185257255,-0.7691689414511842,2.495273692037429
s22,run,s22_run,135000,2021-01-01 12:34:07.986650,100.8403361344538,100.01415473357198,100.01415473357198,101.84427336092236,-0.826181400881822,1.003937226468551
s22,run,s22_run,136000,2021-01-01 12:34:09.986650,102.38907849829351,102.78862922012247,102.78862922012247,102.1747979116424,0.3995507218289589,-0.21428058665111394
s22,run,s22_run,137000,2021-01-01 12:34:11.986650,102.38907849829351,102.35525771016835,102.35525771016835,102.23795884112647,-0.03382078812516909,-0.1511196571670439
s22,run,s22_run,138000,2021-01-01 12:34:13.986650,97.87928221859708,99.43735471405037,99.43735471405037,101.25774739664985,1.5580724954532883,3.378465178052764
s22,run,s22_run,139000,2021-01-01 12:34:15.986650,97.87928221859708,97.63103082614754,97.63103082614754,99.98839659697404,-0.24825139244954642,2.109114378376958
s22,run,s22_run,140000,2021-01-01 12:34:17.986650,99.009900990099,98.477741440854,98.477741440854,99.45966729233203,-0.5321595492449944,0.44976630223303005
s22,run,s22_run,141000,2021-01-01 12:34:19.986650,105.82010582010582,103.49609589967417,103.49609589967417,100.87241730490177,-2.3240099204316493,-4.9476885152040495
s22,run,s22_run,142000,2021-01-01 12:34:21.986650,109.89010989010988,109.80945990030746,109.80945990030746,104.00038221329376,-0.08064998980242422,-5.889727676816122
s22,run,s22_run,143000,2021-01-01 12:34:23.986650,110.7011070110701,111.53257616084406,111.53257616084406,106.63665009493636,0.8314691497739517,-4.06445691613375
s22,run,s22_run,144000,2021-01-01 12:34:25.986650,111.1111111111111,111.66873609733028,111.66873609733028,108.39788019577423,0.5576249862191816,-2.7132309153368652
s22,run,s22_run,145000,2021-01-01 12:34:27.986650,108.69565217391305,108.51091383205608,108.51091383205608,108.43744196847288,-0.18473834185697058,-0.2582102054401645
s22,run,s22_run,146000,2021-01-01 12:34:29.986650,101.010101010101,102.7192052372398,102.7192052372398,106.4360591125413,1.709104227138809,5.425958102440305
s22,run,s22_run,147000,2021-01-01 12:34:31.986650,96.93053311793214,97.08812446454753,97.08812446454753,103.16428198574349,0.15759134661539065,6.233748867811343
s22,run,s22_run,148000,2021-01-01 12:34:33.986650,96.93053311793214,96.75012329875159,96.75012329875159,100.91932644529632,-0.18040981918055365,3.988793327364178
s22,run,s22_run,149000,2021-01-01 12:34:35.986650,101.86757215619694,99.97633653689357,99.97633653689357,100.58927997735536,-1.891235619303373,-1.278292178841582
s22,run,s22_run,150000,2021-01-01 12:34:37.986650,102.38907849829351,103.48182669564306,103.48182669564306,101.60167132875605,1.0927481973495503,-0.7874071695374596
s22,run,s22_run,151000,2021-01-01 12:34:39.986650,102.38907849829351,103.29482193536393,103.29482193536393,102.19427404106881,0.9057434370704129,-0.19480445722470563
s22,run,s22_run,152000,2021-01-01 12:34:41.986650,104.16666666666669,104.56506199523305,104.56506199523305,103.02404982502628,0.39839532856636595,-1.142616841640404
s22,run,s22_run,153000,2021-01-01 12:34:43.986650,104.16666666666669,104.32635413273928,104.32635413273928,103.47985633272583,0.15968746607259732,-0.6868103339408549
s22,run,s22_run,154000,2021-01-01 12:34:45.986650,104.16666666666669,102.94918680518178,102.94918680518178,103.29412199808542,-1.2174798614849038,-0.8725446685812699
s22,run,s22_run,155000,2021-01-01 12:34:47.986650,102.04081632653062,102.51705335441137,102.51705335441137,103.0221479727995,0.4762370278807566,0.9813316462688846
s22,run,s22_run,156000,2021-01-01 12:34:49.986650,103.44827586206895,101.83644469646364,101.83644469646364,102.60715182608195,-1.6118311656053095,-0.8411240359870078
s22,run,s22_run,157000,2021-01-01 12:34:51.986650,105.26315789473684,104.7341976375802,104.7341976375802,103.35161786010633,-0.5289602571566405,-1.9115400346305051
s22,run,s22_run,158000,2021-01-01 12:34:53.986650,105.26315789473684,105.05780077166199,105.05780077166199,103.9487818791508,-0.20535712307484744,-1.314376015586035
s22,run,s22_run,159000,2021-01-01 12:34:55.986650,105.26315789473684,104.29500837862498,104.29500837862498,104.06996115396677,-0.9681495161118505,-1.1931967407700625
s22,run,s22_run,160000,2021-01-01 12:34:57.986650,98.36065573770492,95.49748608889026,95.49748608889026,101.06959488119,-2.8631696488146616,2.7089391434850825
s22,run,s22_run,161000,2021-01-01 12:34:59.986650,89.55223880597015,91.32455904498734,91.32455904498734,97.65883233851906,1.7723202390171906,8.106593532548914
s22,run,s22_run,162000,2021-01-01 12:35:01.986650,88.75739644970413,89.03006630107365,89.03006630107365,94.63876422541317,0.27266985136951405,5.8813677757090375
s22,run,s22_run,163000,2021-01-01 12:35:03.986650,89.02077151335311,89.33279117541048,89.33279117541048,92.78167365791222,0.31201966205736653,3.760902144559111
s22,run,s22_run,164000,2021-01-01 12:35:05.986650,92.44992295839754,91.55912027840513,91.55912027840513,92.35377997508473,-0.8908026799924045,-0.09614298331280224
s22,run,s22_run,165000,2021-01-01 12:35:07.986650,93.02325581395348,94.29510232715023,94.29510232715023,93.03324279830767,1.2718465131967491,0.009986984354185324
s22,run,s22_run,166000,2021-01-01 12:35:09.986650,93.75,94.4026488816025,94.4026488816025,93.51253492746085,0.6526488816025022,-0.23746507253915183
s22,run,s22_run,167000,2021-01-01 12:35:11.986650,91.46341463414632,91.55189893312063,91.55189893312063,92.82631232944178,0.08848429897430776,1.3628976952954588
s22,run,s22_run,168000,2021-01-01 12:35:13.986650,90.63444108761328,92.17388180109282,92.17388180109282,92.59796164451964,1.5394407134795358,1.96352055690636
s22,run,s22_run,169000,2021-01-01 12:35:15.986650,98.03921568627452,96.96350841626311,96.96350841626311,94.12590301462986,-1.0757072700114065,-3.913312671644661
s22,run,s22_run,170000,2021-01-01 12:35:17.986650,98.36065573770492,98.34210549309276,98.34210549309276,95.60157388209188,-0.018550244612157485,-2.759081855613033
s22,run,s22_run,171000,2021-01-01 12:35:19.986650,99.50248756218906,100.27786062626394,100.27786062626394,97.23827424255211,0.7753730640748842,-2.2642133196369514
s22,run,s22_run,172000,2021-01-01 12:35:21.986650,99.66777408637874,100.70850319815594,100.70850319815594,98.45285437701345,1.0407291117771962,-1.2149197093652901
s22,run,s22_run,173000,2021-01-01 12:35:23.986650,101.010101010101,101.08808880107351,101.08808880107351,99.37518642543446,0.0779877909725144,-1.6349145846665323
s22,run,s22_run,174000,2021-01-01 12:35:25.986650,101.52284263959392,103.11609044768772,103.11609044768772,100.6845028332231,1.5932478080938068,-0.8383398063708114
s22,run,s22_run,175000,2021-01-01 12:35:27.986650,102.38907849829351,102.70884423422723,102.70884423422723,101.39302232357454,0.31976573593371427,-0.9960561747189729
s22,run,s22_run,176000,2021-01-01 12:35:29.986650,102.38907849829351,102.61129279485573,102.61129279485573,101.81941698852296,0.22221429656221403,-0.5696615097705546
s22,run,s22_run,177000,2021-01-01 12:35:31.986650,102.56410256410255,101.88416981897745,101.88416981897745,101.84208047918203,-0.6799327451251003,-0.7220220849205248
s22,run,s22_run,178000,2021-01-01 12:35:33.986650,103.44827586206895,103.75118333165162,103.75118333165162,102.5102664775464,0.3029074695826637,-0.9380093845225588
s22,run,s22_run,179000,2021-01-01 12:35:35.986650,107.14285714285714,106.40305546442067,106.40305546442067,103.87274262295239,-0.7398016784364643,-3.2701145199047517
s22,run,s22_run,180000,2021-01-01 12:35:37.986650,107.14285714285714,105.22849001107053,105.22849001107053,104.34725420879374,-1.9143671317866051,-2.795602934063396
s22,run,s22_run,181000,2021-01-01 12:35:39.986650,103.09278350515464,102.55212342192783,102.55212342192783,103.71895843339067,-0.5406600832268111,0.6261749282360256
s22,run,s22_run,182000,2021-01-01 12:35:41.986650,99.009900990099,99.26523026437783,99.26523026437783,102.16015357423618,0.2553292742788358,3.150252584137178
s22,run,s22_run,183000,2021-01-01 12:35:43.986650,99.50248756218906,99.48181504869869,99.48181504869869,101.22273509029806,-0.020672513490367805,1.7202475281089988
s22,run,s22_run,184000,2021-01-01 12:35:45.986650,105.26315789473684,105.45001266880224,105.45001266880224,102.70228224277452,0.1868547740654094,-2.56087565196232
s22,run,s22_run,185000,2021-01-01 12:35:47.986650,105.26315789473684,104.96761622021782,104.96761622021782,103.49514913487968,-0.2955416745190149,-1.7680087598571532
s22,run,s22_run,186000,2021-01-01 12:35:49.986650,101.35135135135135,102.12708154874956,102.12708154874956,103.01632547973415,0.7757301973982038,1.664974128382795
s22,run,s22_run,187000,2021-01-01 12:35:51.986650,96.61835748792272,97.92189286223687,97.92189286223687,101.2332740636101,1.3035353743141513,4.614916575687374
s22,run,s22_run,188000,2021-01-01 12:35:53.986650,96.61835748792272,96.66984856190938,96.66984856190938,99.63607513801485,0.051491073986653646,3.0177176500921234
s22,run,s22_run,189000,2021-01-01 12:35:55.986650,94.7867298578199,95.67803687978677,95.67803687978677,98.25076174763502,0.8913070219668668,3.464031889815118
s22,run,s22_run,190000,2021-01-01 12:35:57.986650,95.54140127388536,96.4248458782567,96.4248458782567,97.61169119335261,0.8834446043713484,2.070289919467257
s22,run,s22_run,191000,2021-01-01 12:35:59.986650,93.603744149766,93.83208407431745,93.83208407431745,96.2888287016903,0.2283399245514488,2.685084551924305
s22,run,s22_run,192000,2021-01-01 12:36:01.986650,89.02077151335311,90.03081518543353,90.03081518543353,94.09852397100043,1.010043672080414,5.077752457647321
s22,run,s22_run,193000,2021-01-01 12:36:03.986650,89.02077151335311,91.32969831253224,91.32969831253224,93.12943499053657,2.308926799179133,4.108663477183455
s22,run,s22_run,194000,2021-01-01 12:36:05.986650,93.75,93.74692681694609,93.74692681694609,93.3455571297799,-0.0030731830539139082,-0.4044428702200946
s22,run,s22_run,195000,2021-01-01 12:36:07.986650,101.86757215619694,100.6755834582016,100.6755834582016,95.9110663447275,-1.1919886979953418,-5.956505811469441
s22,run,s22_run,196000,2021-01-01 12:36:09.986650,103.09278350515464,103.32993628665793,103.32993628665793,98.50767082440315,0.23715278150328345,-4.585112680751493
s22,run,s22_run,197000,2021-01-01 12:36:11.986650,104.89510489510492,105.11843616895011,105.11843616895011,100.82143869499458,0.22333127384519003,-4.073666200110338
s22,run,s22_run,198000,2021-01-01 12:36:13.986650,103.80622837370242,104.19570087307683,104.19570087307683,102.00243045732336,0.3894724993744063,-1.803797916379068
s22,run,s22_run,199000,2021-01-01 12:36:15.986650,103.80622837370242,104.80807508859361,104.80807508859361,102.98440607826795,1.0018467148911867,-0.8218222954344725
s22,run,s22_run,200000,2021-01-01 12:36:17.986650,103.44827586206895,104.20663100954582,104.20663100954582,103.4121848042152,0.7583551474768626,-0.03609105785375277
s22,run,s22_run,201000,2021-01-01 12:36:19.986650,99.33774834437088,97.80006214560414,97.80006214560414,101.44794187370132,-1.5376861987667354,2.110193529330445
s22,run,s22_run,202000,2021-01-01 12:36:21.986650,95.84664536741214,96.36749351435334,96.36749351435334,99.66978494792954,0.520848146941205,3.823139580517406
s22,run,s22_run,203000,2021-01-01 12:36:23.986650,96.93053311793214,96.75047297422063,96.75047297422063,98.64802575713142,-0.1800601437115148,1.7174926391992784
s22,run,s22_run,204000,2021-01-01 12:36:25.986650,99.66777408637874,100.17538214203068,100.17538214203068,99.18260049184616,0.5076080556519429,-0.4851735945325828
s22,run,s22_run,205000,2021-01-01 12:36:27.986650,100.67114093959732,100.49056971958981,100.49056971958981,99.64038972155643,-0.1805712200075078,-1.0307512180408906
s22,run,s22_run,206000,2021-01-01 12:36:29.986650,99.66777408637874,99.32594110423048,99.32594110423048,99.53033270549236,-0.3418329821482615,-0.13744138088638636
s22,run,s22_run,207000,2021-01-01 12:36:31.986650,99.50248756218906,98.57114788465597,98.57114788465597,99.19461801819963,-0.9313396775330887,-0.3078695439894261
s22,run,s22_run,208000,2021-01-01 12:36:33.986650,100.0,99.73356550958438,99.73356550958438,99.3832496401843,-0.2664344904156195,-0.6167503598156969
s22,run,s22_run,209000,2021-01-01 12:36:35.986650,99.50248756218906,100.52289229718609,100.52289229718609,99.78212457013493,1.0204047349970295,0.27963700794586543
s22,run,s22_run,210000,2021-01-01 12:36:37.986650,99.009900990099,99.24919734432596,99.24919734432596,99.59560004110179,0.2392963542269655,0.5856990510027913
s22,run,s22_run,211000,2021-01-01 12:36:39.986650,97.4025974025974,96.53484491512616,96.53484491512616,98.52433574701031,-0.8677524874712361,1.1217383444129183
s22,run,s22_run,212000,2021-01-01 12:36:41.986650,95.23809523809524,95.21975323572028,95.21975323572028,97.3677318680588,-0.01834200237496475,2.1296366299635565
s22,run,s22_run,213000,2021-01-01 12:36:43.986650,95.23809523809524,95.88354606628604,95.88354606628604,96.84826683743833,0.6454508281908033,1.61017159934309
s22,run,s22_run,214000,2021-01-01 12:36:45.986650,95.54140127388536,95.35487159499685,95.35487159499685,96.32557850258382,-0.1865296788885047,0.7841772286984678
s22,run,s22_run,215000,2021-01-01 12:36:47.986650,94.9367088607595,94.89297387382234,94.89297387382234,95.8241668825173,-0.04373498693715305,0.8874580217578085
s22,run,s22_run,216000,2021-01-01 12:36:49.986650,93.75,93.40213738333676,93.40213738333676,94.97645655780411,-0.34786261666323526,1.226456557804113
s22,run,s22_run,217000,2021-01-01 12:36:51.986650,91.74311926605505,92.24611697083843,92.24611697083843,94.02083770236612,0.5029977047833825,2.2777184363110763
s22,run,s22_run,218000,2021-01-01 12:36:53.986650,91.6030534351145,92.18275646652397,92.18275646652397,93.37750926982137,0.5797030314094656,1.7744558347068704
s22,run,s22_run,219000,2021-01-01 12:36:55.986650,90.9090909090909,91.0989486910422,91.0989486910422,92.58001306724866,0.18985778195128944,1.670922158157751
s22,run,s22_run,220000,2021-01-01 12:36:57.986650,88.49557522123894,88.64884345504886,88.64884345504886,91.20410370297873,0.15326823380992494,2.7085284817397905
s22,run,s22_run,221000,2021-01-01 12:36:59.986650,87.5912408759124,88.3410897682962,88.3410897682962,90.20204882583985,0.7498488923837954,2.610807949927448
s22,run,s22_run,222000,2021-01-01 12:37:01.986650,91.1854103343465,88.98072523733671,88.98072523733671,89.77458556986376,-2.2046850970097864,-1.41082476448274
s22,run,s22_run,223000,2021-01-01 12:37:03.986650,90.9090909090909,91.27255284996471,91.27255284996471,90.29887411789909,0.3634619408738047,-0.6102167911918173
s22,run,s22_run,224000,2021-01-01 12:37:05.986650,91.46341463414632,91.39067610519699,91.39067610519699,90.68100481345336,-0.07273852894932986,-0.7824098206929619
s22,run,s22_run,225000,2021-01-01 12:37:07.986650,93.89671361502349,93.73523014560145,93.73523014560145,91.7499836797052,-0.16148346942203773,-2.146729935318291
s22,run,s22_run,226000,2021-01-01 12:37:09.986650,101.52284263959392,97.42872899266715,97.42872899266715,93.73754453924188,-4.094113646926772,-7.785298100352037
s22,run,s22_run,227000,2021-01-01 12:37:11.986650,101.69491525423727,102.67291075823519,102.67291075823519,96.86492271588953,0.9779955039979171,-4.829992538347739
s22,run,s22_run,228000,2021-01-01 12:37:13.986650,101.69491525423727,101.00370543906455,101.00370543906455,98.31349666900078,-0.6912098151727264,-3.3814185852364886
s22,run,s22_run,229000,2021-01-01 12:37:15.986650,102.73972602739728,101.16746856682539,101.16746856682539,99.3123868332394,-1.5722574605718904,-3.427339194157881
s22,run,s22_run,230000,2021-01-01 12:37:17.986650,105.63380281690142,104.7686502931142,104.7686502931142,101.2220790441956,-0.8651525237872164,-4.411723772705827
s22,run,s22_run,231000,2021-01-01 12:37:19.986650,105.63380281690142,106.36288349593143,106.36288349593143,103.02136060230313,0.7290806790300053,-2.612442214598289
s22,run,s22_run,232000,2021-01-01 12:37:21.986650,105.63380281690142,106.83963057555285,106.83963057555285,104.35775509294052,1.2058277586514237,-1.2760477239609003
s22,run,s22_run,233000,2021-01-01 12:37:23.986650,94.6372239747634,95.739036190889,95.739036190889,101.34120347722249,1.1018122161255945,6.703979502459092
s22,run,s22_run,234000,2021-01-01 12:37:26.038682,92.3076923076923,92.74878301603981,92.74878301603981,98.33385631580856,0.4410907083475024,6.026164008116254
s22,run,s22_run,235000,2021-01-01 12:37:28.038682,94.9367088607595,93.11703540347456,93.11703540347456,96.50796899649166,-1.8196734572849351,1.5712601357321603
s22,run,s22_run,236000,2021-01-01 12:37:30.038682,96.7741935483871,96.22698971849779,96.22698971849779,96.40962624919379,-0.5472038298893125,-0.3645672991933111
s22,run,s22_run,237000,2021-01-01 12:37:32.038682,97.2447325769854,97.48043261949086,97.48043261949086,96.78440847879776,0.2357000425054565,-0.4603240981876411
s22,run,s22_run,238000,2021-01-01 12:37:34.038682,98.19967266775778,98.55619844812357,98.55619844812357,97.4045349680618,0.35652578036578575,-0.7951376996959851
s22,run,s22_run,239000,2021-01-01 12:37:36.038682,99.33774834437088,100.34905486029835,100.34905486029835,98.43511693034459,1.0113065159274726,-0.9026314140262883
s22,run,s22_run,240000,2021-01-01 12:37:38.038682,102.04081632653062,102.824617774119,102.824617774119,99.97144222566564,0.7838014475883881,-2.0693741008649766
s22,sit,s22_sit,0,2021-01-01 12:39:38.418168,83.33333333333334,83.46871313660394,83.46871313660394,83.46871313660394,0.1353798032705953,0.1353798032705953
s22,sit,s22_sit,1000,2021-01-01 12:39:40.418168,83.68200836820084,82.52663092588197,82.52663092588197,83.13898436285126,-1.1553774423188656,-0.5430240053495794
s22,sit,s22_sit,2000,2021-01-01 12:39:42.418168,82.41758241758242,82.56850955466436,82.56850955466436,82.93931817998585,0.15092713708193628,0.5217357624034236
s22,sit,s22_sit,3000,2021-01-01 12:39:44.418168,82.64462809917356,82.48766994646269,82.48766994646269,82.78124129825275,-0.156958152710871,0.13661319907919278
s22,sit,s22_sit,4000,2021-01-01 12:39:46.418168,90.63444108761328,86.59247922910787,86.59247922910787,84.11517457405205,-4.041961858505417,-6.519266513561234
s22,sit,s22_sit,5000,2021-01-01 12:39:48.418168,94.33962264150944,90.8973865915586,90.8973865915586,86.48894878017934,-3.4422360499508358,-7.850673861330094
s22,sit,s22_sit,6000,2021-01-01 12:39:50.418168,94.19152276295134,94.20629677354565,94.20629677354565,89.19002057785755,0.014774010594308606,-5.001502185093784
s22,sit,s22_sit,7000,2021-01-01 12:39:52.418168,94.04388714733544,88.98392922959329,88.98392922959329,89.11788860596506,-5.059957917742153,-4.925998541370376
s22,sit,s22_sit,8000,2021-01-01 12:39:54.418168,78.32898172323759,81.59989514605553,81.59989514605553,86.48659089499672,3.270913422817941,8.157609171759134
s22,sit,s22_sit,9000,2021-01-01 12:39:56.418168,72.99270072992701,75.03871310836925,75.03871310836925,82.4798336696771,2.046012378442242,9.487132939750097
s22,sit,s22_sit,10000,2021-01-01 12:39:58.418168,72.99270072992701,73.84116939513767,73.84116939513767,79.4563011735883,0.8484686652106603,6.463600443661292
s22,sit,s22_sit,11000,2021-01-01 12:40:00.418168,78.32898172323759,77.64659670572547,77.64659670572547,78.82290460983631,-0.682385017512118,0.49392288659872463
s22,sit,s22_sit,12000,2021-01-01 12:40:02.418168,80.0,79.036383374444,79.036383374444,78.897622177449,-0.9636166255559999,-1.1023778225510057
s22,sit,s22_sit,13000,2021-01-01 12:40:04.418168,79.15567282321899,79.71115711148292,79.71115711148292,79.18235940436087,0.5554842882639264,0.026686581141873944
s22,sit,s22_sit,14000,2021-01-01 12:40:06.418168,77.51937984496124,78.23801740726456,78.23801740726456,78.85183970537716,0.7186375623033285,1.3324598604159235
s22,sit,s22_sit,15000,2021-01-01 12:40:08.418168,77.41935483870968,77.49165700293848,77.49165700293848,78.37577575952362,0.07230216422880176,0.9564209208139403
s22,sit,s22_sit,16000,2021-01-01 12:40:10.418168,78.02340702210662,78.49564869946164,78.49564869946164,78.41773128850193,0.4722416773550151,0.3943242663953015
s22,sit,s22_sit,17000,2021-01-01 12:40:12.418168,78.32898172323759,78.95118355326262,78.95118355326262,78.60443958116817,0.622201830025034,0.27545785793057576
s22,sit,s22_sit,18000,2021-01-01 12:40:14.418168,77.82101167315174,78.4804842744783,78.4804842744783,78.56105522382671,0.6594726013265557,0.7400435506749687
s22,sit,s22_sit,19000,2021-01-01 12:40:16.418168,76.53061224489795,76.39199106581583,76.39199106581583,77.8018827685229,-0.13862117908212213,1.271270523624949
s22,sit,s22_sit,20000,2021-01-01 12:40:18.418168,76.53061224489795,75.9567765088746,75.9567765088746,77.156095577646,-0.573835736023355,0.6254833327480469
s22,sit,s22_sit,21000,2021-01-01 12:40:20.418168,76.53061224489795,76.34060841093631,76.34060841093631,76.8706750692976,-0.1900038339616401,0.3400628243996522
s22,sit,s22_sit,22000,2021-01-01 12:40:22.418168,75.94936708860759,76.65302927359743,76.65302927359743,76.79449904080253,0.7036621849898381,0.8451319521949472
s22,sit,s22_sit,23000,2021-01-01 12:40:24.418168,75.75757575757575,75.28341411199052,75.28341411199052,76.26561931571833,-0.47416164558522667,0.5080435581425746
s22,sit,s22_sit,24000,2021-01-01 12:40:26.418168,75.75757575757575,74.93352781789068,74.93352781789068,75.79938729147865,-0.8240479396850731,0.04181153390290149
s22,sit,s22_sit,25000,2021-01-01 12:40:28.418168,79.26023778071334,76.95019735900387,76.95019735900387,76.20217081511248,-2.3100404217094734,-3.058066965600858
s22,sit,s22_sit,26000,2021-01-01 12:40:30.418168,86.33093525179855,87.28436776636337,87.28436776636337,80.0809397480503,0.9534325145648239,-6.249995503748252
s22,sit,s22_sit,27000,2021-01-01 12:40:32.418168,86.33093525179855,86.11913103884514,86.11913103884514,82.19430669982849,-0.21180421295341034,-4.1366285519700625
s22,sit,s22_sit,28000,2021-01-01 12:40:34.418168,80.4289544235925,81.10203254158434,81.10203254158434,81.81201074444303,0.6730781179918353,1.3830563208505282
s22,sit,s22_sit,29000,2021-01-01 12:40:36.418168,79.57559681697613,78.63642695905449,78.63642695905449,80.70055641955705,-0.939169857921641,1.1249596025809154
s22,sit,s22_sit,30000,2021-01-01 12:40:38.418168,75.75757575757575,75.41878170018721,75.41878170018721,78.8519352677776,-0.3387940573885402,3.094359510201855
s22,sit,s22_sit,31000,2021-01-01 12:40:40.418168,75.0,74.89695826328222,74.89695826328222,77.46769331620422,-0.10304173671778472,2.467693316204219
s22,sit,s22_sit,32000,2021-01-01 12:40:42.418168,75.0,74.803356796831,74.803356796831,76.53517553442359,-0.1966432031690033,1.535175534423587
s22,sit,s22_sit,33000,2021-01-01 12:40:44.418168,74.25742574257426,74.5354296233425,74.5354296233425,75.83526446554521,0.2780038807682388,1.5778387229709523
s22,sit,s22_sit,34000,2021-01-01 12:40:46.418168,75.37688442211055,74.98157369641083,74.98157369641083,75.53647269634817,-0.3953107256997157,0.15958827423762045
s22,sit,s22_sit,35000,2021-01-01 12:40:48.418168,77.720207253886,76.94815549937705,76.94815549937705,76.03056167740829,-0.7720517545089507,-1.6896455764777158
s22,sit,s22_sit,36000,2021-01-01 12:40:50.418168,78.53403141361257,78.53008205578504,78.53008205578504,76.90539380984015,-0.003949357827522704,-1.6286376037724182
s22,sit,s22_sit,37000,2021-01-01 12:40:52.418168,78.84362680683311,78.67254664292128,78.67254664292128,77.52389730141854,-0.17108016391183867,-1.3197295054145712
s22,sit,s22_sit,38000,2021-01-01 12:40:54.418168,79.89347536617844,79.66535193600012,79.66535193600012,78.27340642352209,-0.22812343017831438,-1.6200689426563457
s22,sit,s22_sit,39000,2021-01-01 12:40:56.418168,77.92207792207792,78.02402691142919,78.02402691142919,78.18612359428957,0.10194898935127128,0.2640456722116511
s22,sit,s22_sit,40000,2021-01-01 12:40:58.418168,76.43312101910827,76.98081294111984,76.98081294111984,77.76426486568016,0.5476919220115661,1.3311438465718908
s22,sit,s22_sit,41000,2021-01-01 12:41:00.418168,75.56675062972292,75.5367650910402,75.5367650910402,76.98463994455618,-0.029985538682723245,1.4178893148332605
s22,sit,s22_sit,42000,2021-01-01 12:41:02.418168,75.56675062972292,75.90888368631695,75.90888368631695,76.60812525417245,0.3421330565940366,1.0413746244495314
s22,sit,s22_sit,43000,2021-01-01 12:41:04.418168,76.33587786259541,76.26972943109485,76.26972943109485,76.48968671609529,-0.06614843150056515,0.15380885349988205
s22,sit,s22_sit,44000,2021-01-01 12:41:06.418168,77.92207792207792,77.19227497442171,77.19227497442171,76.73559260650953,-0.7298029476562107,-1.1864853155683903
s22,sit,s22_sit,45000,2021-01-01 12:41:08.418168,77.51937984496124,77.31752445788086,77.31752445788086,76.93926875448949,-0.20185538708037143,-0.5801110904717461
s22,sit,s22_sit,46000,2021-01-01 12:41:10.418168,75.18796992481202,76.16638915492219,76.16638915492219,76.66876089464094,0.9784192301101626,1.4807909698289166
s22,sit,s22_sit,47000,2021-01-01 12:41:12.418168,75.18796992481202,74.83042301297729,74.83042301297729,76.02534263605867,-0.3575469118347314,0.837372711246644
s22,sit,s22_sit,48000,2021-01-01 12:41:14.418168,75.37688442211055,74.91691108159569,74.91691108159569,75.63739159199662,-0.45997334051486405,0.26050716988606837
s22,sit,s22_sit,49000,2021-01-01 12:41:16.418168,75.37688442211055,75.10976894002722,75.10976894002722,75.45272366380732,-0.2671154820833266,0.07583924169676948
s22,sit,s22_sit,50000,2021-01-01 12:41:18.418168,75.37688442211055,75.40778397667617,75.40778397667617,75.43699477331143,0.030899554565621656,0.060110351200876266
s22,sit,s22_sit,51000,2021-01-01 12:41:20.418168,76.14213197969544,76.04654225700557,76.04654225700557,75.65033639260437,-0.09558972268986565,-0.49179558709106175
s22,sit,s22_sit,52000,2021-01-01 12:41:22.418168,78.74015748031496,78.6989025342955,78.6989025342955,76.71733454219627,-0.041254946019464,-2.0228229381186935
s22,sit,s22_sit,53000,2021-01-01 12:41:24.418168,82.19178082191782,82.03471504578314,82.03471504578314,78.57841771845168,-0.15706577613467232,-3.613363103466142
s22,sit,s22_sit,54000,2021-01-01 12:41:26.418168,83.21775312066575,83.13465123124274,83.13465123124274,80.17309944792855,-0.08310188942300556,-3.044653672737198
s22,sit,s22_sit,55000,2021-01-01 12:41:28.418168,83.79888268156425,82.15979679062225,82.15979679062225,80.86844351787134,-1.639085890941999,-2.9304391636929097
s22,sit,s22_sit,56000,2021-01-01 12:41:30.418168,78.02340702210662,78.36876129378521,78.36876129378521,79.9935547394412,0.34535427167858757,1.9701477173345694
s22,sit,s22_sit,57000,2021-01-01 12:41:32.418168,75.75757575757575,75.65680511807386,75.65680511807386,78.47569237196262,-0.10077063950188858,2.7181166143868722
s22,sit,s22_sit,58000,2021-01-01 12:41:34.418168,75.56675062972292,74.81609973036909,74.81609973036909,77.19483494740489,-0.750650899353829,1.6280843176819673
s22,sit,s22_sit,59000,2021-01-01 12:41:36.418168,74.81296758104737,74.5924943282809,74.5924943282809,76.2840157307115,-0.22047325276646745,1.471048149664128
s22,sit,s22_sit,60000,2021-01-01 12:41:38.418168,73.71007371007371,74.75086591572091,74.75086591572091,75.7474132954648,1.0407922056471932,2.0373395853910807
s22,sit,s22_sit,61000,2021-01-01 12:41:40.418168,73.71007371007371,73.9717627789489,73.9717627789489,75.12593561468424,0.26168906887518517,1.415861904610523
s22,sit,s22_sit,62000,2021-01-01 12:41:42.418168,73.71007371007371,74.11527015283046,74.11527015283046,74.77220270303542,0.40519644275674693,1.0621289929617035
s22,sit,s22_sit,63000,2021-01-01 12:41:44.418168,78.43137254901961,78.71643364757215,78.71643364757215,76.15268353362328,0.28506109855253214,-2.2786890153963384
s22,sit,s22_sit,64000,2021-01-01 12:41:46.418168,80.10680907877169,81.56906119863423,81.56906119863423,78.04841571637711,1.4622521198625407,-2.0583933623945825
s22,sit,s22_sit,65000,2021-01-01 12:41:48.418168,80.10680907877169,80.29445463886566,80.29445463886566,78.8345293392481,0.18764556009396927,-1.272279739523583
s22,sit,s22_sit,66000,2021-01-01 12:41:50.418168,72.81553398058253,74.46411999361885,74.46411999361885,77.30488606827787,1.6485860130363221,4.4893520876953374
s22,sit,s22_sit,67000,2021-01-01 12:41:52.418168,72.81553398058253,73.58089313511782,73.58089313511782,76.00148854167185,0.7653591545352896,3.185954561089318
s22,sit,s22_sit,68000,2021-01-01 12:41:54.418168,77.31958762886597,75.70030161733615,75.70030161733615,75.89607311815436,-1.619286011529823,-1.4235145107116125
s22,sit,s22_sit,69000,2021-01-01 12:41:56.418169,80.75370121130553,80.51825833565141,80.51825833565141,77.51383794427832,-0.23544287565411537,-3.2398632670272036
s22,sit,s22_sit,70000,2021-01-01 12:41:58.418169,83.10249307479225,84.90687560452855,84.90687560452855,80.1014011253659,1.8043825297363014,-3.0010919494263533
s22,sit,s22_sit,71000,2021-01-01 12:42:00.418169,84.50704225352113,84.55397918365662,84.55397918365662,81.65980344576765,0.04693693013548739,-2.8472388077534845
s22,sit,s22_sit,72000,2021-01-01 12:42:02.418169,79.7872340425532,82.72507044209621,82.72507044209621,82.03264689448264,2.9378363995430163,2.2454128519294443
s22,sit,s22_sit,73000,2021-01-01 12:42:04.418169,78.74015748031496,79.57434774266468,79.57434774266468,81.17224219134636,0.8341902623497219,2.4320847110313935
s22,sit,s22_sit,74000,2021-01-01 12:42:06.418169,82.64462809917356,80.59959484120722,80.59959484120722,80.97181561879766,-2.045033257966338,-1.672812480375896
s22,sit,s22_sit,75000,2021-01-01 12:42:08.418169,85.83690987124464,84.65376179278144,84.65376179278144,82.26049677969199,-1.183148078463205,-3.576413091552652
s22,sit,s22_sit,76000,2021-01-01 12:42:10.418169,86.70520231213874,86.91624053950939,86.91624053950939,83.89000709562808,0.2110382273706506,-2.8151952165106593
s22,sit,s22_sit,77000,2021-01-01 12:42:12.418169,88.10572687224669,88.60163799198054,88.60163799198054,85.53907790935143,0.49591111973384727,-2.5666489628952576
s22,sit,s22_sit,78000,2021-01-01 12:42:14.418169,91.74311926605505,90.77268868989165,90.77268868989165,87.37084168254052,-0.9704305761633947,-4.372277583514531
s22,sit,s22_sit,79000,2021-01-01 12:42:16.418169,91.6030534351145,91.56052188504638,91.56052188504638,88.83722975341757,-0.04253155006811937,-2.7658236816969293
s22,sit,s22_sit,80000,2021-01-01 12:42:18.418169,91.74311926605505,90.71476935691695,90.71476935691695,89.49436861464235,-1.0283499091381003,-2.248750651412692
s22,sit,s22_sit,81000,2021-01-01 12:42:20.418169,90.9090909090909,90.30721232356733,90.30721232356733,89.7788639127661,-0.6018785855235791,-1.130226996324808
s22,sit,s22_sit,82000,2021-01-01 12:42:22.418169,93.75,91.18419270097876,91.18419270097876,90.27072898864053,-2.5658072990212446,-3.4792710113594723
s22,sit,s22_sit,83000,2021-01-01 12:42:24.418169,94.6372239747634,94.6283994646979,94.6283994646979,91.79591365526062,-0.00882451006549445,-2.8413103195027816
s22,sit,s22_sit,84000,2021-01-01 12:42:26.418169,94.6372239747634,93.98379064469555,93.98379064469555,92.56167060156284,-0.6534333300678554,-2.075553373200563
s22,sit,s22_sit,85000,2021-01-01 12:42:28.418169,83.68200836820084,90.41406473247838,90.41406473247838,91.81000854738328,6.73205636427754,8.128000179182436
s22,sit,s22_sit,86000,2021-01-01 12:42:30.418169,83.68200836820084,84.24756051488632,84.24756051488632,89.16315173600934,0.5655521466854765,5.4811433678084995
s22,sit,s22_sit,87000,2021-01-01 12:42:32.418169,86.70520231213874,84.44501831735901,84.44501831735901,87.51180503948173,-2.260183994779723,0.806602727342991
s22,sit,s22_sit,88000,2021-01-01 12:42:34.418169,88.23529411764706,87.50597831760554,87.50597831760554,87.50976568682506,-0.729315800041519,-0.7255284308219956
s22,sit,s22_sit,89000,2021-01-01 12:42:36.418169,89.02077151335311,89.02256153264489,89.02256153264489,88.039244232862,0.0017900192917750246,-0.9815272804911075
s22,sit,s22_sit,90000,2021-01-01 12:42:38.418169,88.75739644970413,89.17558866140412,89.17558866140412,88.43696478285175,0.41819221169998855,-0.3204316668523859
s22,sit,s22_sit,91000,2021-01-01 12:42:40.418169,88.75739644970413,88.20624217210838,88.20624217210838,88.35621186909157,-0.5511542775957565,-0.4011845806125649
s22,sit,s22_sit,92000,2021-01-01 12:42:42.418169,83.91608391608392,82.3817681079742,82.3817681079742,86.26515655270049,-1.5343158081097243,2.349072636616569
s22,sit,s22_sit,93000,2021-01-01 12:42:44.418169,80.32128514056225,79.42190974245274,79.42190974245274,83.87002016911377,-0.8993753981095125,3.548735028551519
s22,sit,s22_sit,94000,2021-01-01 12:42:46.418169,80.32128514056225,79.32474824465429,79.32474824465429,82.27917499555295,-0.9965368959079655,1.9578898549906967
s22,sit,s22_sit,95000,2021-01-01 12:42:48.418169,87.2093023255814,84.88554595254296,84.88554595254296,83.19140483049945,-2.3237563730384494,-4.017897495081954
s22,sit,s22_sit,96000,2021-01-01 12:42:50.418169,87.2093023255814,85.80634741456899,85.80634741456899,84.10663473492379,-1.402954911012415,-3.1026675906576173
s22,sit,s22_sit,97000,2021-01-01 12:42:52.418169,78.94736842105263,80.19125451985478,80.19125451985478,82.73625165964964,1.2438860988021503,3.788883238597009
s22,sit,s22_sit,98000,2021-01-01 12:42:54.418169,76.43312101910827,76.36357841967768,76.36357841967768,80.50581602565944,-0.06954259943059071,4.072695006551172
s22,sit,s22_sit,99000,2021-01-01 12:42:56.418169,74.25742574257426,75.34398861989482,75.34398861989482,78.69917643364182,1.08656287732056,4.441750691067568
s22,sit,s22_sit,100000,2021-01-01 12:42:58.418169,76.33587786259541,75.83150046004533,75.83150046004533,77.69548984288306,-0.5043774025500767,1.359611980287653
s22,sit,s22_sit,101000,2021-01-01 12:43:00.418169,77.51937984496124,77.54920477491495,77.54920477491495,77.64429006909423,0.029824929953718993,0.12491022413298936
s22,sit,s22_sit,102000,2021-01-01 12:43:02.418169,79.7872340425532,78.12494240579528,78.12494240579528,77.81251838693959,-1.6622916367579137,-1.9747156556136076
s22,sit,s22_sit,103000,2021-01-01 12:43:04.418169,79.15567282321899,78.27797238722843,78.27797238722843,77.97542728704069,-0.8777004359905618,-1.1802455361783046
s22,sit,s22_sit,104000,2021-01-01 12:43:06.418169,77.51937984496124,78.11685273011607,78.11685273011607,78.02492619211706,0.5974728851548292,0.5055463471558284
s22,sit,s22_sit,105000,2021-01-01 12:43:08.418169,79.36507936507937,79.03313362412378,79.03313362412378,78.37779879331941,-0.3319457409555895,-0.9872805717599533
s22,sit,s22_sit,106000,2021-01-01 12:43:10.418169,78.94736842105263,79.65902210575247,79.65902210575247,78.82622695267098,0.71165368469984,-0.12114146838165141
s22,sit,s22_sit,107000,2021-01-01 12:43:12.418169,77.92207792207792,78.18618937520445,78.18618937520445,78.60221380055769,0.2641114531265316,0.6801358784797742
s22,sit,s22_sit,108000,2021-01-01 12:43:14.418169,81.41112618724559,80.703255826117,80.703255826117,79.33757850950346,-0.7078703611285846,-2.073547677742127
s22,sit,s22_sit,109000,2021-01-01 12:43:16.418169,82.87292817679558,83.20108106087272,83.20108106087272,80.68980440248271,0.3281528840771415,-2.1831237743128753
s22,sit,s22_sit,110000,2021-01-01 12:43:18.418169,84.50704225352113,84.53905710981871,84.53905710981871,82.03704285005031,0.03201485629757883,-2.4699994034708226
s22,sit,s22_sit,111000,2021-01-01 12:43:20.418169,87.46355685131195,86.8492166418298,86.8492166418298,83.72130367717313,-0.6143402094821511,-3.742253174138824
s22,sit,s22_sit,112000,2021-01-01 12:43:22.418169,87.46355685131195,87.52438374113856,87.52438374113856,85.05238169956102,0.06082688982661466,-2.411175151750925
s22,sit,s22_sit,113000,2021-01-01 12:43:24.418169,89.28571428571428,89.24673656507788,89.24673656507788,86.52040590249193,-0.03897772063639593,-2.7653083832223473
s22,sit,s22_sit,114000,2021-01-01 12:43:26.418169,92.5925925925926,92.08647442057017,92.08647442057017,88.46852988381931,-0.5061181720224255,-4.12406270877328
s22,sit,s22_sit,115000,2021-01-01 12:43:28.418169,94.04388714733544,93.03626931616101,93.03626931616101,90.0672386851389,-1.0076178311744286,-3.976648462196536
s22,sit,s22_sit,116000,2021-01-01 12:43:30.418169,94.33962264150944,95.06767584772693,95.06767584772693,91.81739169204471,0.7280532062174956,-2.5222309494647277
s22,sit,s22_sit,117000,2021-01-01 12:43:32.418169,94.33962264150944,94.07349547935365,94.07349547935365,92.60702801760283,-0.266127162155783,-1.732594623906607
s22,sit,s22_sit,118000,2021-01-01 12:43:34.418169,87.2093023255814,88.87786415185255,88.87786415185255,91.30182066459022,1.6685618262711444,4.092518339008819
s22,sit,s22_sit,119000,2021-01-01 12:43:36.418169,87.2093023255814,87.84798751011829,87.84798751011829,90.09297906052504,0.6386851845368824,2.8836767349436343
s22,sit,s22_sit,120000,2021-01-01 12:43:38.418169,94.33962264150944,91.79512061907351,91.79512061907351,90.68872860601701,-2.544502022435921,-3.6508940354924277
s22,sit,s22_sit,121000,2021-01-01 12:43:40.418169,94.33962264150944,86.04769542682193,86.04769542682193,89.06436699329873,-8.291927214687504,-5.2752556482107025
s22,sit,s22_sit,122000,2021-01-01 12:43:42.418169,89.15304606240713,81.45082103354514,81.45082103354514,86.39962590738497,-7.702225028861989,-2.7534201550221553
s22,sit,s22_sit,123000,2021-01-01 12:43:44.418169,74.44168734491315,74.91751161325877,74.91751161325877,82.3808859044408,0.47582426834561886,7.939198559527654
s22,sit,s22_sit,124000,2021-01-01 12:43:46.418169,72.99270072992701,72.50805811880339,72.50805811880339,78.92539617946771,-0.4846426111236184,5.932695449540702
s22,sit,s22_sit,125000,2021-01-01 12:43:48.418169,73.71007371007371,72.46016796820633,72.46016796820633,76.66256630552623,-1.24990574186738,2.9524925954525116
s22,sit,s22_sit,126000,2021-01-01 12:43:50.418169,77.92207792207792,77.1820992607938,77.1820992607938,76.84440283986987,-0.7399786612841126,-1.0776750822080459
s22,sit,s22_sit,127000,2021-01-01 12:43:52.418169,78.32898172323759,78.22631686944234,78.22631686944234,77.32807275022023,-0.10266485379524681,-1.00090897301736
s22,sit,s22_sit,128000,2021-01-01 12:43:54.418169,78.63695937090432,78.21368362628283,78.21368362628283,77.63803655684214,-0.42327574462149187,-0.9989228140621833
s22,sit,s22_sit,129000,2021-01-01 12:43:56.418169,78.94736842105263,78.88554246210815,78.88554246210815,78.07466362368524,-0.06182595894448184,-0.8727047973673905
s22,sit,s22_sit,130000,2021-01-01 12:43:58.418169,81.52173913043478,81.52697244027628,81.52697244027628,79.2829717094921,0.0052333098415005,-2.238767420942679
s22,sit,s22_sit,131000,2021-01-01 12:44:00.418169,83.44923504867873,83.2052081142275,83.2052081142275,80.65575445114949,-0.24402693445122736,-2.793480597529239
s22,sit,s22_sit,132000,2021-01-01 12:44:02.418169,82.19178082191782,83.22040915052187,83.22040915052187,81.55338359592983,1.0286283286040572,-0.6383972259879869
s22,sit,s22_sit,133000,2021-01-01 12:44:04.418169,82.19178082191782,82.18315195543143,82.18315195543143,81.77380252175539,-0.008628866486390052,-0.41797830016243154
s22,sit,s22_sit,134000,2021-01-01 12:44:06.418169,82.19178082191782,82.23973407178109,82.23973407178109,81.93687856426438,0.04795324986326932,-0.2549022576534412
s22,sit,s22_sit,135000,2021-01-01 12:44:08.418169,89.02077151335311,87.86503255449654,87.86503255449654,84.01173246084564,-1.155738958856574,-5.009039052507475
s22,sit,s22_sit,136000,2021-01-01 12:44:10.418169,89.15304606240713,88.311036533343,88.311036533343,85.51648888621972,-0.8420095290641285,-3.6365571761874094
s22,sit,s22_sit,137000,2021-01-01 12:44:12.418169,89.02077151335311,88.28701930711931,88.28701930711931,86.48617453353458,-0.7337522062338024,-2.534596979818531
s22,sit,s22_sit,138000,2021-01-01 12:44:14.418169,84.50704225352113,82.85784885550528,82.85784885550528,85.21626054622432,-1.6491933980158535,0.7092182927031843
s22,sit,s22_sit,139000,2021-01-01 12:44:16.418169,82.98755186721992,82.53655641665726,82.53655641665726,84.27836410087585,-0.4509954505626581,1.2908122336559273
s22,sit,s22_sit,140000,2021-01-01 12:44:18.418169,87.2093023255814,88.11766431084433,88.11766431084433,85.62211917436481,0.9083619852629283,-1.5871831512165926
s22,sit,s22_sit,141000,2021-01-01 12:44:20.418169,87.97653958944282,87.52530891476825,87.52530891476825,86.28823558350601,-0.45123067467457645,-1.6883040059368142
s22,sit,s22_sit,142000,2021-01-01 12:44:22.418169,79.15567282321899,82.85581963497967,82.85581963497967,85.0868900015218,3.700146811760675,5.931217178302802
s22,sit,s22_sit,143000,2021-01-01 12:44:24.418169,77.51937984496124,77.45796335143174,77.45796335143174,82.41676567399027,-0.0614164935294923,4.897385829029034
s22,sit,s22_sit,144000,2021-01-01 12:44:26.418169,77.92207792207792,78.02907665524249,78.02907665524249,80.88107451742854,0.10699873316457342,2.9589965953506265
s22,sit,s22_sit,145000,2021-01-01 12:44:28.418169,85.1063829787234,85.03611847093939,85.03611847093939,82.33533990115734,-0.07026450778401738,-2.7710430775660626
s22,sit,s22_sit,146000,2021-01-01 12:44:30.418169,85.1063829787234,85.67918773602474,85.67918773602474,83.50568664336093,0.5728047573013413,-1.6006963353624712
s22,sit,s22_sit,147000,2021-01-01 12:44:32.418169,84.26966292134831,84.85837185221955,84.85837185221955,83.97912646646145,0.5887089308712348,-0.29053645488686186
s22,sit,s22_sit,148000,2021-01-01 12:44:34.418169,78.53403141361257,80.48499065991868,80.48499065991868,82.75617893417149,1.9509592463061125,4.22214752055892
s22,sit,s22_sit,149000,2021-01-01 12:44:36.418169,77.12082262210797,76.8741514104847,76.8741514104847,80.69746930088111,-0.24667121162326566,3.5766466787731446
s22,sit,s22_sit,150000,2021-01-01 12:44:38.418169,76.33587786259541,76.98827398786452,76.98827398786452,79.3992509413253,0.6523961252691066,3.063373078729896
s22,sit,s22_sit,151000,2021-01-01 12:44:40.418169,76.14213197969544,75.65915323055809,75.65915323055809,78.09021674255678,-0.4829787491373452,1.9480847628613418
s22,sit,s22_sit,152000,2021-01-01 12:44:42.418169,75.18796992481202,74.25627788165338,74.25627788165338,76.7483381412406,-0.9316920431586482,1.5603682164285715
s22,sit,s22_sit,153000,2021-01-01 12:44:44.418169,73.7100737100737,73.96305533754835,73.96305533754835,75.77348915994831,0.2529816274746537,2.0634154498746113
s22,sit,s22_sit,154000,2021-01-01 12:44:46.418169,71.94244604316548,72.77421783813158,72.77421783813158,74.72374419731246,0.8317717949661017,2.781298154146981
s22,sit,s22_sit,155000,2021-01-01 12:44:48.418169,71.94244604316548,71.61415240403542,71.61415240403542,73.6353870696655,-0.3282936391300524,1.6929410265000229
s22,sit,s22_sit,156000,2021-01-01 12:44:50.418169,71.77033492822967,71.5077388230076,71.5077388230076,72.89071018333523,-0.2625961052220731,1.1203752551055572
s22,sit,s22_sit,157000,2021-01-01 12:44:52.418169,74.07407407407408,73.7048580328859,73.7048580328859,73.17566193067796,-0.3692160411881815,-0.898412143396115
s22,sit,s22_sit,158000,2021-01-01 12:44:54.418169,77.31958762886597,76.2710917598024,76.2710917598024,74.2590623708715,-1.0484958690635722,-3.0605252579944704
s22,sit,s22_sit,159000,2021-01-01 12:44:56.418169,80.75370121130553,80.4670959224114,80.4670959224114,76.43187411391047,-0.2866052888941226,-4.321827097395058
s22,sit,s22_sit,160000,2021-01-01 12:44:58.418169,86.83068017366135,85.7946087055165,85.7946087055165,79.70883122097257,-1.0360714681448542,-7.121848952688779
s22,sit,s22_sit,161000,2021-01-01 12:45:00.418169,86.83068017366135,87.68300458724771,87.68300458724771,82.49979189916887,0.8523244135863592,-4.33088827449248
s22,sit,s22_sit,162000,2021-01-01 12:45:02.418169,81.74386920980926,81.55701500904351,81.55701500904351,82.169819987625,-0.186854200765751,0.42595077781574275
s22,sit,s22_sit,163000,2021-01-01 12:45:04.418169,77.61966364812419,77.86755328675379,77.86755328675379,80.66402664232008,0.24788963862960145,3.044362994195893
s22,sit,s22_sit,164000,2021-01-01 12:45:06.418169,78.22685788787483,78.12233411416285,78.12233411416285,79.77443425746506,-0.10452377371197485,1.5475763695902316
s22,sit,s22_sit,165000,2021-01-01 12:45:08.418169,87.2093023255814,84.49699152123122,84.49699152123122,81.42732929978321,-2.7123108043501816,-5.7819730257981945
s22,sit,s22_sit,166000,2021-01-01 12:45:10.418169,88.10572687224669,87.79733375597033,87.79733375597033,83.6568308594487,-0.30839311627636334,-4.448896012797988
s22,sit,s22_sit,167000,2021-01-01 12:45:12.418169,88.10572687224669,87.89487855152628,87.89487855152628,85.14014755167585,-0.21084832072041593,-2.965579320570839
s22,sit,s22_sit,168000,2021-01-01 12:45:14.418169,84.03361344537815,85.17926280133095,85.17926280133095,85.15383788905513,1.1456493559527985,1.1202244436769746
s22,sit,s22_sit,169000,2021-01-01 12:45:16.418169,84.03361344537815,85.13016903551198,85.13016903551198,85.14555379031503,1.096555590133832,1.1119403449368832
s22,sit,s22_sit,170000,2021-01-01 12:45:18.418169,86.45533141210375,85.9673305266005,85.9673305266005,85.43317564801495,-0.48800088550324006,-1.0221557640887937
s22,sit,s22_sit,171000,2021-01-01 12:45:20.418169,87.46355685131195,87.9526590270661,87.9526590270661,86.31499483068285,0.48910217575415516,-1.1485620206291003
s22,sit,s22_sit,172000,2021-01-01 12:45:22.418169,86.95652173913044,86.98810562556493,86.98810562556493,86.55058360889157,0.03158388643448973,-0.4059381302388658
s22,sit,s22_sit,173000,2021-01-01 12:45:24.418169,84.38818565400844,83.52054553581789,83.52054553581789,85.49007028331579,-0.8676401181905504,1.1018846293073494
s22,sit,s22_sit,174000,2021-01-01 12:45:26.418169,84.38818565400844,83.80591961635723,83.80591961635723,84.90061754988028,-0.582266037651209,0.5124318958718419
s22,sit,s22_sit,175000,2021-01-01 12:45:28.418169,91.46341463414632,90.12597692218036,90.12597692218036,86.7294933301853,-1.3374377119659613,-4.7339213039610115
s22,sit,s22_sit,176000,2021-01-01 12:45:30.418169,91.46341463414632,92.49618982229018,92.49618982229018,88.74783710242201,1.0327751881438587,-2.715577531724307
s22,sit,s22_sit,177000,2021-01-01 12:45:32.418169,91.46341463414632,87.68007237717846,87.68007237717846,88.37411944858677,-3.783342256967856,-3.08929518555955
s22,sit,s22_sit,178000,2021-01-01 12:45:34.418169,81.9672131147541,82.639402248995,82.639402248995,86.36696842872965,0.6721891342408952,4.399755313975547
s22,sit,s22_sit,179000,2021-01-01 12:45:36.418169,75.94936708860759,76.97585295652434,76.97585295652434,83.08007801345778,1.0264858679167475,7.130710924850192
s22,sit,s22_sit,180000,2021-01-01 12:45:38.418169,76.43312101910827,76.58114041024969,76.58114041024969,80.80544985233495,0.1480193911414176,4.372328833226675
s22,sit,s22_sit,181000,2021-01-01 12:45:40.418169,83.33333333333334,84.75859191762888,84.75859191762888,82.18904957518782,1.425258584295534,-1.1442837581455194
s22,sit,s22_sit,182000,2021-01-01 12:45:42.418169,83.33333333333334,81.23451357795047,81.23451357795047,81.85496197615475,-2.098819755382877,-1.4783713571785881
s22,sit,s22_sit,183000,2021-01-01 12:45:44.418169,79.57559681697613,76.08232273764074,76.08232273764074,79.83453824267485,-3.493274079335393,0.2589414256987226
s22,sit,s22_sit,184000,2021-01-01 12:45:46.418169,69.76744186046511,68.7247543872351,68.7247543872351,75.94611389327093,-1.0426874732300178,6.178672032805821
s22,sit,s22_sit,185000,2021-01-01 12:45:48.418169,69.68641114982579,68.99335716412648,68.99335716412648,73.51264903807038,-0.6930539856993079,3.8262378882445915
s22,sit,s22_sit,186000,2021-01-01 12:45:50.418169,71.77033492822967,71.54780198467762,71.54780198467762,72.82495256938292,-0.22253294355205355,1.0546176411532429
s22,sit,s22_sit,187000,2021-01-01 12:45:52.418169,76.33587786259541,75.69784401682044,75.69784401682044,73.83046457598606,-0.6380338457749701,-2.505413286609354
s22,sit,s22_sit,188000,2021-01-01 12:45:54.418169,76.33587786259541,75.60757171342196,75.60757171342196,74.45245207408863,-0.7283061491734486,-1.8834257885067842
s22,sit,s22_sit,189000,2021-01-01 12:45:56.418169,75.18796992481202,74.655392697226,74.655392697226,74.52348129218672,-0.5325772275860174,-0.6644886326253072
s22,sit,s22_sit,190000,2021-01-01 12:45:58.418169,72.81553398058253,74.13370263581444,74.13370263581444,74.38705876245642,1.318168655231915,1.5715247818738902
s22,sit,s22_sit,191000,2021-01-01 12:46:00.418169,71.77033492822967,72.63357256597185,72.63357256597185,73.77333859368682,0.8632376377421735,2.0030036654571433
s22,sit,s22_sit,192000,2021-01-01 12:46:02.418169,72.63922518159806,72.65058592089694,72.65058592089694,73.38037515821036,0.011360739298879707,0.7411499766122915
s22,sit,s22_sit,193000,2021-01-01 12:46:04.418169,72.81553398058253,73.07821139769226,73.07821139769226,73.27461784202902,0.26267741710972814,0.45908386144648716
s22,sit,s22_sit,194000,2021-01-01 12:46:06.418169,75.0,74.61045014598427,74.61045014598427,73.74215914841335,-0.3895498540157263,-1.25784085158665
s22,sit,s22_sit,195000,2021-01-01 12:46:08.418169,78.53403141361257,78.05524187609956,78.05524187609956,75.25173810310352,-0.4787895375130091,-3.282293310509047
s22,sit,s22_sit,196000,2021-01-01 12:46:10.418169,79.15567282321899,79.18350255531246,79.18350255531246,76.62785566137666,0.02782973209346551,-2.5278171618423357
s22,sit,s22_sit,197000,2021-01-01 12:46:12.418170,81.63265306122449,81.87054944295465,81.87054944295465,78.46279848492895,0.2378963817301667,-3.169854576295535
s22,sit,s22_sit,198000,2021-01-01 12:46:14.418170,78.94736842105263,80.15545033912437,80.15545033912437,79.05522663389735,1.2080819180717413,0.10785821284471808
s22,sit,s22_sit,199000,2021-01-01 12:46:16.418170,78.02340702210662,78.4836324989722,78.4836324989722,78.85516868667355,0.460225476865574,0.8317616645669261
s22,sit,s22_sit,200000,2021-01-01 12:46:18.418170,73.17073170731707,73.9056137321653,73.9056137321653,77.12282445259567,0.7348820248482326,3.9520927452785912
s22,sit,s22_sit,201000,2021-01-01 12:46:20.418170,73.17073170731707,73.21458622975017,73.21458622975017,75.75494107459974,0.043854522433093734,2.584209367282668
s22,sit,s22_sit,202000,2021-01-01 12:46:22.418170,75.66204287515762,74.49437534850706,74.49437534850706,75.3137430704673,-1.1676675266505612,-0.3482998046903276
s22,sit,s22_sit,203000,2021-01-01 12:46:24.418170,83.68200836820084,81.61304037211823,81.61304037211823,77.51849712604513,-2.0689679960826055,-6.163511242155707
s22,sit,s22_sit,204000,2021-01-01 12:46:26.418335,85.47008547008548,86.9825996309052,86.9825996309052,80.83093300274615,1.5125141608197197,-4.639152467339329
s22,sit,s22_sit,205000,2021-01-01 12:46:28.418335,86.58008658008657,87.10121934117534,87.10121934117534,83.02553322119637,0.521132761088765,-3.554553358890203
s22,sit,s22_sit,206000,2021-01-01 12:46:30.418335,85.47008547008548,85.95332441262661,85.95332441262661,84.05026013819696,0.483238942541135,-1.419825331888518
s22,sit,s22_sit,207000,2021-01-01 12:46:32.418335,85.47008547008548,86.65292962895047,86.65292962895047,84.9611944599607,1.1828441588649952,-0.5088910101247848
s22,sit,s22_sit,208000,2021-01-01 12:46:34.418335,96.7741935483871,92.07940818414941,92.07940818414941,87.45256926342674,-4.694785364237688,-9.321624284960365
s22,sit,s22_sit,209000,2021-01-01 12:46:36.418335,98.52216748768473,97.95095189307332,97.95095189307332,91.12700318380305,-0.5712155946114024,-7.395164303881671
s22,sit,s22_sit,210000,2021-01-01 12:46:38.418335,98.52216748768473,96.97174382991827,96.97174382991827,93.17266240994337,-1.5504236577664585,-5.349505077741355
s22,sit,s22_sit,211000,2021-01-01 12:46:40.418335,91.74311926605505,89.04560909913505,89.04560909913505,91.72819375116046,-2.6975101669199972,-0.01492551489458549
s22,sit,s22_sit,212000,2021-01-01 12:46:42.418335,77.92207792207792,80.22910443570937,80.22910443570937,87.70351249075259,2.307026513631456,9.781434568674669
s22,sit,s22_sit,213000,2021-01-01 12:46:44.418335,77.12082262210797,76.8211058844656,76.8211058844656,83.89467017855215,-0.2997167376423704,6.773847556444181
s22,sit,s22_sit,214000,2021-01-01 12:46:46.418335,77.12082262210797,76.70545512911453,76.70545512911453,81.37844491124898,-0.41536749299343967,4.257622289141011
s22,sit,s22_sit,215000,2021-01-01 12:46:48.418335,76.72634271099744,76.24066310464504,76.24066310464504,79.5802212789376,-0.4856796063524058,2.853878567940157
s22,sit,s22_sit,216000,2021-01-01 12:46:50.418335,76.33587786259541,76.20869295742568,76.20869295742568,78.40018636640843,-0.12718490516972736,2.0643085038130238
s22,sit,s22_sit,217000,2021-01-01 12:46:52.418335,74.62686567164178,75.01233745156966,75.01233745156966,77.21443924621487,0.38547177992788306,2.587573574573085
s22,sit,s22_sit,218000,2021-01-01 12:46:54.418335,73.34963325183375,73.60533987798226,73.60533987798226,75.95125446733346,0.25570662614850903,2.601621215499705
s22,sit,s22_sit,219000,2021-01-01 12:46:56.418335,73.34963325183375,73.38944403891753,73.38944403891753,75.05462081738789,0.0398107870837805,1.7049875655541342
s22,sit,s22_sit,220000,2021-01-01 12:46:58.418335,74.07407407407408,74.00837467521426,74.00837467521426,74.68843466762712,-0.06569939885982023,0.6143605935530445
s22,sit,s22_sit,221000,2021-01-01 12:47:00.418335,76.82458386683739,76.74784244276557,76.74784244276557,75.40922738892557,-0.0767414240718125,-1.4153564779118142
s22,sit,s22_sit,222000,2021-01-01 12:47:02.418335,78.94736842105263,78.72642254639413,78.72642254639413,76.57024569403957,-0.22094587465849713,-2.3771227270130595
s22,sit,s22_sit,223000,2021-01-01 12:47:04.418335,80.53691275167785,80.72626821168377,80.72626821168377,78.02485357521505,0.1893554600059275,-2.512059176462799
s22,sit,s22_sit,224000,2021-01-01 12:47:06.418335,80.10680907877169,81.22287532778967,81.22287532778967,79.14416118861617,1.116066249017976,-0.9626478901555231
s22,sit,s22_sit,225000,2021-01-01 12:47:08.418335,80.0,80.75466561611023,80.75466561611023,79.70783773823909,0.7546656161102305,-0.2921622617609074
s22,sit,s22_sit,226000,2021-01-01 12:47:10.418335,78.84362680683311,78.89471486607063,78.89471486607063,79.42324473298012,0.05108805923751447,0.5796179261470087
s22,sit,s22_sit,227000,2021-01-01 12:47:12.418335,78.84362680683311,78.73568095239882,78.73568095239882,79.18259740977668,-0.10794585443429128,0.3389706029435615
s22,sit,s22_sit,228000,2021-01-01 12:47:14.418335,83.79888268156425,82.87703749188236,82.87703749188236,80.47565143851367,-0.9218451896818891,-3.3232312430505857
s22,sit,s22_sit,229000,2021-01-01 12:47:16.418335,83.56545961002786,84.08228931108411,84.08228931108411,81.73797469391332,0.5168297010562526,-1.8274849161145426
s22,sit,s22_sit,230000,2021-01-01 12:47:18.418335,84.50704225352113,83.81284328471354,83.81284328471354,82.4641787006934,-0.6941989688075978,-2.0428635528277397
s22,sit,s22_sit,231000,2021-01-01 12:47:20.418335,84.38818565400844,84.17512864753358,84.17512864753358,83.06301118208746,-0.21305700647485537,-1.325174471920974
s22,sit,s22_sit,232000,2021-01-01 12:47:22.418335,85.22727272727273,84.22947978360101,84.22947978360101,83.4712751926172,-0.9977929436717261,-1.7559975346555348
s22,sit,s22_sit,233000,2021-01-01 12:47:24.418335,85.9598853868195,86.25129315432031,86.25129315432031,84.44428147921329,0.29140776750081443,-1.5156039076062058
s22,sit,s22_sit,234000,2021-01-01 12:47:26.418335,86.70520231213874,87.81812918724408,87.81812918724408,85.62512817702407,1.1129268751053445,-1.0800741351146712
s22,sit,s22_sit,235000,2021-01-01 12:47:28.418335,85.9598853868195,87.13512941189204,87.13512941189204,86.15362860922785,1.1752440250725442,0.19374322240835795
s22,sit,s22_sit,236000,2021-01-01 12:47:30.418335,86.70520231213874,87.05208089785356,87.05208089785356,86.46808691024685,0.3468785857148191,-0.2371154018918844
s22,sit,s22_sit,237000,2021-01-01 12:47:32.418335,86.70520231213874,86.33084427709848,86.33084427709848,86.42005198864493,-0.37435803504025955,-0.2851503234938093
s22,sit,s22_sit,238000,2021-01-01 12:47:34.418335,86.33093525179856,86.33977011972877,86.33977011972877,86.39195333452427,0.008834867930204382,0.06101808272570963
s22,walk,s22_walk,0,2021-01-01 12:19:35.857861,94.9367088607595,94.98537735665306,94.98537735665306,94.98537735665306,0.04866849589356548,0.04866849589356548
s22,walk,s22_walk,1000,2021-01-01 12:19:37.857861,99.17355371900828,96.66658724894506,96.66658724894506,95.57380081895526,-2.506966470063219,-3.5997529000530193
s22,walk,s22_walk,2000,2021-01-01 12:19:39.857861,98.52216748768473,96.70067541895378,96.70067541895378,95.96820692895474,-1.8214920687309473,-2.553960558729983
s22,walk,s22_walk,3000,2021-01-01 12:19:41.857861,99.17355371900828,97.71243523248093,97.71243523248093,96.5786868351889,-1.4611184865273543,-2.5948668838193782
s22,walk,s22_walk,4000,2021-01-01 12:19:43.857861,99.009900990099,98.43624109094499,98.43624109094499,97.22883082470354,-0.5736598991540092,-1.7810701653954624
s22,walk,s22_walk,5000,2021-01-01 12:19:45.857861,96.4630225080386,96.8144895641171,96.8144895641171,97.08381138349829,0.3514670560784907,0.6207888754596809
s22,walk,s22_walk,6000,2021-01-01 12:19:47.857861,96.4630225080386,96.0512878686988,96.0512878686988,96.72242815331848,-0.41173463933981225,0.25940564527986965
s22,walk,s22_walk,7000,2021-01-01 12:19:49.857861,90.36144578313252,89.93245282584923,89.93245282584923,94.34593678870424,-0.4289929572832989,3.984491005571712
s22,walk,s22_walk,8000,2021-01-01 12:19:51.857861,90.36144578313252,89.74258586506319,89.74258586506319,92.73476396542986,-0.618859918069333,2.3733181822973393
s22,walk,s22_walk,9000,2021-01-01 12:19:53.857861,95.84664536741214,92.89196774322573,92.89196774322573,92.78978528765842,-2.9546776241864023,-3.0568600797537187
s22,walk,s22_walk,10000,2021-01-01 12:19:55.857861,97.7198697068404,97.03154807814492,97.03154807814492,94.2744022643287,-0.6883216286954763,-3.445467442511699
s22,walk,s22_walk,11000,2021-01-01 12:19:57.857861,97.7198697068404,96.93845125416279,96.93845125416279,95.20681941077063,-0.7814184526776131,-2.513050296069764
s22,walk,s22_walk,12000,2021-01-01 12:19:59.857861,96.4630225080386,96.88317921566808,96.88317921566808,95.79354534248473,0.42015670762947366,-0.6694771655538716
s22,walk,s22_walk,13000,2021-01-01 12:20:01.857861,94.33962264150944,95.65989479640355,95.65989479640355,95.74676765135632,1.3202721548941128,1.4071450098468858
s22,walk,s22_walk,14000,2021-01-01 12:20:03.857861,94.33962264150944,95.08090693850768,95.08090693850768,95.5137164018593,0.7412842969982449,1.1740937603498622
s22,walk,s22_walk,15000,2021-01-01 12:20:05.857861,92.87925696594426,93.45210594355416,93.45210594355416,94.7921527414525,0.572848977609894,1.9128957755082325
s22,walk,s22_walk,16000,2021-01-01 12:20:07.857861,91.46341463414632,92.18696434423472,92.18696434423472,93.88033680242629,0.7235497100884061,2.4169221682799673
s22,walk,s22_walk,17000,2021-01-01 12:20:09.857861,94.04388714733544,92.96065782444487,92.96065782444487,93.5584491601328,-1.083229322890574,-0.4854379872026442
s22,walk,s22_walk,18000,2021-01-01 12:20:11.857861,95.54140127388536,96.17836447486461,96.17836447486461,94.47541952028894,0.6369632009792525,-1.065981753596418
s22,walk,s22_walk,19000,2021-01-01 12:20:13.857861,96.93053311793214,96.7085943356776,96.7085943356776,95.25703070567496,-0.22193878225454,-1.6735024122571787
s22,walk,s22_walk,20000,2021-01-01 12:20:15.857861,97.0873786407767,96.73480837534841,96.73480837534841,95.77425289006067,-0.35257026542829806,-1.3131257507160399
s22,walk,s22_walk,21000,2021-01-01 12:20:17.857861,98.36065573770492,99.04493344710963,99.04493344710963,96.9189910850278,0.6842777094047108,-1.4416646526771189
s22,walk,s22_walk,22000,2021-01-01 12:20:19.857861,101.69491525423727,102.82802939069052,102.82802939069052,98.98715449200975,1.1331141364532442,-2.7077607622275224
s22,walk,s22_walk,23000,2021-01-01 12:20:21.857861,101.86757215619694,102.61190220673122,102.61190220673122,100.25581619216226,0.7443300505342734,-1.6117559640346855
s22,walk,s22_walk,24000,2021-01-01 12:20:23.857862,101.18043844856662,101.20488356942523,101.20488356942523,100.5879897742043,0.02444512085861561,-0.5924486743623163
s22,walk,s22_walk,25000,2021-01-01 12:20:25.857862,96.7741935483871,96.62365555360294,96.62365555360294,99.20047279699382,-0.15053799478415897,2.4262792486067184
s22,walk,s22_walk,26000,2021-01-01 12:20:27.857862,91.74311926605505,92.00297995189082,92.00297995189082,96.68135030120777,0.2598606858357755,4.938231035152725
s22,walk,s22_walk,27000,2021-01-01 12:20:29.857862,88.23529411764706,89.18088799317498,89.18088799317498,94.05618849339629,0.9455938755279192,5.8208943757492335
s22,walk,s22_walk,28000,2021-01-01 12:20:31.857862,86.45533141210375,86.95966718271019,86.95966718271019,91.57240603465615,0.5043357706064455,5.117074622552408
s22,walk,s22_walk,29000,2021-01-01 12:20:33.857862,85.9598853868195,86.40213774692413,86.40213774692413,89.76281213394994,0.4422523601046322,3.802926747130442
s22,walk,s22_walk,30000,2021-01-01 12:20:35.857862,82.07934336525308,83.25107444967543,83.25107444967543,87.48370394445385,1.1717310844223476,5.40436057920077
s22,walk,s22_walk,31000,2021-01-01 12:20:37.857862,82.41758241758242,83.52484618985027,83.52484618985027,86.0981037303426,1.1072637722678422,3.6805213127601775
s22,walk,s22_walk,32000,2021-01-01 12:20:39.857862,88.75739644970413,87.51930708804333,87.51930708804333,86.59552490553786,-1.2380893616607977,-2.1618715441662744
s22,walk,s22_walk,33000,2021-01-01 12:20:41.857862,90.09009009009009,89.60977760094529,89.60977760094529,87.65051334893046,-0.48031248914479363,-2.4395767411596267
s22,walk,s22_walk,34000,2021-01-01 12:20:43.857862,89.55223880597015,90.22027778719855,90.22027778719855,88.54993090232429,0.6680389812284062,-1.0023079036458569
s22,walk,s22_walk,35000,2021-01-01 12:20:45.857862,89.82035928143712,89.7799113090143,89.7799113090143,88.9804240446658,-0.040447972422825273,-0.8399352367713249
s22,walk,s22_walk,36000,2021-01-01 12:20:47.857862,89.82035928143712,89.33451887341025,89.33451887341025,89.10435723472635,-0.4858404080268741,-0.71600204671077
s22,walk,s22_walk,37000,2021-01-01 12:20:49.857862,89.02077151335311,89.71789705489778,89.71789705489778,89.31909617178636,0.6971255415446649,0.29832465843324485
s22,walk,s22_walk,38000,2021-01-01 12:20:51.857862,89.02077151335311,89.83236780550224,89.83236780550224,89.49874124358692,0.8115962921491331,0.4779697302338093
s22,walk,s22_walk,39000,2021-01-01 12:20:53.857862,87.84773060029282,88.92941166495316,88.92941166495316,89.2994758910651,1.0816810646603443,1.4517452907722799
s22,walk,s22_walk,40000,2021-01-01 12:20:55.857862,87.08272859216257,87.8067032427462,87.8067032427462,88.77700546415348,0.723974650583628,1.6942768719909083
s22,walk,s22_walk,41000,2021-01-01 12:20:57.857862,87.2093023255814,88.56055737499997,88.56055737499997,88.70124863294976,1.3512550494185689,1.4919463073683517
s22,walk,s22_walk,42000,2021-01-01 12:20:59.857862,90.63444108761328,90.81202644819587,90.81202644819587,89.4400208682859,0.177585360582583,-1.1944202193273838
s22,walk,s22_walk,43000,2021-01-01 12:21:01.857862,94.6372239747634,93.45223748289887,93.45223748289887,90.84429668340044,-1.1849864918645352,-3.7929272913629575
s22,walk,s22_walk,44000,2021-01-01 12:21:03.857862,98.03921568627452,97.14833491582118,97.14833491582118,93.0507100647477,-0.8908807704533359,-4.988505621526812
s22,walk,s22_walk,45000,2021-01-01 12:21:05.857862,98.6842105263158,99.61918607470237,99.61918607470237,95.34967666823184,0.9349755483865749,-3.334533858083958
s22,walk,s22_walk,46000,2021-01-01 12:21:07.857862,101.69491525423727,101.58905694286885,101.58905694286885,97.53345976435479,-0.10585831136842216,-4.161455489882485
s22,walk,s22_walk,47000,2021-01-01 12:21:09.857862,101.69491525423727,101.60512581094908,101.60512581094908,98.95854288066278,-0.08978944328819694,-2.736372373574497
s22,walk,s22_walk,48000,2021-01-01 12:21:11.857862,100.50251256281408,99.24212849141617,99.24212849141617,99.05779784442646,-1.2603840713979082,-1.4447147183876154
s22,walk,s22_walk,49000,2021-01-01 12:21:13.857862,94.9367088607595,94.1255530443706,94.1255530443706,97.3315121644069,-0.8111558163888901,2.3948033036474072
s22,walk,s22_walk,50000,2021-01-01 12:21:15.857862,95.54140127388536,93.54522850258738,93.54522850258738,96.00631288277008,-1.996172771297978,0.4649116088847194
s22,walk,s22_walk,51000,2021-01-01 12:21:17.857862,96.15384615384616,95.73130594344988,95.73130594344988,95.910060454008,-0.42254021039627787,-0.24378569983815623
s22,walk,s22_walk,52000,2021-01-01 12:21:19.857862,96.15384615384616,96.50608318998601,96.50608318998601,96.11866841160031,0.35223703613985435,-0.035177742245849686
s22,walk,s22_walk,53000,2021-01-01 12:21:21.857862,93.31259720062208,93.26452714805825,93.26452714805825,95.11971896936059,-0.04807005256382979,1.8071217687385115
s22,walk,s22_walk,54000,2021-01-01 12:21:23.857862,91.46341463414632,91.80751018716643,91.80751018716643,93.96044589559264,0.34409555302011086,2.497031261446324
s22,walk,s22_walk,55000,2021-01-01 12:21:25.857862,92.5925925925926,91.73448146960637,91.73448146960637,93.18135834649745,-0.8581111229862302,0.5887657539048519
s22,walk,s22_walk,56000,2021-01-01 12:21:27.857862,91.46341463414632,92.50555210018898,92.50555210018898,92.9448261602895,1.0421374660426608,1.4814115261431766
s22,walk,s22_walk,57000,2021-01-01 12:21:29.857862,93.16770186335404,92.49374736067026,92.49374736067026,92.78694858042276,-0.6739545026837845,-0.3807532829312805
s22,walk,s22_walk,58000,2021-01-01 12:21:31.857862,91.46341463414632,91.72958209992787,91.72958209992787,92.41687031224954,0.2661674657815496,0.9534556781032251
s22,walk,s22_walk,59000,2021-01-01 12:21:33.857862,91.74311926605505,92.61150585287602,92.61150585287602,92.48499275146881,0.868386586820975,0.7418734854137625
s22,walk,s22_walk,60000,2021-01-01 12:21:35.857862,95.54140127388536,94.08430129637769,94.08430129637769,93.04475074218692,-1.4570999775076672,-2.4966505316984353
s22,walk,s22_walk,61000,2021-01-01 12:21:37.857862,96.0,96.2773328238137,96.2773328238137,94.17615447075629,0.27733282381369406,-1.8238455292437123
s22,walk,s22_walk,62000,2021-01-01 12:21:39.857862,96.30818619582664,97.05649683540123,97.05649683540123,95.18427429838201,0.7483106395745978,-1.1239118974446285
s22,walk,s22_walk,63000,2021-01-01 12:21:41.857862,96.0,96.93845614820286,96.93845614820286,95.79823794581931,0.9384561482028602,-0.2017620541806906
s22,walk,s22_walk,64000,2021-01-01 12:21:43.857862,96.15384615384616,96.53949671314611,96.53949671314611,96.0576785143837,0.38565055929994685,-0.09616763946246465
s22,walk,s22_walk,65000,2021-01-01 12:21:45.857862,94.6372239747634,94.51865254114847,94.51865254114847,95.51901942375136,-0.11857143361493172,0.8817954489879583
s22,walk,s22_walk,66000,2021-01-01 12:21:47.857862,94.19152276295134,93.55768885503858,93.55768885503858,94.83255372470188,-0.6338339079127593,0.6410309617505447
s22,walk,s22_walk,67000,2021-01-01 12:21:49.857862,94.7867298578199,94.14563332047071,94.14563332047071,94.59213158322098,-0.641096537349199,-0.1945982745989312
s22,walk,s22_walk,68000,2021-01-01 12:21:51.857862,95.54140127388536,95.54210369158216,95.54210369158216,94.92462182114738,0.0007024176968002394,-0.6167794527379726
s22,walk,s22_walk,69000,2021-01-01 12:21:53.857862,99.66777408637874,98.12565719127755,98.12565719127755,96.04498420069294,-1.5421168951011879,-3.6227898856858047
s22,walk,s22_walk,70000,2021-01-01 12:21:55.857862,99.83361064891848,100.86858897694842,100.86858897694842,97.73324587238235,1.0349783280299363,-2.100364776536125
s22,walk,s22_walk,71000,2021-01-01 12:21:57.857862,103.09278350515464,104.58418392194514,104.58418392194514,100.13107418972933,1.4914004167904977,-2.96170931542531
s22,walk,s22_walk,72000,2021-01-01 12:21:59.857862,111.52416356877325,111.21143734131664,111.21143734131664,104.0092012927849,-0.31272622745660783,-7.514962275988353
s22,walk,s22_walk,73000,2021-01-01 12:22:01.857862,113.20754716981132,112.72591412563908,112.72591412563908,107.06005078428386,-0.4816330441722414,-6.147496385527461
s22,walk,s22_walk,74000,2021-01-01 12:22:03.857862,113.20754716981132,112.71217058109836,112.71217058109836,109.03829271316894,-0.49537658871295775,-4.169254456642378
s22,walk,s22_walk,75000,2021-01-01 12:22:05.857862,107.9136690647482,108.40381734029319,108.40381734029319,108.81622633266244,0.49014827554498197,0.9025572679142329
s22,walk,s22_walk,76000,2021-01-01 12:22:07.857862,107.5268817204301,106.76680087649176,106.76680087649176,108.09892742300269,-0.76008084393834,0.5720457025725949
s22,walk,s22_walk,77000,2021-01-01 12:22:09.857862,107.5268817204301,106.76997582759896,106.76997582759896,107.63379436461139,-0.7569058928311421,0.10691264418129265
s22,walk,s22_walk,78000,2021-01-01 12:22:11.857862,107.5268817204301,106.56895607585645,106.56895607585645,107.26110096354716,-0.957925644573649,-0.2657807568829327
s22,walk,s22_walk,79000,2021-01-01 12:22:13.857862,104.89510489510492,102.80480890379103,102.80480890379103,105.7013987426325,-2.0902959913138943,0.8062938475275843
s22,walk,s22_walk,80000,2021-01-01 12:22:15.857862,98.03921568627452,96.93197672273064,96.93197672273064,102.63210103566684,-1.1072389635438782,4.5928853493923185
s22,walk,s22_walk,81000,2021-01-01 12:22:17.857862,93.75,94.5148320592689,94.5148320592689,99.79105689392756,0.7648320592688975,6.041056893927561
s22,walk,s22_walk,82000,2021-01-01 12:22:19.857862,99.66777408637874,99.0174820984453,99.0174820984453,99.52030571550875,-0.6502919879334428,-0.1474683708699871
s22,walk,s22_walk,83000,2021-01-01 12:22:21.857862,102.73972602739728,103.24317600439616,103.24317600439616,100.82331031661934,0.5034499769988798,-1.9164157107779403
s22,walk,s22_walk,84000,2021-01-01 12:22:23.857862,100.67114093959732,103.43020172633665,103.43020172633665,101.7357223100204,2.759060786739326,1.0645813704230846
s22,walk,s22_walk,85000,2021-01-01 12:22:25.857862,104.16666666666669,104.22319422504883,104.22319422504883,102.60633748028036,0.056527558382143184,-1.5603291863863262
s22,walk,s22_walk,86000,2021-01-01 12:22:27.857862,101.69491525423727,103.01074816453959,103.01074816453959,102.74788121977109,1.3158329103023192,1.052965965533815
s22,walk,s22_walk,87000,2021-01-01 12:22:29.857862,100.67114093959732,102.53529708053688,102.53529708053688,102.67347677103912,1.8641561409395564,2.0023358314417976
s22,walk,s22_walk,88000,2021-01-01 12:22:31.857862,100.1669449081803,100.56482564250153,100.56482564250153,101.93544887605097,0.39788073432123383,1.7685039678706715
s22,walk,s22_walk,89000,2021-01-01 12:22:33.857862,99.33774834437088,100.58810283316146,100.58810283316146,101.46387776103964,1.2503544887905775,2.1261294166687605
s22,walk,s22_walk,90000,2021-01-01 12:22:35.857862,100.1669449081803,100.43635661917283,100.43635661917283,101.10424536138626,0.2694117109925287,0.9373004532059639
s22,walk,s22_walk,91000,2021-01-01 12:22:37.857862,100.1669449081803,100.78897016145281,100.78897016145281,100.99389904140955,0.6220252532725112,0.8269541332292505
s22,walk,s22_walk,92000,2021-01-01 12:22:39.857862,102.38907849829351,100.48718804141338,100.48718804141338,100.81655019141088,-1.901890456880139,-1.5725283068826315
s22,walk,s22_walk,93000,2021-01-01 12:22:41.857862,102.38907849829351,101.39209102766613,101.39209102766613,101.01798948410021,-0.9969874706273885,-1.371089014193302
s22,walk,s22_walk,94000,2021-01-01 12:22:43.857862,102.21465076660988,102.05901899593435,102.05901899593435,101.38234981324216,-0.15563177067552658,-0.8323009533677208
s22,walk,s22_walk,95000,2021-01-01 12:22:45.857862,102.21465076660988,100.72528192442145,100.72528192442145,101.15237605215492,-1.4893688421884264,-1.0622747144549578
s22,walk,s22_walk,96000,2021-01-01 12:22:47.857862,101.86757215619694,100.33198350459973,100.33198350459973,100.86523866051061,-1.5355886515972088,-1.0023334956863295
s22,walk,s22_walk,97000,2021-01-01 12:22:49.857862,101.18043844856662,100.49996922706566,100.49996922706566,100.73739435880489,-0.6804692215009567,-0.4430440897617274
s22,walk,s22_walk,98000,2021-01-01 12:22:51.857862,103.09278350515464,103.02051606134489,103.02051606134489,101.53648695469388,-0.07226744380974992,-1.5562965504607575
s22,walk,s22_walk,99000,2021-01-01 12:22:53.857862,103.44827586206895,103.56821819921463,103.56821819921463,102.24759289027614,0.11994233714567315,-1.2006829717928156
s22,walk,s22_walk,100000,2021-01-01 12:22:55.857862,102.04081632653062,101.8386871040945,101.8386871040945,102.10447586511256,-0.2021292224361133,0.06365953858194473
s22,walk,s22_walk,101000,2021-01-01 12:22:57.857862,92.7357032457496,98.38640698194136,98.38640698194136,100.80315175600265,5.650703736191758,8.067448510253044
s22,walk,s22_walk,102000,2021-01-01 12:22:59.857862,91.46341463414632,93.97081692719591,93.97081692719591,98.41183456592029,2.5074022930495943,6.948419931773969
s22,walk,s22_walk,103000,2021-01-01 12:23:01.857862,97.0873786407767,96.452409250256,96.452409250256,97.7260357054378,-0.634969390520709,0.6386570646610892
s22,walk,s22_walk,104000,2021-01-01 12:23:03.857862,99.33774834437088,99.11667534934789,99.11667534934789,98.21275958080633,-0.22107299502299327,-1.124988763564545
s22,walk,s22_walk,105000,2021-01-01 12:23:05.857862,99.33774834437088,99.35320190508068,99.35320190508068,98.61191439430235,0.015453560709801195,-0.7258339500685338
s22,walk,s22_walk,106000,2021-01-01 12:23:07.857862,98.84678747940691,97.61448789312317,97.61448789312317,98.26281511888963,-1.2322995862837445,-0.5839723605172793
s22,walk,s22_walk,107000,2021-01-01 12:23:09.857862,89.55223880597015,91.18732393638994,91.18732393638994,95.78639320501475,1.635085130419796,6.2341543990445984
s22,walk,s22_walk,108000,2021-01-01 12:23:11.857862,89.55223880597015,86.72424544818315,86.72424544818315,92.61464149012369,-2.827993357786994,3.0624026841535397
s22,walk,s22_walk,109000,2021-01-01 12:23:13.857862,90.63444108761328,87.52124235456684,87.52124235456684,90.83195179267878,-3.1131987330464455,0.19751070506549695
s22,walk,s22_walk,110000,2021-01-01 12:23:15.857862,93.75,92.75912018418268,92.75912018418268,91.50646072970514,-0.9908798158173227,-2.2435392702948604
s22,walk,s22_walk,111000,2021-01-01 12:23:17.857862,96.15384615384616,95.937407260221,95.937407260221,93.05729201538568,-0.21643889362516688,-3.0965541384604762
s22,walk,s22_walk,112000,2021-01-01 12:23:19.857862,96.15384615384616,96.58384569958004,96.58384569958004,94.2915858048537,0.4299995457338781,-1.8622603489924643
s22,walk,s22_walk,113000,2021-01-01 12:23:21.857862,96.61835748792272,96.89391247137345,96.89391247137345,95.2024001381356,0.27555498345073204,-1.4159573497871207
s22,walk,s22_walk,114000,2021-01-01 12:23:23.857862,96.61835748792272,96.93517692205049,96.93517692205049,95.80887201250582,0.3168194341277655,-0.8094854754169063
s22,walk,s22_walk,115000,2021-01-01 12:23:25.857862,103.98613518197574,100.54980626061028,100.54980626061028,97.46819899934238,-3.436328921365458,-6.517936182633363
s22,walk,s22_walk,116000,2021-01-01 12:23:27.857862,104.52961672473867,104.93522887889776,104.93522887889776,100.08165945718676,0.4056121541590869,-4.447957267551914
s22,walk,s22_walk,117000,2021-01-01 12:23:29.857862,104.52961672473867,97.21316861686789,97.21316861686789,99.07768766307515,-7.316448107870784,-5.45192906166352
s22,walk,s22_walk,118000,2021-01-01 12:23:31.857862,90.36144578313254,90.93424916116325,90.93424916116325,96.22748418740599,0.5728033780307129,5.8660384042734535
s22,walk,s22_walk,119000,2021-01-01 12:23:33.857862,86.20689655172414,86.86982845535054,86.86982845535054,92.95230468118658,0.6629319036264008,6.745408129462433
s22,walk,s22_walk,120000,2021-01-01 12:23:35.857862,86.95652173913044,87.8625417147274,87.8625417147274,91.17088764292586,0.906019975596962,4.214365903795425
s22,walk,s22_walk,121000,2021-01-01 12:23:37.857862,101.35135135135135,92.89426614893766,92.89426614893766,91.77407012002999,-8.457085202413694,-9.577281231321365
s22,walk,s22_walk,122000,2021-01-01 12:23:39.857862,102.73972602739728,102.80766656674362,102.80766656674362,95.63582887637976,0.06794053934633837,-7.10389715101752
s22,walk,s22_walk,123000,2021-01-01 12:23:41.857862,102.73972602739728,102.8198527650704,102.8198527650704,98.15023723742149,0.08012673767311185,-4.589488789975789
s22,walk,s22_walk,124000,2021-01-01 12:23:43.857862,97.7198697068404,96.02055203782966,96.02055203782966,97.40484741756435,-1.699317669010739,-0.3150222892760439
s22,walk,s22_walk,125000,2021-01-01 12:23:45.857862,93.45794392523364,93.45357051354581,93.45357051354581,96.02190050115786,-0.004373411687822681,2.563956575924223
s22,walk,s22_walk,126000,2021-01-01 12:23:47.857862,93.45794392523364,92.3669554014232,92.3669554014232,94.74266971625073,-1.090988523810438,1.2847257910170953
s22,walk,s22_walk,127000,2021-01-01 12:23:49.857862,92.3076923076923,91.45711878524791,91.45711878524791,93.59272689039975,-0.8505735224443924,1.2850345827074392
s22,walk,s22_walk,128000,2021-01-01 12:23:51.857862,92.3076923076923,92.09649741938698,92.09649741938698,93.06904657554527,-0.21119488830532873,0.7613542678529654
s22,walk,s22_walk,129000,2021-01-01 12:23:53.857862,91.46341463414632,90.5888912346703,90.5888912346703,92.20099220623904,-0.8745233994760184,0.737577572092718
s22,walk,s22_walk,130000,2021-01-01 12:23:55.857862,89.02077151335311,89.3372509761958,89.3372509761958,91.19868277572391,0.31647946284269324,2.177911262370799
s22,walk,s22_walk,131000,2021-01-01 12:23:57.857862,87.46355685131195,87.3166950518364,87.3166950518364,89.83998707236329,-0.14686179947554479,2.3764302210513364
s22,walk,s22_walk,132000,2021-01-01 12:23:59.857862,87.46355685131195,87.1614098888163,87.1614098888163,88.90248505812184,-0.3021469624956552,1.4389282068098908
s22,walk,s22_walk,133000,2021-01-01 12:24:01.857862,90.09009009009009,88.52613704104634,88.52613704104634,88.77076325214541,-1.5639530490437465,-1.319326837944672
s22,walk,s22_walk,134000,2021-01-01 12:24:03.857862,96.4630225080386,97.05043632953995,97.05043632953995,91.66864882923349,0.5874138215013431,-4.7943736788051154
s22,walk,s22_walk,135000,2021-01-01 12:24:05.857862,96.93053311793214,97.12640826483262,97.12640826483262,93.5788646316932,0.1958751469004767,-3.3516684862389496
s22,walk,s22_walk,136000,2021-01-01 12:24:07.857862,98.19967266775778,99.14562490509118,99.14562490509118,95.52723072738249,0.9459522373334011,-2.6724419403752933
s22,walk,s22_walk,137000,2021-01-01 12:24:09.857862,98.84678747940691,99.14886349630058,99.14886349630058,96.79480219650381,0.3020760168936647,-2.051985282903104
s22,walk,s22_walk,138000,2021-01-01 12:24:11.857862,100.8403361344538,101.15840375905125,101.15840375905125,98.3220627433954,0.31806762459744675,-2.5182733910584005
s22,walk,s22_walk,139000,2021-01-01 12:24:13.857862,101.69491525423727,102.61742714751757,102.61742714751757,99.82544028483817,0.9225118932803014,-1.869474969399107
s22,walk,s22_walk,140000,2021-01-01 12:24:15.857862,102.38907849829351,102.56056162771266,102.56056162771266,100.78273275484423,0.17148312941914412,-1.6063457434492818
s22,walk,s22_walk,141000,2021-01-01 12:24:17.857862,102.21465076660988,102.46800815378325,102.46800815378325,101.3725791444729,0.25335738717336653,-0.8420716221369844
s22,walk,s22_walk,142000,2021-01-01 12:24:19.857862,102.73972602739728,102.95924754437134,102.95924754437134,101.92791308443736,0.21952151697405498,-0.8118129429599179
s22,walk,s22_walk,143000,2021-01-01 12:24:21.857862,105.26315789473684,104.23083975683166,104.23083975683166,102.73393741977537,-1.032318137905179,-2.5292204749614626
s22,walk,s22_walk,144000,2021-01-01 12:24:23.857862,109.09090909090908,108.4732906817734,108.4732906817734,104.7427110614747,-0.6176184091356731,-4.348198029434386
s22,walk,s22_walk,145000,2021-01-01 12:24:25.857862,108.69565217391305,109.49226430706798,109.49226430706798,106.40505469743235,0.7966121331549374,-2.2905974764806984
s22,walk,s22_walk,146000,2021-01-01 12:24:27.857862,106.0070671378092,105.15390849862587,105.15390849862587,105.96715352785007,-0.8531586391833343,-0.03991360995912885
s22,walk,s22_walk,147000,2021-01-01 12:24:29.857862,96.0,96.76509846157214,96.76509846157214,102.7464342546528,0.765098461572137,6.746434254652797
s22,walk,s22_walk,148000,2021-01-01 12:24:31.857862,94.33962264150944,93.88039678608837,93.88039678608837,99.64332114065525,-0.4592258554210673,5.30369849914581
s22,walk,s22_walk,149000,2021-01-01 12:24:33.857862,93.45794392523364,92.55418536332932,92.55418536332932,97.16212361859117,-0.9037585619043114,3.7041796933575313
s22,walk,s22_walk,150000,2021-01-01 12:24:35.857862,90.9090909090909,91.61020304380575,91.61020304380575,95.21895141741626,0.7011121347148475,4.309860508325357
s22,walk,s22_walk,151000,2021-01-01 12:24:37.857862,86.70520231213874,89.534499988695,89.534499988695,93.22939341736382,2.8292976765562656,6.524191105225086
s22,walk,s22_walk,152000,2021-01-01 12:24:39.857862,86.45533141210375,86.71434732911345,86.71434732911345,90.9491272864762,0.2590159170097053,4.493795874372452
s22,walk,s22_walk,153000,2021-01-01 12:24:41.857862,87.2093023255814,88.11333418057642,88.11333418057642,89.95659969941127,0.9040318549950115,2.7472973738298663
s22,walk,s22_walk,154000,2021-01-01 12:24:43.857862,95.23809523809524,93.06509430339226,93.06509430339226,91.04457281080462,-2.1730009347029835,-4.193522427290617
s22,walk,s22_walk,155000,2021-01-01 12:24:45.857862,95.23809523809524,95.81685409315752,95.81685409315752,92.71487125962813,0.5787588550622758,-2.523223978467115
s22,walk,s22_walk,156000,2021-01-01 12:24:47.857862,94.9367088607595,92.27266517604042,92.27266517604042,92.56009913037244,-2.6640436847190756,-2.3766097303870595
s22,walk,s22_walk,157000,2021-01-01 12:24:49.857862,91.1854103343465,91.40826819909398,91.40826819909398,92.15695830442498,0.22285786474748193,0.9715479700784755
s22,walk,s22_walk,158000,2021-01-01 12:24:51.857862,90.63444108761328,90.46854152262992,90.46854152262992,91.5660124307967,-0.16589956498336278,0.9315713431834212
s22,walk,s22_walk,159000,2021-01-01 12:24:53.857862,90.9090909090909,90.75996831193171,90.75996831193171,91.28389698919396,-0.14912259715919163,0.37480608010305616
s22,walk,s22_walk,160000,2021-01-01 12:24:55.857862,89.55223880597015,89.4275021011434,89.4275021011434,90.63415877837626,-0.12473670482674493,1.0819199724061122
s22,walk,s22_walk,161000,2021-01-01 12:24:57.857862,89.02077151335311,88.39021338533982,88.39021338533982,89.84877789081351,-0.6305581280132913,0.8280063774603974
s22,walk,s22_walk,162000,2021-01-01 12:24:59.857862,89.28571428571428,89.15676093615924,89.15676093615924,89.60657195668452,-0.12895334955503301,0.3208576709702413
s22,walk,s22_walk,163000,2021-01-01 12:25:01.857862,91.04704097116844,92.65648677038098,92.65648677038098,90.67404214147828,1.609445799212537,-0.37299882969016096
s22,walk,s22_walk,164000,2021-01-01 12:25:03.857862,92.5925925925926,91.64990105029707,91.64990105029707,91.01559275956487,-0.9426915422955204,-1.5769998330277275
s22,walk,s22_walk,165000,2021-01-01 12:25:05.857862,86.20689655172414,87.79722477593916,87.79722477593916,89.88916396529586,1.590328224215014,3.682267413571722
s22,walk,s22_walk,166000,2021-01-01 12:25:07.857862,86.20689655172414,86.92721980249928,86.92721980249928,88.85248350831706,0.720323250775138,2.645586956592922
s22,walk,s22_walk,167000,2021-01-01 12:25:09.857862,89.82035928143712,87.48712481981897,87.48712481981897,88.37460796734273,-2.3332344616181473,-1.4457513140943945
s22,walk,s22_walk,168000,2021-01-01 12:25:11.857863,97.4025974025974,93.50036326213709,93.50036326213709,90.16862232052074,-3.9022341404603083,-7.233975082076654
s22,walk,s22_walk,169000,2021-01-01 12:25:13.857863,97.4025974025974,96.65193434761004,96.65193434761004,92.437781530002,-0.7506630549873563,-4.964815872595395
s22,walk,s22_walk,170000,2021-01-01 12:25:15.857863,99.17355371900828,99.00232062001396,99.00232062001396,94.7353702115062,-0.17123309899432115,-4.438183507502089
s22,walk,s22_walk,171000,2021-01-01 12:25:17.857863,99.009900990099,98.5697725736571,98.5697725736571,96.07741103825902,-0.44012841644189393,-2.932489951839983
s22,walk,s22_walk,172000,2021-01-01 12:25:19.857863,101.52284263959392,101.20990939359064,101.20990939359064,97.87378546262508,-0.31293324600328276,-3.6490571769688387
s22,walk,s22_walk,173000,2021-01-01 12:25:21.857863,103.44827586206895,102.68042421569555,102.68042421569555,99.55610902619975,-0.7678516463734013,-3.8921668358692045
s22,walk,s22_walk,174000,2021-01-01 12:25:23.857863,104.16666666666669,104.88252588006516,104.88252588006516,101.42035492505265,0.715859213398474,-2.7463117416140364
s22,walk,s22_walk,175000,2021-01-01 12:25:25.857863,106.0070671378092,105.90244756675187,105.90244756675187,102.98908734964738,-0.10461957105732722,-3.017979788161824
s22,walk,s22_walk,176000,2021-01-01 12:25:27.857863,106.0070671378092,105.42787701398221,105.42787701398221,103.84266373216457,-0.5791901238269901,-2.1644034056446344
s22,walk,s22_walk,177000,2021-01-01 12:25:29.857863,105.63380281690142,105.28259325824139,105.28259325824139,104.34663906629146,-0.351209558660031,-1.2871637506099631
s22,walk,s22_walk,178000,2021-01-01 12:25:31.857863,104.89510489510492,105.04086550654694,105.04086550654694,104.58961832038088,0.14576061144201446,-0.3054865747240427
s22,walk,s22_walk,179000,2021-01-01 12:25:33.857863,105.63380281690142,105.03444597022205,105.03444597022205,104.74530799782528,-0.5993568466793704,-0.8884948190761435
s22,walk,s22_walk,180000,2021-01-01 12:25:35.857863,107.5268817204301,106.9441178735454,106.9441178735454,105.51489145432733,-0.5827638468847027,-2.011990266102771
s22,walk,s22_walk,181000,2021-01-01 12:25:37.857863,108.69565217391305,109.4795981141653,109.4795981141653,106.90253878527061,0.7839459402522522,-1.793113388642439
s22,walk,s22_walk,182000,2021-01-01 12:25:39.857863,108.69565217391305,108.22490390439351,108.22490390439351,107.36536657696362,-0.4707482695195324,-1.3302855969494232
s22,walk,s22_walk,183000,2021-01-01 12:25:41.857863,100.67114093959732,103.0236853843416,103.0236853843416,105.84577815954592,2.3525444447442823,5.174637219948593
s22,walk,s22_walk,184000,2021-01-01 12:25:43.857863,99.50248756218906,100.42247912380948,100.42247912380948,103.94762349703817,0.9199915616204208,4.445135934849105
s22,walk,s22_walk,185000,2021-01-01 12:25:45.857863,100.67114093959732,101.19082793043938,101.19082793043938,102.98274504872859,0.5196869908420609,2.3116041091312667
s22,walk,s22_walk,186000,2021-01-01 12:25:47.857863,104.16666666666669,104.10296040793189,104.10296040793189,103.37482042444975,-0.06370625873479696,-0.7918462422169341
s22,walk,s22_walk,187000,2021-01-01 12:25:49.857863,107.14285714285714,107.20351018658339,107.20351018658339,104.71486184119652,0.0606530437262478,-2.4279953016606157
s22,walk,s22_walk,188000,2021-01-01 12:25:51.857863,107.5268817204301,108.31015581587144,108.31015581587144,105.97321473233274,0.7832740954413424,-1.553666988097362
s22,walk,s22_walk,189000,2021-01-01 12:25:53.857863,106.76156583629891,107.90579034176186,107.90579034176186,106.64961619563294,1.1442245054629439,-0.11194964066596924
s22,walk,s22_walk,190000,2021-01-01 12:25:55.857863,107.14285714285714,107.33746916812603,107.33746916812603,106.89036473600552,0.19461202526889565,-0.25249240685161567
s22,walk,s22_walk,191000,2021-01-01 12:25:57.857863,108.30324909747291,108.32834709397162,108.32834709397162,107.39365856129366,0.025097996498701036,-0.9095905361792518
s22,walk,s22_walk,192000,2021-01-01 12:25:59.857863,108.30324909747291,108.62731925485504,108.62731925485504,107.82543980404014,0.3240701573821241,-0.47780929343277023
s22,walk,s22_walk,193000,2021-01-01 12:26:01.857863,108.30324909747291,108.0289904139146,108.0289904139146,107.8966825174962,-0.2742586835583154,-0.40656657997671175
s22,walk,s22_walk,194000,2021-01-01 12:26:03.857863,97.0873786407767,97.93204081199654,97.93204081199654,104.40905792057131,0.8446621712198379,7.321679279794608
s22,walk,s22_walk,195000,2021-01-01 12:26:05.857863,95.84664536741214,95.90335063347483,95.90335063347483,101.43206037008754,0.05670526606269277,5.585415002675404
s22,walk,s22_walk,196000,2021-01-01 12:26:07.857863,94.6372239747634,92.6090225624738,92.6090225624738,98.34399713742273,-2.0282014122896044,3.7067731626593314
s22,walk,s22_walk,197000,2021-01-01 12:26:09.857863,87.46355685131195,88.93850420340812,88.93850420340812,95.05207461051762,1.4749473520961658,7.588517759205672
s22,walk,s22_walk,198000,2021-01-01 12:26:11.857863,85.47008547008548,84.87069505225548,84.87069505225548,91.48859176512588,-0.5993904178299942,6.018506295040396
s22,walk,s22_walk,199000,2021-01-01 12:26:13.857863,85.71428571428572,85.34079440705632,85.34079440705632,89.33686268980153,-0.3734913072294006,3.6225769755158126
s22,walk,s22_walk,200000,2021-01-01 12:26:15.857863,89.82035928143712,89.86644499422341,89.86644499422341,89.52221649634919,0.0460857127862937,-0.2981427850879328
s22,walk,s22_walk,201000,2021-01-01 12:26:17.857863,90.9090909090909,90.70678154364111,90.70678154364111,89.93681426290136,-0.20230936544979272,-0.9722766461895418
s22,walk,s22_walk,202000,2021-01-01 12:26:19.857863,91.46341463414632,91.17175503710003,91.17175503710003,90.3690435338709,-0.29165959704629074,-1.0943711002754242
s22,walk,s22_walk,203000,2021-01-01 12:26:21.857863,91.74311926605505,93.37673598011384,93.37673598011384,91.42173589005593,1.633616714058789,-0.3213833759991189
s22,walk,s22_walk,204000,2021-01-01 12:26:23.857863,97.4025974025974,95.70178544248215,95.70178544248215,92.9197532334051,-1.7008119601152458,-4.4828441691922905
s22,walk,s22_walk,205000,2021-01-01 12:26:25.857863,97.4025974025974,96.24819423946947,96.24819423946947,94.08470758552764,-1.154403163127924,-3.317889817069755
s22,walk,s22_walk,206000,2021-01-01 12:26:27.857863,91.74311926605505,92.44841135559277,92.44841135559277,93.51200390505043,0.7052920895377213,1.768884638995388
s22,walk,s22_walk,207000,2021-01-01 12:26:29.857863,89.55223880597015,90.45139850491931,90.45139850491931,92.44079201500455,0.8991596989491626,2.8885532090343986
s22,walk,s22_walk,208000,2021-01-01 12:26:31.857863,90.9090909090909,90.1969272822325,90.1969272822325,91.65543935853432,-0.7121636268584126,0.7463484494434169
s22,walk,s22_walk,209000,2021-01-01 12:26:33.857863,91.1854103343465,91.25274760852405,91.25274760852405,91.51449724603073,0.06733727417754665,0.32908691168422877
s22,walk,s22_walk,210000,2021-01-01 12:26:35.857863,91.1854103343465,91.29661751331052,91.29661751331052,91.43823933957866,0.11120717896402255,0.252829005232158
s22,walk,s22_walk,211000,2021-01-01 12:26:37.857863,90.09009009009009,90.34647376911366,90.34647376911366,91.0561213899159,0.2563836790235712,0.9660312998258149
s22,walk,s22_walk,212000,2021-01-01 12:26:39.857863,89.28571428571428,89.62259716149882,89.62259716149882,90.55438790996993,0.33688287578453924,1.2686736242556549
s22,walk,s22_walk,213000,2021-01-01 12:26:41.857863,93.16770186335404,91.42339341190852,91.42339341190852,90.85853983564843,-1.7443084514455194,-2.309162027705611
s22,walk,s22_walk,214000,2021-01-01 12:26:43.857863,94.6372239747634,94.49071839224248,94.49071839224248,92.12980233045636,-0.14650558252091628,-2.507421644307044
s22,walk,s22_walk,215000,2021-01-01 12:26:45.857863,95.69377990430624,95.62574810353597,95.62574810353597,93.35338335103421,-0.06803180077027093,-2.3403965532720292
s22,walk,s22_walk,216000,2021-01-01 12:26:47.857863,96.4630225080386,95.05960103474636,95.05960103474636,93.95055954033346,-1.4034214732922408,-2.5124629677051473
s22,walk,s22_walk,217000,2021-01-01 12:26:49.857863,96.15384615384616,95.77808601676004,95.77808601676004,94.59019380708276,-0.3757601370861181,-1.563652346763405
s22,walk,s22_walk,218000,2021-01-01 12:26:51.857863,99.17355371900828,98.3613635292072,98.3613635292072,95.9101032098263,-0.8121901898010861,-3.263450509181979
s22,walk,s22_walk,219000,2021-01-01 12:26:53.857863,100.0,100.55270503424401,100.55270503424401,97.5350138483725,0.5527050342440134,-2.4649861516274996
s22,walk,s22_walk,220000,2021-01-01 12:26:55.857863,99.33774834437088,101.10933426519708,101.10933426519708,98.78602599426111,1.7715859208261975,-0.5517223501097703
s22,walk,s22_walk,221000,2021-01-01 12:26:57.857863,99.33774834437088,100.42943775713205,100.42943775713205,99.36122011126594,1.0916894127611698,0.02347176689505659
s22,walk,s22_walk,222000,2021-01-01 12:26:59.857863,97.7198697068404,96.89890713882117,96.89890713882117,98.49941057091027,-0.8209625680192261,0.7795408640698724
s22,walk,s22_walk,223000,2021-01-01 12:27:01.857863,97.7198697068404,97.04710345292936,97.04710345292936,97.99110307961695,-0.6727662539110355,0.2712333727765497
s22,walk,s22_walk,224000,2021-01-01 12:27:03.857863,101.35135135135135,98.30401328199852,98.30401328199852,98.1006216504505,-3.0473380693528327,-3.2507297009008482
s22,walk,s22_walk,225000,2021-01-01 12:27:05.857863,103.27022375215148,103.01389352080034,103.01389352080034,99.82026680507295,-0.25633023135114286,-3.449956947078533
s22,walk,s22_walk,226000,2021-01-01 12:27:07.857863,102.21465076660988,102.15897762792493,102.15897762792493,100.63881559307114,-0.05567313868495205,-1.575835173538735
s22,walk,s22_walk,227000,2021-01-01 12:27:09.857863,98.36065573770492,97.93221148586903,97.93221148586903,99.6915041555504,-0.4284442518358844,1.3308484178454876
s22,walk,s22_walk,228000,2021-01-01 12:27:11.857863,98.36065573770492,98.21513941401031,98.21513941401031,99.17477649601136,-0.14551632369460776,0.8141207583064443
s22,walk,s22_walk,229000,2021-01-01 12:27:13.857863,99.83361064891848,100.30009499039414,100.30009499039414,99.56863796904533,0.4664843414756632,-0.26497267987315354
s22,walk,s22_walk,230000,2021-01-01 12:27:15.857863,100.0,99.86207645963312,99.86207645963312,99.67134144075106,-0.13792354036688437,-0.32865855924893594
s22,walk,s22_walk,231000,2021-01-01 12:27:17.857863,100.0,99.31604155097652,99.31604155097652,99.54698647932997,-0.6839584490234785,-0.45301352067002654
s22,walk,s22_walk,232000,2021-01-01 12:27:19.857863,98.19967266775778,97.14450773075764,97.14450773075764,98.70611891732966,-1.0551649370001428,0.50644624957188
s22,walk,s22_walk,233000,2021-01-01 12:27:21.857863,100.0,100.01618207148256,100.01618207148256,99.16464102128317,0.0161820714825609,-0.8353589787168261
s22,walk,s22_walk,234000,2021-01-01 12:27:23.857863,102.38907849829351,104.09874816179249,104.09874816179249,100.89157852046144,1.7096696634989712,-1.4974999778320779
s22,walk,s22_walk,235000,2021-01-01 12:27:25.857863,103.98613518197574,104.88788992878722,104.88788992878722,102.29028751337546,0.901754746811477,-1.6958476686002797
s22,walk,s22_walk,236000,2021-01-01 12:27:27.857863,103.44827586206895,103.0798940356356,103.0798940356356,102.56664979616652,-0.3683818264333496,-0.881626065902438
s22,walk,s22_walk,237000,2021-01-01 12:27:29.857863,94.6372239747634,97.48448884783092,97.48448884783092,100.78789346424907,2.847264873067516,6.150669489485665
s22,walk,s22_walk,238000,2021-01-01 12:27:31.857863,94.04388714733544,95.91901257795199,95.91901257795199,99.0837851540451,1.8751254306165492,5.039898006709663
