subject_id,session_id,timestamp_s,activity_label,accel_x_mps2,accel_y_mps2,accel_z_mps2,gyro_x_dps,gyro_y_dps,gyro_z_dps,mag_x_uT,mag_y_uT,mag_z_uT,euler_heading_deg,euler_roll_deg,euler_pitch_deg,quat_w,quat_x,quat_y,quat_z,linear_accel_x_mps2,linear_accel_y_mps2,linear_accel_z_mps2,gravity_x_mps2,gravity_y_mps2,gravity_z_mps2,temperature_c
1,1,0.0000,SITTING,-1.1807381,0.5306472,9.5570290,0.5598288,-0.6146859,0.6863512,13.0274311,3.2513801,44.0523601,3.0000000,8.0000000,-0.1798361,0.9972181,0.0262226,0.0696915,-0.0033910,0.1520107,0.0142975,-0.0967891,-1.3648219,0.5082456,9.6979035,26.9724538
1,1,0.0100,SITTING,-1.3570461,0.5467047,9.5856047,0.5406132,-2.1617562,1.4515855,12.8519845,2.9428738,44.2363875,3.0000000,8.0000000,-0.1793000,0.9972181,0.0262223,0.0696916,-0.0033864,0.0205449,0.0564897,-0.1124924,-1.3648219,0.5082456,9.6979035,26.9818283
1,1,0.0200,SITTING,-1.4436474,0.4602074,9.8848593,0.1043077,0.6730351,0.0579485,12.5237887,2.3766669,44.0162746,3.0000000,8.0000000,-0.1787634,0.9972181,0.0262219,0.0696917,-0.0033817,-0.1019982,-0.1030768,0.1584501,-1.3648219,0.5082456,9.6979035,27.0091664
1,1,0.0300,SITTING,-1.3064888,0.4994118,9.7132905,0.5128264,0.3098466,1.3986735,12.3555146,2.4503351,43.7408691,3.0000000,8.0000000,-0.1782265,0.9972182,0.0262216,0.0696919,-0.0033770,0.0516137,-0.0260262,0.0164071,-1.3648219,0.5082456,9.6979035,26.9894529
1,1,0.0400,SITTING,-1.3220183,0.5213272,9.7122974,0.0016751,-1.5217736,1.9323236,13.1994308,2.9869085,44.3159486,3.0000000,8.0000000,-0.1776892,0.9972182,0.0262213,0.0696920,-0.0033723,0.0344205,0.0083269,0.0411031,-1.3648219,0.5082456,9.6979035,27.0243155
1,1,0.0500,SITTING,-1.2988141,0.5347326,9.6652382,-0.5051954,0.0173969,1.9902271,13.2126343,2.4324729,44.1676716,3.0000000,8.0000000,-0.1771514,0.9972182,0.0262210,0.0696921,-0.0033677,0.0859862,0.0369595,-0.0835458,-1.3648219,0.5082456,9.6979035,26.9983193
1,1,0.0600,SITTING,-1.4156816,0.4892906,9.6846494,0.0517706,1.0829329,1.2103414,13.0072885,2.5050903,44.3704604,3.0000000,8.0000000,-0.1766133,0.9972182,0.0262206,0.0696922,-0.0033630,-0.0639878,-0.0373076,-0.0096845,-1.3648219,0.5082456,9.6979035,26.9638496
1,1,0.0700,SITTING,-1.3895716,0.6001825,9.7886196,0.0567743,0.5690135,1.6328880,12.7735895,2.5191427,43.6113697,3.0000000,8.0000000,-0.1760747,0.9972182,0.0262203,0.0696924,-0.0033583,-0.0004256,0.0451991,0.0512783,-1.3648219,0.5082456,9.6979035,27.0119713
1,1,0.0800,SITTING,-1.5252695,0.5422621,9.8451104,1.4191884,-0.7888525,0.8707026,12.8109224,3.5293720,44.1125870,3.0000000,8.0000000,-0.1755358,0.9972182,0.0262200,0.0696925,-0.0033536,-0.1393427,-0.0095099,0.0580119,-1.3648219,0.5082456,9.6979035,27.0378295
1,1,0.0900,SITTING,-1.5975570,0.6147615,9.7408993,1.2693034,-0.3080959,1.7043509,12.9973978,2.9872063,44.0164347,3.0000000,8.0000000,-0.1749964,0.9972183,0.0262196,0.0696926,-0.0033489,-0.2049808,0.0933585,0.0127283,-1.3648219,0.5082456,9.6979035,27.0547242
1,1,0.1000,SITTING,-1.4101620,0.5628231,9.7432880,0.3688527,0.0023526,0.2984443,12.6708773,2.4805838,43.4434652,3.0000000,8.0000000,-0.1744567,0.9972183,0.0262193,0.0696927,-0.0033442,0.0047576,-0.0508195,-0.0636558,-1.3648219,0.5082456,9.6979035,26.9658320
1,1,0.1100,SITTING,-1.4394031,0.4810224,9.6936236,-1.2531773,-0.5558993,1.6316326,12.5686354,2.7541134,44.3127998,3.0000000,8.0000000,-0.1739166,0.9972183,0.0262190,0.0696929,-0.0033395,-0.0590993,-0.0561432,-0.0484689,-1.3648219,0.5082456,9.6979035,27.0069687
1,1,0.1200,SITTING,-1.4011615,0.5897819,9.7736678,0.6847559,0.9835827,1.9032906,13.2574397,2.7366416,43.4691532,3.0000000,8.0000000,-0.1733761,0.9972183,0.0262187,0.0696930,-0.0033348,-0.0709332,0.0500220,0.0178876,-1.3648219,0.5082456,9.6979035,26.9924096
1,1,0.1300,SITTING,-1.2805688,0.4321565,9.7185658,-0.2224267,-0.3916793,0.0355681,12.7717035,2.3804854,43.8327444,3.0000000,8.0000000,-0.1728352,0.9972183,0.0262183,0.0696931,-0.0033301,0.0789832,-0.0482523,0.0156341,-1.3648219,0.5082456,9.6979035,27.0221691
1,1,0.1400,SITTING,-1.4637827,0.3801218,9.6826186,0.5561993,0.9612051,1.6654520,12.6669231,3.0382064,43.7452034,3.0000000,8.0000000,-0.1722939,0.9972183,0.0262180,0.0696932,-0.0033254,-0.0380442,-0.1837099,0.0289798,-1.3648219,0.5082456,9.6979035,26.9487380
1,1,0.1500,SITTING,-1.2780227,0.5437806,9.6957470,-0.3509224,0.8509572,0.7807543,12.4779878,3.0427224,43.9125569,3.0000000,8.0000000,-0.1717522,0.9972184,0.0262177,0.0696934,-0.0033207,0.1686478,0.0176892,-0.0018315,-1.3648219,0.5082456,9.6979035,27.0113293
1,1,0.1600,SITTING,-1.4532093,0.4216246,9.7865000,0.3839801,-0.3578491,0.9115698,12.7543208,2.2031853,44.3170091,3.0000000,8.0000000,-0.1712101,0.9972184,0.0262173,0.0696935,-0.0033159,-0.0088498,-0.1207999,-0.0043301,-1.3648219,0.5082456,9.6979035,27.0116943
1,1,0.1700,SITTING,-1.2228706,0.5378946,9.8258643,1.2544356,0.0358034,0.2068445,12.7871365,2.8835015,43.7458363,3.0000000,8.0000000,-0.1706677,0.9972184,0.0262170,0.0696936,-0.0033112,0.2261825,-0.0161370,0.0819679,-1.3648219,0.5082456,9.6979035,27.0294248
1,1,0.1800,SITTING,-1.3866530,0.5640957,9.7137982,1.2830283,-1.7763225,0.8053426,12.5526685,2.4266996,44.0275296,3.0000000,8.0000000,-0.1701248,0.9972184,0.0262167,0.0696937,-0.0033065,-0.0166837,0.0034910,-0.0195856,-1.3648219,0.5082456,9.6979035,27.0087776
1,1,0.1900,SITTING,-1.2938606,0.4798278,9.6992316,0.0441441,-0.8922135,0.4229014,13.0930682,3.1107094,43.4381001,3.0000000,8.0000000,-0.1695816,0.9972184,0.0262163,0.0696938,-0.0033018,0.0433659,-0.0863227,0.0751326,-1.3648219,0.5082456,9.6979035,27.0297527
1,1,0.2000,SITTING,-1.5018371,0.4159261,9.7380658,1.2800686,0.6347830,0.3034445,12.4114227,2.8009576,45.0114226,3.0000000,8.0000000,-0.1690380,0.9972184,0.0262160,0.0696940,-0.0032970,-0.1308140,-0.0930102,0.0181882,-1.3648219,0.5082456,9.6979035,27.0155194
1,1,0.2100,SITTING,-1.3766006,0.3374265,9.7397965,0.1739488,1.1493208,0.7309627,12.7180200,2.7812098,43.8821668,3.0000000,8.0000000,-0.1684940,0.9972184,0.0262157,0.0696941,-0.0032923,0.0258825,-0.1416391,0.0182541,-1.3648219,0.5082456,9.6979035,27.0260785
1,1,0.2200,SITTING,-1.4007895,0.5732291,9.7858928,0.2962498,0.3751796,0.3808643,13.3146268,2.6629075,43.4835465,3.0000000,8.0000000,-0.1679497,0.9972185,0.0262154,0.0696942,-0.0032876,-0.0211012,0.0486360,0.1160244,-1.3648219,0.5082456,9.6979035,27.0496289
1,1,0.2300,SITTING,-1.3223666,0.5935597,9.7384103,1.6052321,0.8647257,0.8075441,12.8596100,2.9716179,43.9250128,3.0000000,8.0000000,-0.1674049,0.9972185,0.0262150,0.0696943,-0.0032828,0.0489236,-0.0165125,0.0148520,-1.3648219,0.5082456,9.6979035,27.0333431
1,1,0.2400,SITTING,-1.3189217,0.3632555,9.6880426,0.4061205,2.0799011,2.1415581,12.7408129,3.3644681,45.0067413,3.0000000,8.0000000,-0.1668598,0.9972185,0.0262147,0.0696945,-0.0032781,0.0231771,-0.0952052,0.0023266,-1.3648219,0.5082456,9.6979035,27.0376449
1,1,0.2500,SITTING,-1.3057378,0.4702776,9.7948682,0.4546559,0.7578641,1.5134694,12.7482230,2.8230390,44.4490821,3.0000000,8.0000000,-0.1663143,0.9972185,0.0262144,0.0696946,-0.0032733,0.1009088,-0.0334054,0.0875673,-1.3648219,0.5082456,9.6979035,27.0108838
1,1,0.2600,SITTING,-1.4857846,0.5689745,9.6430549,1.0422694,-1.0144477,0.2227688,13.1488935,2.8707095,43.7399465,3.0000000,8.0000000,-0.1657685,0.9972185,0.0262140,0.0696947,-0.0032686,-0.1186225,0.0419045,-0.0840638,-1.3648219,0.5082456,9.6979035,27.0060432
1,1,0.2700,SITTING,-1.4108703,0.5618875,9.7336612,0.6038158,-0.6403392,0.5740883,12.8660999,2.5199495,44.3060712,3.0000000,8.0000000,-0.1652222,0.9972185,0.0262137,0.0696948,-0.0032638,-0.0336498,0.0289376,0.0727393,-1.3648219,0.5082456,9.6979035,27.0205362
1,1,0.2800,SITTING,-1.5309595,0.5192952,9.6439262,1.3212958,1.9923649,1.2100542,12.9515684,2.6314588,44.6381848,3.0000000,8.0000000,-0.1646756,0.9972186,0.0262134,0.0696950,-0.0032591,-0.1436897,-0.0366850,-0.0241432,-1.3648219,0.5082456,9.6979035,27.0344317
1,1,0.2900,SITTING,-1.4593207,0.4256152,9.7756048,0.7170566,-1.6946536,1.3627903,12.3777264,2.9404182,43.8495723,3.0000000,8.0000000,-0.1641286,0.9972186,0.0262130,0.0696951,-0.0032543,-0.0622948,-0.1228897,-0.0144136,-1.3648219,0.5082456,9.6979035,27.0113062
1,1,0.3000,SITTING,-1.3228236,0.4768325,9.8928855,0.5336804,0.6065216,0.0061696,12.8983281,2.5815626,44.0381750,3.0000000,8.0000000,-0.1635813,0.9972186,0.0262127,0.0696952,-0.0032496,0.0613246,-0.0576507,0.1245256,-1.3648219,0.5082456,9.6979035,26.9956395
1,1,0.3100,SITTING,-1.4441904,0.5118611,9.8128397,0.5756307,2.4591117,-0.5154067,12.7066933,2.8622263,43.9821704,3.0000000,8.0000000,-0.1630336,0.9972186,0.0262124,0.0696953,-0.0032448,-0.1200332,0.0203416,0.1125688,-1.3648219,0.5082456,9.6979035,27.0473356
1,1,0.3200,SITTING,-1.2644113,0.4526407,9.8738054,0.3402593,-0.2409478,0.6210355,13.0032708,3.1291899,44.4716196,3.0000000,8.0000000,-0.1624855,0.9972186,0.0262120,0.0696955,-0.0032400,0.0974766,-0.0375021,0.1112781,-1.3648219,0.5082456,9.6979035,27.0477370
1,1,0.3300,SITTING,-1.4698186,0.6344295,9.5901712,0.7856259,0.5375106,0.1611380,12.2864750,3.2846318,44.0735064,3.0000000,8.0000000,-0.1619370,0.9972186,0.0262117,0.0696956,-0.0032353,-0.1095423,0.0256484,-0.1224425,-1.3648219,0.5082456,9.6979035,26.9972684
1,1,0.3400,SITTING,-1.4706721,0.5669756,9.6084415,-0.1377073,0.8132177,0.4763420,12.3615315,2.7731168,44.4308172,3.0000000,8.0000000,-0.1613882,0.9972186,0.0262114,0.0696957,-0.0032305,-0.0564110,0.0085898,-0.0671702,-1.3648219,0.5082456,9.6979035,26.9997331
1,1,0.3500,SITTING,-1.3122776,0.7149298,9.6635859,0.2607556,0.4666382,1.5046639,13.1194851,3.1170207,44.3709225,3.0000000,8.0000000,-0.1608390,0.9972187,0.0262110,0.0696958,-0.0032257,0.0333957,0.1664251,-0.1120125,-1.3648219,0.5082456,9.6979035,27.0264409
1,1,0.3600,SITTING,-1.3555076,0.6536827,9.8762849,-0.9936327,-0.6259847,1.5392270,12.7549483,2.5859755,44.1940933,3.0000000,8.0000000,-0.1602895,0.9972187,0.0262107,0.0696960,-0.0032209,0.0436405,0.0924155,0.1297254,-1.3648219,0.5082456,9.6979035,27.0491162
1,1,0.3700,SITTING,-1.4883893,0.5413515,9.6259969,-1.2235112,-0.2141373,-0.5142643,12.3574674,3.3458230,43.9787970,3.0000000,8.0000000,-0.1597396,0.9972187,0.0262104,0.0696961,-0.0032161,-0.1123932,0.0670119,-0.1141780,-1.3648219,0.5082456,9.6979035,27.0208873
1,1,0.3800,SITTING,-1.4473437,0.4826753,9.8047448,1.4420219,-1.1125186,0.3756246,12.9928677,3.2407163,43.7294274,3.0000000,8.0000000,-0.1591893,0.9972187,0.0262100,0.0696962,-0.0032113,-0.0422453,0.0330500,0.1472994,-1.3648219,0.5082456,9.6979035,27.0208493
1,1,0.3900,SITTING,-1.4950753,0.4452534,9.5968914,-0.0114490,1.0954718,2.5310836,12.4827277,3.0018793,44.3214230,3.0000000,8.0000000,-0.1586387,0.9972187,0.0262097,0.0696964,-0.0032065,-0.1426514,-0.0222359,-0.0919047,-1.3648219,0.5082456,9.6979035,27.0133436
1,1,0.4000,SITTING,-1.2665844,0.2952249,9.6706905,0.9652619,-0.8311021,0.5555420,12.9018901,2.9933968,44.6733174,3.0000000,8.0000000,-0.1580878,0.9972187,0.0262094,0.0696965,-0.0032018,0.0833740,-0.1521094,-0.0946141,-1.3648219,0.5082456,9.6979035,27.0124674
1,1,0.4100,SITTING,-1.4270135,0.5518915,9.7172132,0.8814903,-0.3804694,-0.2701884,12.0448327,3.0905562,44.2638133,3.0000000,8.0000000,-0.1575364,0.9972188,0.0262090,0.0696966,-0.0031970,-0.0642934,0.0403835,-0.0302092,-1.3648219,0.5082456,9.6979035,27.0417854
1,1,0.4200,SITTING,-1.4342100,0.6269910,9.7447467,0.9559228,0.7737683,0.8235319,13.4833542,2.9169537,44.3567665,3.0000000,8.0000000,-0.1569847,0.9972188,0.0262087,0.0696967,-0.0031922,-0.0976202,0.0584410,0.0256383,-1.3648219,0.5082456,9.6979035,27.0183812
1,1,0.4300,SITTING,-1.4507910,0.4192769,9.7142165,1.6386935,-1.2746473,1.2688964,12.2442436,2.7634257,44.3683404,3.0000000,8.0000000,-0.1564327,0.9972188,0.0262084,0.0696969,-0.0031874,-0.0927475,-0.1221022,0.0380288,-1.3648219,0.5082456,9.6979035,26.9926982
1,1,0.4400,SITTING,-1.3296101,0.6495968,9.7403621,0.8703915,0.9413578,-0.0184505,13.3522111,3.2185816,43.6010459,3.0000000,8.0000000,-0.1558803,0.9972188,0.0262080,0.0696970,-0.0031825,0.0581937,0.0709535,0.0493239,-1.3648219,0.5082456,9.6979035,27.0319246
1,1,0.4500,SITTING,-1.3441744,0.3969763,9.9125767,0.2643484,0.2672636,0.8060860,12.3649175,2.7987203,44.2065449,3.0000000,8.0000000,-0.1553276,0.9972188,0.0262077,0.0696971,-0.0031777,0.0359686,-0.0362397,0.1462590,-1.3648219,0.5082456,9.6979035,27.0061052
1,1,0.4600,SITTING,-1.3322472,0.5773453,9.6462199,-0.3606274,-1.0792511,0.8645678,12.7269819,2.9560643,43.8329586,3.0000000,8.0000000,-0.1547745,0.9972188,0.0262073,0.0696972,-0.0031729,0.1007652,0.0836305,-0.0836572,-1.3648219,0.5082456,9.6979035,26.9792966
1,1,0.4700,SITTING,-1.3366980,0.6220422,9.7038927,0.1730029,0.3298974,1.2189556,13.0881335,2.2764005,44.2044666,3.0000000,8.0000000,-0.1542210,0.9972188,0.0262070,0.0696974,-0.0031681,0.0621584,0.0343183,0.0284002,-1.3648219,0.5082456,9.6979035,27.0619828
1,1,0.4800,SITTING,-1.2916731,0.4269970,9.7500937,1.7298471,0.2876172,1.7733485,13.3633431,2.8198843,44.0082595,3.0000000,8.0000000,-0.1536673,0.9972189,0.0262067,0.0696975,-0.0031633,0.0988096,-0.1137605,-0.0096381,-1.3648219,0.5082456,9.6979035,27.0492233
1,1,0.4900,SITTING,-1.4781786,0.4968087,9.8992516,0.5234622,1.5235907,0.5048616,12.4853313,3.0002700,43.9676605,3.0000000,8.0000000,-0.1531131,0.9972189,0.0262063,0.0696976,-0.0031585,0.0018345,-0.0515161,0.1545876,-1.3648219,0.5082456,9.6979035,27.0498812
1,1,0.5000,SITTING,-1.4145605,0.6091438,9.6564853,0.5127191,0.2744668,1.4994955,12.4970810,3.1725769,44.4519669,3.0000000,8.0000000,-0.1525587,0.9972189,0.0262060,0.0696977,-0.0031536,-0.0438224,0.0423682,-0.0286599,-1.3648219,0.5082456,9.6979035,27.0039365
1,1,0.5100,SITTING,-1.3600031,0.4423166,9.7446151,-0.0726033,1.0536984,1.2630192,12.3281961,2.9183198,43.8828469,3.0000000,8.0000000,-0.1520038,0.9972189,0.0262057,0.0696979,-0.0031488,0.0017762,-0.1122561,-0.0162730,-1.3648219,0.5082456,9.6979035,27.0124341
1,1,0.5200,SITTING,-1.4471047,0.5538383,9.6308762,0.0887486,-0.0851239,1.2050740,12.9353041,2.6232369,44.1564725,3.0000000,8.0000000,-0.1514487,0.9972189,0.0262053,0.0696980,-0.0031440,-0.0751464,0.0062594,-0.0502721,-1.3648219,0.5082456,9.6979035,27.0262527
1,1,0.5300,SITTING,-1.3826788,0.3447883,9.7307434,0.1665284,-0.4630867,0.4746309,11.9688851,2.9080825,43.5308611,3.0000000,8.0000000,-0.1508932,0.9972189,0.0262050,0.0696981,-0.0031391,-0.0824018,-0.1964470,0.0283606,-1.3648219,0.5082456,9.6979035,27.0620264
1,1,0.5400,SITTING,-1.2919593,0.4380680,9.7135649,0.7085380,-1.0476997,2.7533749,12.7119818,2.5531385,43.8175726,3.0000000,8.0000000,-0.1503373,0.9972190,0.0262046,0.0696983,-0.0031343,0.0746348,-0.1069653,0.0322288,-1.3648219,0.5082456,9.6979035,27.0502686
1,1,0.5500,SITTING,-1.3368418,0.6921254,9.9164269,0.1171942,-0.2227712,0.5910206,12.9803635,3.3840192,44.1204983,3.0000000,8.0000000,-0.1497812,0.9972190,0.0262043,0.0696984,-0.0031295,-0.0246254,0.1179362,0.1711775,-1.3648219,0.5082456,9.6979035,27.0207819
1,1,0.5600,SITTING,-1.3386441,0.4599681,9.5973564,1.2461897,1.4472608,-0.0448241,12.8578236,2.4488256,44.6815513,3.0000000,8.0000000,-0.1492246,0.9972190,0.0262040,0.0696985,-0.0031246,0.0773402,-0.0382026,-0.1177105,-1.3648219,0.5082456,9.6979035,27.0186044
1,1,0.5700,SITTING,-1.4091935,0.4642822,9.7130317,0.1585201,0.9968264,1.9057288,12.6352884,3.2731336,44.5650615,3.0000000,8.0000000,-0.1486678,0.9972190,0.0262036,0.0696986,-0.0031198,-0.0626719,-0.0352850,-0.0154439,-1.3648219,0.5082456,9.6979035,27.0151339
1,1,0.5800,SITTING,-1.2914316,0.5943880,9.7451180,1.2883582,0.0541193,0.3602386,13.1833847,2.3927585,44.2608679,3.0000000,8.0000000,-0.1481106,0.9972190,0.0262033,0.0696988,-0.0031149,0.0601098,0.0608658,0.0908105,-1.3648219,0.5082456,9.6979035,27.0179690
1,1,0.5900,SITTING,-1.5177838,0.3791014,9.7698401,1.2579052,-0.7119531,1.0458034,13.1751982,3.0647677,43.8466782,3.0000000,8.0000000,-0.1475531,0.9972190,0.0262030,0.0696989,-0.0031101,-0.0975478,-0.1041012,0.0361941,-1.3648219,0.5082456,9.6979035,26.9972248
1,1,0.6000,SITTING,-1.4663002,0.5399773,9.6480237,0.2918357,1.1196206,1.1387510,13.0634282,2.3661537,44.6966249,3.0000000,8.0000000,-0.1469952,0.9972190,0.0262026,0.0696990,-0.0031052,-0.0542089,0.0159553,-0.0421289,-1.3648219,0.5082456,9.6979035,26.9609119
1,1,0.6100,SITTING,-1.4868363,0.5077964,9.7998460,0.3181842,0.1661384,0.6420733,12.8225960,2.2391975,43.9823127,3.0000000,8.0000000,-0.1464371,0.9972191,0.0262023,0.0696991,-0.0031004,-0.0579155,-0.0242972,0.0764783,-1.3648219,0.5082456,9.6979035,27.0465498
1,1,0.6200,SITTING,-1.3412802,0.5610271,9.7288329,1.0169643,0.9299659,0.4383287,13.0733028,2.8892357,43.5070687,3.0000000,8.0000000,-0.1458785,0.9972191,0.0262019,0.0696993,-0.0030955,0.0357794,0.0144395,0.0669381,-1.3648219,0.5082456,9.6979035,27.0120710
1,1,0.6300,SITTING,-1.3420163,0.4512423,9.7815327,0.4103469,0.8248140,0.4937946,12.6555723,3.1915079,44.1248410,3.0000000,8.0000000,-0.1453197,0.9972191,0.0262016,0.0696994,-0.0030906,0.0552441,-0.1160671,0.0608595,-1.3648219,0.5082456,9.6979035,27.0326955
1,1,0.6400,SITTING,-1.4618841,0.5782028,9.7632457,0.1757245,0.1310995,1.4399346,12.6519000,2.6065306,43.9096306,3.0000000,8.0000000,-0.1447605,0.9972191,0.0262013,0.0696995,-0.0030858,-0.0761524,0.0521107,0.0859920,-1.3648219,0.5082456,9.6979035,27.0458196
1,1,0.6500,SITTING,-1.2586880,0.3950812,9.7491890,-1.5824131,-0.3256548,1.7715647,13.0541744,3.5429426,43.5896441,3.0000000,8.0000000,-0.1442010,0.9972191,0.0262009,0.0696997,-0.0030809,0.0991896,-0.1683442,0.0541548,-1.3648219,0.5082456,9.6979035,27.0869947
1,1,0.6600,SITTING,-1.3731784,0.4979502,9.6342750,0.5692049,1.8593947,2.5105703,12.1235168,3.3901048,44.2507931,3.0000000,8.0000000,-0.1436412,0.9972191,0.0262006,0.0696998,-0.0030760,-0.0201241,-0.0707264,0.0251606,-1.3648219,0.5082456,9.6979035,27.0609291
1,1,0.6700,SITTING,-1.5599966,0.5313167,9.6820954,0.5661483,-0.5236108,0.5481700,12.6309205,2.6141791,43.8811168,3.0000000,8.0000000,-0.1430811,0.9972192,0.0262002,0.0696999,-0.0030712,-0.1836078,0.0236176,-0.0145375,-1.3648219,0.5082456,9.6979035,27.0415711
1,1,0.6800,SITTING,-1.3343023,0.5166613,9.5695489,0.2998123,0.2165434,-0.6853098,13.0508291,2.9174310,44.3506493,3.0000000,8.0000000,-0.1425206,0.9972192,0.0261999,0.0697000,-0.0030663,0.0666042,-0.0018323,-0.1212205,-1.3648219,0.5082456,9.6979035,27.0129312
1,1,0.6900,SITTING,-1.3428614,0.6394189,9.7418530,0.9180654,0.6625208,1.3656835,12.9341690,3.2305081,44.3168798,3.0000000,8.0000000,-0.1419598,0.9972192,0.0261995,0.0697002,-0.0030614,-0.0176089,0.0705437,-0.0168353,-1.3648219,0.5082456,9.6979035,27.0512709
1,1,0.7000,SITTING,-1.2426112,0.5164640,9.5595161,-1.2486785,-0.8516498,1.4454380,12.6073434,2.7326975,44.2595312,3.0000000,8.0000000,-0.1413987,0.9972192,0.0261992,0.0697003,-0.0030565,0.0760728,-0.0004434,-0.1121509,-1.3648219,0.5082456,9.6979035,26.9979456
1,1,0.7100,SITTING,-1.3676319,0.4063564,9.7012505,0.0438588,1.5424330,1.7030588,13.3184629,3.1692439,44.5117585,3.0000000,8.0000000,-0.1408373,0.9972192,0.0261989,0.0697004,-0.0030516,-0.0117043,0.0425779,-0.0049730,-1.3648219,0.5082456,9.6979035,27.0192472
1,1,0.7200,SITTING,-1.3306041,0.4522188,9.8003135,1.0905579,1.8122337,0.2383531,12.2708661,2.7333839,44.4649704,3.0000000,8.0000000,-0.1402756,0.9972192,0.0261985,0.0697006,-0.0030467,0.0108806,-0.0505049,0.1108972,-1.3648219,0.5082456,9.6979035,27.0565469
1,1,0.7300,SITTING,-1.2888982,0.4522428,9.7907548,-0.1530623,-1.3025558,0.4841314,12.5976388,2.3713488,44.7265039,3.0000000,8.0000000,-0.1397135,0.9972192,0.0261982,0.0697007,-0.0030419,0.0919254,-0.0614200,0.0483062,-1.3648219,0.5082456,9.6979035,27.0584538
1,1,0.7400,SITTING,-1.4662932,0.4310216,9.5932356,1.2738882,0.3409050,1.4232604,12.4659113,2.8346990,43.8319903,3.0000000,8.0000000,-0.1391512,0.9972193,0.0261978,0.0697008,-0.0030370,-0.0404370,-0.0467649,-0.0749061,-1.3648219,0.5082456,9.6979035,27.0342908
1,1,0.7500,SITTING,-1.3048056,0.4952726,9.8107767,1.6111715,-0.1217830,1.0709559,12.7158699,2.8098286,43.8898456,3.0000000,8.0000000,-0.1385885,0.9972193,0.0261975,0.0697009,-0.0030321,0.0154909,-0.0299588,0.0505745,-1.3648219,0.5082456,9.6979035,27.0165960
1,1,0.7600,SITTING,-1.3705051,0.5105433,9.6620130,0.3309595,-0.7045304,-0.4638225,12.8072527,3.4323830,43.7752189,3.0000000,8.0000000,-0.1380255,0.9972193,0.0261972,0.0697011,-0.0030272,0.0135400,0.0126868,0.0145616,-1.3648219,0.5082456,9.6979035,27.0145581
1,1,0.7700,SITTING,-1.4473566,0.5132843,9.9390700,-0.0917960,0.5131277,0.1558723,13.2362524,2.6275091,44.3356947,3.0000000,8.0000000,-0.1374622,0.9972193,0.0261968,0.0697012,-0.0030223,-0.0059067,-0.0326276,0.2417747,-1.3648219,0.5082456,9.6979035,27.0632584
1,1,0.7800,SITTING,-1.2670597,0.4704445,9.5648396,0.8497655,0.7499959,0.8458073,13.2838804,2.6746823,44.7665541,3.0000000,8.0000000,-0.1368986,0.9972193,0.0261965,0.0697013,-0.0030174,0.1118114,-0.0498472,-0.1046426,-1.3648219,0.5082456,9.6979035,27.0448158
1,1,0.7900,SITTING,-1.3128184,0.5793789,9.7997914,-1.1485925,0.0289915,2.8523240,12.7403548,3.1355399,44.1313419,3.0000000,8.0000000,-0.1363347,0.9972193,0.0261961,0.0697015,-0.0030124,0.0465324,0.0323320,0.0892465,-1.3648219,0.5082456,9.6979035,27.1131185
1,1,0.8000,SITTING,-1.3920998,0.4196100,9.7839165,0.4803026,-0.8190159,-0.9722075,12.6483812,2.8015126,44.2008881,3.0000000,8.0000000,-0.1357704,0.9972193,0.0261958,0.0697016,-0.0030075,-0.0559005,-0.1007570,0.0770464,-1.3648219,0.5082456,9.6979035,27.0546023
1,1,0.8100,SITTING,-1.4938182,0.4922106,9.7117326,0.6033758,-1.0751764,1.2337826,12.9305987,2.9916988,44.5031069,3.0000000,8.0000000,-0.1352059,0.9972194,0.0261954,0.0697017,-0.0030026,-0.0888092,0.0195379,0.0592660,-1.3648219,0.5082456,9.6979035,27.0755241
1,1,0.8200,SITTING,-1.4797378,0.6224900,9.6761954,0.3144160,0.4393176,0.4071376,12.6445857,3.3130688,44.1149719,3.0000000,8.0000000,-0.1346411,0.9972194,0.0261951,0.0697018,-0.0029977,-0.0416651,0.0370293,-0.0753419,-1.3648219,0.5082456,9.6979035,26.9890388
1,1,0.8300,SITTING,-1.4479398,0.5083564,9.7563228,-0.3892869,0.7666628,0.9899334,13.1580961,3.0888606,44.4738279,3.0000000,8.0000000,-0.1340759,0.9972194,0.0261948,0.0697020,-0.0029928,-0.0177018,0.0269076,0.0864235,-1.3648219,0.5082456,9.6979035,27.0340864
1,1,0.8400,SITTING,-1.3437624,0.3834902,9.7441603,1.9409666,0.6113870,0.6535993,12.2589549,2.5196963,43.9869414,3.0000000,8.0000000,-0.1335105,0.9972194,0.0261944,0.0697021,-0.0029879,0.0294344,-0.1337501,0.0143290,-1.3648219,0.5082456,9.6979035,27.0318112
1,1,0.8500,SITTING,-1.3151625,0.4171573,9.8076929,-0.3064409,0.1554580,0.3312936,12.4290485,3.0384988,44.7925382,3.0000000,8.0000000,-0.1329447,0.9972194,0.0261941,0.0697022,-0.0029829,0.0274195,-0.1719938,0.1322762,-1.3648219,0.5082456,9.6979035,27.1157352
1,1,0.8600,SITTING,-1.2181992,0.6117792,9.8188018,0.3550754,0.7517103,1.9200061,13.0132626,2.7368989,44.2898535,3.0000000,8.0000000,-0.1323787,0.9972194,0.0261937,0.0697024,-0.0029780,0.1404673,0.0853539,0.0421352,-1.3648219,0.5082456,9.6979035,27.0378928
1,1,0.8700,SITTING,-1.4542826,0.4992310,9.7725769,0.0225255,0.7674812,1.7961358,12.3125695,3.2938589,43.3815012,3.0000000,8.0000000,-0.1318124,0.9972194,0.0261934,0.0697025,-0.0029731,-0.1051427,0.0383168,0.0789131,-1.3648219,0.5082456,9.6979035,27.0964663
1,1,0.8800,SITTING,-1.3859953,0.4143605,9.7979602,0.2029387,-0.5397516,-0.2629025,12.4496785,2.2419819,44.7711874,3.0000000,8.0000000,-0.1312457,0.9972195,0.0261930,0.0697026,-0.0029682,-0.0556954,-0.0719367,0.1123780,-1.3648219,0.5082456,9.6979035,27.0040776
1,1,0.8900,SITTING,-1.2345291,0.5671431,9.6467992,0.2768459,0.1988435,0.8773939,13.0815776,3.0979640,44.2739170,3.0000000,8.0000000,-0.1306788,0.9972195,0.0261927,0.0697027,-0.0029632,0.1009264,0.1107416,-0.0834170,-1.3648219,0.5082456,9.6979035,27.0814386
1,1,0.9000,SITTING,-1.3595671,0.5504857,9.6596246,0.7157409,-0.0551792,1.5795163,13.0969790,3.3065637,43.7634060,3.0000000,8.0000000,-0.1301116,0.9972195,0.0261923,0.0697029,-0.0029583,0.0188889,0.0592565,-0.0822466,-1.3648219,0.5082456,9.6979035,27.0825169
1,1,0.9100,SITTING,-1.3896553,0.5241584,9.7080795,-0.4412212,-0.7872915,1.5054976,13.2473554,2.8148168,44.3262305,3.0000000,8.0000000,-0.1295440,0.9972195,0.0261920,0.0697030,-0.0029534,0.0313690,-0.0157943,0.0089836,-1.3648219,0.5082456,9.6979035,27.0587404
1,1,0.9200,SITTING,-1.3643954,0.4405383,9.9192024,0.0513191,0.8444506,2.7895170,13.6040065,2.6845324,43.6825813,3.0000000,8.0000000,-0.1289762,0.9972195,0.0261917,0.0697031,-0.0029484,0.0551943,-0.0816198,0.1315220,-1.3648219,0.5082456,9.6979035,27.0972383
1,1,0.9300,SITTING,-1.3591446,0.5763329,9.7387558,-0.1232017,1.0300805,2.0115495,12.8261653,3.4599051,43.5586024,3.0000000,8.0000000,-0.1284081,0.9972195,0.0261913,0.0697033,-0.0029435,-0.0188970,0.0823172,0.0224047,-1.3648219,0.5082456,9.6979035,27.0117328
1,1,0.9400,SITTING,-1.3311007,0.5363388,9.8455243,1.3740926,0.0280549,1.5830238,13.4859932,2.3470834,44.0442144,3.0000000,8.0000000,-0.1278398,0.9972196,0.0261910,0.0697034,-0.0029385,-0.0645788,0.1185678,0.0757910,-1.3648219,0.5082456,9.6979035,27.0911559
1,1,0.9500,SITTING,-1.5166552,0.6820631,9.6162274,0.0902987,0.0297874,3.1388172,13.2009243,3.2857830,44.3115981,3.0000000,8.0000000,-0.1272711,0.9972196,0.0261906,0.0697035,-0.0029336,-0.1987729,0.1446827,-0.0029791,-1.3648219,0.5082456,9.6979035,27.0895052
1,1,0.9600,SITTING,-1.5252053,0.4815660,9.7886792,1.4370786,-0.4654744,1.9630701,12.9112156,3.8411883,44.2850789,3.0000000,8.0000000,-0.1267021,0.9972196,0.0261903,0.0697037,-0.0029286,-0.1294689,-0.0700407,0.0506691,-1.3648219,0.5082456,9.6979035,27.0595495
1,1,0.9700,SITTING,-1.3169392,0.4981718,9.5893743,1.0469435,1.9040962,0.7293163,12.4087966,3.7617311,44.2956981,3.0000000,8.0000000,-0.1261329,0.9972196,0.0261899,0.0697038,-0.0029237,0.0742354,0.0196765,-0.0460356,-1.3648219,0.5082456,9.6979035,27.0494392
1,1,0.9800,SITTING,-1.3633129,0.5578082,9.8789400,-0.2989714,-0.0603122,1.2184637,12.7525618,3.1386656,44.3592127,3.0000000,8.0000000,-0.1255633,0.9972196,0.0261896,0.0697039,-0.0029187,0.0181323,0.0107862,0.0631127,-1.3648219,0.5082456,9.6979035,27.0816067
1,1,0.9900,SITTING,-1.4417252,0.5056951,9.6602347,0.9891969,-1.3281527,1.9341289,12.8303075,2.7463428,43.8288570,3.0000000,8.0000000,-0.1249935,0.9972196,0.0261892,0.0697040,-0.0029138,-0.0051940,-0.0404306,-0.0494725,-1.3648219,0.5082456,9.6979035,27.0846098
1,1,1.0000,SITTING,-1.3836580,0.5597086,9.7118847,0.9845777,0.7202746,1.1159732,12.5815813,3.3887656,43.9500527,3.0000000,8.0000000,-0.1244234,0.9972196,0.0261889,0.0697042,-0.0029088,-0.0697147,-0.0122854,0.0049256,-1.3648219,0.5082456,9.6979035,27.0949341
1,1,1.0100,SITTING,-1.4643438,0.4376754,9.8666658,1.5809789,2.1024053,2.0753342,12.8448021,3.2959858,44.4355209,3.0000000,8.0000000,-0.1238531,0.9972197,0.0261885,0.0697043,-0.0029038,-0.0609779,-0.0674061,0.1814062,-1.3648219,0.5082456,9.6979035,27.0801393
1,1,1.0200,SITTING,-1.4038280,0.4753982,9.5757023,0.0835908,-0.3772188,0.7459058,12.6658084,2.2520521,43.7159343,3.0000000,8.0000000,-0.1232824,0.9972197,0.0261882,0.0697044,-0.0028989,-0.0128140,0.0191663,-0.1142080,-1.3648219,0.5082456,9.6979035,27.0597761
1,1,1.0300,SITTING,-1.3191788,0.4839963,9.7345061,-0.3744749,0.3558008,-0.0715656,12.6705820,3.3469047,44.1786128,3.0000000,8.0000000,-0.1227115,0.9972197,0.0261878,0.0697046,-0.0028939,0.0453131,-0.0773564,-0.0005985,-1.3648219,0.5082456,9.6979035,27.0767489
1,1,1.0400,SITTING,-1.3874987,0.5596874,9.7428024,-0.8195015,-0.4222874,-0.7670725,11.9638310,3.6630487,44.2006217,3.0000000,8.0000000,-0.1221403,0.9972197,0.0261875,0.0697047,-0.0028889,-0.0588356,0.0072323,-0.0111780,-1.3648219,0.5082456,9.6979035,27.0849583
1,1,1.0500,SITTING,-1.2238097,0.4686963,9.9045742,0.2360901,-0.2392055,0.8552348,13.2373710,2.5409218,43.6751907,3.0000000,8.0000000,-0.1215688,0.9972197,0.0261871,0.0697048,-0.0028840,0.1620131,-0.0858617,0.1519264,-1.3648219,0.5082456,9.6979035,27.0599878
1,1,1.0600,SITTING,-1.3871244,0.5431941,9.7697377,0.5575585,-1.2548924,0.4291422,13.1312002,3.1050501,44.4538834,3.0000000,8.0000000,-0.1209970,0.9972197,0.0261868,0.0697050,-0.0028790,-0.0266987,0.0431563,0.0423627,-1.3648219,0.5082456,9.6979035,27.0265575
1,1,1.0700,SITTING,-1.5806008,0.5365009,9.6266929,0.4678655,-0.3722744,2.1520028,12.7662939,3.2457166,43.6549651,3.0000000,8.0000000,-0.1204250,0.9972197,0.0261865,0.0697051,-0.0028740,-0.1758169,0.0034964,-0.0883413,-1.3648219,0.5082456,9.6979035,27.0998072
1,1,1.0800,SITTING,-1.4057469,0.5498426,9.9636545,0.0558441,-0.7554821,-0.3248250,13.1307348,3.0440279,44.4796395,3.0000000,8.0000000,-0.1198527,0.9972198,0.0261861,0.0697052,-0.0028690,0.0165696,0.0102941,0.1833570,-1.3648219,0.5082456,9.6979035,27.0878302
1,1,1.0900,SITTING,-1.4529702,0.4659401,9.7317586,0.7166624,0.2216191,1.6232610,13.0260284,2.9968774,44.9589086,3.0000000,8.0000000,-0.1192801,0.9972198,0.0261858,0.0697054,-0.0028640,-0.0692271,-0.0394121,0.1133374,-1.3648219,0.5082456,9.6979035,27.0204620
1,1,1.1000,SITTING,-1.4486633,0.4905692,9.6188342,0.9264323,-0.9929735,0.0410496,12.7187949,2.8255764,43.7903916,3.0000000,8.0000000,-0.1187073,0.9972198,0.0261854,0.0697055,-0.0028590,-0.0343889,-0.0722086,-0.0749231,-1.3648219,0.5082456,9.6979035,27.0887068
1,1,1.1100,SITTING,-1.2851970,0.5992958,9.6445336,-0.1824775,0.0250505,1.3638690,12.8939548,2.7881540,44.8019525,3.0000000,8.0000000,-0.1181342,0.9972198,0.0261851,0.0697056,-0.0028541,0.0430706,0.0831030,-0.0778092,-1.3648219,0.5082456,9.6979035,27.0629686
1,1,1.1200,SITTING,-1.3512964,0.5177349,9.6944653,-1.1802013,1.4667634,0.8760308,13.7632830,2.6301731,44.3416592,3.0000000,8.0000000,-0.1175608,0.9972198,0.0261847,0.0697057,-0.0028491,0.0003056,0.0057504,-0.1031684,-1.3648219,0.5082456,9.6979035,27.0573583
1,1,1.1300,SITTING,-1.4861224,0.4552873,9.9250184,0.1378460,-1.1496447,2.1345976,12.5953335,3.1917307,43.9869855,3.0000000,8.0000000,-0.1169872,0.9972198,0.0261844,0.0697059,-0.0028441,-0.1957835,-0.0031127,0.1396788,-1.3648219,0.5082456,9.6979035,27.0471148
1,1,1.1400,SITTING,-1.5005636,0.4627236,9.6092044,-0.0102613,-0.7842428,0.0437470,12.6488358,3.1305839,44.4553955,3.0000000,8.0000000,-0.1164133,0.9972198,0.0261840,0.0697060,-0.0028391,-0.1033202,-0.0917225,-0.1479793,-1.3648219,0.5082456,9.6979035,27.0527839
1,1,1.1500,SITTING,-1.2530511,0.5303825,9.8086126,0.4576836,-0.3335732,-0.5477534,13.1432021,3.0771928,43.9471101,3.0000000,8.0000000,-0.1158391,0.9972199,0.0261837,0.0697061,-0.0028341,0.1424712,-0.0465495,0.0873115,-1.3648219,0.5082456,9.6979035,27.1206386
1,1,1.1600,SITTING,-1.3145023,0.5671751,9.8177183,0.1687445,0.3257656,2.6060467,12.9204267,2.9905330,43.7973304,3.0000000,8.0000000,-0.1152647,0.9972199,0.0261833,0.0697063,-0.0028291,0.0405202,0.0155025,0.0742127,-1.3648219,0.5082456,9.6979035,27.0964143
1,1,1.1700,SITTING,-1.3350406,0.5413306,9.7162796,0.5717269,-1.1634283,0.2415252,12.9473282,2.9560394,44.3718969,3.0000000,8.0000000,-0.1146900,0.9972199,0.0261830,0.0697064,-0.0028241,0.0826535,0.0700092,0.0591475,-1.3648219,0.5082456,9.6979035,27.0603786
1,1,1.1800,SITTING,-1.2491970,0.4382631,9.6032269,0.6023448,0.3918470,1.0634165,12.9218692,2.8991457,44.0117661,3.0000000,8.0000000,-0.1141151,0.9972199,0.0261826,0.0697065,-0.0028191,0.1482006,-0.1329011,-0.1077562,-1.3648219,0.5082456,9.6979035,27.0513325
1,1,1.1900,SITTING,-1.2910787,0.5222207,9.6310919,0.7532515,1.7619484,1.4758781,13.2777258,2.6795209,43.9190404,3.0000000,8.0000000,-0.1135399,0.9972199,0.0261823,0.0697067,-0.0028141,0.0718959,-0.0419458,-0.0850606,-1.3648219,0.5082456,9.6979035,27.0664806
1,1,1.2000,SITTING,-1.3162205,0.6658411,9.6616118,0.9174908,0.3977855,1.0781632,12.4828719,2.5655946,44.2638102,3.0000000,8.0000000,-0.1129645,0.9972199,0.0261819,0.0697068,-0.0028091,0.0186876,0.1420328,-0.1153348,-1.3648219,0.5082456,9.6979035,27.0423994
1,1,1.2100,SITTING,-1.4119671,0.5431723,9.7322291,1.2587178,1.4005393,0.2096406,12.8038184,3.1540770,44.5694285,3.0000000,8.0000000,-0.1123888,0.9972199,0.0261816,0.0697069,-0.0028041,-0.0086216,-0.0295199,0.0981702,-1.3648219,0.5082456,9.6979035,27.1160401
1,1,1.2200,SITTING,-1.3866629,0.4665357,9.7857434,1.2570741,0.9145548,0.2312783,13.0924252,2.5500146,44.5514868,3.0000000,8.0000000,-0.1118128,0.9972200,0.0261812,0.0697071,-0.0027991,0.0455282,-0.0454393,0.0371609,-1.3648219,0.5082456,9.6979035,27.1000163
1,1,1.2300,SITTING,-1.5100337,0.4848830,9.8388817,0.5477272,-0.0015264,2.1274215,13.2879099,3.1773734,44.5515852,3.0000000,8.0000000,-0.1112366,0.9972200,0.0261809,0.0697072,-0.0027940,-0.0765710,0.0175580,0.1952953,-1.3648219,0.5082456,9.6979035,27.0894209
1,1,1.2400,SITTING,-1.4863119,0.5537749,9.7239918,0.7652804,-1.3354449,0.1925250,13.3134220,3.0181854,43.2768259,3.0000000,8.0000000,-0.1106601,0.9972200,0.0261805,0.0697073,-0.0027890,-0.1377199,0.0681867,-0.0209253,-1.3648219,0.5082456,9.6979035,27.0560856
1,1,1.2500,SITTING,-1.3030148,0.5463739,9.6415503,0.5028849,-1.0211684,0.7118322,12.7912721,2.5061177,43.8240523,3.0000000,8.0000000,-0.1100834,0.9972200,0.0261802,0.0697075,-0.0027840,0.1246075,0.0603903,-0.0839801,-1.3648219,0.5082456,9.6979035,27.0750169
1,1,1.2600,SITTING,-1.4840773,0.5752839,9.5635623,0.7672170,2.0229945,0.8160519,12.8312612,3.0412995,44.4442541,3.0000000,8.0000000,-0.1095065,0.9972200,0.0261798,0.0697076,-0.0027790,-0.0814354,0.0525716,-0.1870794,-1.3648219,0.5082456,9.6979035,27.0544330
1,1,1.2700,SITTING,-1.4572156,0.3485115,9.6658657,0.4766119,-0.1291934,0.6338069,12.6351193,2.8531343,44.6409392,3.0000000,8.0000000,-0.1089293,0.9972200,0.0261795,0.0697077,-0.0027740,-0.2157291,-0.2162614,-0.0489659,-1.3648219,0.5082456,9.6979035,27.0992038
1,1,1.2800,SITTING,-1.3575715,0.3315106,9.6948566,0.6740939,0.8957363,2.1249095,13.1996403,3.2040799,43.7216048,3.0000000,8.0000000,-0.1083518,0.9972200,0.0261791,0.0697078,-0.0027689,-0.0249723,-0.1895700,-0.0124298,-1.3648219,0.5082456,9.6979035,27.0562209
1,1,1.2900,SITTING,-1.3780492,0.4963155,9.5515203,0.3109343,-0.8357310,0.7255344,12.7328178,2.9040874,44.3046904,3.0000000,8.0000000,-0.1077741,0.9972201,0.0261788,0.0697080,-0.0027639,-0.0193381,0.0336920,-0.1834364,-1.3648219,0.5082456,9.6979035,27.1017043
1,1,1.3000,SITTING,-1.6012358,0.4953121,9.6874155,-0.1163530,-0.7162480,2.0983172,13.8449490,3.2538903,44.4939169,3.0000000,8.0000000,-0.1071962,0.9972201,0.0261784,0.0697081,-0.0027589,-0.1643291,-0.0442319,0.0023280,-1.3648219,0.5082456,9.6979035,27.0679218
1,1,1.3100,SITTING,-1.4433671,0.4411269,9.8238910,-0.1315600,0.4132020,0.5662521,13.1072866,2.6102058,44.0447256,3.0000000,8.0000000,-0.1066180,0.9972201,0.0261781,0.0697082,-0.0027538,-0.0311912,-0.0762049,0.1009618,-1.3648219,0.5082456,9.6979035,27.0942503
1,1,1.3200,SITTING,-1.2756160,0.6872790,9.6560473,0.0793308,-0.8132344,0.6650653,12.8572774,2.6836541,44.3357459,3.0000000,8.0000000,-0.1060396,0.9972201,0.0261777,0.0697084,-0.0027488,0.0720400,0.1189786,-0.1109041,-1.3648219,0.5082456,9.6979035,27.1311625
1,1,1.3300,SITTING,-1.4130027,0.4191208,9.7827886,-0.4109723,0.6399341,1.4559714,12.4908504,1.8144619,43.8425769,3.0000000,8.0000000,-0.1054610,0.9972201,0.0261773,0.0697085,-0.0027438,0.0119757,-0.1089120,0.0638867,-1.3648219,0.5082456,9.6979035,27.0693902
1,1,1.3400,SITTING,-1.4041942,0.5018047,9.6789035,0.5265838,0.2129290,1.7240222,12.3729744,3.2159039,44.2979452,3.0000000,8.0000000,-0.1048821,0.9972201,0.0261770,0.0697086,-0.0027387,-0.0103024,-0.1536510,-0.0553300,-1.3648219,0.5082456,9.6979035,27.0442005
1,1,1.3500,SITTING,-1.4433818,0.4643815,9.7233784,0.5648136,-0.8031839,1.1241976,13.0244026,2.7000001,44.1508995,3.0000000,8.0000000,-0.1043030,0.9972201,0.0261766,0.0697088,-0.0027337,-0.0658418,-0.0681532,0.0934022,-1.3648219,0.5082456,9.6979035,27.1190700
1,1,1.3600,SITTING,-1.2842970,0.4732979,9.7422179,-0.5542297,-1.2013681,1.3944536,12.5640943,2.8924435,44.1205045,3.0000000,8.0000000,-0.1037236,0.9972201,0.0261763,0.0697089,-0.0027287,0.1356741,-0.0754982,-0.0803774,-1.3648219,0.5082456,9.6979035,27.1041809
1,1,1.3700,SITTING,-1.3969552,0.4849351,9.6875850,-0.4721204,-0.7153160,0.4935937,12.9300816,2.4288754,43.6590048,3.0000000,8.0000000,-0.1031440,0.9972202,0.0261759,0.0697090,-0.0027236,-0.0692760,0.0060780,-0.0755241,-1.3648219,0.5082456,9.6979035,27.0699320
1,1,1.3800,SITTING,-1.4516693,0.6113439,9.5715557,0.4108896,0.2326715,2.3696425,13.0667595,2.7819335,44.3088820,3.0000000,8.0000000,-0.1025642,0.9972202,0.0261756,0.0697092,-0.0027186,-0.1216267,0.0730690,-0.0847371,-1.3648219,0.5082456,9.6979035,27.0341385
1,1,1.3900,SITTING,-1.4306151,0.4747221,9.6676853,1.6346521,1.2065041,0.2265236,13.0666339,3.3206036,44.2150738,3.0000000,8.0000000,-0.1019841,0.9972202,0.0261752,0.0697093,-0.0027135,-0.0490772,-0.0152490,-0.0308916,-1.3648219,0.5082456,9.6979035,27.1140739
1,1,1.4000,SITTING,-1.2683997,0.5716953,9.6555843,0.5179623,-1.1092132,0.9279717,12.7756245,2.3834071,44.4030637,3.0000000,8.0000000,-0.1014038,0.9972202,0.0261749,0.0697094,-0.0027085,0.0093823,0.0566498,-0.0671609,-1.3648219,0.5082456,9.6979035,27.0800616
1,1,1.4100,SITTING,-1.1842020,0.4226181,9.7665332,0.6439562,0.1633360,0.5422607,12.6716682,3.2517485,43.7842404,3.0000000,8.0000000,-0.1008233,0.9972202,0.0261745,0.0697096,-0.0027034,0.1565284,-0.1251267,0.0590967,-1.3648219,0.5082456,9.6979035,27.1158807
1,1,1.4200,SITTING,-1.3905471,0.4400749,9.7467276,0.7717609,-1.6076536,1.9695763,13.0779549,3.2279796,43.9072361,3.0000000,8.0000000,-0.1002426,0.9972202,0.0261742,0.0697097,-0.0026984,-0.0202623,-0.0914594,0.0717551,-1.3648219,0.5082456,9.6979035,27.1464263
1,1,1.4300,SITTING,-1.4140579,0.4376895,9.7341690,0.4371671,0.6428254,0.7715395,12.9479291,2.9446820,44.0237278,3.0000000,8.0000000,-0.0996616,0.9972202,0.0261738,0.0697098,-0.0026933,-0.0212759,-0.0521391,0.0024283,-1.3648219,0.5082456,9.6979035,27.0551294
1,1,1.4400,SITTING,-1.3334429,0.5356285,9.6498159,-0.4774169,-0.5005064,1.7028769,12.6137181,2.7474664,44.1180935,3.0000000,8.0000000,-0.0990804,0.9972203,0.0261735,0.0697100,-0.0026882,0.0143090,-0.0459657,-0.0563525,-1.3648219,0.5082456,9.6979035,27.1185130
1,1,1.4500,SITTING,-1.5971331,0.4710382,9.6947075,0.3116243,1.7644318,0.5627840,12.1062968,2.4110427,43.6243065,3.0000000,8.0000000,-0.0984990,0.9972203,0.0261731,0.0697101,-0.0026832,-0.1837134,-0.1002455,0.0569606,-1.3648219,0.5082456,9.6979035,27.0997336
1,1,1.4600,SITTING,-1.3979602,0.5811008,9.4800155,0.3817812,-1.3961933,0.5945795,12.2521331,2.8941973,43.6807522,3.0000000,8.0000000,-0.0979174,0.9972203,0.0261728,0.0697102,-0.0026781,-0.0097419,0.0247637,-0.2008284,-1.3648219,0.5082456,9.6979035,27.1223138
1,1,1.4700,SITTING,-1.3869649,0.5466611,9.7329583,0.0880879,0.8737222,-0.4526171,12.9835299,2.1059442,44.6133334,3.0000000,8.0000000,-0.0973355,0.9972203,0.0261724,0.0697104,-0.0026731,-0.0217005,0.0759795,0.0039780,-1.3648219,0.5082456,9.6979035,27.0367586
1,1,1.4800,SITTING,-1.4090694,0.4856769,9.5933552,-0.5293179,-0.4333763,1.5500655,13.2182482,3.0132950,43.7582031,3.0000000,8.0000000,-0.0967535,0.9972203,0.0261721,0.0697105,-0.0026680,-0.0579812,0.0293010,-0.1720454,-1.3648219,0.5082456,9.6979035,27.1796704
1,1,1.4900,SITTING,-1.2826853,0.5666666,9.7985296,-0.9212202,0.2064444,-0.4789294,12.1929639,3.1631225,44.3487855,3.0000000,8.0000000,-0.0961712,0.9972203,0.0261717,0.0697106,-0.0026629,0.1187513,0.0217241,0.0722217,-1.3648219,0.5082456,9.6979035,27.0465287
1,1,1.5000,SITTING,-1.4265470,0.4022069,9.8060452,0.7745783,0.1143452,0.9076837,12.2981857,2.8062700,44.1456540,3.0000000,8.0000000,-0.0955887,0.9972203,0.0261713,0.0697108,-0.0026579,-0.0715603,-0.1482028,0.1172959,-1.3648219,0.5082456,9.6979035,27.1212581
1,1,1.5100,SITTING,-1.3995264,0.5834044,9.6732578,0.5208868,-0.1565310,-0.4205194,13.1890011,2.9274724,44.9683065,3.0000000,8.0000000,-0.0950059,0.9972204,0.0261710,0.0697109,-0.0026528,-0.0309617,-0.0024125,-0.0436305,-1.3648219,0.5082456,9.6979035,27.0750163
1,1,1.5200,SITTING,-1.2967767,0.6008402,9.6023510,0.9703322,0.5760129,0.7027069,11.8369190,2.4553058,44.3929396,3.0000000,8.0000000,-0.0944230,0.9972204,0.0261706,0.0697110,-0.0026477,0.0644573,0.1175704,-0.0581980,-1.3648219,0.5082456,9.6979035,27.0681318
1,1,1.5300,SITTING,-1.3037086,0.4190422,9.6142486,1.0044634,-0.3758394,3.0938904,13.2460757,2.9015582,44.5291015,3.0000000,8.0000000,-0.0938398,0.9972204,0.0261703,0.0697112,-0.0026426,0.0556274,-0.1208085,-0.0681466,-1.3648219,0.5082456,9.6979035,27.1422710
1,1,1.5400,SITTING,-1.2469863,0.6113382,9.7617920,0.2286882,-0.2891467,-0.3841499,12.9075684,3.1586359,44.3145796,3.0000000,8.0000000,-0.0932565,0.9972204,0.0261699,0.0697113,-0.0026376,0.1606486,0.0746268,0.0422772,-1.3648219,0.5082456,9.6979035,27.1247077
1,1,1.5500,SITTING,-1.4488216,0.5199779,9.6269700,0.3695676,-0.3813904,1.7064905,12.6011526,3.0141532,44.1909648,3.0000000,8.0000000,-0.0926729,0.9972204,0.0261696,0.0697114,-0.0026325,-0.0259221,0.0143131,-0.0871969,-1.3648219,0.5082456,9.6979035,27.0592656
1,1,1.5600,SITTING,-1.3507560,0.5645185,9.8629460,0.3546305,-1.2073408,1.4913408,12.7283259,3.5112508,44.3273463,3.0000000,8.0000000,-0.0920891,0.9972204,0.0261692,0.0697116,-0.0026274,-0.0243564,0.0571118,0.0501956,-1.3648219,0.5082456,9.6979035,27.0941856
1,1,1.5700,SITTING,-1.5146673,0.5907857,9.8056577,1.3085763,0.3120512,0.7746686,12.9329651,2.7441257,44.1920898,3.0000000,8.0000000,-0.0915052,0.9972204,0.0261689,0.0697117,-0.0026223,-0.0537273,-0.0519834,0.0793235,-1.3648219,0.5082456,9.6979035,27.1446344
1,1,1.5800,SITTING,-1.3184554,0.5504516,9.6768214,0.3649775,0.4408290,1.3680526,13.2326539,2.9596207,43.9632177,3.0000000,8.0000000,-0.0909210,0.9972204,0.0261685,0.0697118,-0.0026172,0.0124385,0.0120674,0.0210394,-1.3648219,0.5082456,9.6979035,27.0876484
1,1,1.5900,SITTING,-1.2873349,0.4710315,9.6484181,0.0577871,0.4465862,0.0783446,12.8868066,2.4849610,43.8023297,3.0000000,8.0000000,-0.0903366,0.9972205,0.0261681,0.0697120,-0.0026122,0.0675792,-0.0676577,-0.1070548,-1.3648219,0.5082456,9.6979035,27.0650545
1,1,1.6000,SITTING,-1.4443937,0.4524494,9.7386844,0.1080298,1.3742364,2.6320396,13.0587200,2.8960798,43.8951088,3.0000000,8.0000000,-0.0897520,0.9972205,0.0261678,0.0697121,-0.0026071,-0.0683144,-0.0083868,0.0125627,-1.3648219,0.5082456,9.6979035,27.0893142
1,1,1.6100,SITTING,-1.2979481,0.5608213,9.4643798,1.6631933,-0.4411342,0.4437552,12.5130083,2.7740020,44.3273838,3.0000000,8.0000000,-0.0891672,0.9972205,0.0261674,0.0697122,-0.0026020,0.0569536,0.1289929,-0.2233080,-1.3648219,0.5082456,9.6979035,27.0872677
1,1,1.6200,SITTING,-1.4868129,0.4700311,9.7699594,-0.6042672,1.2006504,1.4287604,12.9285548,3.0442703,43.6846297,3.0000000,8.0000000,-0.0885822,0.9972205,0.0261671,0.0697124,-0.0025969,-0.1514728,-0.0265337,0.0730443,-1.3648219,0.5082456,9.6979035,27.1255004
1,1,1.6300,SITTING,-1.2706274,0.3833173,9.8512183,0.9621834,0.3993769,1.3517398,13.3143080,2.7461146,44.0823828,3.0000000,8.0000000,-0.0879970,0.9972205,0.0261667,0.0697125,-0.0025918,0.0762646,-0.1196387,0.0948392,-1.3648219,0.5082456,9.6979035,27.0628695
1,1,1.6400,SITTING,-1.4126250,0.4020914,9.7092866,0.2925843,0.4573569,2.6905003,12.4918894,3.5177784,43.5015076,3.0000000,8.0000000,-0.0874116,0.9972205,0.0261664,0.0697126,-0.0025867,-0.0763219,-0.0265299,-0.0286665,-1.3648219,0.5082456,9.6979035,27.0865165
1,1,1.6500,SITTING,-1.4450506,0.4508169,9.7405425,0.4592618,1.0807295,1.8767810,13.1990270,2.6540531,44.1110410,3.0000000,8.0000000,-0.0868260,0.9972205,0.0261660,0.0697128,-0.0025816,-0.0225411,0.0028024,0.0145365,-1.3648219,0.5082456,9.6979035,27.1169316
1,1,1.6600,SITTING,-1.2783314,0.4780648,9.6377767,2.1019095,0.1813334,0.4025145,13.1032659,2.5559207,43.8210232,3.0000000,8.0000000,-0.0862402,0.9972206,0.0261657,0.0697129,-0.0025765,0.0497251,-0.0084160,-0.1531887,-1.3648219,0.5082456,9.6979035,27.1192166
1,1,1.6700,SITTING,-1.4249622,0.5226308,9.7048977,0.5501093,0.7204631,1.5646470,13.0538016,2.6209326,43.4873192,3.0000000,8.0000000,-0.0856542,0.9972206,0.0261653,0.0697130,-0.0025714,-0.0492609,-0.0746584,-0.0593326,-1.3648219,0.5082456,9.6979035,27.0926098
1,1,1.6800,SITTING,-1.4317474,0.4012303,9.8656637,1.3384448,0.6043936,1.9350457,12.7981272,2.6838158,44.1140197,3.0000000,8.0000000,-0.0850680,0.9972206,0.0261649,0.0697132,-0.0025663,-0.0663214,-0.1256462,0.1284156,-1.3648219,0.5082456,9.6979035,27.0750141
1,1,1.6900,SITTING,-1.4204548,0.5078144,9.4950531,-0.4048219,0.7756855,2.5534953,12.5825739,2.7473051,43.7823656,3.0000000,8.0000000,-0.0844816,0.9972206,0.0261646,0.0697133,-0.0025612,-0.0118937,-0.0134046,-0.1543889,-1.3648219,0.5082456,9.6979035,27.1173353
1,1,1.7000,SITTING,-1.3129890,0.6047026,9.7359885,0.4031327,0.8855886,0.0543423,12.7592757,3.1944394,44.3661714,3.0000000,8.0000000,-0.0838951,0.9972206,0.0261642,0.0697134,-0.0025561,0.1259969,0.0438619,-0.0189922,-1.3648219,0.5082456,9.6979035,27.1543206
1,1,1.7100,SITTING,-1.4296192,0.4160378,9.5721994,1.1305052,1.9415533,1.4280147,12.3503867,3.1227493,44.2866128,3.0000000,8.0000000,-0.0833083,0.9972206,0.0261639,0.0697136,-0.0025510,-0.0044022,-0.1809802,-0.1882350,-1.3648219,0.5082456,9.6979035,27.1458327
1,1,1.7200,SITTING,-1.4104747,0.6760143,9.7499554,1.6147811,0.5713860,2.2548560,13.2160009,2.8733597,43.2648002,3.0000000,8.0000000,-0.0827214,0.9972206,0.0261635,0.0697137,-0.0025459,-0.0377879,0.1407292,0.0249078,-1.3648219,0.5082456,9.6979035,27.1085464
1,1,1.7300,SITTING,-1.4549841,0.4945960,9.7519048,0.6877119,-0.1339648,1.0113031,12.6960971,2.8647980,43.5500028,3.0000000,8.0000000,-0.0821343,0.9972206,0.0261632,0.0697138,-0.0025408,-0.1126472,-0.0176825,-0.0173839,-1.3648219,0.5082456,9.6979035,27.1519939
1,1,1.7400,SITTING,-1.3338334,0.5737279,9.8065572,0.2547878,-0.1163350,2.9795772,13.2659614,2.5328238,44.5183686,3.0000000,8.0000000,-0.0815470,0.9972207,0.0261628,0.0697140,-0.0025357,0.0163896,0.0140921,0.0322656,-1.3648219,0.5082456,9.6979035,27.1620371
1,1,1.7500,SITTING,-1.3223450,0.5609513,9.6949014,0.2001995,-1.1873183,0.3462319,12.5859803,2.5539672,44.2247738,3.0000000,8.0000000,-0.0809595,0.9972207,0.0261624,0.0697141,-0.0025306,0.0645988,-0.0059149,-0.0068398,-1.3648219,0.5082456,9.6979035,27.0618254
1,1,1.7600,SITTING,-1.3019612,0.6396826,9.5995703,0.0080702,-0.7489639,2.7636711,13.2456477,2.8861883,44.2557626,3.0000000,8.0000000,-0.0803718,0.9972207,0.0261621,0.0697142,-0.0025254,0.0274135,0.1614801,-0.0622930,-1.3648219,0.5082456,9.6979035,27.1449979
1,1,1.7700,SITTING,-1.3658545,0.5587141,9.8418113,0.3512453,0.9280325,0.6367269,12.8811053,2.7162122,44.1249601,3.0000000,8.0000000,-0.0797839,0.9972207,0.0261617,0.0697144,-0.0025203,-0.0306591,-0.0059685,0.1036936,-1.3648219,0.5082456,9.6979035,27.1144365
1,1,1.7800,SITTING,-1.3965265,0.6536688,9.8073913,0.5455461,0.6557184,0.2969928,12.6135146,3.2802766,44.1556707,3.0000000,8.0000000,-0.0791959,0.9972207,0.0261614,0.0697145,-0.0025152,-0.0846617,0.0622946,0.0827491,-1.3648219,0.5082456,9.6979035,27.1467581
1,1,1.7900,SITTING,-1.5598598,0.5536319,9.7889492,0.4271094,0.1870763,0.2231618,12.6742756,2.8318480,44.0864434,3.0000000,8.0000000,-0.0786077,0.9972207,0.0261610,0.0697146,-0.0025101,-0.0768506,-0.0036823,0.0093103,-1.3648219,0.5082456,9.6979035,27.0910901
1,1,1.8000,SITTING,-1.3959297,0.3930663,9.7029696,-0.0447850,0.2168313,0.8451075,12.4257944,2.2854871,44.1274263,3.0000000,8.0000000,-0.0780193,0.9972207,0.0261607,0.0697148,-0.0025050,-0.0294958,-0.0959264,-0.0701337,-1.3648219,0.5082456,9.6979035,27.1000753
1,1,1.8100,SITTING,-1.2710748,0.5644438,9.7427778,1.1437547,-0.8421760,0.2648869,12.5759982,2.6179485,44.1712618,3.0000000,8.0000000,-0.0774307,0.9972207,0.0261603,0.0697149,-0.0024998,0.0416816,0.0603322,0.0536448,-1.3648219,0.5082456,9.6979035,27.0709410
1,1,1.8200,SITTING,-1.4341701,0.4097395,9.8494373,1.1451853,0.1131514,1.5124166,13.3454468,3.1995508,43.2964162,3.0000000,8.0000000,-0.0768420,0.9972208,0.0261599,0.0697150,-0.0024947,-0.0730877,-0.0273071,0.1123709,-1.3648219,0.5082456,9.6979035,27.1086738
1,1,1.8300,SITTING,-1.3874500,0.6253682,9.7092985,1.4558976,0.9553991,1.4917379,12.3338359,2.5749874,44.0172720,3.0000000,8.0000000,-0.0762531,0.9972208,0.0261596,0.0697152,-0.0024896,0.0053278,0.0613132,0.0118231,-1.3648219,0.5082456,9.6979035,27.1164943
1,1,1.8400,SITTING,-1.5075274,0.3999629,9.7098408,-0.3982130,-0.3603417,2.1995567,12.4171956,2.6432903,44.1491540,3.0000000,8.0000000,-0.0756640,0.9972208,0.0261592,0.0697153,-0.0024845,-0.1093447,-0.1099797,0.0101889,-1.3648219,0.5082456,9.6979035,27.1358462
1,1,1.8500,SITTING,-1.5109364,0.5377480,9.8473032,0.3687773,0.4299055,1.0887242,12.5509249,2.5931211,43.8373819,3.0000000,8.0000000,-0.0750748,0.9972208,0.0261589,0.0697154,-0.0024793,-0.1730459,-0.0379383,0.1880233,-1.3648219,0.5082456,9.6979035,27.1508960
1,1,1.8600,SITTING,-1.3599303,0.4829560,9.8266079,0.4817073,0.2258678,1.1654441,12.7355234,2.9860668,44.3777546,3.0000000,8.0000000,-0.0744853,0.9972208,0.0261585,0.0697156,-0.0024742,-0.0166092,-0.0447249,0.1052873,-1.3648219,0.5082456,9.6979035,27.1201099
1,1,1.8700,SITTING,-1.5010404,0.3830809,9.7630530,1.3582501,0.3560344,-1.2885990,13.1460337,2.7375060,44.3737608,3.0000000,8.0000000,-0.0738958,0.9972208,0.0261581,0.0697157,-0.0024691,-0.0959703,-0.0840236,0.0562620,-1.3648219,0.5082456,9.6979035,27.1078801
1,1,1.8800,SITTING,-1.4118530,0.3937737,9.7011101,0.3777557,-0.2443578,1.8684604,12.8693962,2.9815748,44.2262169,3.0000000,8.0000000,-0.0733060,0.9972208,0.0261578,0.0697159,-0.0024639,0.0251452,-0.1140116,-0.0175760,-1.3648219,0.5082456,9.6979035,27.0977314
1,1,1.8900,SITTING,-1.2856676,0.4921421,9.3023216,0.4583389,-0.1917590,-0.5264004,12.6937122,2.7568105,43.8256043,3.0000000,8.0000000,-0.0727161,0.9972209,0.0261574,0.0697160,-0.0024588,0.0667651,-0.0538672,-0.3778946,-1.3648219,0.5082456,9.6979035,27.1031175
1,1,1.9000,SITTING,-1.4457747,0.5034492,9.7265948,-0.3545942,-0.2791765,1.0646991,12.9053198,2.8714183,44.0614052,3.0000000,8.0000000,-0.0721260,0.9972209,0.0261571,0.0697161,-0.0024537,-0.0215354,-0.0044547,0.0245517,-1.3648219,0.5082456,9.6979035,27.1046320
1,1,1.9100,SITTING,-1.4329066,0.6251704,9.8027796,1.0278558,-0.6112550,1.3293104,13.4064609,3.0400803,43.8046704,3.0000000,8.0000000,-0.0715357,0.9972209,0.0261567,0.0697163,-0.0024485,0.0213725,0.0487915,0.0695049,-1.3648219,0.5082456,9.6979035,27.1016341
1,1,1.9200,SITTING,-1.1952968,0.5158570,9.6300616,0.6545678,0.4613651,1.4932333,11.8551941,2.7757346,44.1028955,3.0000000,8.0000000,-0.0709453,0.9972209,0.0261564,0.0697164,-0.0024434,0.1438227,-0.0907458,-0.1095521,-1.3648219,0.5082456,9.6979035,27.1192402
1,1,1.9300,SITTING,-1.4649534,0.6635517,9.6892260,0.4603610,0.5553268,0.6814911,13.6864874,3.2645709,44.1260096,3.0000000,8.0000000,-0.0703548,0.9972209,0.0261560,0.0697165,-0.0024383,-0.1192350,0.1201889,-0.1109395,-1.3648219,0.5082456,9.6979035,27.0778496
1,1,1.9400,SITTING,-1.3856708,0.6617586,9.6671934,0.4088737,0.4598054,2.5599676,12.9174740,2.5484887,43.7101750,3.0000000,8.0000000,-0.0697640,0.9972209,0.0261556,0.0697167,-0.0024331,0.0351788,0.0613130,0.0128500,-1.3648219,0.5082456,9.6979035,27.1264117
1,1,1.9500,SITTING,-1.2901333,0.5685968,9.4754025,-0.6116192,1.6700779,1.0601915,12.9009171,2.9265477,44.3554288,3.0000000,8.0000000,-0.0691732,0.9972209,0.0261553,0.0697168,-0.0024280,0.0268035,0.0818715,-0.2951458,-1.3648219,0.5082456,9.6979035,27.1618611
1,1,1.9600,SITTING,-1.3597550,0.3553814,9.6969036,0.7391284,0.3283482,2.2501776,12.8585631,2.6234970,44.6370436,3.0000000,8.0000000,-0.0685821,0.9972209,0.0261549,0.0697169,-0.0024228,-0.0727062,-0.2043728,0.0176938,-1.3648219,0.5082456,9.6979035,27.1182010
1,1,1.9700,SITTING,-1.2299428,0.6604025,9.7896690,-1.0068731,0.1725390,0.8843702,13.1105141,2.9311383,43.7895011,3.0000000,8.0000000,-0.0679909,0.9972210,0.0261546,0.0697171,-0.0024177,0.1379239,0.1085972,0.1154855,-1.3648219,0.5082456,9.6979035,27.1114127
1,1,1.9800,SITTING,-1.2584062,0.5067730,9.5863681,-0.2593408,2.5130190,0.3846542,12.7064615,2.9241986,44.5078416,3.0000000,8.0000000,-0.0673996,0.9972210,0.0261542,0.0697172,-0.0024125,0.2070826,-0.0625079,-0.0865517,-1.3648219,0.5082456,9.6979035,27.0990069
1,1,1.9900,SITTING,-1.3123972,0.6369861,9.6975374,0.1214153,0.0595348,0.4657445,12.7403514,2.3946393,43.7102228,3.0000000,8.0000000,-0.0668081,0.9972210,0.0261538,0.0697173,-0.0024074,0.0823936,0.0961294,-0.0953330,-1.3648219,0.5082456,9.6979035,27.1635984
1,1,0.0000,STANDING,-0.4188727,0.1030239,9.8822907,2.3596273,-0.7030154,1.5978256,20.0155037,1.8432015,43.4830055,1.0000000,2.0000000,0.3927493,0.9998043,0.0086653,0.0174815,0.0032744,-0.0475785,-0.0514371,0.0083293,-0.3422471,0.1710454,9.7991834,26.9796218
1,1,0.0100,STANDING,-0.5489458,-0.0701939,9.6209161,0.2907743,-2.2155501,-2.9397971,19.4414295,1.8924298,43.0952674,1.0000000,2.0000000,0.3926351,0.9998043,0.0086654,0.0174815,0.0032734,-0.2127525,-0.1376579,-0.1612367,-0.3422471,0.1710454,9.7991834,26.9905470
1,1,0.0200,STANDING,-0.4660541,0.1145548,9.5729601,1.0601915,0.1713374,0.1376621,20.0369603,1.4005053,43.6323629,1.0000000,2.0000000,0.3925201,0.9998043,0.0086654,0.0174815,0.0032724,-0.1614362,0.0144313,-0.1993667,-0.3422471,0.1710454,9.7991834,27.0041253
1,1,0.0300,STANDING,-0.1478252,0.1388384,9.7120512,2.0398266,-1.5187869,-1.5293603,19.4667917,1.0448019,43.2447575,1.0000000,2.0000000,0.3924042,0.9998043,0.0086654,0.0174815,0.0032714,0.1644797,0.0005116,-0.0839913,-0.3422471,0.1710454,9.7991834,27.0972899
1,1,0.0400,STANDING,-0.3827284,0.0265184,9.8793529,1.9374394,-1.7959633,-0.5931425,19.7377189,1.3254943,43.6557764,1.0000000,2.0000000,0.3922873,0.9998043,0.0086654,0.0174815,0.0032704,-0.0356569,-0.0311591,0.1247448,-0.3422471,0.1710454,9.7991834,27.0161325
1,1,0.0500,STANDING,-0.2572787,-0.1827297,9.8953147,1.8591477,-1.2832230,-2.5769069,19.4637931,1.0353775,43.0966964,1.0000000,2.0000000,0.3921696,0.9998043,0.0086654,0.0174815,0.0032694,0.0663099,-0.3800006,0.0427390,-0.3422471,0.1710454,9.7991834,27.0370027
1,1,0.0600,STANDING,-0.2365545,0.1150578,9.7585958,0.9761763,0.1359256,-0.6424741,19.4181260,1.5455457,43.0793551,1.0000000,2.0000000,0.3920511,0.9998043,0.0086654,0.0174815,0.0032683,0.0807541,-0.0291825,0.0467183,-0.3422471,0.1710454,9.7991834,27.0200483
1,1,0.0700,STANDING,-0.1957398,0.0688349,9.6894626,2.1582486,-0.7631966,-0.3823607,19.5845898,1.6081636,42.7518988,1.0000000,2.0000000,0.3919316,0.9998043,0.0086655,0.0174815,0.0032673,0.1991626,-0.0964835,-0.1670006,-0.3422471,0.1710454,9.7991834,27.0052824
1,1,0.0800,STANDING,-0.3845615,0.1917466,9.4493951,1.5490567,-1.2052977,-0.4951435,19.4266707,1.1534603,43.8912555,1.0000000,2.0000000,0.3918113,0.9998043,0.0086655,0.0174815,0.0032662,-0.1060611,0.1171042,-0.2651025,-0.3422471,0.1710454,9.7991834,27.0478904
1,1,0.0900,STANDING,-0.4735471,0.0509557,9.6520282,1.7046735,-0.0238372,-0.0282619,19.2015465,1.2096498,43.4819038,1.0000000,2.0000000,0.3916900,0.9998043,0.0086655,0.0174815,0.0032652,-0.2112206,-0.0348002,-0.0265926,-0.3422471,0.1710454,9.7991834,26.9876164
1,1,0.1000,STANDING,-0.3801047,0.1113627,9.8763097,2.0642720,-0.4121061,-1.7123961,19.5715470,1.4112230,43.2033355,1.0000000,2.0000000,0.3915679,0.9998043,0.0086655,0.0174815,0.0032641,-0.1038048,-0.0127060,0.0791137,-0.3422471,0.1710454,9.7991834,26.9859597
1,1,0.1100,STANDING,-0.0573153,-0.0117971,9.6756165,2.1235410,0.7672062,-1.9128277,20.2027455,0.8298539,43.8183439,1.0000000,2.0000000,0.3914449,0.9998043,0.0086655,0.0174814,0.0032630,0.2594542,-0.1667563,-0.1047773,-0.3422471,0.1710454,9.7991834,26.9711360
1,1,0.1200,STANDING,-0.3027533,0.2401504,9.9616631,1.8594809,0.2165948,-1.6734307,19.3862072,1.3434114,43.7753104,1.0000000,2.0000000,0.3913211,0.9998043,0.0086656,0.0174814,0.0032620,-0.0198481,0.0555539,0.2473067,-0.3422471,0.1710454,9.7991834,26.9590587
1,1,0.1300,STANDING,-0.3400444,0.0928069,9.7858119,1.1943990,1.3533613,-1.3534367,19.9799109,1.3866169,43.0246292,1.0000000,2.0000000,0.3911963,0.9998043,0.0086656,0.0174814,0.0032609,-0.0328609,0.0079822,0.0763420,-0.3422471,0.1710454,9.7991834,27.0111893
1,1,0.1400,STANDING,-0.2982349,-0.0002617,9.8516850,2.4795989,0.3259883,-2.4838486,19.4915349,1.2655333,43.1610554,1.0000000,2.0000000,0.3910707,0.9998043,0.0086656,0.0174814,0.0032598,0.0018050,-0.1349419,0.0273254,-0.3422471,0.1710454,9.7991834,27.0163400
1,1,0.1500,STANDING,-0.2800053,0.1440500,9.7681029,2.4360209,-2.5708435,-1.6103794,19.1902060,1.4173644,43.3413802,1.0000000,2.0000000,0.3909442,0.9998043,0.0086656,0.0174814,0.0032587,0.1418909,0.0095224,0.0115789,-0.3422471,0.1710454,9.7991834,27.0077137
1,1,0.1600,STANDING,-0.2818416,0.0923795,9.6908876,2.2642186,-0.2209407,0.3947076,19.2233323,1.6002765,43.3616859,1.0000000,2.0000000,0.3908168,0.9998043,0.0086656,0.0174814,0.0032576,0.0774350,0.0053364,-0.0655123,-0.3422471,0.1710454,9.7991834,26.9741508
1,1,0.1700,STANDING,-0.2236246,0.1826974,9.8204469,2.9746776,-0.0238962,0.0619964,19.5658725,1.2608203,43.5886885,1.0000000,2.0000000,0.3906885,0.9998043,0.0086657,0.0174814,0.0032564,0.0967780,0.0019036,-0.0106893,-0.3422471,0.1710454,9.7991834,27.0219188
1,1,0.1800,STANDING,-0.3631316,0.1488178,9.7662206,2.1145530,-0.4879730,-0.2346939,19.6299393,1.6024689,43.3557528,1.0000000,2.0000000,0.3905594,0.9998043,0.0086657,0.0174814,0.0032553,-0.0137069,-0.0185138,0.0194126,-0.3422471,0.1710454,9.7991834,27.0078010
1,1,0.1900,STANDING,-0.1634172,0.3949161,9.9795484,1.4116966,-0.8383678,-1.9543256,19.3556158,1.1716085,42.5640191,1.0000000,2.0000000,0.3904294,0.9998043,0.0086657,0.0174814,0.0032542,0.1571313,0.2414459,0.1750756,-0.3422471,0.1710454,9.7991834,26.9989021
1,1,0.2000,STANDING,-0.3613689,0.0783174,9.8461217,1.2119913,-0.2179271,-1.2843446,19.9814810,1.4716135,43.0018203,1.0000000,2.0000000,0.3902985,0.9998043,0.0086657,0.0174814,0.0032530,-0.0419979,-0.0556662,0.0145442,-0.3422471,0.1710454,9.7991834,27.0547472
1,1,0.2100,STANDING,-0.2415092,0.1295726,9.6859802,0.9460861,-0.6955564,-0.4662340,19.7336242,1.6495638,43.0819627,1.0000000,2.0000000,0.3901667,0.9998043,0.0086657,0.0174813,0.0032519,0.1350011,0.0282178,-0.0420263,-0.3422471,0.1710454,9.7991834,26.9492709
1,1,0.2200,STANDING,-0.1510555,-0.1532228,9.9073871,2.7717708,-0.2022229,-0.5116497,19.4886006,1.2547760,42.3742043,1.0000000,2.0000000,0.3900340,0.9998044,0.0086658,0.0174813,0.0032507,0.1591383,-0.2494324,0.0949355,-0.3422471,0.1710454,9.7991834,26.9944861
1,1,0.2300,STANDING,-0.2705268,0.1209328,9.8905486,3.6929929,-1.2062248,-3.1881979,19.2340331,1.5295780,42.4081624,1.0000000,2.0000000,0.3899005,0.9998044,0.0086658,0.0174813,0.0032496,-0.0464120,-0.0071279,0.0888402,-0.3422471,0.1710454,9.7991834,26.9680740
1,1,0.2400,STANDING,-0.2435257,0.0991427,9.6732020,1.3533228,-0.3391578,-0.4707625,19.9090979,1.6076315,42.9132080,1.0000000,2.0000000,0.3897661,0.9998044,0.0086658,0.0174813,0.0032484,0.0734953,-0.0692700,-0.1187293,-0.3422471,0.1710454,9.7991834,27.0663743
1,1,0.2500,STANDING,-0.3124634,0.2576209,9.8007527,2.0176495,-1.2013904,-0.0580596,19.5397296,1.7770489,43.4489478,1.0000000,2.0000000,0.3896308,0.9998044,0.0086658,0.0174813,0.0032472,-0.0106586,0.0576077,0.0168111,-0.3422471,0.1710454,9.7991834,26.9961831
1,1,0.2600,STANDING,-0.3256003,0.1666504,9.7315948,2.8376633,0.2787725,-1.4724592,19.5230692,1.0727127,43.6050349,1.0000000,2.0000000,0.3894946,0.9998044,0.0086658,0.0174813,0.0032460,0.0427271,0.0635672,-0.0229838,-0.3422471,0.1710454,9.7991834,26.9979809
1,1,0.2700,STANDING,-0.2535350,0.1480199,9.8033906,3.3260849,-0.3474666,0.3152017,19.1549146,0.9591718,43.7721421,1.0000000,2.0000000,0.3893576,0.9998044,0.0086659,0.0174813,0.0032448,0.0868311,0.0721613,0.0735748,-0.3422471,0.1710454,9.7991834,27.0524496
1,1,0.2800,STANDING,-0.2041627,0.1316221,9.8238092,1.0836792,-1.0546348,-1.3169509,19.3051491,1.4151241,42.9550050,1.0000000,2.0000000,0.3892196,0.9998044,0.0086659,0.0174813,0.0032436,0.1464860,0.0025073,-0.0281619,-0.3422471,0.1710454,9.7991834,27.0376236
1,1,0.2900,STANDING,-0.3040992,0.2392912,9.6655140,2.4939471,0.1335626,-0.8231969,18.4445358,1.2786064,43.0782035,1.0000000,2.0000000,0.3890808,0.9998044,0.0086659,0.0174813,0.0032424,-0.0371766,0.1144611,-0.0922798,-0.3422471,0.1710454,9.7991834,26.9924172
1,1,0.3000,STANDING,-0.3806681,0.1313775,9.7647512,1.7679374,-0.2017408,-0.8187522,20.1310448,0.9814155,43.2089591,1.0000000,2.0000000,0.3889412,0.9998044,0.0086659,0.0174813,0.0032412,-0.0887855,0.0091952,0.0316428,-0.3422471,0.1710454,9.7991834,26.9806313
1,1,0.3100,STANDING,-0.4226967,0.0131848,9.8513734,2.0035294,-0.1680254,-1.9527534,19.9721640,1.1079192,42.8587791,1.0000000,2.0000000,0.3888006,0.9998044,0.0086659,0.0174812,0.0032400,-0.0725814,-0.0630958,-0.0074341,-0.3422471,0.1710454,9.7991834,26.9962570
1,1,0.3200,STANDING,-0.4562534,0.2053049,9.8673314,1.5866177,-0.4611631,-1.8794049,19.7484491,1.4217142,42.5011578,1.0000000,2.0000000,0.3886592,0.9998044,0.0086660,0.0174812,0.0032387,-0.0751018,0.0991460,0.0402311,-0.3422471,0.1710454,9.7991834,27.0378413
1,1,0.3300,STANDING,-0.1253740,-0.0473677,10.1005280,2.3656288,1.5016187,-1.8036616,18.8243043,1.1821020,43.8266511,1.0000000,2.0000000,0.3885169,0.9998044,0.0086660,0.0174812,0.0032375,0.2148853,-0.1229651,0.3283324,-0.3422471,0.1710454,9.7991834,27.0126720
1,1,0.3400,STANDING,-0.4559396,0.0720183,9.7336728,1.5883407,0.1314279,-0.6975225,20.0525224,0.8182976,42.8443607,1.0000000,2.0000000,0.3883737,0.9998044,0.0086660,0.0174812,0.0032363,-0.1190282,-0.0768562,0.0511784,-0.3422471,0.1710454,9.7991834,27.0517434
1,1,0.3500,STANDING,-0.3227244,0.2041365,9.5723090,2.4335164,0.4860991,-0.7676856,19.6384497,1.0404557,41.9849291,1.0000000,2.0000000,0.3882297,0.9998044,0.0086660,0.0174812,0.0032350,0.0209403,0.0613855,-0.2144501,-0.3422471,0.1710454,9.7991834,27.0683821
1,1,0.3600,STANDING,-0.2719423,0.0569006,9.8628089,1.0748530,-1.2035298,-0.1877391,19.3363337,1.0947464,44.0862902,1.0000000,2.0000000,0.3880848,0.9998044,0.0086661,0.0174812,0.0032337,0.1164052,-0.0268204,0.1276919,-0.3422471,0.1710454,9.7991834,26.9992153
1,1,0.3700,STANDING,-0.2712329,0.1453130,9.7573341,1.1652595,-1.8202155,0.4570916,19.7332793,1.4277111,43.7997728,1.0000000,2.0000000,0.3879390,0.9998044,0.0086661,0.0174812,0.0032325,0.0669034,0.0493642,-0.0429052,-0.3422471,0.1710454,9.7991834,27.0154029
1,1,0.3800,STANDING,-0.2872798,0.2063697,9.8795200,2.8492032,-0.9522803,-1.3737744,19.7001385,1.4277868,43.8692928,1.0000000,2.0000000,0.3877923,0.9998044,0.0086661,0.0174812,0.0032312,0.0427235,0.0585716,0.0788895,-0.3422471,0.1710454,9.7991834,26.9991724
1,1,0.3900,STANDING,-0.4170653,0.0461762,9.6251279,1.0238971,-0.2202161,-0.3050252,19.1584978,1.1721073,43.3309391,1.0000000,2.0000000,0.3876448,0.9998044,0.0086661,0.0174812,0.0032299,-0.1590706,-0.0805439,-0.1548017,-0.3422471,0.1710454,9.7991834,26.9914922
1,1,0.4000,STANDING,-0.4321581,0.3318741,9.8052843,0.6400435,-1.4597525,-0.8875351,19.4091829,1.0655302,42.9436454,1.0000000,2.0000000,0.3874964,0.9998044,0.0086661,0.0174811,0.0032286,-0.0850802,0.1816973,0.0492155,-0.3422471,0.1710454,9.7991834,27.0340180
1,1,0.4100,STANDING,-0.2482852,0.2967451,9.7577499,1.8131819,-0.8690511,-0.7322938,19.4627994,1.6202351,43.8996775,1.0000000,2.0000000,0.3873471,0.9998044,0.0086662,0.0174811,0.0032273,0.1283508,0.1330199,-0.0372971,-0.3422471,0.1710454,9.7991834,27.0016319
1,1,0.4200,STANDING,-0.4388397,0.2688433,9.8852519,0.7021441,-0.9124956,-0.7631641,19.1116764,1.2679256,42.7618128,1.0000000,2.0000000,0.3871969,0.9998044,0.0086662,0.0174811,0.0032260,-0.1217000,0.1302108,0.0574717,-0.3422471,0.1710454,9.7991834,27.0796614
1,1,0.4300,STANDING,-0.2025594,0.1175605,9.7979122,2.1978219,0.4313789,-0.9580291,20.0469219,0.9905598,43.7779972,1.0000000,2.0000000,0.3870459,0.9998044,0.0086662,0.0174811,0.0032247,0.1118425,0.0308904,0.0069297,-0.3422471,0.1710454,9.7991834,27.0013649
1,1,0.4400,STANDING,-0.3869054,0.2001743,10.0020788,1.4153384,-0.9723559,-0.9242024,19.0886039,1.5398117,43.1026982,1.0000000,2.0000000,0.3868940,0.9998044,0.0086662,0.0174811,0.0032233,0.0121653,0.1257487,0.1805039,-0.3422471,0.1710454,9.7991834,27.0561245
1,1,0.4500,STANDING,-0.4957522,0.1026716,9.8254874,0.2382237,-0.5299153,-1.4850671,19.2263974,1.8918364,43.8889856,1.0000000,2.0000000,0.3867413,0.9998044,0.0086663,0.0174811,0.0032220,-0.1292193,-0.0561842,-0.0071022,-0.3422471,0.1710454,9.7991834,27.0610033
1,1,0.4600,STANDING,-0.2897422,0.1675116,9.7354995,2.3262611,-0.4341294,-0.4332799,19.8124638,1.2275484,43.4018471,1.0000000,2.0000000,0.3865876,0.9998044,0.0086663,0.0174811,0.0032207,0.0238332,-0.0076725,-0.0517718,-0.3422471,0.1710454,9.7991834,27.0665446
1,1,0.4700,STANDING,-0.3344377,0.2797925,9.8791589,2.3024648,-0.7176000,0.2259559,19.2777804,0.7354590,42.8512261,1.0000000,2.0000000,0.3864331,0.9998045,0.0086663,0.0174811,0.0032193,-0.0163177,0.1459453,0.0031800,-0.3422471,0.1710454,9.7991834,27.0666683
1,1,0.4800,STANDING,-0.3740371,0.0522983,9.8901686,2.4770877,0.9360358,-0.6397626,19.4283546,1.3161528,43.5987456,1.0000000,2.0000000,0.3862777,0.9998045,0.0086663,0.0174811,0.0032180,-0.0315291,-0.0457587,0.1128790,-0.3422471,0.1710454,9.7991834,27.0353301
1,1,0.4900,STANDING,-0.3659399,0.1502151,9.8382178,2.4521922,-0.0599306,-1.6440769,20.1784316,0.7442061,43.1085321,1.0000000,2.0000000,0.3861215,0.9998045,0.0086664,0.0174810,0.0032166,0.0045941,0.0484283,0.0351916,-0.3422471,0.1710454,9.7991834,27.1004942
1,1,0.5000,STANDING,-0.3474762,0.0650997,9.9208422,1.8130771,-1.9876752,-0.4189870,19.2910086,1.6334108,42.9250352,1.0000000,2.0000000,0.3859644,0.9998045,0.0086664,0.0174810,0.0032152,0.0134723,-0.0911840,0.1843533,-0.3422471,0.1710454,9.7991834,26.9977379
1,1,0.5100,STANDING,-0.2840618,0.2137803,9.7910618,1.9196884,-1.6117843,-0.2100296,19.4365201,1.0685042,43.1287605,1.0000000,2.0000000,0.3858064,0.9998045,0.0086664,0.0174810,0.0032139,0.1312402,0.1576970,-0.0139520,-0.3422471,0.1710454,9.7991834,27.0537462
1,1,0.5200,STANDING,-0.2544768,0.2163799,9.7429571,2.7924156,-3.0143399,-0.0602530,19.9384798,1.0482771,42.9020750,1.0000000,2.0000000,0.3856476,0.9998045,0.0086664,0.0174810,0.0032125,0.1577902,0.0782767,-0.0604734,-0.3422471,0.1710454,9.7991834,27.0139675
1,1,0.5300,STANDING,-0.4951395,0.2111748,9.6867882,1.1932487,-1.6982571,-0.4802896,19.2594819,1.8423467,43.0275040,1.0000000,2.0000000,0.3854878,0.9998045,0.0086664,0.0174810,0.0032111,-0.1372211,0.0201301,-0.1124239,-0.3422471,0.1710454,9.7991834,26.9868898
1,1,0.5400,STANDING,-0.2861612,0.3443054,9.8168816,1.7096837,0.0088690,-0.2907766,19.8253826,1.2567249,42.7892216,1.0000000,2.0000000,0.3853273,0.9998045,0.0086665,0.0174810,0.0032097,0.0578059,0.2125805,0.0507157,-0.3422471,0.1710454,9.7991834,27.0463222
1,1,0.5500,STANDING,-0.2946096,0.1500852,9.8265529,2.2656241,0.2502137,-1.9908010,19.3942324,1.5270403,43.5169056,1.0000000,2.0000000,0.3851658,0.9998045,0.0086665,0.0174810,0.0032083,0.0504129,-0.0159181,0.0270509,-0.3422471,0.1710454,9.7991834,27.0484642
1,1,0.5600,STANDING,-0.3288731,0.0414909,9.7274177,2.1626217,-0.4539572,0.9186906,19.8582263,1.2970287,43.3365425,1.0000000,2.0000000,0.3850035,0.9998045,0.0086665,0.0174810,0.0032068,-0.0223841,-0.0609272,-0.0629803,-0.3422471,0.1710454,9.7991834,27.0050140
1,1,0.5700,STANDING,-0.2659760,0.1274091,9.8803552,2.4530098,-1.3275080,-0.6641773,19.5019595,1.1414002,43.6231141,1.0000000,2.0000000,0.3848403,0.9998045,0.0086665,0.0174809,0.0032054,0.0581309,0.0439605,0.1024806,-0.3422471,0.1710454,9.7991834,27.0215647
1,1,0.5800,STANDING,-0.2931107,0.0859159,9.8451408,0.0322521,-0.3688102,-0.3163477,19.2903269,1.6500037,43.4151371,1.0000000,2.0000000,0.3846763,0.9998045,0.0086666,0.0174809,0.0032040,0.1206587,-0.0037466,0.0624204,-0.3422471,0.1710454,9.7991834,27.0981000
1,1,0.5900,STANDING,-0.4664636,0.1255112,9.7714609,2.3970292,0.9395195,-0.3014969,19.7543052,0.8605959,43.2712425,1.0000000,2.0000000,0.3845113,0.9998045,0.0086666,0.0174809,0.0032026,-0.1505861,0.0123014,-0.0262281,-0.3422471,0.1710454,9.7991834,27.0520144
1,1,0.6000,STANDING,-0.2670260,0.0748750,9.6955796,1.4994552,-0.8273665,-2.0614618,20.1009087,1.0294424,43.4780304,1.0000000,2.0000000,0.3843456,0.9998045,0.0086666,0.0174809,0.0032011,0.0408853,-0.0764172,-0.0156126,-0.3422471,0.1710454,9.7991834,27.0910506
1,1,0.6100,STANDING,-0.2762320,0.0411965,9.7876270,0.8612708,-1.3252096,-1.5545587,19.5249361,1.9401943,43.6955511,1.0000000,2.0000000,0.3841789,0.9998045,0.0086666,0.0174809,0.0031997,0.0941184,-0.0894559,-0.0393577,-0.3422471,0.1710454,9.7991834,27.0144128
1,1,0.6200,STANDING,-0.3308221,0.1394695,9.8142248,1.7595286,-1.6358529,-0.1034567,19.3950363,1.7486312,43.2304842,1.0000000,2.0000000,0.3840114,0.9998045,0.0086667,0.0174809,0.0031982,0.0134339,-0.0405540,-0.0115484,-0.3422471,0.1710454,9.7991834,27.0353078
1,1,0.6300,STANDING,-0.4037834,-0.0622325,9.7537963,1.3183404,-0.0211556,0.3100106,19.9216244,1.2685863,42.4351505,1.0000000,2.0000000,0.3838430,0.9998045,0.0086667,0.0174809,0.0031967,-0.0642463,-0.1966268,0.0213941,-0.3422471,0.1710454,9.7991834,27.0761007
1,1,0.6400,STANDING,-0.2147805,0.1685728,9.9216900,1.5126038,-1.1852721,-0.5911829,19.8421502,1.2799002,43.8501115,1.0000000,2.0000000,0.3836738,0.9998045,0.0086667,0.0174809,0.0031952,0.1155212,-0.0172835,0.1528226,-0.3422471,0.1710454,9.7991834,27.0010481
1,1,0.6500,STANDING,-0.2682049,0.0965942,9.6341588,0.3668793,-1.9310934,-0.0736455,19.2227082,1.4671800,44.0071029,1.0000000,2.0000000,0.3835037,0.9998045,0.0086668,0.0174808,0.0031938,0.1022646,-0.0439734,-0.1055684,-0.3422471,0.1710454,9.7991834,27.0621732
1,1,0.6600,STANDING,-0.3061516,0.1186522,9.7555398,1.5456804,-1.2556862,-0.5161540,20.2933503,1.2524153,42.8516734,1.0000000,2.0000000,0.3833327,0.9998045,0.0086668,0.0174808,0.0031923,0.0492387,-0.0721419,-0.0603018,-0.3422471,0.1710454,9.7991834,27.0374005
1,1,0.6700,STANDING,-0.5763725,0.1199725,9.8122602,3.2570461,-0.7254039,-0.8497772,19.5116703,1.6596299,43.5298029,1.0000000,2.0000000,0.3831609,0.9998045,0.0086668,0.0174808,0.0031908,-0.2263545,0.0571017,0.0254498,-0.3422471,0.1710454,9.7991834,27.0147965
1,1,0.6800,STANDING,-0.3180888,0.0588416,9.8512211,0.5304289,-0.1221927,-2.1297363,19.1188177,0.7912925,43.4141897,1.0000000,2.0000000,0.3829882,0.9998045,0.0086668,0.0174808,0.0031893,-0.0707564,-0.0525458,0.1247558,-0.3422471,0.1710454,9.7991834,27.0890879
1,1,0.6900,STANDING,-0.2901524,0.1087210,9.7672516,1.4463698,0.5983260,-0.1706234,19.8624187,0.9084377,42.5140570,1.0000000,2.0000000,0.3828147,0.9998046,0.0086669,0.0174808,0.0031877,0.0704064,-0.0035545,0.0152436,-0.3422471,0.1710454,9.7991834,27.0672869
1,1,0.7000,STANDING,-0.1759301,0.1328435,9.8673383,2.8139556,-0.6674362,-0.0189920,19.7918419,0.8969046,43.1923385,1.0000000,2.0000000,0.3826403,0.9998046,0.0086669,0.0174808,0.0031862,0.1362073,0.0322907,0.1298553,-0.3422471,0.1710454,9.7991834,27.0420291
1,1,0.7100,STANDING,-0.6052342,0.0257087,9.6617910,1.5295832,-1.9215842,-1.2665779,18.7803865,1.0703495,43.6670742,1.0000000,2.0000000,0.3824650,0.9998046,0.0086669,0.0174808,0.0031847,-0.3144798,-0.0701186,-0.1750712,-0.3422471,0.1710454,9.7991834,27.0520466
1,1,0.7200,STANDING,-0.3241899,0.0614164,9.9507578,1.7105415,-0.1587862,-0.8567559,19.6528500,1.1154492,43.3525607,1.0000000,2.0000000,0.3822889,0.9998046,0.0086669,0.0174808,0.0031832,-0.0027893,0.0472845,0.1096822,-0.3422471,0.1710454,9.7991834,27.0259003
1,1,0.7300,STANDING,-0.0555452,0.1348569,9.8388671,2.9848015,-2.2361019,-0.3406912,19.9570034,1.2671438,43.5210861,1.0000000,2.0000000,0.3821119,0.9998046,0.0086670,0.0174807,0.0031816,0.2286033,-0.0522894,-0.0612764,-0.3422471,0.1710454,9.7991834,27.0646042
1,1,0.7400,STANDING,-0.1145467,0.1475946,9.8536573,2.3912065,0.3705966,-0.9331590,19.8138833,1.4853927,43.1776509,1.0000000,2.0000000,0.3819340,0.9998046,0.0086670,0.0174807,0.0031801,0.1811087,0.0183316,0.1006894,-0.3422471,0.1710454,9.7991834,27.0638964
1,1,0.7500,STANDING,-0.3484191,0.2043668,9.6023909,3.2823629,-1.3195177,-0.7385293,19.1817603,1.4038783,43.2625348,1.0000000,2.0000000,0.3817553,0.9998046,0.0086670,0.0174807,0.0031785,0.0028610,-0.0072682,-0.1266306,-0.3422471,0.1710454,9.7991834,27.0470860
1,1,0.7600,STANDING,-0.3154335,0.3890102,9.7731095,2.2167232,-1.0913819,-1.1726740,19.2582889,1.1306647,42.5735156,1.0000000,2.0000000,0.3815757,0.9998046,0.0086670,0.0174807,0.0031769,0.0671405,0.3064655,-0.0134347,-0.3422471,0.1710454,9.7991834,27.0586403
1,1,0.7700,STANDING,-0.2972481,0.1033842,9.9900720,1.6450275,0.5864421,-0.7248327,19.9506826,0.9959675,42.8530527,1.0000000,2.0000000,0.3813953,0.9998046,0.0086671,0.0174807,0.0031754,0.0270775,0.0306454,0.1787513,-0.3422471,0.1710454,9.7991834,27.0099897
1,1,0.7800,STANDING,-0.2819546,-0.1211457,9.5948281,0.7476799,0.4031909,-0.2915123,19.6404820,1.9642440,43.8746358,1.0000000,2.0000000,0.3812140,0.9998046,0.0086671,0.0174807,0.0031738,0.0945334,-0.2151460,-0.1190253,-0.3422471,0.1710454,9.7991834,27.0650250
1,1,0.7900,STANDING,-0.2676823,-0.0275384,9.8801991,1.7883834,-1.6889687,-1.3320574,20.1366769,0.9963214,43.3909764,1.0000000,2.0000000,0.3810319,0.9998046,0.0086671,0.0174807,0.0031722,0.0891792,-0.1693974,0.1049462,-0.3422471,0.1710454,9.7991834,26.9922691
1,1,0.8000,STANDING,-0.2471315,0.0250971,9.8957420,0.2560273,-0.3533934,-0.8451382,19.3497197,1.6453583,43.9477124,1.0000000,2.0000000,0.3808489,0.9998046,0.0086672,0.0174806,0.0031706,0.1745443,-0.0327066,0.0686160,-0.3422471,0.1710454,9.7991834,27.0090022
1,1,0.8100,STANDING,-0.3868909,-0.0384858,9.7771762,2.2345114,-1.2518415,-1.5555781,19.2850901,1.5502114,43.5181755,1.0000000,2.0000000,0.3806650,0.9998046,0.0086672,0.0174806,0.0031690,-0.0314611,-0.2044236,-0.0291803,-0.3422471,0.1710454,9.7991834,27.1312353
1,1,0.8200,STANDING,-0.3895757,0.1187715,9.8035899,1.8602050,-1.4803302,-0.4321005,20.1697353,1.1882142,44.0684382,1.0000000,2.0000000,0.3804803,0.9998046,0.0086672,0.0174806,0.0031674,-0.0690087,-0.0489394,0.0148388,-0.3422471,0.1710454,9.7991834,27.0595350
1,1,0.8300,STANDING,-0.2194612,0.1750548,9.6269940,-0.2912777,-0.0942667,-2.1450081,20.0301348,0.6663689,43.0964100,1.0000000,2.0000000,0.3802947,0.9998046,0.0086672,0.0174806,0.0031658,0.0964479,0.0269372,-0.1541055,-0.3422471,0.1710454,9.7991834,27.0440913
1,1,0.8400,STANDING,-0.2445263,0.1407743,9.9206381,-0.2640454,0.5846049,-0.4377310,20.0597008,1.2339265,42.9849358,1.0000000,2.0000000,0.3801083,0.9998046,0.0086673,0.0174806,0.0031641,0.1812647,-0.0034217,0.1360781,-0.3422471,0.1710454,9.7991834,27.0753956
1,1,0.8500,STANDING,-0.2805644,0.0419169,9.5954970,1.0960905,-0.8671968,0.8440807,19.2811509,1.2179353,43.2660214,1.0000000,2.0000000,0.3799210,0.9998046,0.0086673,0.0174806,0.0031625,0.0921830,-0.0535399,-0.1572618,-0.3422471,0.1710454,9.7991834,27.0340309
1,1,0.8600,STANDING,-0.1902830,0.0180841,9.8760946,0.9002197,-1.3884482,-0.4333137,19.1620939,0.9901144,43.5635262,1.0000000,2.0000000,0.3797329,0.9998046,0.0086673,0.0174806,0.0031609,0.1696450,-0.0519383,0.1245845,-0.3422471,0.1710454,9.7991834,27.0675665
1,1,0.8700,STANDING,-0.3190560,0.1419646,9.6575400,1.5741822,-1.3615283,-1.1444801,19.3952176,1.4756967,43.0252724,1.0000000,2.0000000,0.3795439,0.9998046,0.0086674,0.0174805,0.0031592,-0.1224827,-0.0618747,-0.1448106,-0.3422471,0.1710454,9.7991834,27.0741693
1,1,0.8800,STANDING,-0.2528743,0.1062448,9.6185599,2.1033871,0.2152525,-0.3767733,19.8598681,1.2813636,43.3043693,1.0000000,2.0000000,0.3793540,0.9998046,0.0086674,0.0174805,0.0031576,0.0770099,0.0208644,-0.2231393,-0.3422471,0.1710454,9.7991834,27.0069389
1,1,0.8900,STANDING,-0.1741206,0.2321988,9.7159232,1.9007429,0.4485242,-1.0059914,20.0116073,2.0233249,43.0927246,1.0000000,2.0000000,0.3791633,0.9998047,0.0086674,0.0174805,0.0031559,0.1423172,0.0934946,-0.0163386,-0.3422471,0.1710454,9.7991834,27.0893500
1,1,0.9000,STANDING,-0.3132507,0.1081888,9.7955176,3.0112786,-1.2334174,-0.8809358,19.4613053,1.2089864,43.2218639,1.0000000,2.0000000,0.3789718,0.9998047,0.0086674,0.0174805,0.0031542,0.0258459,0.0368167,0.0170649,-0.3422471,0.1710454,9.7991834,27.0126447
1,1,0.9100,STANDING,-0.1719766,0.1583272,9.8334773,0.8183469,0.2453141,-0.0624573,20.2571667,1.5053546,43.4433689,1.0000000,2.0000000,0.3787794,0.9998047,0.0086675,0.0174805,0.0031525,0.1192167,0.0319534,0.0386612,-0.3422471,0.1710454,9.7991834,27.0248427
1,1,0.9200,STANDING,-0.7564344,0.0472674,9.8080953,1.7779819,-1.1059556,-0.9947124,19.6092950,1.0402930,42.9411755,1.0000000,2.0000000,0.3785861,0.9998047,0.0086675,0.0174805,0.0031509,-0.3754693,-0.0568418,0.0619209,-0.3422471,0.1710454,9.7991834,27.0136206
1,1,0.9300,STANDING,-0.2751880,0.0881884,9.7378047,3.3349000,-0.9339240,-0.0654073,19.5389739,1.5658717,42.6757553,1.0000000,2.0000000,0.3783920,0.9998047,0.0086675,0.0174805,0.0031492,0.1151238,0.0191810,-0.0285408,-0.3422471,0.1710454,9.7991834,27.0463440
1,1,0.9400,STANDING,-0.2226407,0.0878523,9.6542507,0.5930554,-0.1894025,-0.2131875,19.7963909,1.8447383,43.1623391,1.0000000,2.0000000,0.3781970,0.9998047,0.0086676,0.0174804,0.0031475,0.1231395,-0.0482635,-0.1569743,-0.3422471,0.1710454,9.7991834,27.0443954
1,1,0.9500,STANDING,-0.6758299,0.0943847,9.6722030,1.5730867,-0.1467708,-0.8172590,19.5800444,1.2671845,43.0023461,1.0000000,2.0000000,0.3780012,0.9998047,0.0086676,0.0174804,0.0031458,-0.2793677,-0.0552556,-0.0576916,-0.3422471,0.1710454,9.7991834,27.0572190
1,1,0.9600,STANDING,-0.3207705,0.0916819,9.6857171,2.6215194,-1.3025052,-0.6793084,19.6998069,1.1542108,43.4199661,1.0000000,2.0000000,0.3778046,0.9998047,0.0086676,0.0174804,0.0031440,0.0096832,0.0168514,-0.1697144,-0.3422471,0.1710454,9.7991834,27.1024814
1,1,0.9700,STANDING,-0.2632368,-0.0389703,9.7273166,1.6596477,-0.0255034,0.1782563,19.4976849,1.4893202,43.6911540,1.0000000,2.0000000,0.3776071,0.9998047,0.0086677,0.0174804,0.0031423,0.0178806,-0.0675298,-0.0239767,-0.3422471,0.1710454,9.7991834,27.0803202
1,1,0.9800,STANDING,-0.3151377,0.2972128,9.8554438,4.3980501,0.3874610,0.1600882,19.7802137,1.3430078,42.5254994,1.0000000,2.0000000,0.3774087,0.9998047,0.0086677,0.0174804,0.0031406,0.0344277,0.1808350,0.0659570,-0.3422471,0.1710454,9.7991834,27.0543768
1,1,0.9900,STANDING,-0.4815212,0.0321352,9.8479894,1.4638469,-0.6064688,0.2025768,19.5228622,1.5070793,43.1774828,1.0000000,2.0000000,0.3772095,0.9998047,0.0086677,0.0174804,0.0031388,-0.1146617,-0.1327081,0.0068651,-0.3422471,0.1710454,9.7991834,27.1316013
1,1,1.0000,STANDING,-0.3644889,0.1266686,9.7961772,-0.0306849,-0.2257116,-0.4481598,19.4319015,1.0856220,42.7454527,1.0000000,2.0000000,0.3770094,0.9998047,0.0086677,0.0174804,0.0031371,-0.0449751,0.0079190,0.0229027,-0.3422471,0.1710454,9.7991834,27.0659438
1,1,1.0100,STANDING,-0.2614195,0.0693576,9.8889484,2.2047148,1.2248991,-1.0030632,19.8060032,1.3772142,42.9620756,1.0000000,2.0000000,0.3768085,0.9998047,0.0086678,0.0174803,0.0031353,0.0190157,0.0252512,0.1426370,-0.3422471,0.1710454,9.7991834,27.0203082
1,1,1.0200,STANDING,-0.1876370,0.2644482,9.9118396,1.0108385,-1.9180435,-1.7073237,19.8960808,1.4296229,43.6227014,1.0000000,2.0000000,0.3766068,0.9998047,0.0086678,0.0174803,0.0031336,0.1790304,0.0943934,0.0996688,-0.3422471,0.1710454,9.7991834,27.0309594
1,1,1.0300,STANDING,-0.4172457,0.1673009,9.7632124,1.3832899,-1.4568734,-1.2768587,19.3934860,1.2581025,43.5139243,1.0000000,2.0000000,0.3764042,0.9998047,0.0086678,0.0174803,0.0031318,-0.0732040,-0.0465693,-0.0495292,-0.3422471,0.1710454,9.7991834,27.0429889
1,1,1.0400,STANDING,-0.4647429,0.1729142,9.8799900,1.8656642,-1.2963846,1.2962482,19.0852180,1.2993690,42.4205908,1.0000000,2.0000000,0.3762007,0.9998047,0.0086679,0.0174803,0.0031300,-0.0617411,-0.0648274,0.0525772,-0.3422471,0.1710454,9.7991834,27.0304292
1,1,1.0500,STANDING,-0.4994769,0.2047361,9.7176979,1.4987767,0.6263338,-0.2994602,19.5395434,1.5851285,43.0974953,1.0000000,2.0000000,0.3759964,0.9998047,0.0086679,0.0174803,0.0031283,-0.1852879,0.0284137,-0.0382804,-0.3422471,0.1710454,9.7991834,27.0699806
1,1,1.0600,STANDING,-0.4470392,-0.0615840,9.9295414,1.5595350,-0.5810126,-2.0986074,19.1681145,0.9976812,43.2965260,1.0000000,2.0000000,0.3757913,0.9998047,0.0086679,0.0174803,0.0031265,-0.0623991,-0.1622159,0.1252642,-0.3422471,0.1710454,9.7991834,27.0423846
1,1,1.0700,STANDING,-0.4353283,0.0857696,9.8560209,1.3521720,-0.6589251,-0.3508326,19.2952972,1.1771052,43.0088263,1.0000000,2.0000000,0.3755853,0.9998048,0.0086680,0.0174802,0.0031247,-0.0743273,-0.1062708,0.0577747,-0.3422471,0.1710454,9.7991834,27.0787873
1,1,1.0800,STANDING,-0.5056947,0.1259889,9.8092929,1.0201805,-1.1283317,0.2794314,19.3468476,1.5677117,43.2011770,1.0000000,2.0000000,0.3753785,0.9998048,0.0086680,0.0174802,0.0031229,-0.1293362,-0.0112490,0.0017809,-0.3422471,0.1710454,9.7991834,27.0384665
1,1,1.0900,STANDING,-0.2985867,0.0953841,9.7676464,1.2643726,-1.7386257,-1.0918662,19.1868071,0.8397798,43.9367997,1.0000000,2.0000000,0.3751708,0.9998048,0.0086680,0.0174802,0.0031211,0.0917313,-0.0326964,-0.0045681,-0.3422471,0.1710454,9.7991834,27.0646404
1,1,1.1000,STANDING,-0.4254194,0.0888271,9.7491096,1.5602538,-0.1171235,0.4468866,19.2595964,1.9873838,43.1016692,1.0000000,2.0000000,0.3749623,0.9998048,0.0086681,0.0174802,0.0031192,-0.0329803,-0.0436552,-0.0368817,-0.3422471,0.1710454,9.7991834,27.0675450
1,1,1.1100,STANDING,-0.4223696,0.2071352,9.7777310,2.1921741,-1.2084975,-0.8182169,19.7957622,1.1263944,42.5573378,1.0000000,2.0000000,0.3747529,0.9998048,0.0086681,0.0174802,0.0031174,-0.1133572,0.0696282,-0.0241870,-0.3422471,0.1710454,9.7991834,26.9950592
1,1,1.1200,STANDING,-0.3048759,-0.1045778,9.7411166,0.9898530,-0.9675605,0.7382380,19.0836625,1.5968735,43.0550188,1.0000000,2.0000000,0.3745427,0.9998048,0.0086681,0.0174802,0.0031156,-0.0309123,-0.1785569,0.0281915,-0.3422471,0.1710454,9.7991834,27.1159442
1,1,1.1300,STANDING,-0.4841787,0.2355499,9.7913601,3.3483258,0.5901374,-0.4305348,19.8490307,1.3196727,42.7841146,1.0000000,2.0000000,0.3743316,0.9998048,0.0086682,0.0174802,0.0031137,-0.0851636,0.1073948,0.0240913,-0.3422471,0.1710454,9.7991834,27.0586846
1,1,1.1400,STANDING,-0.5162203,0.0741564,9.7408685,1.7108463,-0.3323370,0.1073339,19.3813537,1.7324811,43.0973145,1.0000000,2.0000000,0.3741197,0.9998048,0.0086682,0.0174801,0.0031119,-0.1983918,-0.0762139,-0.0120692,-0.3422471,0.1710454,9.7991834,27.0428563
1,1,1.1500,STANDING,-0.3019741,0.1185442,9.7015765,1.5330329,-1.4880569,-0.8814317,20.3875802,1.5305472,42.4598838,1.0000000,2.0000000,0.3739070,0.9998048,0.0086682,0.0174801,0.0031100,0.0169409,0.0918927,-0.0461615,-0.3422471,0.1710454,9.7991834,27.1170088
1,1,1.1600,STANDING,-0.2044859,0.1126455,9.9216264,1.7032471,0.8179909,-0.8994373,19.6547491,1.1122352,43.1697500,1.0000000,2.0000000,0.3736934,0.9998048,0.0086682,0.0174801,0.0031082,0.1386557,-0.0414021,0.0810470,-0.3422471,0.1710454,9.7991834,27.0624270
1,1,1.1700,STANDING,-0.4374974,0.1045402,9.8790216,2.2414717,-1.4117445,0.3257318,19.7390495,1.7824549,43.6085857,1.0000000,2.0000000,0.3734790,0.9998048,0.0086683,0.0174801,0.0031063,-0.0848786,0.0142082,0.0785432,-0.3422471,0.1710454,9.7991834,27.0731267
1,1,1.1800,STANDING,-0.0981223,0.2142960,9.8089025,1.6452588,-1.6863232,0.8778377,19.9883859,1.2636923,42.6964816,1.0000000,2.0000000,0.3732638,0.9998048,0.0086683,0.0174801,0.0031044,0.2088646,0.1466302,0.0538742,-0.3422471,0.1710454,9.7991834,27.0637433
1,1,1.1900,STANDING,-0.2061006,0.0475663,9.8057091,1.8721128,-1.0769051,0.9062741,19.6939354,0.8912772,43.4722148,1.0000000,2.0000000,0.3730477,0.9998048,0.0086683,0.0174801,0.0031025,0.0777324,-0.1290718,0.0812164,-0.3422471,0.1710454,9.7991834,27.0791622
1,1,1.2000,STANDING,-0.5414142,0.1662700,9.7153946,2.8711287,-0.8894406,-1.3814774,19.9654118,2.1799484,43.6305432,1.0000000,2.0000000,0.3728307,0.9998048,0.0086684,0.0174800,0.0031006,-0.2785823,0.0259569,-0.0315544,-0.3422471,0.1710454,9.7991834,27.0816966
1,1,1.2100,STANDING,-0.4482317,0.2205744,9.6583860,2.7731169,0.1182604,1.1314262,19.7926959,1.4826235,42.7111873,1.0000000,2.0000000,0.3726129,0.9998048,0.0086684,0.0174800,0.0030987,-0.1183676,0.0869253,-0.0979598,-0.3422471,0.1710454,9.7991834,27.1052228
1,1,1.2200,STANDING,-0.3688361,0.1668290,9.7205198,2.2730557,-0.7252660,-1.3964905,20.3960057,1.2714596,42.9866306,1.0000000,2.0000000,0.3723943,0.9998048,0.0086684,0.0174800,0.0030968,-0.0619125,0.0093016,-0.0703134,-0.3422471,0.1710454,9.7991834,27.1445918
1,1,1.2300,STANDING,-0.4382496,0.0884228,9.6944325,1.8470069,-0.0105362,-1.6985538,19.7332094,1.3369152,43.3128632,1.0000000,2.0000000,0.3721749,0.9998048,0.0086685,0.0174800,0.0030949,-0.1162079,-0.0654699,-0.0823389,-0.3422471,0.1710454,9.7991834,27.0904407
1,1,1.2400,STANDING,-0.2839561,0.2079858,9.8979576,2.1845187,-1.3515977,-0.4882339,19.9378231,0.7504465,43.0693323,1.0000000,2.0000000,0.3719546,0.9998049,0.0086685,0.0174800,0.0030930,0.0048484,0.0169798,0.1772921,-0.3422471,0.1710454,9.7991834,27.0571590
1,1,1.2500,STANDING,-0.3713283,0.2644825,9.7784631,2.0012027,-0.6100908,-0.8726662,20.0808621,1.4086283,43.0725409,1.0000000,2.0000000,0.3717335,0.9998049,0.0086685,0.0174800,0.0030911,-0.0645599,0.0643689,-0.0846828,-0.3422471,0.1710454,9.7991834,27.1174323
1,1,1.2600,STANDING,-0.3001501,0.3784739,9.6140697,2.2995045,-0.2786911,-0.9155297,19.6160183,1.5331714,43.2113325,1.0000000,2.0000000,0.3715115,0.9998049,0.0086686,0.0174799,0.0030891,0.0487505,0.2637140,-0.1889218,-0.3422471,0.1710454,9.7991834,27.0504909
1,1,1.2700,STANDING,-0.1844814,0.1805116,9.9035954,2.3956797,0.0226496,0.2742879,19.3401001,1.6109633,43.0949866,1.0000000,2.0000000,0.3712887,0.9998049,0.0086686,0.0174799,0.0030872,0.1820913,0.1071261,0.1181543,-0.3422471,0.1710454,9.7991834,27.1373495
1,1,1.2800,STANDING,-0.5459786,0.0532800,9.7639314,2.2909785,-0.6429587,-2.0755457,19.4090286,0.5869238,43.7221539,1.0000000,2.0000000,0.3710651,0.9998049,0.0086686,0.0174799,0.0030852,-0.1311295,-0.0753167,-0.0055193,-0.3422471,0.1710454,9.7991834,27.1422010
1,1,1.2900,STANDING,-0.3616772,0.1710697,9.8719006,2.2512885,-1.1129063,-0.1040100,19.5239394,1.2854454,43.4633571,1.0000000,2.0000000,0.3708406,0.9998049,0.0086687,0.0174799,0.0030833,-0.0473580,0.0854464,0.0573296,-0.3422471,0.1710454,9.7991834,27.0654860
1,1,1.3000,STANDING,-0.3696823,0.2587256,9.9990198,1.5984041,-0.6945324,-0.9874089,19.3170592,0.6240156,42.8079645,1.0000000,2.0000000,0.3706153,0.9998049,0.0086687,0.0174799,0.0030813,-0.0281089,0.1125127,0.2221832,-0.3422471,0.1710454,9.7991834,27.0670966
1,1,1.3100,STANDING,-0.5811098,0.3254077,9.9701159,2.1901917,-1.5607269,-1.3140210,19.1590304,1.0969034,42.9651892,1.0000000,2.0000000,0.3703892,0.9998049,0.0086688,0.0174799,0.0030793,-0.2170479,0.1281525,0.1380062,-0.3422471,0.1710454,9.7991834,27.0670456
1,1,1.3200,STANDING,-0.2291329,0.0997751,9.7253263,1.5990782,-2.1389447,-1.3730846,19.3999996,1.2984715,43.2801991,1.0000000,2.0000000,0.3701622,0.9998049,0.0086688,0.0174798,0.0030774,0.0651890,0.0169928,-0.1307034,-0.3422471,0.1710454,9.7991834,27.0697444
1,1,1.3300,STANDING,-0.3126807,0.1788854,9.7641879,2.3796288,-0.5573544,-1.2833933,20.0686471,1.3737171,43.1575403,1.0000000,2.0000000,0.3699344,0.9998049,0.0086688,0.0174798,0.0030754,0.0427526,0.0431723,0.0006904,-0.3422471,0.1710454,9.7991834,27.1020990
1,1,1.3400,STANDING,-0.3178453,0.0467878,9.5993560,2.4711984,-0.3898452,-1.6165887,20.2601451,1.2310890,42.8148063,1.0000000,2.0000000,0.3697057,0.9998049,0.0086689,0.0174798,0.0030734,-0.0030873,-0.1056204,-0.0822799,-0.3422471,0.1710454,9.7991834,27.1315043
1,1,1.3500,STANDING,-0.2992550,0.1706381,9.7859318,2.8868752,-0.6189698,1.1348325,19.0010221,1.9468834,42.6739908,1.0000000,2.0000000,0.3694763,0.9998049,0.0086689,0.0174798,0.0030714,0.0418525,0.0617550,-0.0783541,-0.3422471,0.1710454,9.7991834,27.0593221
1,1,1.3600,STANDING,-0.2950913,0.1359431,9.7577490,2.6829217,-0.2162875,-1.7361654,19.0650833,1.2824475,43.3752708,1.0000000,2.0000000,0.3692460,0.9998049,0.0086689,0.0174798,0.0030694,0.0829881,0.0089507,0.0116736,-0.3422471,0.1710454,9.7991834,27.0629484
1,1,1.3700,STANDING,-0.2341966,-0.0268374,9.7304026,1.2185390,-0.6927989,-1.5533694,19.2008667,1.0971968,43.2944169,1.0000000,2.0000000,0.3690148,0.9998049,0.0086690,0.0174797,0.0030673,0.0863813,-0.1555766,-0.0518077,-0.3422471,0.1710454,9.7991834,27.0981972
1,1,1.3800,STANDING,-0.3497424,0.3461301,9.8628906,3.1494138,-1.3881128,-1.6218676,19.7916206,0.8559645,42.6443988,1.0000000,2.0000000,0.3687829,0.9998049,0.0086690,0.0174797,0.0030653,-0.0348273,0.2493682,0.0258242,-0.3422471,0.1710454,9.7991834,27.0878485
1,1,1.3900,STANDING,-0.3207923,0.0191679,9.8394744,1.6429046,-0.4131813,-0.1047409,20.0262539,1.3935510,42.9385836,1.0000000,2.0000000,0.3685501,0.9998049,0.0086690,0.0174797,0.0030633,0.0467629,0.0012660,-0.0593233,-0.3422471,0.1710454,9.7991834,27.1241667
1,1,1.4000,STANDING,-0.4005180,0.0644337,9.8612321,3.0000146,-1.2593312,-1.6791879,19.0862503,1.5657561,43.4251732,1.0000000,2.0000000,0.3683165,0.9998049,0.0086691,0.0174797,0.0030613,-0.0882081,-0.0197358,0.0512109,-0.3422471,0.1710454,9.7991834,27.0506259
1,1,1.4100,STANDING,-0.1934307,0.4507349,9.8881504,2.5086117,-1.0816724,0.7859484,19.2160671,1.0064290,42.5277059,1.0000000,2.0000000,0.3680820,0.9998050,0.0086691,0.0174797,0.0030592,0.1891114,0.2799446,0.2115093,-0.3422471,0.1710454,9.7991834,27.0933151
1,1,1.4200,STANDING,-0.2152328,0.2198428,9.8311824,1.1435088,0.0664847,0.9185477,20.2703349,0.6527913,43.3877684,1.0000000,2.0000000,0.3678468,0.9998050,0.0086691,0.0174797,0.0030572,0.1272696,0.1272845,0.0032881,-0.3422471,0.1710454,9.7991834,27.1042927
1,1,1.4300,STANDING,-0.2400523,-0.0235492,9.6748103,2.0767052,-1.0247641,0.1683515,20.2530072,1.1905399,42.9285933,1.0000000,2.0000000,0.3676107,0.9998050,0.0086692,0.0174796,0.0030551,0.1351921,-0.1507603,-0.1319846,-0.3422471,0.1710454,9.7991834,27.0647315
1,1,1.4400,STANDING,-0.3796607,0.1726842,9.7468065,1.5944716,-0.6942051,-1.0881178,20.4188284,1.6707811,43.1415091,1.0000000,2.0000000,0.3673737,0.9998050,0.0086692,0.0174796,0.0030530,-0.0503370,0.0280279,-0.1404383,-0.3422471,0.1710454,9.7991834,27.0778064
1,1,1.4500,STANDING,-0.1285990,0.1025665,9.7393268,1.9053590,0.6971286,-1.1930509,19.3845098,0.9706946,42.8962672,1.0000000,2.0000000,0.3671360,0.9998050,0.0086692,0.0174796,0.0030510,0.2104997,-0.0071201,-0.0425897,-0.3422471,0.1710454,9.7991834,27.1011779
1,1,1.4600,STANDING,-0.3432524,-0.0958075,9.8506275,-0.0856766,-1.6031572,0.1747926,19.7223865,1.3253645,42.5082430,1.0000000,2.0000000,0.3668974,0.9998050,0.0086693,0.0174796,0.0030489,-0.0042334,-0.1330741,0.0646274,-0.3422471,0.1710454,9.7991834,27.1331270
1,1,1.4700,STANDING,-0.4059151,0.1112366,9.8672923,2.0090589,0.0735040,-2.0743986,19.3847508,1.2613995,42.9296937,1.0000000,2.0000000,0.3666580,0.9998050,0.0086693,0.0174796,0.0030468,-0.1275872,0.0114377,0.1044392,-0.3422471,0.1710454,9.7991834,27.0653739
1,1,1.4800,STANDING,-0.3536289,0.2025833,9.7720845,2.7009779,-1.0857671,0.5749357,19.8262708,1.7126528,42.6327219,1.0000000,2.0000000,0.3664177,0.9998050,0.0086694,0.0174796,0.0030447,0.0028885,0.0551616,-0.0231778,-0.3422471,0.1710454,9.7991834,27.0730561
1,1,1.4900,STANDING,-0.4213155,0.3837240,9.8970014,2.1882909,-1.2503969,-0.5074724,20.1198419,0.9823706,42.7108928,1.0000000,2.0000000,0.3661767,0.9998050,0.0086694,0.0174795,0.0030426,-0.0748031,0.2421865,0.1071941,-0.3422471,0.1710454,9.7991834,27.0666207
1,1,1.5000,STANDING,-0.3123016,0.0868252,9.7733640,2.0699090,-0.5610888,-1.1177566,19.7913210,1.6648157,43.5982373,1.0000000,2.0000000,0.3659348,0.9998050,0.0086694,0.0174795,0.0030405,0.0272287,0.0798633,-0.0263904,-0.3422471,0.1710454,9.7991834,27.0399023
1,1,1.5100,STANDING,-0.2925127,0.0857232,9.7740164,2.6421792,-1.6728590,-0.7684129,20.2527393,1.1369876,43.0604250,1.0000000,2.0000000,0.3656921,0.9998050,0.0086695,0.0174795,0.0030384,0.0328527,-0.0789318,-0.0298823,-0.3422471,0.1710454,9.7991834,27.0903374
1,1,1.5200,STANDING,-0.2300139,0.0984982,9.6405059,1.4770684,0.1067981,0.0402698,19.4221072,0.8234672,42.8706080,1.0000000,2.0000000,0.3654486,0.9998050,0.0086695,0.0174795,0.0030362,0.1909105,-0.0274499,-0.1015720,-0.3422471,0.1710454,9.7991834,27.0805369
1,1,1.5300,STANDING,-0.3183484,0.1914062,9.6845897,1.0681525,-0.9489349,-1.0020078,19.6314299,1.5132339,43.3285845,1.0000000,2.0000000,0.3652042,0.9998050,0.0086695,0.0174795,0.0030341,0.0067899,0.1142150,-0.0636326,-0.3422471,0.1710454,9.7991834,27.1111836
1,1,1.5400,STANDING,-0.3568986,0.1156486,9.8555791,2.3950610,-1.0713696,-1.8755417,19.5334893,1.1215518,43.0509457,1.0000000,2.0000000,0.3649590,0.9998050,0.0086696,0.0174794,0.0030320,0.0067286,0.0141955,0.1129719,-0.3422471,0.1710454,9.7991834,27.1295315
1,1,1.5500,STANDING,-0.4118042,0.2595371,9.7470877,2.1649911,-0.8772233,1.4785918,19.4027213,1.7132199,43.7082533,1.0000000,2.0000000,0.3647130,0.9998050,0.0086696,0.0174794,0.0030298,-0.1122587,0.0833014,0.0453796,-0.3422471,0.1710454,9.7991834,27.1055587
1,1,1.5600,STANDING,-0.3827549,0.1237751,9.8473509,1.4903740,-0.8819311,-0.0398085,19.8515051,1.6135642,43.1784483,1.0000000,2.0000000,0.3644662,0.9998051,0.0086697,0.0174794,0.0030277,-0.0174589,0.0107217,0.0270463,-0.3422471,0.1710454,9.7991834,27.0824928
1,1,1.5700,STANDING,-0.2116670,0.2232573,9.7219692,0.6145905,-0.9835936,0.8255632,19.8080095,1.9287032,43.6438130,1.0000000,2.0000000,0.3642186,0.9998051,0.0086697,0.0174794,0.0030255,0.1268707,0.0645347,-0.0173537,-0.3422471,0.1710454,9.7991834,27.0657543
1,1,1.5800,STANDING,-0.4231397,0.0921554,9.9294074,2.0982826,-0.8433404,-1.4837893,19.5076852,0.7867565,43.1510487,1.0000000,2.0000000,0.3639701,0.9998051,0.0086697,0.0174794,0.0030233,-0.1166894,-0.0238145,0.0946154,-0.3422471,0.1710454,9.7991834,27.0996619
1,1,1.5900,STANDING,-0.4753633,0.1927232,9.7272500,2.1110913,-0.9978153,-0.3999414,19.7166553,1.5520750,43.0083521,1.0000000,2.0000000,0.3637209,0.9998051,0.0086698,0.0174793,0.0030212,-0.1413178,0.1110797,-0.0678914,-0.3422471,0.1710454,9.7991834,27.0730009
1,1,1.6000,STANDING,-0.3854214,0.0848470,9.6706450,0.7022597,-0.6618759,-1.3934714,19.5906787,0.8338243,43.4744895,1.0000000,2.0000000,0.3634708,0.9998051,0.0086698,0.0174793,0.0030190,-0.0415977,-0.0265559,-0.0600281,-0.3422471,0.1710454,9.7991834,27.0949076
1,1,1.6100,STANDING,-0.5404514,0.0134680,9.8263804,2.7432941,0.1400359,-0.1142463,19.3816751,1.4600560,42.8980972,1.0000000,2.0000000,0.3632199,0.9998051,0.0086698,0.0174793,0.0030168,-0.1806883,-0.1777310,-0.0324085,-0.3422471,0.1710454,9.7991834,27.0486027
1,1,1.6200,STANDING,-0.2566826,0.3384628,9.8386039,2.7381556,-1.0126600,0.5446688,19.8194070,1.6688300,42.9995569,1.0000000,2.0000000,0.3629681,0.9998051,0.0086699,0.0174793,0.0030146,0.1242341,0.2680403,0.0878606,-0.3422471,0.1710454,9.7991834,27.1205925
1,1,1.6300,STANDING,-0.4995326,0.3204143,9.8800946,1.2628782,0.0780256,2.0031846,19.6565635,1.5450044,42.7461934,1.0000000,2.0000000,0.3627156,0.9998051,0.0086699,0.0174793,0.0030124,-0.1879090,0.2550285,-0.0408155,-0.3422471,0.1710454,9.7991834,27.0819944
1,1,1.6400,STANDING,-0.2336899,-0.1099913,9.6638558,2.1114722,-0.2638480,-1.3069815,19.2466112,1.4500498,43.3345634,1.0000000,2.0000000,0.3624622,0.9998051,0.0086700,0.0174793,0.0030102,0.0648339,-0.1832433,-0.1943426,-0.3422471,0.1710454,9.7991834,27.1099407
1,1,1.6500,STANDING,-0.4262764,0.1033126,9.7904257,2.6996707,0.2613386,0.4044465,19.0898910,0.9086821,42.6973849,1.0000000,2.0000000,0.3622081,0.9998051,0.0086700,0.0174792,0.0030080,-0.1027077,0.0349888,0.0039999,-0.3422471,0.1710454,9.7991834,27.1307990
1,1,1.6600,STANDING,-0.4993121,0.0241597,9.8653743,0.9931535,-0.1604092,-0.4519918,19.6804572,1.6825464,43.0891144,1.0000000,2.0000000,0.3619531,0.9998051,0.0086700,0.0174792,0.0030057,-0.1239176,-0.0496940,0.0548581,-0.3422471,0.1710454,9.7991834,27.1230287
1,1,1.6700,STANDING,-0.4330204,-0.0355526,9.8416256,1.5517403,0.1120767,-0.0494824,20.1341270,1.1181558,43.3404630,1.0000000,2.0000000,0.3616973,0.9998051,0.0086701,0.0174792,0.0030035,-0.0744175,-0.1088788,0.0269097,-0.3422471,0.1710454,9.7991834,27.1573526
1,1,1.6800,STANDING,-0.3694688,0.1919385,9.7653456,1.4263695,-0.6520158,-0.0009053,19.6402933,1.0268119,43.3486199,1.0000000,2.0000000,0.3614407,0.9998051,0.0086701,0.0174792,0.0030013,-0.0774651,0.0753374,-0.0188226,-0.3422471,0.1710454,9.7991834,27.0649859
1,1,1.6900,STANDING,-0.3523323,0.1018515,9.6066420,2.4017571,-0.6799881,0.3779733,19.4154263,1.4432456,42.9352971,1.0000000,2.0000000,0.3611832,0.9998051,0.0086702,0.0174792,0.0029990,-0.0142670,0.0107807,-0.1835123,-0.3422471,0.1710454,9.7991834,27.1050093
1,1,1.7000,STANDING,-0.2860965,0.1267780,9.9708408,0.0124599,-2.3531594,-1.6803361,20.3820550,1.5532900,42.8246815,1.0000000,2.0000000,0.3609250,0.9998051,0.0086702,0.0174791,0.0029968,0.0419815,-0.0314187,0.1661711,-0.3422471,0.1710454,9.7991834,27.0807339
1,1,1.7100,STANDING,-0.2979254,0.3653797,9.8802020,2.8347073,-0.9932133,-1.3970674,19.7228073,1.7425536,43.2286358,1.0000000,2.0000000,0.3606659,0.9998052,0.0086702,0.0174791,0.0029945,0.0595854,0.1899682,0.0870258,-0.3422471,0.1710454,9.7991834,27.1063887
1,1,1.7200,STANDING,-0.4007322,0.0824173,9.6033918,1.3593350,-0.2931459,-1.9458657,19.8100510,1.2643486,43.3049348,1.0000000,2.0000000,0.3604061,0.9998052,0.0086703,0.0174791,0.0029922,-0.0575591,-0.0498163,-0.1607876,-0.3422471,0.1710454,9.7991834,27.1259551
1,1,1.7300,STANDING,-0.3397674,0.1468125,9.5662560,1.3659667,0.6081900,0.0928245,19.7837755,1.6323206,44.1964095,1.0000000,2.0000000,0.3601454,0.9998052,0.0086703,0.0174791,0.0029900,-0.0240323,0.0447463,-0.1642189,-0.3422471,0.1710454,9.7991834,27.0999970
1,1,1.7400,STANDING,-0.3733429,0.1082169,9.6544778,2.2565215,-1.2809652,-2.3085656,19.6162864,1.7745462,43.3332588,1.0000000,2.0000000,0.3598839,0.9998052,0.0086704,0.0174791,0.0029877,0.0556923,-0.1090114,-0.0696858,-0.3422471,0.1710454,9.7991834,27.1719164
1,1,1.7500,STANDING,-0.4955686,0.1775056,9.8451698,0.9369943,0.3382488,0.0788831,19.8927399,1.0620644,42.9988329,1.0000000,2.0000000,0.3596216,0.9998052,0.0086704,0.0174790,0.0029854,-0.1709745,0.0257347,0.0855254,-0.3422471,0.1710454,9.7991834,27.0786444
1,1,1.7600,STANDING,-0.3599178,0.0769379,9.8499178,1.6741740,0.0214703,-0.7478645,19.9281484,1.3843124,43.0331363,1.0000000,2.0000000,0.3593585,0.9998052,0.0086704,0.0174790,0.0029831,0.0556208,-0.0953533,0.0661987,-0.3422471,0.1710454,9.7991834,27.1116421
1,1,1.7700,STANDING,-0.5213119,0.3188769,9.7893562,0.1836702,-1.1376048,-1.0325774,19.6499870,1.7632592,42.3641891,1.0000000,2.0000000,0.3590946,0.9998052,0.0086705,0.0174790,0.0029808,-0.0927680,0.2000800,-0.0779462,-0.3422471,0.1710454,9.7991834,27.0857945
1,1,1.7800,STANDING,-0.3132310,0.1614423,9.7244227,2.2911211,-2.0356897,-2.2286564,19.6155691,1.3698608,43.3406651,1.0000000,2.0000000,0.3588299,0.9998052,0.0086705,0.0174790,0.0029785,-0.0096706,0.0692768,-0.0432704,-0.3422471,0.1710454,9.7991834,27.0938918
1,1,1.7900,STANDING,-0.4390178,0.1614375,9.8109389,1.5125258,0.3218369,-0.4988469,19.4116054,1.3625509,43.3072490,1.0000000,2.0000000,0.3585643,0.9998052,0.0086706,0.0174790,0.0029762,-0.0141529,-0.0042926,0.0263160,-0.3422471,0.1710454,9.7991834,27.1202791
1,1,1.8000,STANDING,-0.1960601,0.1847259,9.8705660,1.7667481,-0.5062195,-1.9712289,19.3186870,1.7738462,43.4087694,1.0000000,2.0000000,0.3582980,0.9998052,0.0086706,0.0174789,0.0029738,0.1827059,0.0866849,0.0690713,-0.3422471,0.1710454,9.7991834,27.1548425
1,1,1.8100,STANDING,-0.2670432,0.0720414,9.8271300,2.3312599,-0.8368756,-0.8842164,19.9341316,0.9217843,43.0947617,1.0000000,2.0000000,0.3580308,0.9998052,0.0086706,0.0174789,0.0029715,0.1076454,-0.0296523,0.0327290,-0.3422471,0.1710454,9.7991834,27.1106331
1,1,1.8200,STANDING,-0.2899605,-0.0705143,9.8897124,3.0113056,-1.1569224,-0.5612500,19.9602929,1.6023908,42.6658365,1.0000000,2.0000000,0.3577629,0.9998052,0.0086707,0.0174789,0.0029692,0.0113724,-0.1467054,0.0863879,-0.3422471,0.1710454,9.7991834,27.1262729
1,1,1.8300,STANDING,-0.3620742,0.1146726,9.7559641,2.0165332,0.6647987,-0.5819465,19.6970260,1.5274429,42.6424321,1.0000000,2.0000000,0.3574941,0.9998052,0.0086707,0.0174789,0.0029668,0.0122660,0.0088822,-0.0295466,-0.3422471,0.1710454,9.7991834,27.1188867
1,1,1.8400,STANDING,-0.2577930,0.0818076,9.7943464,1.3594900,-1.8852478,-1.1915482,19.2256172,1.2982368,43.7190964,1.0000000,2.0000000,0.3572246,0.9998052,0.0086708,0.0174789,0.0029645,0.0535046,-0.0332687,-0.0478497,-0.3422471,0.1710454,9.7991834,27.1339492
1,1,1.8500,STANDING,-0.2513178,0.1300330,9.8089241,1.0122747,-1.6561973,-2.1224284,20.8276959,1.5747686,42.6718239,1.0000000,2.0000000,0.3569542,0.9998052,0.0086708,0.0174788,0.0029621,0.0100214,-0.0474155,0.0995843,-0.3422471,0.1710454,9.7991834,27.1222087
1,1,1.8600,STANDING,-0.2623280,0.3022662,9.7138120,2.9686485,-0.6617099,-0.9267987,19.6277418,1.2613721,43.6438708,1.0000000,2.0000000,0.3566830,0.9998053,0.0086708,0.0174788,0.0029598,0.0420790,0.1898895,-0.1111300,-0.3422471,0.1710454,9.7991834,27.1197438
1,1,1.8700,STANDING,-0.2348942,0.0434885,9.7987761,3.1320478,-0.4268624,-1.7553249,20.0925354,1.2898399,42.9917891,1.0000000,2.0000000,0.3564111,0.9998053,0.0086709,0.0174788,0.0029574,0.1054913,-0.0990016,0.0531092,-0.3422471,0.1710454,9.7991834,27.1209198
1,1,1.8800,STANDING,-0.3264243,0.0644176,9.8869930,1.0491617,-0.9719403,0.1676149,19.6648083,1.2645321,43.1080978,1.0000000,2.0000000,0.3561383,0.9998053,0.0086709,0.0174788,0.0029550,-0.0045392,-0.0398098,0.1428011,-0.3422471,0.1710454,9.7991834,27.1271205
1,1,1.8900,STANDING,-0.2399403,0.0443606,9.7737487,1.3901114,-1.3251260,0.5103483,19.5099266,1.2347295,43.7963080,1.0000000,2.0000000,0.3558647,0.9998053,0.0086710,0.0174788,0.0029526,0.0548038,-0.0382966,-0.0301325,-0.3422471,0.1710454,9.7991834,27.0557246
1,1,1.9000,STANDING,-0.2223199,0.1886074,9.9446060,1.4521497,-1.3056443,-0.4588050,19.7812214,1.2668094,43.2029790,1.0000000,2.0000000,0.3555904,0.9998053,0.0086710,0.0174787,0.0029502,0.1319156,0.0560553,0.1000722,-0.3422471,0.1710454,9.7991834,27.0935813
1,1,1.9100,STANDING,-0.2883115,0.0030031,9.7397447,1.6453944,-1.4164531,-1.8601228,19.5533945,1.2993835,42.7282909,1.0000000,2.0000000,0.3553152,0.9998053,0.0086711,0.0174787,0.0029478,0.0317475,-0.1240904,-0.1106476,-0.3422471,0.1710454,9.7991834,27.1496058
1,1,1.9200,STANDING,-0.3269498,0.3076594,9.5363248,2.5900634,0.4530248,-1.0096303,19.8097634,0.9616859,42.8050763,1.0000000,2.0000000,0.3550392,0.9998053,0.0086711,0.0174787,0.0029454,-0.0019117,0.2164562,-0.2250372,-0.3422471,0.1710454,9.7991834,27.0953818
1,1,1.9300,STANDING,-0.2668300,0.0571306,9.6008481,1.7182160,-0.9510185,-0.5603745,20.0015061,0.6087595,43.2598644,1.0000000,2.0000000,0.3547625,0.9998053,0.0086711,0.0174787,0.0029430,0.1010413,-0.1232546,-0.0796526,-0.3422471,0.1710454,9.7991834,27.1324722
1,1,1.9400,STANDING,-0.5401575,0.2412850,9.7166001,1.3681413,-0.8894745,0.4515129,18.6666497,1.7014269,43.0028759,1.0000000,2.0000000,0.3544849,0.9998053,0.0086712,0.0174786,0.0029406,-0.1692378,0.1754242,-0.0584362,-0.3422471,0.1710454,9.7991834,27.1242496
1,1,1.9500,STANDING,-0.3851849,-0.0000706,9.7675124,1.2562662,-0.3913723,-1.6505244,19.4626859,1.2989799,43.1374822,1.0000000,2.0000000,0.3542065,0.9998053,0.0086712,0.0174786,0.0029381,-0.0875878,-0.1348927,0.0701753,-0.3422471,0.1710454,9.7991834,27.1313615
1,1,1.9600,STANDING,-0.3453760,0.4187378,9.7821862,0.7681064,-1.4100756,-1.3248492,19.9373334,1.5127422,43.5564321,1.0000000,2.0000000,0.3539274,0.9998053,0.0086713,0.0174786,0.0029357,-0.0140917,0.2984773,0.0342047,-0.3422471,0.1710454,9.7991834,27.1167644
1,1,1.9700,STANDING,-0.1701693,0.0899626,9.9836603,1.8887082,-0.9647506,-0.7551247,19.5576110,1.1966053,43.4171907,1.0000000,2.0000000,0.3536474,0.9998053,0.0086713,0.0174786,0.0029333,0.1085321,-0.0405196,0.1125499,-0.3422471,0.1710454,9.7991834,27.0895680
1,1,1.9800,STANDING,-0.3259294,-0.0269740,9.7793069,2.5890774,-0.1499837,0.3152904,19.8210452,1.3624995,42.7394101,1.0000000,2.0000000,0.3533666,0.9998053,0.0086713,0.0174786,0.0029308,-0.0654299,-0.0942033,0.0236708,-0.3422471,0.1710454,9.7991834,27.0871357
1,1,1.9900,STANDING,-0.5891592,0.1671838,9.6825129,3.1269733,-2.0180644,-1.7511221,19.2343536,1.4443413,43.2891423,1.0000000,2.0000000,0.3530851,0.9998053,0.0086714,0.0174785,0.0029284,-0.1863334,0.0661951,-0.0930254,-0.3422471,0.1710454,9.7991834,27.1586963
1,1,0.0000,LYING,-0.6400697,9.6249541,2.1038592,0.8284267,-0.4717726,-0.2727300,17.3440070,42.3389728,9.4000026,78.0000000,4.0000000,0.3999997,0.7767445,0.6288385,0.0293172,-0.0192517,0.1131544,0.0476320,0.0616269,-0.6840773,9.5689847,2.0339505,27.0080848
1,1,0.0100,LYING,-0.6948951,9.5379100,2.0099818,0.6339317,-1.2681900,-0.9801089,16.9142372,42.3781070,9.0699365,78.0000000,4.0000000,0.4000000,0.7767445,0.6288385,0.0293172,-0.0192517,0.0122638,0.0178505,-0.0974167,-0.6840773,9.5689847,2.0339505,27.0226761
1,1,0.0200,LYING,-0.5920454,9.5158535,2.0270436,0.6767191,-1.8316221,1.1157493,17.4926176,42.4719432,9.2129357,78.0000000,4.0000000,0.3999994,0.7767445,0.6288385,0.0293172,-0.0192517,0.0498214,-0.0551378,-0.0022520,-0.6840773,9.5689847,2.0339505,26.9682821
1,1,0.0300,LYING,-0.7287937,9.6431695,1.9969942,1.1068275,-0.4063988,-0.2887611,17.2876596,42.5931458,9.3410027,78.0000000,4.0000000,0.3999979,0.7767445,0.6288385,0.0293172,-0.0192518,0.0257567,0.0386909,-0.0566318,-0.6840773,9.5689847,2.0339505,26.9927351
1,1,0.0400,LYING,-0.6991489,9.6226505,2.0691626,0.1130613,-1.5906706,-0.1615354,16.8784387,41.9141225,8.5231919,78.0000000,4.0000000,0.3999955,0.7767445,0.6288385,0.0293172,-0.0192518,0.0128078,0.0824731,0.0334304,-0.6840773,9.5689847,2.0339505,26.9415850
1,1,0.0500,LYING,-0.7474045,9.5940205,2.0582142,0.2670209,0.0432169,0.7437809,17.0196079,42.7730240,8.5705274,78.0000000,4.0000000,0.3999922,0.7767445,0.6288385,0.0293172,-0.0192518,-0.0369528,0.0275208,0.0442517,-0.6840773,9.5689847,2.0339505,26.9562525
1,1,0.0600,LYING,-0.8461208,9.5814726,2.0100834,0.0945644,-1.0048216,0.2914229,16.3818564,42.3139703,8.7283363,78.0000000,4.0000000,0.3999880,0.7767445,0.6288385,0.0293172,-0.0192518,-0.0783159,0.0462537,-0.0534823,-0.6840773,9.5689847,2.0339505,26.9587136
1,1,0.0700,LYING,-0.6755215,9.7290892,2.0133599,0.1258321,-1.3649054,-0.1433598,16.8471087,42.3794156,8.7636996,78.0000000,4.0000000,0.3999829,0.7767445,0.6288385,0.0293171,-0.0192519,-0.0080987,0.0667026,0.0445770,-0.6840773,9.5689847,2.0339505,27.0447228
1,1,0.0800,LYING,-0.6951030,9.5879352,2.0498063,0.4523189,-0.9344356,-0.6182135,18.1489679,41.9909016,8.4498981,78.0000000,4.0000000,0.3999769,0.7767445,0.6288385,0.0293171,-0.0192519,0.0756691,-0.0459797,0.0566005,-0.6840773,9.5689847,2.0339505,27.1024408
1,1,0.0900,LYING,-0.8212630,9.4702297,2.0010706,0.7451907,-1.1424306,0.0076671,16.9749630,42.6382014,8.4230121,78.0000000,4.0000000,0.3999700,0.7767445,0.6288385,0.0293171,-0.0192519,-0.1171014,-0.0869921,-0.0029410,-0.6840773,9.5689847,2.0339505,27.0221831
1,1,0.1000,LYING,-0.7697957,9.5442285,2.0671780,0.3894181,0.1886232,0.3690882,16.6669801,42.8541099,9.0730011,78.0000000,4.0000000,0.3999622,0.7767445,0.6288385,0.0293170,-0.0192520,-0.0754691,0.0269580,-0.0305052,-0.6840773,9.5689847,2.0339505,27.0328442
1,1,0.1100,LYING,-0.6214539,9.4806639,2.0069639,-0.7583631,-0.5872906,-0.1191657,17.2858268,42.5141787,8.8620604,78.0000000,4.0000000,0.3999535,0.7767445,0.6288385,0.0293170,-0.0192521,0.0669060,-0.1519521,-0.0519497,-0.6840773,9.5689847,2.0339505,26.9749174
1,1,0.1200,LYING,-0.7243398,9.6351025,2.0133750,0.1036873,-0.3767440,-0.4206820,17.5216935,42.1620804,8.9197267,78.0000000,4.0000000,0.3999440,0.7767445,0.6288385,0.0293169,-0.0192521,0.0421744,0.0951368,0.0142005,-0.6840773,9.5689847,2.0339505,27.0192350
1,1,0.1300,LYING,-0.6766372,9.6212404,2.0647052,0.1326574,-1.1090820,-0.2592189,16.9967963,42.4445883,8.4963407,78.0000000,4.0000000,0.3999335,0.7767445,0.6288385,0.0293169,-0.0192522,0.0819623,-0.0197716,-0.0050813,-0.6840773,9.5689847,2.0339505,26.9728864
1,1,0.1400,LYING,-0.6821577,9.4899661,2.1176756,0.7990002,-0.7694321,-0.7324575,16.8610105,42.4113970,8.2028546,78.0000000,4.0000000,0.3999221,0.7767445,0.6288385,0.0293168,-0.0192523,0.0249500,-0.0796380,0.0949302,-0.6840773,9.5689847,2.0339505,26.9934925
1,1,0.1500,LYING,-0.6615013,9.5118092,2.0909599,0.5495720,-1.0602745,-0.6169368,16.2696409,42.0352285,8.5121266,78.0000000,4.0000000,0.3999098,0.7767445,0.6288385,0.0293167,-0.0192523,0.0515004,-0.0150783,0.0368811,-0.6840773,9.5689847,2.0339505,27.0049547
1,1,0.1600,LYING,-0.7740809,9.5044319,1.9757205,-0.4249942,-0.7060215,-0.8808993,17.0544052,42.6413960,8.7961428,78.0000000,4.0000000,0.3998966,0.7767445,0.6288385,0.0293167,-0.0192524,-0.0809443,-0.0215549,0.0629467,-0.6840773,9.5689847,2.0339505,27.0828153
1,1,0.1700,LYING,-0.6105476,9.5729940,1.9757086,-0.4508343,-0.5266081,-1.0185753,17.8470469,42.5254957,9.4369674,78.0000000,4.0000000,0.3998825,0.7767445,0.6288386,0.0293166,-0.0192525,0.0857210,0.0469507,-0.0152591,-0.6840773,9.5689847,2.0339505,27.0211055
1,1,0.1800,LYING,-0.7251935,9.5529947,2.0279570,0.6042453,-0.5847720,0.0561112,17.1507008,41.8553302,9.4295789,78.0000000,4.0000000,0.3998675,0.7767445,0.6288386,0.0293165,-0.0192526,-0.0019113,-0.0140414,-0.0048182,-0.6840773,9.5689847,2.0339505,27.0803408
1,1,0.1900,LYING,-0.6484600,9.5533794,2.0602395,-0.6121789,-0.4223743,0.4448743,17.4613283,42.5946244,9.7464407,78.0000000,4.0000000,0.3998516,0.7767445,0.6288386,0.0293164,-0.0192527,0.0321443,-0.0079028,0.1211801,-0.6840773,9.5689847,2.0339505,27.0265973
1,1,0.2000,LYING,-0.6252747,9.4797049,1.9511597,-0.0534667,-0.4607921,-0.0277524,16.8039309,42.7538140,8.6033641,78.0000000,4.0000000,0.3998348,0.7767445,0.6288386,0.0293163,-0.0192529,0.0500095,-0.1196293,-0.0718731,-0.6840773,9.5689847,2.0339505,27.0447331
1,1,0.2100,LYING,-0.6764717,9.5304258,1.9866534,0.5496401,-0.8370550,0.8251645,17.5656803,42.5457501,8.5677476,78.0000000,4.0000000,0.3998171,0.7767444,0.6288386,0.0293162,-0.0192530,0.0688665,0.0043055,-0.0179747,-0.6840773,9.5689847,2.0339505,27.0407418
1,1,0.2200,LYING,-0.7275310,9.5245551,1.8648697,1.2620993,-0.5466583,-0.0855352,16.6398784,42.1436342,9.0980318,78.0000000,4.0000000,0.3997985,0.7767444,0.6288386,0.0293161,-0.0192531,-0.0237748,-0.0051335,-0.1123244,-0.6840773,9.5689847,2.0339505,27.0043810
1,1,0.2300,LYING,-0.7557164,9.5395276,2.0961019,0.6400598,-1.0808947,-1.3899723,16.8556125,42.3977134,8.8279324,78.0000000,4.0000000,0.3997790,0.7767444,0.6288386,0.0293160,-0.0192532,-0.0506161,-0.0048998,0.0559353,-0.6840773,9.5689847,2.0339505,27.0100839
1,1,0.2400,LYING,-0.7157868,9.5718660,2.0415666,0.2615239,-0.7012516,-1.1505740,16.5887812,41.9217542,8.4668672,78.0000000,4.0000000,0.3997587,0.7767444,0.6288386,0.0293159,-0.0192534,-0.0017485,0.0157998,-0.0137981,-0.6840773,9.5689847,2.0339505,27.0221502
1,1,0.2500,LYING,-0.6897466,9.5101863,2.0044687,0.1293260,0.2700787,-0.1482389,16.5948069,42.6309949,8.7183217,78.0000000,4.0000000,0.3997374,0.7767444,0.6288386,0.0293158,-0.0192535,0.0246138,-0.0558145,0.0486268,-0.6840773,9.5689847,2.0339505,26.9532448
1,1,0.2600,LYING,-0.6551157,9.5561069,1.8995641,-0.0386151,-0.0687908,0.2260845,17.1180422,42.2922769,8.6679093,78.0000000,4.0000000,0.3997152,0.7767444,0.6288386,0.0293157,-0.0192537,0.0511332,0.0573579,0.0316639,-0.6840773,9.5689847,2.0339505,27.0406796
1,1,0.2700,LYING,-0.7110698,9.6037442,1.7711849,0.2498338,-1.3371328,0.1695367,16.9149549,42.5071255,8.5744883,78.0000000,4.0000000,0.3996921,0.7767444,0.6288386,0.0293155,-0.0192538,-0.0551567,0.0142214,-0.1374016,-0.6840773,9.5689847,2.0339505,27.0074000
1,1,0.2800,LYING,-0.5733260,9.5213050,1.9719980,0.2816008,-0.4490024,-0.6218526,17.4899750,42.2883869,8.1975717,78.0000000,4.0000000,0.3996681,0.7767444,0.6288386,0.0293154,-0.0192540,0.1750264,-0.0298728,-0.0155444,-0.6840773,9.5689847,2.0339505,26.9960941
1,1,0.2900,LYING,-0.7411223,9.5446196,1.9950974,0.2756736,-0.8563965,-0.7777005,17.0491671,42.7315710,9.5286248,78.0000000,4.0000000,0.3996432,0.7767444,0.6288386,0.0293153,-0.0192542,-0.0245663,-0.0435161,-0.0673856,-0.6840773,9.5689847,2.0339505,26.9775053
1,1,0.3000,LYING,-0.6797156,9.5491661,2.0706245,0.0113844,-0.7273173,-0.1274650,16.9799845,41.9753344,8.7667073,78.0000000,4.0000000,0.3996174,0.7767444,0.6288386,0.0293151,-0.0192543,-0.0097168,0.0115053,0.0895253,-0.6840773,9.5689847,2.0339505,26.9947990
1,1,0.3100,LYING,-0.7287728,9.5378092,2.0653649,0.0387925,-0.1821415,0.2242773,17.2185946,42.4076207,9.1225758,78.0000000,4.0000000,0.3995907,0.7767444,0.6288386,0.0293150,-0.0192545,0.0648101,-0.0195023,0.0292379,-0.6840773,9.5689847,2.0339505,27.0510526
1,1,0.3200,LYING,-0.5714241,9.6461589,2.0111251,0.9698920,-0.6851786,0.5398678,17.3280640,42.2296156,8.7959636,78.0000000,4.0000000,0.3995632,0.7767444,0.6288386,0.0293148,-0.0192547,0.1106771,-0.0053861,-0.0161819,-0.6840773,9.5689847,2.0339505,27.0313546
1,1,0.3300,LYING,-0.7569193,9.5994888,2.0215671,0.7634288,-0.9450109,-0.7357234,16.4489623,41.6837565,8.4802481,78.0000000,4.0000000,0.3995347,0.7767444,0.6288386,0.0293147,-0.0192549,-0.0477170,-0.0182629,0.0294868,-0.6840773,9.5689847,2.0339505,27.0524662
1,1,0.3400,LYING,-0.7893312,9.6151324,1.8262835,0.4766929,-0.3841470,0.7743578,17.2316702,42.0123939,9.0332504,78.0000000,4.0000000,0.3995053,0.7767444,0.6288386,0.0293145,-0.0192551,-0.0833690,0.0068248,-0.1339167,-0.6840773,9.5689847,2.0339505,27.0092047
1,1,0.3500,LYING,-0.6234554,9.4771651,2.2095584,0.2888474,-1.6961590,-0.2041302,16.9615428,42.3578992,9.0178599,78.0000000,4.0000000,0.3994750,0.7767444,0.6288387,0.0293144,-0.0192553,0.0192234,-0.1191987,0.1480231,-0.6840773,9.5689847,2.0339505,27.0076616
1,1,0.3600,LYING,-0.6042583,9.5482813,2.1552591,0.5465046,-1.0678247,-0.3910642,17.1249804,42.6121915,9.4698075,78.0000000,4.0000000,0.3994438,0.7767444,0.6288387,0.0293142,-0.0192555,0.0925020,-0.0297342,-0.0272557,-0.6840773,9.5689847,2.0339505,27.0999397
1,1,0.3700,LYING,-0.5959576,9.5818026,2.0782650,0.2699181,-0.4238102,0.1675181,17.1586265,41.7700797,8.8890698,78.0000000,4.0000000,0.3994118,0.7767444,0.6288387,0.0293140,-0.0192557,0.0899047,-0.0262445,0.0309038,-0.6840773,9.5689847,2.0339505,26.9800909
1,1,0.3800,LYING,-0.6839845,9.6506387,2.0129873,-0.5126613,-2.2342807,-0.0700542,17.0028465,42.1467714,8.6342705,78.0000000,4.0000000,0.3993788,0.7767444,0.6288387,0.0293138,-0.0192559,0.0570534,0.0948689,-0.0426283,-0.6840773,9.5689847,2.0339505,27.0695549
1,1,0.3900,LYING,-0.7930184,9.5431055,1.9352517,1.2882812,-0.3987089,-0.1672406,17.1135174,42.3857417,8.4156065,78.0000000,4.0000000,0.3993449,0.7767444,0.6288387,0.0293136,-0.0192562,-0.1128463,-0.0208132,-0.0743804,-0.6840773,9.5689847,2.0339505,27.0647390
1,1,0.4000,LYING,-0.7588292,9.5032014,1.9477159,1.6294792,0.0763394,0.2732016,17.3052448,42.0988619,8.6501234,78.0000000,4.0000000,0.3993101,0.7767444,0.6288387,0.0293135,-0.0192564,-0.0977471,-0.0269494,0.0045340,-0.6840773,9.5689847,2.0339505,27.0087832
1,1,0.4100,LYING,-0.5656812,9.5570182,1.9906701,0.2808146,0.3115755,-0.5657899,17.7863743,42.6805941,8.5713724,78.0000000,4.0000000,0.3992744,0.7767444,0.6288387,0.0293133,-0.0192567,0.1367355,0.0236303,0.0015685,-0.6840773,9.5689847,2.0339505,27.0641681
1,1,0.4200,LYING,-0.6861831,9.6178405,2.1032137,0.8602774,-1.5266685,1.1098538,17.1404138,42.7532145,8.7242254,78.0000000,4.0000000,0.3992379,0.7767444,0.6288387,0.0293131,-0.0192569,0.0700313,0.0867089,0.0405650,-0.6840773,9.5689847,2.0339505,26.9584988
1,1,0.4300,LYING,-0.5795515,9.7097282,1.9736082,0.0364041,0.2140085,-0.8312926,16.7405972,42.6618056,9.0240872,78.0000000,4.0000000,0.3992004,0.7767443,0.6288387,0.0293128,-0.0192572,0.1467304,0.0794082,0.0069831,-0.6840773,9.5689847,2.0339505,27.0621185
1,1,0.4400,LYING,-0.7273189,9.6106865,2.0456831,-0.2233373,-0.9050687,-0.0775175,16.9363029,42.0932334,9.0175148,78.0000000,4.0000000,0.3991620,0.7767443,0.6288387,0.0293126,-0.0192574,0.0442756,0.0578329,-0.0357158,-0.6840773,9.5689847,2.0339505,27.0379970
1,1,0.4500,LYING,-0.7811163,9.5437108,2.1189313,-0.1251299,-0.7116971,-0.8677688,17.0435905,42.3341957,8.7651546,78.0000000,4.0000000,0.3991228,0.7767443,0.6288387,0.0293124,-0.0192577,-0.0739626,-0.0584675,0.0331355,-0.6840773,9.5689847,2.0339505,27.0605195
1,1,0.4600,LYING,-0.6578787,9.6142802,2.0865569,1.0002424,0.4622415,-0.5948407,16.5309083,42.0530114,7.8229195,78.0000000,4.0000000,0.3990826,0.7767443,0.6288388,0.0293122,-0.0192580,0.0852623,-0.0114104,0.0809339,-0.6840773,9.5689847,2.0339505,26.9674294
1,1,0.4700,LYING,-0.7189738,9.5823962,1.9788369,-0.3254485,0.3610304,-0.6743921,16.6701182,42.3226000,8.8720916,78.0000000,4.0000000,0.3990415,0.7767443,0.6288388,0.0293120,-0.0192582,0.0308091,0.0347935,0.0418298,-0.6840773,9.5689847,2.0339505,27.0133285
1,1,0.4800,LYING,-0.7449524,9.5513952,2.0851747,-0.5587530,-1.1680224,0.1890171,16.7430707,43.0687675,8.7221630,78.0000000,4.0000000,0.3989996,0.7767443,0.6288388,0.0293117,-0.0192585,-0.1028460,-0.0387612,0.0003720,-0.6840773,9.5689847,2.0339505,27.0259880
1,1,0.4900,LYING,-0.6723177,9.5177501,1.9960669,1.1956727,0.5715968,0.2674312,17.6384605,42.5205073,8.8462943,78.0000000,4.0000000,0.3989567,0.7767443,0.6288388,0.0293115,-0.0192588,0.0711910,-0.0146410,-0.0124105,-0.6840773,9.5689847,2.0339505,27.0248103
1,1,0.5000,LYING,-0.6825157,9.5234445,1.9477620,0.8747052,-0.2857129,-0.7196274,17.2888825,41.7974965,8.9484102,78.0000000,4.0000000,0.3989130,0.7767443,0.6288388,0.0293113,-0.0192591,0.0130363,-0.0652008,-0.0496496,-0.6840773,9.5689847,2.0339505,27.0755638
1,1,0.5100,LYING,-0.5436152,9.6057112,2.0808569,0.9806987,-0.9436791,-1.5552094,17.2593906,41.8864107,8.7394515,78.0000000,4.0000000,0.3988683,0.7767443,0.6288388,0.0293110,-0.0192594,0.0561631,0.0409643,0.0245366,-0.6840773,9.5689847,2.0339505,27.0331236
1,1,0.5200,LYING,-0.6500207,9.6157469,2.0214056,0.3060730,-1.2719512,-0.0930249,17.1145516,42.3942864,8.6507153,78.0000000,4.0000000,0.3988228,0.7767443,0.6288388,0.0293108,-0.0192597,-0.0078097,0.0378653,-0.0079284,-0.6840773,9.5689847,2.0339505,27.0628969
1,1,0.5300,LYING,-0.7154426,9.6977240,1.9597216,0.0064897,-1.2892352,-1.1447724,17.3882337,42.0818252,9.0443990,78.0000000,4.0000000,0.3987763,0.7767443,0.6288388,0.0293105,-0.0192600,0.0537732,0.0360163,-0.0573594,-0.6840773,9.5689847,2.0339505,27.0681395
1,1,0.5400,LYING,-0.6554224,9.7654616,2.0815728,0.0779369,-1.1299902,1.0113531,16.4456183,42.3907525,8.7671100,78.0000000,4.0000000,0.3987290,0.7767443,0.6288388,0.0293103,-0.0192604,-0.0131640,0.1263703,0.0646052,-0.6840773,9.5689847,2.0339505,27.0115561
1,1,0.5500,LYING,-0.7831702,9.5890049,2.0502227,0.7057191,-0.4091965,0.1328598,17.6104010,41.6461575,8.9287318,78.0000000,4.0000000,0.3986807,0.7767443,0.6288389,0.0293100,-0.0192607,-0.1364971,-0.0203298,-0.0159107,-0.6840773,9.5689847,2.0339505,27.0309881
1,1,0.5600,LYING,-0.6517128,9.6556340,2.1188427,0.5896784,-0.5643620,0.5961300,17.1198015,41.7018021,8.8440321,78.0000000,4.0000000,0.3986316,0.7767442,0.6288389,0.0293097,-0.0192610,0.0457262,0.0767276,0.0547020,-0.6840773,9.5689847,2.0339505,27.0506484
1,1,0.5700,LYING,-0.7126574,9.5424124,2.0812950,-0.1736902,-0.3812310,0.9649734,17.0882286,41.8903386,9.3381177,78.0000000,4.0000000,0.3985816,0.7767442,0.6288389,0.0293095,-0.0192614,-0.0114107,-0.0373995,0.0684270,-0.6840773,9.5689847,2.0339505,27.0524866
1,1,0.5800,LYING,-0.7168450,9.6035058,2.0742779,-0.1249869,-0.8538365,0.3447053,17.3311499,41.7898794,9.3629094,78.0000000,4.0000000,0.3985306,0.7767442,0.6288389,0.0293092,-0.0192617,-0.0660132,0.0234840,-0.0045401,-0.6840773,9.5689847,2.0339505,27.0428957
1,1,0.5900,LYING,-0.7578460,9.6569247,1.9709129,1.3702847,-0.8087322,-0.3942587,17.1824934,42.9884177,9.0115812,78.0000000,4.0000000,0.3984788,0.7767442,0.6288389,0.0293089,-0.0192620,0.0183650,-0.0206000,0.0049245,-0.6840773,9.5689847,2.0339505,27.0166776
1,1,0.6000,LYING,-0.7548959,9.5868173,1.9923959,0.5112697,-0.7077080,-0.0301414,17.0789699,42.0223414,8.5937262,78.0000000,4.0000000,0.3984261,0.7767442,0.6288389,0.0293086,-0.0192624,-0.0866665,-0.0004664,0.0561006,-0.6840773,9.5689847,2.0339505,27.0646614
1,1,0.6100,LYING,-0.6982167,9.5443006,2.0031865,0.4311451,-1.9613173,0.2005235,17.0849104,42.3433742,9.2107283,78.0000000,4.0000000,0.3983725,0.7767442,0.6288389,0.0293083,-0.0192628,0.0309000,-0.0063763,-0.0104963,-0.6840773,9.5689847,2.0339505,27.0434355
1,1,0.6200,LYING,-0.7468192,9.3934300,2.0188808,0.0387803,-0.5092819,0.1116896,17.2573242,42.8308238,8.5350895,78.0000000,4.0000000,0.3983179,0.7767442,0.6288390,0.0293080,-0.0192631,-0.0576751,-0.1626758,0.0413632,-0.6840773,9.5689847,2.0339505,27.0492103
1,1,0.6300,LYING,-0.6298987,9.5478867,2.0273663,0.9093890,-0.3499797,-0.6701381,16.9252363,42.2242498,8.9259371,78.0000000,4.0000000,0.3982625,0.7767442,0.6288390,0.0293077,-0.0192635,0.0758469,-0.0062769,0.0406906,-0.6840773,9.5689847,2.0339505,27.0461662
1,1,0.6400,LYING,-0.7190844,9.4828549,1.9446022,0.1817037,-0.4591891,-0.3060693,17.2082686,41.6280556,8.5919984,78.0000000,4.0000000,0.3982062,0.7767442,0.6288390,0.0293074,-0.0192639,-0.0042232,-0.0455121,-0.0725508,-0.6840773,9.5689847,2.0339505,27.0474623
1,1,0.6500,LYING,-0.6569807,9.5790121,1.8889831,0.6664731,-1.0805712,-0.2326563,16.9571770,42.5355206,9.0206522,78.0000000,4.0000000,0.3981490,0.7767442,0.6288390,0.0293071,-0.0192643,0.0950416,-0.1036509,-0.0827144,-0.6840773,9.5689847,2.0339505,27.0442801
1,1,0.6600,LYING,-0.7484415,9.6066345,2.1465086,1.0973642,-0.8142227,0.2449846,16.9888600,41.9960425,8.9137378,78.0000000,4.0000000,0.3980909,0.7767442,0.6288390,0.0293068,-0.0192647,0.0330996,0.0031897,0.0896034,-0.6840773,9.5689847,2.0339505,26.9681559
1,1,0.6700,LYING,-0.6946673,9.4916937,2.0609767,1.4489573,0.0105871,1.6411755,17.0570305,41.8960093,8.9521004,78.0000000,4.0000000,0.3980319,0.7767441,0.6288390,0.0293064,-0.0192651,0.0136835,-0.0524017,0.0290132,-0.6840773,9.5689847,2.0339505,27.0603364
1,1,0.6800,LYING,-0.6890468,9.5443006,2.1496266,1.2122131,-0.1074904,-0.3252333,16.7932486,42.5906865,9.1417521,78.0000000,4.0000000,0.3979720,0.7767441,0.6288390,0.0293061,-0.0192655,-0.0729360,-0.0595649,0.0855357,-0.6840773,9.5689847,2.0339505,27.0059896
1,1,0.6900,LYING,-0.7083110,9.6068343,2.0518943,1.0431470,-0.0480931,0.6757760,16.5866233,41.7847202,8.8183476,78.0000000,4.0000000,0.3979112,0.7767441,0.6288391,0.0293058,-0.0192659,0.0029018,0.0501464,0.0301105,-0.6840773,9.5689847,2.0339505,27.0100649
1,1,0.7000,LYING,-0.7494645,9.4961997,1.9915735,-0.4418908,-0.8472228,-0.0281806,17.1657522,42.4859308,8.4062238,78.0000000,4.0000000,0.3978495,0.7767441,0.6288391,0.0293054,-0.0192663,-0.0318503,-0.0697832,0.0355042,-0.6840773,9.5689847,2.0339505,27.0502621
1,1,0.7100,LYING,-0.6083116,9.6076103,2.1244113,0.2340840,-0.5480220,0.3618154,17.1074755,42.0006557,8.8112761,78.0000000,4.0000000,0.3977870,0.7767441,0.6288391,0.0293051,-0.0192667,0.0772349,0.0001220,0.0763607,-0.6840773,9.5689847,2.0339505,27.1012522
1,1,0.7200,LYING,-0.6677463,9.5700966,1.9886340,1.4175806,-0.5990039,-0.4000959,16.7039635,42.3384794,9.0714334,78.0000000,4.0000000,0.3977235,0.7767441,0.6288391,0.0293047,-0.0192672,0.0276460,-0.0222811,-0.0643728,-0.6840773,9.5689847,2.0339505,27.0644726
1,1,0.7300,LYING,-0.7192594,9.7047321,2.0771638,1.5742939,-0.6943484,-0.0724212,17.0703529,41.9303420,8.6361659,78.0000000,4.0000000,0.3976591,0.7767441,0.6288391,0.0293044,-0.0192676,-0.0474328,0.0549015,0.0384637,-0.6840773,9.5689847,2.0339505,27.0264319
1,1,0.7400,LYING,-0.6044373,9.6009032,2.0707657,1.4980151,-0.0648557,1.0229517,17.5643741,42.5253982,8.3894254,78.0000000,4.0000000,0.3975938,0.7767441,0.6288391,0.0293040,-0.0192680,0.0938030,0.0186672,0.0990770,-0.6840773,9.5689847,2.0339505,27.0725562
1,1,0.7500,LYING,-0.6073145,9.5963309,2.0187257,0.5203833,-0.4251328,-0.1479605,17.9400385,42.6497508,9.4616602,78.0000000,4.0000000,0.3975277,0.7767441,0.6288392,0.0293037,-0.0192685,0.0550052,0.0028809,0.0187333,-0.6840773,9.5689847,2.0339505,27.0542651
1,1,0.7600,LYING,-0.8044029,9.5597290,1.9948687,-0.1035911,-0.3688862,-0.1476064,17.1976579,42.5435145,8.8266962,78.0000000,4.0000000,0.3974606,0.7767441,0.6288392,0.0293033,-0.0192690,-0.0981098,-0.0446301,-0.0653679,-0.6840773,9.5689847,2.0339505,27.0188917
1,1,0.7700,LYING,-0.7039287,9.6238287,1.9964089,-0.4015333,-1.6363488,0.0958292,17.2738242,42.8544957,8.0838873,78.0000000,4.0000000,0.3973927,0.7767440,0.6288392,0.0293029,-0.0192694,0.0554339,0.0160714,-0.0425632,-0.6840773,9.5689847,2.0339505,27.0536842
1,1,0.7800,LYING,-0.6559109,9.6278361,1.9920036,-0.5025969,-0.8769902,-0.0591468,17.2138461,42.1843929,8.5770679,78.0000000,4.0000000,0.3973238,0.7767440,0.6288392,0.0293026,-0.0192699,0.0585794,0.0331172,-0.0154464,-0.6840773,9.5689847,2.0339505,27.0074533
1,1,0.7900,LYING,-0.7819102,9.6862485,1.9867116,0.4487243,-0.0508340,0.0277025,16.6701981,42.4099474,8.5038162,78.0000000,4.0000000,0.3972541,0.7767440,0.6288392,0.0293022,-0.0192704,-0.0766303,0.0468552,-0.0469777,-0.6840773,9.5689847,2.0339505,27.0318839
1,1,0.8000,LYING,-0.7168794,9.4918692,2.0720016,0.8377928,-1.3158768,0.1221362,17.5701109,42.8772432,8.7981406,78.0000000,4.0000000,0.3971835,0.7767440,0.6288392,0.0293018,-0.0192708,0.0378196,-0.0481960,0.0294381,-0.6840773,9.5689847,2.0339505,27.0556797
1,1,0.8100,LYING,-0.7690159,9.6590687,2.0569005,0.2288033,-0.2065557,-0.3115551,17.5679717,41.7247914,9.0687481,78.0000000,4.0000000,0.3971120,0.7767440,0.6288393,0.0293014,-0.0192713,-0.0553474,0.0300019,0.0312283,-0.6840773,9.5689847,2.0339505,27.0518579
1,1,0.8200,LYING,-0.6750349,9.5415333,2.0261633,0.1089756,-0.1159273,-0.7008493,17.0474860,41.9798136,9.6452331,78.0000000,4.0000000,0.3970395,0.7767440,0.6288393,0.0293010,-0.0192718,-0.0416915,-0.0804662,0.0036781,-0.6840773,9.5689847,2.0339505,27.0432863
1,1,0.8300,LYING,-0.4802816,9.5877135,2.1694704,1.5670308,0.1552593,-0.6929592,18.0227104,42.4478281,8.9913010,78.0000000,4.0000000,0.3969662,0.7767440,0.6288393,0.0293006,-0.0192723,0.2522392,0.0432394,0.0648440,-0.6840773,9.5689847,2.0339505,27.0490270
1,1,0.8400,LYING,-0.6981186,9.5280045,2.0863112,-0.0623149,-1.2049382,-0.3619342,17.2209561,42.0606179,8.8548841,78.0000000,4.0000000,0.3968920,0.7767440,0.6288393,0.0293002,-0.0192728,-0.0140666,0.0403701,0.0041980,-0.6840773,9.5689847,2.0339505,27.0236241
1,1,0.8500,LYING,-0.6703955,9.4360117,2.0376112,0.5389893,-0.7332914,-0.4589305,17.2245876,42.2343917,9.4986309,78.0000000,4.0000000,0.3968169,0.7767439,0.6288393,0.0292998,-0.0192733,0.0213850,-0.0426517,0.0284922,-0.6840773,9.5689847,2.0339505,27.0131769
1,1,0.8600,LYING,-0.6474129,9.5878461,2.1409267,0.3324293,0.4943590,-0.1577069,16.9138410,42.3972101,8.6401639,78.0000000,4.0000000,0.3967409,0.7767439,0.6288394,0.0292994,-0.0192738,0.0510873,-0.0083741,0.1355906,-0.6840773,9.5689847,2.0339505,27.0788210
1,1,0.8700,LYING,-0.6487897,9.6170014,2.0449857,0.4356631,-1.0914462,-0.5301776,16.7653358,42.9534771,9.0997769,78.0000000,4.0000000,0.3966641,0.7767439,0.6288394,0.0292989,-0.0192744,0.0067760,0.0007063,0.0332574,-0.6840773,9.5689847,2.0339505,27.0089180
1,1,0.8800,LYING,-0.7543752,9.5732741,1.9669791,0.0693148,-1.6564908,-0.6639936,17.1731658,41.6391901,9.6461190,78.0000000,4.0000000,0.3965863,0.7767439,0.6288394,0.0292985,-0.0192749,-0.0396546,0.0300155,-0.0386698,-0.6840773,9.5689847,2.0339505,27.0477881
1,1,0.8900,LYING,-0.6513043,9.5173428,1.9910121,0.1505312,0.6571665,-1.1744986,17.2589606,42.3085061,8.8091421,78.0000000,4.0000000,0.3965076,0.7767439,0.6288394,0.0292981,-0.0192754,0.0839884,-0.0466811,-0.0433627,-0.6840773,9.5689847,2.0339505,27.0537262
1,1,0.9000,LYING,-0.6837888,9.5788430,1.9404502,-0.5083244,-1.0133688,1.1554611,17.2181347,42.4453072,9.4152658,78.0000000,4.0000000,0.3964281,0.7767439,0.6288394,0.0292976,-0.0192759,-0.0108373,-0.0017054,-0.0312325,-0.6840773,9.5689847,2.0339505,27.1005200
1,1,0.9100,LYING,-0.6453757,9.6209382,1.9144354,-0.1394994,-0.9911151,-0.4057138,17.3655404,42.0189929,8.4002481,78.0000000,4.0000000,0.3963476,0.7767439,0.6288395,0.0292972,-0.0192765,0.0957046,0.0430750,-0.0922524,-0.6840773,9.5689847,2.0339505,27.0479149
1,1,0.9200,LYING,-0.6107194,9.6441300,2.0218170,0.0383355,-0.5711838,-0.5118990,17.2123936,42.6019861,9.2848889,78.0000000,4.0000000,0.3962663,0.7767439,0.6288395,0.0292967,-0.0192770,0.0759366,-0.0025221,-0.0562562,-0.6840773,9.5689847,2.0339505,27.0948316
1,1,0.9300,LYING,-0.7528497,9.5556619,2.0308881,0.2610839,-0.3599447,-1.6402588,17.0608876,42.5291476,8.6809565,78.0000000,4.0000000,0.3961840,0.7767438,0.6288395,0.0292963,-0.0192776,-0.0471369,-0.0505725,-0.0127639,-0.6840773,9.5689847,2.0339505,27.0847636
1,1,0.9400,LYING,-0.6521244,9.5054694,2.0541042,0.0066439,0.1004221,-0.1410029,17.4827297,42.7108858,8.6226002,78.0000000,4.0000000,0.3961009,0.7767438,0.6288395,0.0292958,-0.0192782,0.0367758,-0.0788813,0.0320097,-0.6840773,9.5689847,2.0339505,27.0363352
1,1,0.9500,LYING,-0.7605020,9.6468541,2.1691121,0.7297556,-1.0855075,-0.1798098,17.3909510,42.7609464,8.2870311,78.0000000,4.0000000,0.3960169,0.7767438,0.6288395,0.0292954,-0.0192787,-0.0315097,0.0581330,0.1780351,-0.6840773,9.5689847,2.0339505,27.0595836
1,1,0.9600,LYING,-0.6802100,9.7162439,2.0826867,0.3064189,-1.1899036,-0.5618761,17.0556898,42.4070018,8.4898374,78.0000000,4.0000000,0.3959320,0.7767438,0.6288396,0.0292949,-0.0192793,0.0113290,0.1813896,0.0499732,-0.6840773,9.5689847,2.0339505,27.1015919
1,1,0.9700,LYING,-0.5292360,9.5864649,1.9696372,-0.3770717,-1.0988761,-1.0615442,17.3541270,42.3554995,8.6811434,78.0000000,4.0000000,0.3958462,0.7767438,0.6288396,0.0292944,-0.0192799,0.0685264,0.0263083,-0.0385393,-0.6840773,9.5689847,2.0339505,27.0499908
1,1,0.9800,LYING,-0.6557331,9.5748707,2.1840837,0.7772380,-0.3290148,-0.4292512,16.8568151,42.5172938,8.5760166,78.0000000,4.0000000,0.3957595,0.7767438,0.6288396,0.0292940,-0.0192805,0.0871623,-0.0296053,0.1348593,-0.6840773,9.5689847,2.0339505,27.0499934
1,1,0.9900,LYING,-0.8180686,9.4791566,2.1954552,1.0714788,-0.7349033,-0.2955492,17.0956787,42.8993659,9.0247658,78.0000000,4.0000000,0.3956719,0.7767438,0.6288396,0.0292935,-0.0192811,-0.0545039,-0.1138893,0.1264420,-0.6840773,9.5689847,2.0339505,27.0288867
1,1,1.0000,LYING,-0.7662674,9.5791529,2.0048267,0.2734388,-0.5650754,0.2733440,17.1047708,41.9719558,8.8022062,78.0000000,4.0000000,0.3955834,0.7767437,0.6288397,0.0292930,-0.0192817,-0.0287842,0.0471329,-0.0200840,-0.6840773,9.5689847,2.0339505,27.0639225
1,1,1.0100,LYING,-0.6297202,9.5639672,2.1411808,-0.2817578,-0.4080402,0.2330717,17.5032512,42.2675528,8.3312782,78.0000000,4.0000000,0.3954941,0.7767437,0.6288397,0.0292925,-0.0192823,0.0098073,0.0043577,0.1341203,-0.6840773,9.5689847,2.0339505,27.0929394
1,1,1.0200,LYING,-0.7467428,9.6575666,2.0170751,-0.3212110,-0.6295345,-0.7346377,17.5093617,42.0241922,8.6275958,78.0000000,4.0000000,0.3954038,0.7767437,0.6288397,0.0292920,-0.0192829,0.0301669,0.0531993,0.1129799,-0.6840773,9.5689847,2.0339505,27.0674392
1,1,1.0300,LYING,-0.7116487,9.4224102,1.9602821,0.6430972,0.9447049,0.1289097,16.7206724,42.3356201,8.7317237,78.0000000,4.0000000,0.3953127,0.7767437,0.6288397,0.0292915,-0.0192835,0.0124658,-0.1664911,-0.0590522,-0.6840773,9.5689847,2.0339505,27.0502605
1,1,1.0400,LYING,-0.6422220,9.6134665,2.0133696,-0.1113787,-0.9934553,-0.1621371,17.6306741,42.5600014,8.8145609,78.0000000,4.0000000,0.3952207,0.7767437,0.6288397,0.0292910,-0.0192841,-0.0177083,0.0942391,-0.0322747,-0.6840773,9.5689847,2.0339505,27.0716164
1,1,1.0500,LYING,-0.6982697,9.4849888,2.1175104,-0.4027689,-0.6450300,-1.3277374,16.7201505,42.6224185,8.2018996,78.0000000,4.0000000,0.3951277,0.7767437,0.6288398,0.0292905,-0.0192848,-0.0907949,-0.0417916,0.0882035,-0.6840773,9.5689847,2.0339505,27.1371003
1,1,1.0600,LYING,-0.7655530,9.5802557,2.0539369,-0.8944871,0.1684961,-0.6886552,16.5495102,42.6146834,9.0466305,78.0000000,4.0000000,0.3950339,0.7767436,0.6288398,0.0292900,-0.0192854,-0.0912800,0.0094671,0.0154455,-0.6840773,9.5689847,2.0339505,27.0712330
1,1,1.0700,LYING,-0.6213428,9.6208044,2.0389708,-0.0043866,-0.6153866,-0.4840694,17.2869418,42.6401803,8.6164457,78.0000000,4.0000000,0.3949392,0.7767436,0.6288398,0.0292895,-0.0192860,0.0809621,0.0350491,-0.0080646,-0.6840773,9.5689847,2.0339505,27.0704087
1,1,1.0800,LYING,-0.7880511,9.5198863,2.0871803,0.4905595,-0.6075069,-0.9056849,16.9607751,42.5375709,8.4299037,78.0000000,4.0000000,0.3948437,0.7767436,0.6288398,0.0292889,-0.0192867,-0.1212739,-0.1441590,0.0053897,-0.6840773,9.5689847,2.0339505,27.0951993
1,1,1.0900,LYING,-0.8041033,9.4610180,1.9038763,0.8843618,-0.8513730,0.4729926,17.3639769,42.2795519,8.2015960,78.0000000,4.0000000,0.3947472,0.7767436,0.6288399,0.0292884,-0.0192873,-0.0417118,-0.0793116,-0.1479977,-0.6840773,9.5689847,2.0339505,27.0961743
1,1,1.1000,LYING,-0.6827140,9.5360924,2.1396519,1.4875943,-1.4303309,-0.4378462,17.4645229,42.0392598,8.3699126,78.0000000,4.0000000,0.3946498,0.7767436,0.6288399,0.0292879,-0.0192880,-0.0049673,-0.0296402,0.0731998,-0.6840773,9.5689847,2.0339505,27.0206164
1,1,1.1100,LYING,-0.6055968,9.5159741,2.0847647,-0.2753582,-1.7018406,-0.8864962,16.7876225,42.3775643,8.5945214,78.0000000,4.0000000,0.3945516,0.7767436,0.6288399,0.0292873,-0.0192887,0.1409875,-0.0180129,0.0251457,-0.6840773,9.5689847,2.0339505,27.0522850
1,1,1.1200,LYING,-0.7694112,9.5697195,1.9633352,-0.4591798,-0.8877277,-0.4373698,17.0252266,42.9321679,9.1741948,78.0000000,4.0000000,0.3944524,0.7767435,0.6288399,0.0292868,-0.0192893,-0.0920875,0.0127571,-0.0216285,-0.6840773,9.5689847,2.0339505,27.0657186
1,1,1.1300,LYING,-0.7407834,9.6824297,1.9833845,-0.1864828,-0.6429491,-0.2119829,17.3013299,42.5568349,8.9155107,78.0000000,4.0000000,0.3943524,0.7767435,0.6288400,0.0292862,-0.0192900,-0.0137051,0.0516626,-0.0436149,-0.6840773,9.5689847,2.0339505,27.0241225
1,1,1.1400,LYING,-0.7652038,9.5096099,1.9515294,-0.0285385,-0.7426192,-0.3396738,17.7337215,42.4209509,8.8088131,78.0000000,4.0000000,0.3942515,0.7767435,0.6288400,0.0292857,-0.0192907,-0.0136063,-0.0793537,-0.0501423,-0.6840773,9.5689847,2.0339505,27.0930695
1,1,1.1500,LYING,-0.5891707,9.6211637,2.0534019,0.9907606,-0.3566091,-0.0964135,17.5364420,42.5527192,8.5321475,78.0000000,4.0000000,0.3941497,0.7767435,0.6288400,0.0292851,-0.0192914,0.1640886,0.0277842,0.0009031,-0.6840773,9.5689847,2.0339505,27.0549512
1,1,1.1600,LYING,-0.7899666,9.6070784,2.0517545,0.4199132,-0.6488310,-1.8054487,17.1442154,42.3992315,8.2226866,78.0000000,4.0000000,0.3940470,0.7767435,0.6288400,0.0292846,-0.0192921,-0.1040512,-0.0386662,-0.0233217,-0.6840773,9.5689847,2.0339505,27.0829846
1,1,1.1700,LYING,-0.5778668,9.6311181,2.0260277,0.8380581,-1.2550204,-0.8225540,17.3571743,42.2751385,8.3487148,78.0000000,4.0000000,0.3939434,0.7767435,0.6288401,0.0292840,-0.0192928,0.0912444,0.0548863,-0.0729413,-0.6840773,9.5689847,2.0339505,27.1037753
1,1,1.1800,LYING,-0.6224397,9.5210251,1.9648302,0.0824679,-1.2627667,0.6632079,17.1070853,42.1228464,9.1419980,78.0000000,4.0000000,0.3938390,0.7767434,0.6288401,0.0292834,-0.0192935,0.0948660,-0.0525291,-0.0081623,-0.6840773,9.5689847,2.0339505,27.0791499
1,1,1.1900,LYING,-0.6188528,9.5292143,2.0363471,0.0775358,-1.0326934,0.1352450,17.0131508,42.0091559,8.3894334,78.0000000,4.0000000,0.3937336,0.7767434,0.6288401,0.0292828,-0.0192942,0.1117046,-0.0478058,0.0052164,-0.6840773,9.5689847,2.0339505,27.0888858
1,1,1.2000,LYING,-0.7119554,9.5264566,1.9893362,-0.0261927,-0.0517466,-0.8140851,16.1756287,42.5023876,9.2095354,78.0000000,4.0000000,0.3936274,0.7767434,0.6288402,0.0292823,-0.0192949,-0.0437298,-0.0134689,-0.0451051,-0.6840773,9.5689847,2.0339505,27.0780618
1,1,1.2100,LYING,-0.6607012,9.6425745,2.0781376,0.7228405,-0.1560775,-0.3955348,17.1987849,42.2899214,8.8438679,78.0000000,4.0000000,0.3935203,0.7767434,0.6288402,0.0292817,-0.0192957,0.0935212,-0.0045783,0.0453448,-0.6840773,9.5689847,2.0339505,27.1148234
1,1,1.2200,LYING,-0.6147162,9.4377830,1.9832810,-0.8907755,-1.0781376,-0.8136841,16.9343797,42.1919699,8.7138605,78.0000000,4.0000000,0.3934123,0.7767434,0.6288402,0.0292811,-0.0192964,0.0117868,-0.0765492,-0.0373505,-0.6840773,9.5689847,2.0339505,27.0733104
1,1,1.2300,LYING,-0.7005568,9.5283504,1.9086999,0.9421656,-0.3018012,0.3204770,17.0682708,42.8486077,8.6299943,78.0000000,4.0000000,0.3933034,0.7767434,0.6288402,0.0292805,-0.0192971,0.0137255,-0.0336727,-0.0948581,-0.6840773,9.5689847,2.0339505,27.0867460
1,1,1.2400,LYING,-0.7531596,9.5365532,2.0011825,1.2691868,-0.0509693,-0.5410650,17.1493941,41.8800679,9.1686915,78.0000000,4.0000000,0.3931936,0.7767433,0.6288403,0.0292799,-0.0192979,-0.0496969,-0.0713805,0.0245462,-0.6840773,9.5689847,2.0339505,27.1017679
1,1,1.2500,LYING,-0.7502799,9.4967077,2.0251562,-0.3975903,-0.8825633,0.2838551,17.0635931,42.6638780,8.7063320,78.0000000,4.0000000,0.3930830,0.7767433,0.6288403,0.0292793,-0.0192986,-0.0447772,-0.0900635,0.0235003,-0.6840773,9.5689847,2.0339505,27.0879586
1,1,1.2600,LYING,-0.5889489,9.6602912,2.0322129,0.4252058,-1.1268475,0.0354395,16.6142570,41.9518579,8.9580302,78.0000000,4.0000000,0.3929714,0.7767433,0.6288403,0.0292787,-0.0192994,0.0863691,0.0090776,0.0094154,-0.6840773,9.5689847,2.0339505,27.0777098
1,1,1.2700,LYING,-0.7637536,9.6794956,2.0048125,0.7342577,0.0711939,-0.5959276,17.4186650,42.3942898,9.2086681,78.0000000,4.0000000,0.3928590,0.7767433,0.6288403,0.0292781,-0.0193001,-0.0169325,0.1163249,-0.0453320,-0.6840773,9.5689847,2.0339505,27.0379882
1,1,1.2800,LYING,-0.7239027,9.5826844,2.0292421,-0.0591782,-0.3309303,0.6831605,16.5223313,41.5231808,8.5933724,78.0000000,4.0000000,0.3927457,0.7767433,0.6288404,0.0292774,-0.0193009,0.0273393,-0.0046300,0.1150584,-0.6840773,9.5689847,2.0339505,27.0897444
1,1,1.2900,LYING,-0.7804814,9.5409284,1.9523013,0.3892648,-0.8255772,0.9156802,17.4141847,42.1791786,8.5051278,78.0000000,4.0000000,0.3926315,0.7767432,0.6288404,0.0292768,-0.0193017,-0.1188558,0.0239074,-0.0551607,-0.6840773,9.5689847,2.0339505,27.0377594
1,1,1.3000,LYING,-0.7114803,9.5833585,2.0565653,0.2457230,-0.9956293,-0.2411405,17.2875366,42.0161524,8.8634264,78.0000000,4.0000000,0.3925164,0.7767432,0.6288404,0.0292762,-0.0193025,0.0885505,-0.0405380,0.0248574,-0.6840773,9.5689847,2.0339505,27.0824011
1,1,1.3100,LYING,-0.6633929,9.5380973,1.9512403,0.4215444,-1.1725854,-0.5509258,16.7402865,42.2543413,8.0870197,78.0000000,4.0000000,0.3924005,0.7767432,0.6288405,0.0292755,-0.0193033,0.0374202,-0.0276320,-0.0660344,-0.6840773,9.5689847,2.0339505,27.1143376
1,1,1.3200,LYING,-0.8125375,9.5802470,2.0702360,0.1539827,-0.4929323,-0.0209283,16.9041933,42.0011580,8.2914753,78.0000000,4.0000000,0.3922836,0.7767432,0.6288405,0.0292749,-0.0193040,-0.1028338,-0.0248214,0.0133917,-0.6840773,9.5689847,2.0339505,27.1017856
1,1,1.3300,LYING,-0.8042963,9.5725433,2.1283687,1.0737961,-0.5787062,-0.2930925,16.8688098,42.2160260,8.0430378,78.0000000,4.0000000,0.3921659,0.7767432,0.6288405,0.0292742,-0.0193048,-0.0502917,0.0609749,0.1172756,-0.6840773,9.5689847,2.0339505,27.0195531
1,1,1.3400,LYING,-0.6457773,9.5854797,1.9882824,-0.1826335,-0.3069284,0.5248324,16.8287814,41.6824355,8.9023743,78.0000000,4.0000000,0.3920473,0.7767431,0.6288406,0.0292736,-0.0193056,0.0315887,0.0185611,0.0017147,-0.6840773,9.5689847,2.0339505,27.0312501
1,1,1.3500,LYING,-0.7054060,9.5492528,2.0796216,0.5986162,-0.0777385,0.0559742,16.6630893,42.4298751,8.9419326,78.0000000,4.0000000,0.3919278,0.7767431,0.6288406,0.0292729,-0.0193065,-0.0012718,-0.0158887,0.0817737,-0.6840773,9.5689847,2.0339505,27.0902245
1,1,1.3600,LYING,-0.7643198,9.4842054,1.9685299,-0.1194246,-0.4194480,-0.8070409,16.9865886,42.8570317,8.4763583,78.0000000,4.0000000,0.3918074,0.7767431,0.6288406,0.0292723,-0.0193073,-0.0354440,-0.1176614,-0.0453197,-0.6840773,9.5689847,2.0339505,27.0740648
1,1,1.3700,LYING,-0.7407246,9.5186166,1.9902995,-0.5833355,-0.6610121,-0.1646580,16.8112459,41.8048120,8.1581627,78.0000000,4.0000000,0.3916862,0.7767431,0.6288406,0.0292716,-0.0193081,0.0028871,-0.0639706,-0.0748839,-0.6840773,9.5689847,2.0339505,27.1228343
1,1,1.3800,LYING,-0.8879529,9.6154482,2.0841979,0.7074759,-1.4334055,-0.7471039,18.0228489,42.5239657,9.0207307,78.0000000,4.0000000,0.3915640,0.7767431,0.6288407,0.0292709,-0.0193089,-0.1245629,-0.0121475,0.0230647,-0.6840773,9.5689847,2.0339505,27.0793393
1,1,1.3900,LYING,-0.5684966,9.5178700,1.9926431,0.2762944,-0.8640958,-0.3116378,17.4281923,42.4093742,8.8211514,78.0000000,4.0000000,0.3914410,0.7767430,0.6288407,0.0292703,-0.0193098,0.0079475,-0.0098950,-0.0597805,-0.6840773,9.5689847,2.0339505,27.0683427
1,1,1.4000,LYING,-0.7251901,9.4515061,2.0514833,-0.0276584,-0.9460273,-0.5979965,16.9829478,42.2343714,9.0463699,78.0000000,4.0000000,0.3913171,0.7767430,0.6288407,0.0292696,-0.0193106,0.0515661,-0.1372859,0.0589945,-0.6840773,9.5689847,2.0339505,27.0982739
1,1,1.4100,LYING,-0.7528043,9.5733468,2.0654147,-0.0470770,-1.4339982,-0.4219663,17.7086343,42.1170994,9.3325705,78.0000000,4.0000000,0.3911923,0.7767430,0.6288408,0.0292689,-0.0193114,0.0244188,0.0035809,-0.0053802,-0.6840773,9.5689847,2.0339505,27.0883475
1,1,1.4200,LYING,-0.7965009,9.6538378,2.0717760,0.0557722,-0.8019009,-0.6698974,17.4102191,42.3777108,8.6468640,78.0000000,4.0000000,0.3910667,0.7767430,0.6288408,0.0292682,-0.0193123,-0.0920273,0.0956837,0.0212542,-0.6840773,9.5689847,2.0339505,27.1044042
1,1,1.4300,LYING,-0.7123609,9.6627707,2.0444324,0.2021610,-1.0520487,-0.1634215,17.3631992,43.0992508,9.0222921,78.0000000,4.0000000,0.3909402,0.7767430,0.6288408,0.0292675,-0.0193131,0.0502032,0.0293151,0.0739216,-0.6840773,9.5689847,2.0339505,27.1167860
1,1,1.4400,LYING,-0.6390789,9.5956240,2.1063750,0.0809868,-0.7244019,0.1593142,17.4571070,42.2331830,9.1928643,78.0000000,4.0000000,0.3908127,0.7767429,0.6288409,0.0292668,-0.0193140,0.0982289,0.0206038,0.1372952,-0.6840773,9.5689847,2.0339505,27.1111689
1,1,1.4500,LYING,-0.7317492,9.6525006,2.1065710,-0.5022437,-1.4466394,0.2663328,16.9358102,41.9944875,9.0947290,78.0000000,4.0000000,0.3906844,0.7767429,0.6288409,0.0292661,-0.0193149,-0.0460012,0.1374551,0.1239291,-0.6840773,9.5689847,2.0339505,27.1308927
1,1,1.4600,LYING,-0.6890581,9.5867804,2.0934657,0.7105954,-0.4582683,-0.9281782,17.6955496,42.9064004,8.7439667,78.0000000,4.0000000,0.3905553,0.7767429,0.6288409,0.0292654,-0.0193158,0.0365277,0.0721575,0.0608667,-0.6840773,9.5689847,2.0339505,27.0507185
1,1,1.4700,LYING,-0.8222404,9.6229657,1.9478428,0.0916926,-1.1312256,-0.7884633,17.3272401,42.5175411,9.5275854,78.0000000,4.0000000,0.3904252,0.7767429,0.6288410,0.0292647,-0.0193166,-0.1055750,0.0823417,-0.0532633,-0.6840773,9.5689847,2.0339505,27.0584208
1,1,1.4800,LYING,-0.7559081,9.6457005,1.9945649,-0.0775436,-0.5398787,0.0263492,17.4471092,42.4575052,9.4612966,78.0000000,4.0000000,0.3902943,0.7767428,0.6288410,0.0292640,-0.0193175,-0.0638369,0.0938248,-0.0199075,-0.6840773,9.5689847,2.0339505,27.1658240
1,1,1.4900,LYING,-0.6833881,9.5008941,1.9916773,0.3902926,-1.0637121,0.6182287,16.6291541,42.2312151,8.6023977,78.0000000,4.0000000,0.3901625,0.7767428,0.6288410,0.0292633,-0.0193184,-0.0413353,-0.1373107,-0.0494392,-0.6840773,9.5689847,2.0339505,27.0515689
1,1,1.5000,LYING,-0.8036653,9.5389930,1.9765792,-0.2999831,-0.8522063,-1.3837681,17.5352306,42.1884784,9.3827041,78.0000000,4.0000000,0.3900298,0.7767428,0.6288411,0.0292625,-0.0193193,-0.1042357,-0.0179654,0.0097207,-0.6840773,9.5689847,2.0339505,27.1193630
1,1,1.5100,LYING,-0.6570004,9.6999338,1.9392774,0.2983106,0.1975807,0.0252640,17.1496333,42.5274154,9.0670063,78.0000000,4.0000000,0.3898962,0.7767428,0.6288411,0.0292618,-0.0193202,0.0336279,0.0897012,-0.0662206,-0.6840773,9.5689847,2.0339505,27.1068034
1,1,1.5200,LYING,-0.7538982,9.5745271,1.9761428,0.3289988,-0.3378480,0.0540254,16.9412223,42.4461672,9.3449079,78.0000000,4.0000000,0.3897618,0.7767428,0.6288411,0.0292611,-0.0193211,-0.0213963,-0.0212736,-0.0308885,-0.6840773,9.5689847,2.0339505,27.0518254
1,1,1.5300,LYING,-0.5852538,9.5096157,2.0656955,1.3333450,-0.4141602,-0.3566128,16.9246467,42.2223687,8.6471661,78.0000000,4.0000000,0.3896265,0.7767427,0.6288412,0.0292603,-0.0193221,0.1082163,-0.0871412,-0.0016975,-0.6840773,9.5689847,2.0339505,27.0732163
1,1,1.5400,LYING,-0.6899465,9.6596416,2.0881457,1.6346874,0.0153219,-0.3956889,17.6316426,42.3552004,8.7237891,78.0000000,4.0000000,0.3894903,0.7767427,0.6288412,0.0292596,-0.0193230,0.0189621,0.1144163,0.0289170,-0.6840773,9.5689847,2.0339505,27.1096647
1,1,1.5500,LYING,-0.6835772,9.6216235,1.9850511,0.7351460,-0.4238875,-0.4438760,16.9471125,42.6570700,9.0554610,78.0000000,4.0000000,0.3893532,0.7767427,0.6288412,0.0292588,-0.0193239,0.0339323,-0.0128675,-0.0850500,-0.6840773,9.5689847,2.0339505,27.0589511
1,1,1.5600,LYING,-0.6673444,9.6161619,1.9545524,1.7480912,-0.4436363,0.7377091,17.2449363,41.6548213,8.7142202,78.0000000,4.0000000,0.3892152,0.7767427,0.6288413,0.0292581,-0.0193248,0.0128173,0.0159931,-0.0301366,-0.6840773,9.5689847,2.0339505,27.0808618
1,1,1.5700,LYING,-0.7726391,9.5752138,2.1161080,0.5386405,-1.1925001,0.7747165,17.3505785,42.5455867,9.2768243,78.0000000,4.0000000,0.3890764,0.7767426,0.6288413,0.0292573,-0.0193258,0.0601756,-0.0367332,0.0531546,-0.6840773,9.5689847,2.0339505,27.0802404
1,1,1.5800,LYING,-0.7409042,9.6200686,2.0572013,-0.3088755,0.1771221,-0.2120726,17.4569817,42.6808877,9.0276251,78.0000000,4.0000000,0.3889367,0.7767426,0.6288413,0.0292565,-0.0193267,-0.0510514,-0.0052215,-0.0536869,-0.6840773,9.5689847,2.0339505,27.1304584
1,1,1.5900,LYING,-0.5554719,9.5412865,1.9056746,0.0889224,-0.4750508,1.0820757,17.1602689,41.6952998,8.2090174,78.0000000,4.0000000,0.3887961,0.7767426,0.6288414,0.0292558,-0.0193277,0.0615020,-0.0380619,-0.0914026,-0.6840773,9.5689847,2.0339505,27.0602323
1,1,1.6000,LYING,-0.8050074,9.5464467,2.1560823,0.4918393,0.4596644,-0.2363852,16.7344950,42.3628784,8.5150968,78.0000000,4.0000000,0.3886547,0.7767426,0.6288414,0.0292550,-0.0193286,-0.0167649,-0.0867258,0.0876205,-0.6840773,9.5689847,2.0339505,27.0773085
1,1,1.6100,LYING,-0.7237708,9.6004337,2.0992599,0.1837448,-0.4962519,-0.0588931,16.7314846,42.3036801,9.1911061,78.0000000,4.0000000,0.3885124,0.7767425,0.6288415,0.0292542,-0.0193296,-0.1132657,-0.0135669,0.0943731,-0.6840773,9.5689847,2.0339505,27.1036428
1,1,1.6200,LYING,-0.8099022,9.6840647,1.9063939,-1.1278765,-0.0359591,0.1596511,16.5177569,42.5473763,8.3204778,78.0000000,4.0000000,0.3883692,0.7767425,0.6288415,0.0292534,-0.0193306,-0.0401044,0.1057053,-0.0343984,-0.6840773,9.5689847,2.0339505,27.1082046
1,1,1.6300,LYING,-0.7783132,9.5722649,1.9965741,-0.7566871,-0.1493600,0.1217843,16.6693406,42.1163131,8.5662400,78.0000000,4.0000000,0.3882251,0.7767425,0.6288415,0.0292526,-0.0193316,-0.0138541,-0.1155917,0.0138508,-0.6840773,9.5689847,2.0339505,27.1237933
1,1,1.6400,LYING,-0.6134060,9.4960302,2.0855598,-0.0186821,-0.4978815,-0.8022027,16.9578872,41.7372927,8.5645888,78.0000000,4.0000000,0.3880802,0.7767425,0.6288416,0.0292518,-0.0193325,0.0815734,-0.0685622,-0.0474459,-0.6840773,9.5689847,2.0339505,27.0848157
1,1,1.6500,LYING,-0.7528669,9.5273942,2.0790086,-0.2877441,-0.1883320,-0.3448683,16.8839057,42.8488668,9.5694314,78.0000000,4.0000000,0.3879343,0.7767424,0.6288416,0.0292510,-0.0193335,-0.0196926,-0.0334869,0.0777083,-0.6840773,9.5689847,2.0339505,27.0976367
1,1,1.6600,LYING,-0.6948274,9.5485827,2.0639949,0.8189299,-1.4523321,-1.3070748,17.1741778,42.5551847,8.1959393,78.0000000,4.0000000,0.3877876,0.7767424,0.6288416,0.0292502,-0.0193345,0.0314769,-0.0283968,0.0141439,-0.6840773,9.5689847,2.0339505,27.1002894
1,1,1.6700,LYING,-0.5897251,9.6739984,1.9256244,0.8432135,-1.4332453,-0.2724764,17.2608482,42.2845520,8.7200894,78.0000000,4.0000000,0.3876401,0.7767424,0.6288417,0.0292494,-0.0193355,0.0988316,0.0895873,-0.0840742,-0.6840773,9.5689847,2.0339505,27.1187418
1,1,1.6800,LYING,-0.7997136,9.6274355,2.0409680,0.0763942,-0.8058094,0.5966643,16.8385098,42.4116785,8.9014940,78.0000000,4.0000000,0.3874916,0.7767424,0.6288417,0.0292486,-0.0193365,-0.0195641,0.0487732,0.0063435,-0.6840773,9.5689847,2.0339505,27.0956178
1,1,1.6900,LYING,-0.6401231,9.5455058,2.0583076,1.2641079,-1.1559839,0.3639607,17.2680256,42.2294056,9.0925620,78.0000000,4.0000000,0.3873423,0.7767423,0.6288418,0.0292478,-0.0193375,0.0740178,-0.0480626,0.0453973,-0.6840773,9.5689847,2.0339505,27.0742030
1,1,1.7000,LYING,-0.7291470,9.5334710,1.9962441,0.6139113,-0.2940436,-0.0235073,17.0090415,42.2010291,8.5605552,78.0000000,4.0000000,0.3871922,0.7767423,0.6288418,0.0292470,-0.0193386,0.0014378,0.0344960,0.0280238,-0.6840773,9.5689847,2.0339505,27.1084529
1,1,1.7100,LYING,-0.6889727,9.5675174,2.0416712,0.5293293,-0.9002003,0.3589116,17.1686482,42.3230829,8.3116449,78.0000000,4.0000000,0.3870411,0.7767423,0.6288418,0.0292461,-0.0193396,0.0571439,-0.0182431,-0.0077485,-0.6840773,9.5689847,2.0339505,27.1290785
1,1,1.7200,LYING,-0.7392737,9.5370040,2.0896047,0.5446589,0.0889305,-0.1299645,17.0996234,42.0365483,8.9580639,78.0000000,4.0000000,0.3868892,0.7767423,0.6288419,0.0292453,-0.0193406,-0.0372945,-0.0529405,0.0535741,-0.6840773,9.5689847,2.0339505,27.1069543
1,1,1.7300,LYING,-0.7822257,9.6706335,2.0509231,-0.1753345,-0.2893340,-0.1204907,17.5394515,42.2883503,8.8345822,78.0000000,4.0000000,0.3867364,0.7767422,0.6288419,0.0292445,-0.0193416,-0.0107064,0.0068451,0.0580006,-0.6840773,9.5689847,2.0339505,27.1074804
1,1,1.7400,LYING,-0.6316968,9.6124460,1.9342396,1.0836654,-1.3963149,-0.1297002,17.3131725,42.4564364,9.0129370,78.0000000,4.0000000,0.3865827,0.7767422,0.6288419,0.0292436,-0.0193427,0.0399109,0.0504049,-0.1090662,-0.6840773,9.5689847,2.0339505,27.1021415
1,1,1.7500,LYING,-0.7527027,9.5198172,2.0896947,1.2071641,-0.3808097,-0.3949980,17.3922190,41.8443585,9.1700565,78.0000000,4.0000000,0.3864282,0.7767422,0.6288420,0.0292428,-0.0193437,-0.0069190,-0.0656754,0.0186334,-0.6840773,9.5689847,2.0339505,27.1605831
1,1,1.7600,LYING,-0.7037810,9.5142332,1.9987156,0.1835963,-0.8870023,0.1286422,17.2043451,42.6698097,9.0431466,78.0000000,4.0000000,0.3862728,0.7767422,0.6288420,0.0292419,-0.0193448,-0.0363120,-0.0308920,-0.0488573,-0.6840773,9.5689847,2.0339505,27.1236755
1,1,1.7700,LYING,-0.7465110,9.5158568,1.9876519,0.4475930,-0.3832956,-0.1486911,17.3727057,42.6491305,9.0080746,78.0000000,4.0000000,0.3861165,0.7767421,0.6288421,0.0292410,-0.0193458,-0.0264626,-0.0228878,-0.0170846,-0.6840773,9.5689847,2.0339505,27.1481707
1,1,1.7800,LYING,-0.7278554,9.6632116,2.0062872,0.2877705,-1.2620744,0.6773041,16.8100370,42.6889098,8.5341210,78.0000000,4.0000000,0.3859594,0.7767421,0.6288421,0.0292402,-0.0193469,-0.0733985,0.0344757,-0.0105312,-0.6840773,9.5689847,2.0339505,27.1703019
1,1,1.7900,LYING,-0.7488086,9.6378904,1.9934192,-0.3904549,-0.3105489,-0.1605900,16.8338856,42.2363154,8.6034157,78.0000000,4.0000000,0.3858014,0.7767421,0.6288421,0.0292393,-0.0193480,-0.0268368,0.0919681,-0.0319327,-0.6840773,9.5689847,2.0339505,27.1608073
1,1,1.8000,LYING,-0.6401781,9.7164725,2.0504735,-0.2521255,-0.9062885,0.0225514,17.2922522,42.4880766,8.7709178,78.0000000,4.0000000,0.3856425,0.7767421,0.6288422,0.0292384,-0.0193491,0.0575254,0.0707617,-0.0002024,-0.6840773,9.5689847,2.0339505,27.0707713
1,1,1.8100,LYING,-0.6531671,9.5459553,1.9771950,0.5593900,-0.8232788,-1.5304693,17.0277987,41.4412958,9.0569328,78.0000000,4.0000000,0.3854827,0.7767420,0.6288422,0.0292376,-0.0193501,0.0347398,-0.0284190,-0.0499558,-0.6840773,9.5689847,2.0339505,27.0896033
1,1,1.8200,LYING,-0.6936496,9.6629682,1.9437171,0.7602616,-0.1487926,0.5465855,17.4651445,42.1342161,8.9786740,78.0000000,4.0000000,0.3853221,0.7767420,0.6288423,0.0292367,-0.0193512,-0.0270315,0.0718705,-0.0706183,-0.6840773,9.5689847,2.0339505,27.1522644
1,1,1.8300,LYING,-0.6839703,9.6691948,1.9996641,0.2446932,-1.0848422,0.4006277,17.4431141,42.2362754,9.1593836,78.0000000,4.0000000,0.3851607,0.7767420,0.6288423,0.0292358,-0.0193523,0.0694350,0.0517287,0.0033636,-0.6840773,9.5689847,2.0339505,27.0915807
1,1,1.8400,LYING,-0.7119399,9.5764262,2.0384423,0.0667295,-0.4254933,-0.8047608,17.6527530,42.2830140,8.7712075,78.0000000,4.0000000,0.3849983,0.7767420,0.6288424,0.0292349,-0.0193534,0.0225819,0.0199991,-0.0249236,-0.6840773,9.5689847,2.0339505,27.0835302
1,1,1.8500,LYING,-0.7159588,9.5804032,1.9802998,0.7669260,-1.4762320,0.3623051,16.9770914,42.5901608,8.8517810,78.0000000,4.0000000,0.3848351,0.7767419,0.6288424,0.0292340,-0.0193545,0.0268377,0.0612367,-0.0762199,-0.6840773,9.5689847,2.0339505,27.1232418
1,1,1.8600,LYING,-0.6845819,9.5020326,2.0516368,0.1104418,-0.2231208,-0.5402524,17.4395356,42.2516582,9.3939323,78.0000000,4.0000000,0.3846710,0.7767419,0.6288424,0.0292331,-0.0193556,0.0549379,-0.0518448,-0.0895231,-0.6840773,9.5689847,2.0339505,27.0952160
1,1,1.8700,LYING,-0.6675237,9.6131313,1.9829220,0.6302025,-0.2517230,1.1192577,17.4869392,42.2721672,8.9970913,78.0000000,4.0000000,0.3845061,0.7767419,0.6288425,0.0292322,-0.0193568,0.0602850,-0.0156320,0.0260272,-0.6840773,9.5689847,2.0339505,27.1824853
1,1,1.8800,LYING,-0.7500026,9.5125044,1.9986243,-0.2448614,-0.5935411,-0.1721661,16.8993473,41.9991540,8.1950773,78.0000000,4.0000000,0.3843403,0.7767418,0.6288425,0.0292313,-0.0193579,-0.0111673,-0.0664199,-0.0254385,-0.6840773,9.5689847,2.0339505,27.0929816
1,1,1.8900,LYING,-0.6338161,9.5656467,2.0451341,-0.2369472,-1.3615075,-0.9178852,16.7426596,41.7848634,8.9941683,78.0000000,4.0000000,0.3841736,0.7767418,0.6288426,0.0292304,-0.0193590,0.0349211,-0.0356375,0.0404734,-0.6840773,9.5689847,2.0339505,27.1141494
1,1,1.9000,LYING,-0.6655107,9.5996792,1.9703037,-0.1321586,-1.5096449,-1.9393400,17.4800330,42.6180144,8.9172153,78.0000000,4.0000000,0.3840061,0.7767418,0.6288426,0.0292295,-0.0193602,0.0492630,0.0247281,-0.0481120,-0.6840773,9.5689847,2.0339505,27.0903554
1,1,1.9100,LYING,-0.6126370,9.5728689,2.0125780,0.6454599,-1.7788330,0.6658147,17.0043399,42.1146787,8.4292861,78.0000000,4.0000000,0.3838377,0.7767418,0.6288426,0.0292285,-0.0193613,0.0245829,-0.0741864,-0.0805311,-0.6840773,9.5689847,2.0339505,27.1537725
1,1,1.9200,LYING,-0.6275320,9.6098970,1.9989053,0.9216017,-0.3214184,-0.0500304,16.5987371,42.0566229,9.0455219,78.0000000,4.0000000,0.3836684,0.7767417,0.6288427,0.0292276,-0.0193624,0.0608084,0.0210559,-0.0236631,-0.6840773,9.5689847,2.0339505,27.1436646
1,1,1.9300,LYING,-0.6142160,9.4984741,1.9615464,0.1258109,-0.4498732,-0.9496962,16.1418605,42.6055048,8.0932053,78.0000000,4.0000000,0.3834983,0.7767417,0.6288427,0.0292267,-0.0193636,0.0577234,-0.0934880,-0.0011767,-0.6840773,9.5689847,2.0339505,27.1371585
1,1,1.9400,LYING,-0.6616732,9.4689306,2.1806464,0.6890458,-0.6585292,-0.4721842,17.3653821,42.6840899,8.6585689,78.0000000,4.0000000,0.3833273,0.7767417,0.6288428,0.0292257,-0.0193648,0.0195792,-0.0516829,0.1289395,-0.6840773,9.5689847,2.0339505,27.0851764
1,1,1.9500,LYING,-0.6268877,9.8129750,1.9617385,-0.7183828,0.2559259,-0.5660170,16.9707552,42.8946658,8.7718674,78.0000000,4.0000000,0.3831554,0.7767416,0.6288428,0.0292248,-0.0193659,0.0216577,0.1823046,-0.1094503,-0.6840773,9.5689847,2.0339505,27.0924535
1,1,1.9600,LYING,-0.5970980,9.5545516,1.9331188,0.6665728,-0.5383660,-0.0350577,17.2616097,42.1299259,8.8122832,78.0000000,4.0000000,0.3829827,0.7767416,0.6288429,0.0292239,-0.0193671,0.1178454,-0.0466885,-0.0739326,-0.6840773,9.5689847,2.0339505,27.1382661
1,1,1.9700,LYING,-0.6569515,9.7180400,1.8698006,1.1193521,-0.2855955,0.5232655,17.3726285,42.6114244,8.8656777,78.0000000,4.0000000,0.3828091,0.7767416,0.6288429,0.0292229,-0.0193683,0.0598022,0.1020695,-0.0865804,-0.6840773,9.5689847,2.0339505,27.1171783
1,1,1.9800,LYING,-0.7198513,9.5043797,2.0087972,0.7249269,-0.7244150,-1.4920814,16.7357000,42.3504916,9.3716961,78.0000000,4.0000000,0.3826347,0.7767416,0.6288430,0.0292219,-0.0193694,0.0191707,-0.0499363,0.0015304,-0.6840773,9.5689847,2.0339505,27.1294469
1,1,1.9900,LYING,-0.6572641,9.5948043,2.0733815,0.4632241,-1.9611230,-0.2141906,17.0143453,42.6603546,9.1236141,78.0000000,4.0000000,0.3824594,0.7767415,0.6288430,0.0292210,-0.0193706,0.0251920,0.0076775,-0.0539237,-0.6840773,9.5689847,2.0339505,27.1474760
1,1,0.0000,WALKING,-0.0801525,0.2463795,10.3195868,0.5237616,-2.3846129,-2.7988112,19.6252410,0.8141546,43.2030389,0.0000000,0.0000000,-0.0147901,1.0000000,0.0000000,0.0000000,-0.0001291,-0.0601303,0.1988973,0.4910887,0.0000000,0.0000000,9.8066500,26.9754147
1,1,0.0100,WALKING,0.1018085,0.2059878,10.3441918,0.2096591,0.4102106,-0.3658135,19.6283350,0.8680513,43.9966547,0.0000000,0.0000000,-0.0141905,1.0000000,0.0000000,0.0000000,-0.0001238,0.0917055,0.2160717,0.5300727,0.0000000,0.0000000,9.8066500,27.0289583
1,1,0.0200,WALKING,0.1913618,0.2404858,10.2349102,0.1407133,2.4020032,0.6313464,19.0991369,0.6968994,43.1367634,0.0000000,0.0000000,-0.0135908,1.0000000,0.0000000,0.0000000,-0.0001186,0.2396242,0.2863410,0.5045314,0.0000000,0.0000000,9.8066500,27.0157862
1,1,0.0300,WALKING,0.3736797,0.2027623,10.3145875,0.8549870,4.0670514,3.1012191,19.2330118,0.1806587,42.6102461,0.0000000,0.0000000,-0.0129912,1.0000000,0.0000000,0.0000000,-0.0001134,0.3918733,0.2894446,0.4830505,0.0000000,0.0000000,9.8066500,26.9791015
1,1,0.0400,WALKING,0.4619844,0.2654409,10.2478901,0.2880757,6.3034117,4.3840890,19.1651502,0.2590073,43.4126354,0.0000000,0.0000000,-0.0123915,1.0000000,0.0000000,0.0000000,-0.0001081,0.4654736,0.3133023,0.5169342,0.0000000,0.0000000,9.8066500,27.0035433
1,1,0.0500,WALKING,0.4951507,0.3337233,10.2345746,0.1973878,7.6313161,5.3135749,19.3763434,0.1129671,43.8394394,0.0000000,0.0000000,-0.0117918,1.0000000,0.0000000,0.0000000,-0.0001029,0.5852627,0.2601712,0.4139436,0.0000000,0.0000000,9.8066500,27.0039847
1,1,0.0600,WALKING,0.6966628,0.2111225,10.2138595,-0.0933885,10.2650915,6.2676790,19.4580504,0.5185411,42.8325921,0.0000000,0.0000000,-0.0111920,1.0000000,0.0000000,0.0000000,-0.0000977,0.7496972,0.2989962,0.4310774,0.0000000,0.0000000,9.8066500,27.0204643
1,1,0.0700,WALKING,0.7713315,0.2030811,10.1857553,0.0673545,11.1806635,5.9030198,19.7192988,0.4994997,43.2040625,0.0000000,0.0000000,-0.0105922,1.0000000,0.0000000,0.0000000,-0.0000924,0.8061166,0.2500683,0.3751311,0.0000000,0.0000000,9.8066500,27.0130092
1,1,0.0800,WALKING,0.8962811,0.1769865,10.1008966,-0.2982506,12.6192076,5.3637099,18.9161606,0.6546075,42.9481611,0.0000000,0.0000000,-0.0099924,1.0000000,0.0000000,0.0000000,-0.0000872,0.8675925,0.2154093,0.2773087,0.0000000,0.0000000,9.8066500,26.9792256
1,1,0.0900,WALKING,0.9845310,0.0996773,10.0507240,0.9051784,13.3159895,5.3440699,19.2907120,0.5095935,44.0445337,0.0000000,0.0000000,-0.0093926,1.0000000,0.0000000,0.0000000,-0.0000820,0.9699044,0.1117205,0.2673649,0.0000000,0.0000000,9.8066500,27.0262669
1,1,0.1000,WALKING,1.0392217,0.0665082,9.9113030,0.4215191,15.1134112,5.0194847,19.5540409,-0.0304583,43.3697586,0.0000000,0.0000000,-0.0087928,1.0000000,0.0000000,0.0000000,-0.0000767,0.9968955,0.1030545,0.2222310,0.0000000,0.0000000,9.8066500,26.9990384
1,1,0.1100,WALKING,1.0655140,0.0257939,9.9269868,0.8500347,15.7582339,2.7396159,19.3621537,0.1967332,43.3263368,0.0000000,0.0000000,-0.0081929,1.0000000,0.0000000,0.0000000,-0.0000715,1.1283153,-0.0045923,0.2049377,0.0000000,0.0000000,9.8066500,27.0141335
1,1,0.1200,WALKING,1.1367281,-0.0459089,9.8965639,0.0949878,16.1494262,1.6010635,19.5284381,0.4580003,43.1991881,0.0000000,0.0000000,-0.0075930,1.0000000,0.0000000,0.0000000,-0.0000663,1.0907038,-0.0561924,0.1295898,0.0000000,0.0000000,9.8066500,27.0387798
1,1,0.1300,WALKING,1.2192623,-0.1378597,9.8339153,0.3256709,16.9513582,-0.3768363,19.5389958,0.6578965,43.1945171,0.0000000,0.0000000,-0.0069931,1.0000000,0.0000000,0.0000000,-0.0000610,1.1678575,-0.1152750,0.0967910,0.0000000,0.0000000,9.8066500,27.0082780
1,1,0.1400,WALKING,1.2118195,-0.2046259,9.7743956,-0.1265947,17.0709502,-2.0774019,19.2529237,1.0978553,42.8495011,0.0000000,0.0000000,-0.0063932,1.0000000,0.0000000,0.0000000,-0.0000558,1.1484969,-0.1909591,0.0246046,0.0000000,0.0000000,9.8066500,26.9862050
1,1,0.1500,WALKING,1.1187416,-0.2524612,9.7477731,0.3865784,17.2140634,-3.4444614,19.0516634,0.4011070,43.1751580,0.0000000,0.0000000,-0.0057933,1.0000000,0.0000000,0.0000000,-0.0000506,1.1813443,-0.2245298,-0.0429523,0.0000000,0.0000000,9.8066500,27.0349398
1,1,0.1600,WALKING,1.1873909,-0.2347338,9.6073927,0.4515342,16.7267237,-5.2907082,19.3534662,0.8656072,43.3247612,0.0000000,0.0000000,-0.0051933,1.0000000,0.0000000,0.0000000,-0.0000453,1.1692709,-0.2696828,-0.0971109,0.0000000,0.0000000,9.8066500,26.9657551
1,1,0.1700,WALKING,1.1159217,-0.2861431,9.5691576,0.1229652,15.9910088,-6.6894148,19.4959610,0.3466028,43.2248244,0.0000000,0.0000000,-0.0045934,1.0000000,0.0000000,0.0000000,-0.0000401,1.1030696,-0.2696840,-0.1930982,0.0000000,0.0000000,9.8066500,27.0571976
1,1,0.1800,WALKING,1.0401629,-0.3395713,9.5492101,0.7377209,15.4911626,-8.1977131,18.6728417,0.4654741,43.2592909,0.0000000,0.0000000,-0.0039934,1.0000000,0.0000000,0.0000000,-0.0000348,1.0837161,-0.2712826,-0.2153480,0.0000000,0.0000000,9.8066500,27.0062395
1,1,0.1900,WALKING,1.0166388,-0.2657357,9.4864480,0.2292953,14.1096489,-9.3682577,19.8063866,0.7333045,43.3083296,0.0000000,0.0000000,-0.0033934,1.0000000,0.0000000,0.0000000,-0.0000296,1.0232199,-0.3217637,-0.3101494,0.0000000,0.0000000,9.8066500,27.0536540
1,1,0.2000,WALKING,0.9400085,-0.2493230,9.3998639,0.1459156,12.6043667,-9.8354150,19.2355099,0.9629969,43.1011041,0.0000000,0.0000000,-0.0027934,1.0000000,0.0000000,0.0000000,-0.0000244,0.9430861,-0.2855471,-0.2984200,0.0000000,0.0000000,9.8066500,26.9758690
1,1,0.2100,WALKING,0.8202561,-0.2267403,9.4248048,0.5196753,12.0712006,-9.7845998,19.0000391,1.2541566,43.4747517,0.0000000,0.0000000,-0.0021934,1.0000000,0.0000000,0.0000000,-0.0000191,0.8304984,-0.2043623,-0.3608073,0.0000000,0.0000000,9.8066500,26.9536566
1,1,0.2200,WALKING,0.7662481,-0.2498413,9.3225254,0.0568103,9.6582556,-9.5291027,19.0376208,0.7630375,43.9798274,0.0000000,0.0000000,-0.0015935,1.0000000,0.0000000,0.0000000,-0.0000139,0.7355220,-0.1660311,-0.3887041,0.0000000,0.0000000,9.8066500,27.0485483
1,1,0.2300,WALKING,0.6812373,-0.1183599,9.2848150,-0.2928555,9.0915849,-9.1498519,20.1917341,0.2373790,43.3556141,0.0000000,0.0000000,-0.0009935,1.0000000,0.0000000,0.0000000,-0.0000087,0.6118853,-0.0792815,-0.4270407,0.0000000,0.0000000,9.8066500,27.0380130
1,1,0.2400,WALKING,0.5101049,-0.0247058,9.3020771,-0.3593305,7.1338654,-7.8681117,19.7925278,0.1861997,43.3166790,0.0000000,0.0000000,-0.0003935,1.0000000,0.0000000,0.0000000,-0.0000034,0.5323808,-0.0631550,-0.5068666,0.0000000,0.0000000,9.8066500,27.0372355
1,1,0.2500,WALKING,0.4284518,-0.0056817,9.2648961,-0.1846765,4.8752475,-6.3292335,19.5501842,0.6684575,43.1548324,0.0000000,0.0000000,0.0002065,1.0000000,0.0000000,0.0000000,0.0000018,0.4412364,0.0245496,-0.5683194,0.0000000,0.0000000,9.8066500,27.0288360
1,1,0.2600,WALKING,0.2828576,0.0089050,9.2265970,0.1045349,3.1185679,-5.9148693,19.3654195,0.8556393,43.6107814,0.0000000,0.0000000,0.0008065,1.0000000,0.0000000,0.0000000,0.0000070,0.2867367,0.0773410,-0.4885846,0.0000000,0.0000000,9.8066500,26.9491466
1,1,0.2700,WALKING,0.0889267,0.1469979,9.2569193,-0.4676352,0.7874686,-3.6706147,19.6067429,-0.0745593,43.5134948,0.0000000,0.0000000,0.0014065,1.0000000,0.0000000,0.0000000,0.0000123,0.1568543,0.1565962,-0.4805722,0.0000000,0.0000000,9.8066500,27.0333917
1,1,0.2800,WALKING,0.0070406,0.1474225,9.2179814,0.6416784,-0.8891868,-2.4880133,19.3098901,0.8246364,43.4572028,0.0000000,0.0000000,0.0020065,1.0000000,0.0000000,0.0000000,0.0000175,0.0508848,0.2201354,-0.4973875,0.0000000,0.0000000,9.8066500,26.9880132
1,1,0.2900,WALKING,-0.1676538,0.2260084,9.2123998,0.5316613,-3.3564903,-0.1146447,18.4712757,-0.0780835,43.1996744,0.0000000,0.0000000,0.0026065,1.0000000,0.0000000,0.0000000,0.0000227,-0.1317628,0.2110021,-0.5443246,0.0000000,0.0000000,9.8066500,26.9946905
1,1,0.3000,WALKING,-0.2339061,0.2856898,9.2387176,-0.1490871,-5.2771437,0.9009482,19.6899956,-0.0993134,42.8823394,0.0000000,0.0000000,0.0032065,1.0000000,0.0000000,0.0000000,0.0000280,-0.2114312,0.2527888,-0.4762029,0.0000000,0.0000000,9.8066500,27.0152900
1,1,0.3100,WALKING,-0.3466678,0.2643476,9.2988526,0.6658056,-6.6624455,2.4995519,19.1511714,0.1273030,43.2074821,0.0000000,0.0000000,0.0038065,1.0000000,0.0000000,0.0000000,0.0000332,-0.3557516,0.2122281,-0.4853340,0.0000000,0.0000000,9.8066500,26.9968098
1,1,0.3200,WALKING,-0.4359898,0.2554795,9.2581865,0.0170806,-8.8513301,4.3286986,19.4935356,0.7705446,43.7017434,0.0000000,0.0000000,0.0044065,1.0000000,0.0000000,0.0000000,0.0000385,-0.5053334,0.3174616,-0.4610084,0.0000000,0.0000000,9.8066500,27.0748016
1,1,0.3300,WALKING,-0.5742012,0.2345022,9.2520241,-0.1048392,-10.8594975,5.4290378,19.2241132,0.4488650,43.3161360,0.0000000,0.0000000,0.0050064,1.0000000,0.0000000,0.0000000,0.0000437,-0.6155017,0.2888510,-0.4544732,0.0000000,0.0000000,9.8066500,27.0284067
1,1,0.3400,WALKING,-0.7135254,0.3391848,9.3602120,0.0890159,-12.0197483,5.5100513,19.2342801,-0.1247883,43.4013542,0.0000000,0.0000000,0.0056064,1.0000000,0.0000000,0.0000000,0.0000489,-0.7418187,0.2402788,-0.4228742,0.0000000,0.0000000,9.8066500,27.0855676
1,1,0.3500,WALKING,-0.8271209,0.2753383,9.4251744,0.6017054,-14.4502389,6.2351598,18.9502789,1.0335705,43.4637517,0.0000000,0.0000000,0.0062063,1.0000000,0.0000000,0.0000000,0.0000542,-0.8597791,0.2109729,-0.3589684,0.0000000,0.0000000,9.8066500,27.0852744
1,1,0.3600,WALKING,-0.9452681,0.1489544,9.4264076,0.2594549,-15.0899358,5.4128768,19.7231286,0.3325286,43.2925568,0.0000000,0.0000000,0.0068062,1.0000000,0.0000000,0.0000000,0.0000594,-0.8783664,0.1282772,-0.3622955,0.0000000,0.0000000,9.8066500,27.0608254
1,1,0.3700,WALKING,-0.9567525,0.1201567,9.4589625,-0.1474671,-15.9548522,5.1739409,19.8017971,0.0425796,43.2676657,0.0000000,0.0000000,0.0074061,1.0000000,0.0000000,0.0000000,0.0000646,-1.0152792,0.0644768,-0.2487789,0.0000000,0.0000000,9.8066500,26.9816259
1,1,0.3800,WALKING,-1.0332680,0.0610887,9.5382996,0.0158321,-17.0973466,4.9783226,19.5932387,0.5218510,43.6000340,0.0000000,0.0000000,0.0080060,1.0000000,0.0000000,0.0000000,0.0000699,-1.0785959,0.0740639,-0.2340765,0.0000000,0.0000000,9.8066500,27.0352995
1,1,0.3900,WALKING,-1.1004748,-0.0270818,9.5781707,-0.0573799,-18.3160647,3.0935258,18.9512765,0.6758014,43.3842362,0.0000000,0.0000000,0.0086059,1.0000000,0.0000000,0.0000000,0.0000751,-1.1434588,-0.0066257,-0.1844323,0.0000000,0.0000000,9.8066500,26.9891717
1,1,0.4000,WALKING,-1.0858928,-0.0640086,9.6379583,0.6666878,-18.8352269,1.4461284,19.4298563,0.2735973,43.1156023,0.0000000,0.0000000,0.0092057,1.0000000,0.0000000,0.0000000,0.0000803,-1.1869046,-0.0637394,-0.0987272,0.0000000,0.0000000,9.8066500,27.0431002
1,1,0.4100,WALKING,-1.1782463,-0.1269678,9.7507297,0.2245298,-18.9987197,-0.6768168,19.8872183,0.6659114,43.8045294,0.0000000,0.0000000,0.0098056,1.0000000,0.0000000,0.0000000,0.0000856,-1.1706181,-0.1513501,-0.0680758,0.0000000,0.0000000,9.8066500,27.0403586
1,1,0.4200,WALKING,-1.1661530,-0.2308434,9.7807827,0.0254154,-19.0166870,-1.7673563,19.8033523,-0.0733468,43.2588417,0.0000000,0.0000000,0.0104054,1.0000000,0.0000000,0.0000000,0.0000908,-1.1411590,-0.1768742,-0.0103996,0.0000000,0.0000000,9.8066500,27.0134595
1,1,0.4300,WALKING,-1.1671056,-0.1757700,9.8268076,0.3783737,-19.1950481,-3.2095368,19.4088773,0.1158516,42.5625264,0.0000000,0.0000000,0.0110052,1.0000000,0.0000000,0.0000000,0.0000960,-1.2053112,-0.2325499,0.1166053,0.0000000,0.0000000,9.8066500,27.0076462
1,1,0.4400,WALKING,-1.1054938,-0.2313717,9.8588385,0.0721897,-18.2437708,-5.6139917,19.8066242,-0.0669786,43.1072676,0.0000000,0.0000000,0.0116049,1.0000000,0.0000000,0.0000000,0.0001013,-1.1271222,-0.2656888,0.0923965,0.0000000,0.0000000,9.8066500,26.9966000
1,1,0.4500,WALKING,-1.0220887,-0.2633705,9.9140416,0.9469884,-18.2334409,-7.6291803,18.9508834,0.6251448,43.2954593,0.0000000,0.0000000,0.0122046,1.0000000,0.0000000,0.0000000,0.0001065,-1.0932728,-0.2737682,0.1556939,0.0000000,0.0000000,9.8066500,27.0047506
1,1,0.4600,WALKING,-1.0468702,-0.2456750,9.9965967,1.0852875,-17.4630598,-8.4447995,19.4467179,0.9429506,42.7800302,0.0000000,0.0000000,0.0128044,1.0000000,0.0000000,0.0000000,0.0001117,-1.0313299,-0.3167220,0.2372226,0.0000000,0.0000000,9.8066500,27.0967652
1,1,0.4700,WALKING,-1.0034733,-0.3144268,10.1348086,0.0312591,-16.0499214,-9.3861749,18.8585581,-0.1148901,43.6824271,0.0000000,0.0000000,0.0134040,1.0000000,0.0000000,0.0000000,0.0001170,-1.0288010,-0.2521047,0.2567742,0.0000000,0.0000000,9.8066500,27.0634723
1,1,0.4800,WALKING,-0.9757762,-0.2916567,10.1222460,0.8810620,-15.4734461,-9.9857774,19.0897040,0.3737182,43.5974267,0.0000000,0.0000000,0.0140037,1.0000000,0.0000000,0.0000000,0.0001222,-0.9489901,-0.2489997,0.3480497,0.0000000,0.0000000,9.8066500,27.0722956
1,1,0.4900,WALKING,-0.7980392,-0.1780479,10.1356048,-0.4892963,-13.5501519,-10.1219411,19.5048990,0.6671263,43.4557280,0.0000000,0.0000000,0.0146033,1.0000000,0.0000000,0.0000000,0.0001274,-0.8442021,-0.2182664,0.3478660,0.0000000,0.0000000,9.8066500,27.0501123
1,1,0.5000,WALKING,-0.6791468,-0.1807322,10.1941676,0.0920775,-11.9912598,-8.9794365,19.4119714,-0.1157783,43.5289903,0.0000000,0.0000000,0.0152029,1.0000000,0.0000000,0.0000000,0.0001327,-0.7129310,-0.1560493,0.4061734,0.0000000,0.0000000,9.8066500,27.0500816
1,1,0.5100,WALKING,-0.6606899,-0.1181093,10.2477890,0.2950166,-10.9272409,-9.2598207,19.9102332,0.8772217,42.9481511,0.0000000,0.0000000,0.0158024,1.0000000,0.0000000,0.0000000,0.0001379,-0.5989932,-0.1127761,0.4587959,0.0000000,0.0000000,9.8066500,27.0281394
1,1,0.5200,WALKING,-0.4181841,-0.0501064,10.2733964,0.0918610,-9.0800408,-7.8227137,19.9930593,0.4722870,43.2026087,0.0000000,0.0000000,0.0164019,1.0000000,0.0000000,0.0000000,0.0001431,-0.4951642,-0.0255167,0.4984569,0.0000000,0.0000000,9.8066500,27.0752130
1,1,0.5300,WALKING,-0.3654918,0.0262632,10.2398861,0.4487783,-6.5431082,-6.5544972,19.2063088,0.5826917,43.0829047,0.0000000,0.0000000,0.0170014,1.0000000,0.0000000,0.0000000,0.0001484,-0.3734503,0.0309971,0.4945255,0.0000000,0.0000000,9.8066500,27.0396246
1,1,0.5400,WALKING,-0.2327686,0.0489250,10.2635901,0.4560928,-4.8286453,-5.0738810,19.5708320,0.4771343,42.9809099,0.0000000,0.0000000,0.0176009,1.0000000,0.0000000,0.0000000,0.0001536,-0.2774402,0.0717734,0.5256258,0.0000000,0.0000000,9.8066500,27.0348256
1,1,0.5500,WALKING,-0.0934571,0.1354152,10.3028173,0.4935620,-2.7730941,-3.0242959,19.8137046,0.8276915,43.3872146,0.0000000,0.0000000,0.0182003,1.0000000,0.0000000,0.0000000,0.0001588,-0.1143772,0.0922797,0.5232737,0.0000000,0.0000000,9.8066500,27.0362297
1,1,0.5600,WALKING,0.0351895,0.0997045,10.2426084,-0.0804280,-1.3253621,-1.1194850,18.9887092,0.4157285,43.4143863,0.0000000,0.0000000,0.0187996,1.0000000,0.0000000,0.0000000,0.0001641,0.0217790,0.1620789,0.5302539,0.0000000,0.0000000,9.8066500,26.9849619
1,1,0.5700,WALKING,0.2128364,0.1798337,10.2296493,0.0106853,1.4851796,0.1132182,19.3470992,0.6607854,43.0884149,0.0000000,0.0000000,0.0193989,1.0000000,0.0000000,0.0000000,0.0001693,0.1383808,0.2595027,0.5315489,0.0000000,0.0000000,9.8066500,27.0508564
1,1,0.5800,WALKING,0.2563380,0.2638393,10.2884526,-0.1863348,3.3808395,1.4394605,18.9324629,0.1021436,43.5006830,0.0000000,0.0000000,0.0199982,1.0000000,0.0000000,0.0000000,0.0001745,0.3126407,0.2816140,0.5211862,0.0000000,0.0000000,9.8066500,27.0689022
1,1,0.5900,WALKING,0.3782726,0.2978388,10.2934187,-0.1033825,5.3459119,3.1997999,19.5286134,0.4543303,42.8638359,0.0000000,0.0000000,0.0205974,1.0000000,0.0000000,0.0000000,0.0001797,0.4216252,0.3202264,0.5080692,0.0000000,0.0000000,9.8066500,27.0460412
1,1,0.6000,WALKING,0.5145808,0.2717807,10.2140394,0.8674007,7.2067202,4.0228663,19.2485799,0.3864191,43.2021192,0.0000000,0.0000000,0.0211966,1.0000000,0.0000000,0.0000000,0.0001850,0.5217501,0.2923468,0.4938347,0.0000000,0.0000000,9.8066500,27.1124129
1,1,0.6100,WALKING,0.6627574,0.2584042,10.2489791,-0.1495168,8.8788147,5.1622438,19.3074448,0.1981530,43.1034350,0.0000000,0.0000000,0.0217957,1.0000000,0.0000000,0.0000000,0.0001902,0.6701569,0.2933502,0.4361064,0.0000000,0.0000000,9.8066500,26.9863690
1,1,0.6200,WALKING,0.8038747,0.2478713,10.1269086,0.1308641,10.0590760,5.9687249,19.1491648,0.6913238,43.0561202,0.0000000,0.0000000,0.0223948,1.0000000,0.0000000,0.0000000,0.0001954,0.7779050,0.2745885,0.4043367,0.0000000,0.0000000,9.8066500,27.0008972
1,1,0.6300,WALKING,0.8870909,0.2288737,10.1571295,-0.1648787,11.9181622,6.0108563,19.4090909,1.3135718,43.4060413,0.0000000,0.0000000,0.0229939,1.0000000,0.0000000,0.0000000,0.0002007,0.8281811,0.2081607,0.3784306,0.0000000,0.0000000,9.8066500,27.0480164
1,1,0.6400,WALKING,0.9121605,0.1680134,10.1048525,0.1432420,12.6295212,6.4025493,20.5118374,0.2265834,43.3852268,0.0000000,0.0000000,0.0235928,1.0000000,0.0000000,0.0000000,0.0002059,0.9535075,0.1675856,0.3040792,0.0000000,0.0000000,9.8066500,27.0703400
1,1,0.6500,WALKING,1.0239664,0.1128605,10.0890646,1.1544149,14.0224053,5.2381466,19.5491801,0.0540909,42.9029882,0.0000000,0.0000000,0.0241918,1.0000000,0.0000000,0.0000000,0.0002111,1.0214167,0.1347940,0.2937090,0.0000000,0.0000000,9.8066500,27.0378166
1,1,0.6600,WALKING,1.0675232,0.0534484,9.9380968,-0.1816604,15.2925684,3.7263590,19.5637050,0.7375076,42.9815674,0.0000000,0.0000000,0.0247906,1.0000000,0.0000000,0.0000000,0.0002163,1.0347518,0.0816468,0.2421649,0.0000000,0.0000000,9.8066500,27.0887919
1,1,0.6700,WALKING,1.1373802,-0.0311706,9.8620707,0.1827303,16.4166049,2.0260011,19.5294557,0.1668014,43.7128828,0.0000000,0.0000000,0.0253895,1.0000000,0.0000000,0.0000000,0.0002216,1.0914955,0.0139312,0.2377281,0.0000000,0.0000000,9.8066500,27.0210412
1,1,0.6800,WALKING,1.1465651,-0.1046104,9.8477813,0.2167011,16.3438830,0.8672204,19.6857525,0.8781535,43.5068854,0.0000000,0.0000000,0.0259882,1.0000000,0.0000000,0.0000000,0.0002268,1.1518868,-0.1438182,0.0869762,0.0000000,0.0000000,9.8066500,27.0549599
1,1,0.6900,WALKING,1.1953950,-0.1000781,9.7883281,0.4590010,16.6117075,-0.4740774,19.2148050,0.6535141,42.7860939,0.0000000,0.0000000,0.0265869,1.0000000,0.0000000,0.0000000,0.0002320,1.1750476,-0.1666993,0.0206223,0.0000000,0.0000000,9.8066500,27.0473287
1,1,0.7000,WALKING,1.1174604,-0.1844748,9.7200827,0.6414126,16.4745257,-2.5015127,19.0821718,0.4569765,43.0291913,0.0000000,0.0000000,0.0271856,1.0000000,0.0000000,0.0000000,0.0002372,1.1566976,-0.1864349,-0.0242531,0.0000000,0.0000000,9.8066500,27.0604344
1,1,0.7100,WALKING,1.2108746,-0.2395050,9.7406848,0.5086509,16.7792061,-3.9312784,19.0943671,0.6210456,44.1581279,0.0000000,0.0000000,0.0277841,1.0000000,0.0000000,0.0000000,0.0002425,1.1826857,-0.2001613,-0.0898954,0.0000000,0.0000000,9.8066500,27.0568015
1,1,0.7200,WALKING,1.2100994,-0.3654366,9.6936013,0.0197002,16.2382487,-5.9167524,19.1756935,0.4325665,42.6787577,0.0000000,0.0000000,0.0283827,1.0000000,0.0000000,0.0000000,0.0002477,1.1399290,-0.2939627,-0.1127443,0.0000000,0.0000000,9.8066500,27.0336444
1,1,0.7300,WALKING,1.0755386,-0.2781116,9.5550658,0.6230784,15.9260961,-7.0476020,19.6291820,0.2193389,43.6476708,0.0000000,0.0000000,0.0289811,1.0000000,0.0000000,0.0000000,0.0002529,1.0855943,-0.3135319,-0.1580447,0.0000000,0.0000000,9.8066500,27.0982606
1,1,0.7400,WALKING,1.0312695,-0.3254024,9.5335952,-0.1569264,14.4038556,-8.4211729,19.4092325,0.6350328,43.7490058,0.0000000,0.0000000,0.0295795,1.0000000,0.0000000,0.0000000,0.0002581,1.0324979,-0.2637046,-0.2221653,0.0000000,0.0000000,9.8066500,27.0592642
1,1,0.7500,WALKING,0.8995605,-0.2603074,9.4926420,0.1200225,13.9086789,-8.8933755,19.0485923,1.1294296,42.9873125,0.0000000,0.0000000,0.0301778,1.0000000,0.0000000,0.0000000,0.0002634,0.9786991,-0.2648497,-0.2519017,0.0000000,0.0000000,9.8066500,27.0489365
1,1,0.7600,WALKING,0.9140451,-0.2676491,9.4114304,0.9379736,12.2605692,-9.5494148,19.0881201,0.3658817,43.1645409,0.0000000,0.0000000,0.0307761,1.0000000,0.0000000,0.0000000,0.0002686,0.9073470,-0.2710183,-0.3161111,0.0000000,0.0000000,9.8066500,27.0118455
1,1,0.7700,WALKING,0.7935976,-0.2533972,9.3991334,-0.1267615,10.8827876,-10.4425550,19.7296209,0.4062424,43.0445259,0.0000000,0.0000000,0.0313743,1.0000000,0.0000000,0.0000000,0.0002738,0.7973793,-0.2067035,-0.3920154,0.0000000,0.0000000,9.8066500,27.0030925
1,1,0.7800,WALKING,0.6925771,-0.1929796,9.2865134,0.0920893,9.0601123,-9.1192624,18.8778895,0.3181516,42.9644834,0.0000000,0.0000000,0.0319724,1.0000000,0.0000000,0.0000000,0.0002790,0.7329016,-0.1785404,-0.3989217,0.0000000,0.0000000,9.8066500,27.0607578
1,1,0.7900,WALKING,0.5332481,-0.1613778,9.3310076,-0.1305789,7.9164274,-8.3577688,19.2320352,0.5095041,43.3921869,0.0000000,0.0000000,0.0325704,1.0000000,0.0000000,0.0000000,0.0002842,0.5963788,-0.0923152,-0.4633825,0.0000000,0.0000000,9.8066500,27.0611835
1,1,0.8000,WALKING,0.5192172,-0.0439809,9.2735697,0.0495024,6.5224450,-7.5539405,19.4530975,0.6164469,43.7496027,0.0000000,0.0000000,0.0331684,1.0000000,0.0000000,0.0000000,0.0002894,0.4182453,-0.0415574,-0.4077295,0.0000000,0.0000000,9.8066500,27.0197742
1,1,0.8100,WALKING,0.3391722,-0.0793225,9.2329902,-0.1986821,4.1699481,-6.0235492,18.8615644,0.3433223,43.2798866,0.0000000,0.0000000,0.0337663,1.0000000,0.0000000,0.0000000,0.0002947,0.3697561,0.0235635,-0.5433139,0.0000000,0.0000000,9.8066500,27.0616592
1,1,0.8200,WALKING,0.2045700,0.1021083,9.1833149,0.0636320,2.2401184,-5.1480252,19.6448099,0.5271293,43.2108383,0.0000000,0.0000000,0.0343641,1.0000000,0.0000000,0.0000000,0.0002999,0.2386042,0.1035802,-0.5577683,0.0000000,0.0000000,9.8066500,27.0781778
1,1,0.8300,WALKING,0.0938291,0.1539829,9.2657721,0.4460557,0.2091369,-3.6238827,19.3667871,0.5038291,43.6245258,0.0000000,0.0000000,0.0349619,1.0000000,0.0000000,0.0000000,0.0003051,0.1117462,0.2125276,-0.5056403,0.0000000,0.0000000,9.8066500,27.0307421
1,1,0.8400,WALKING,-0.0120140,0.2221552,9.2547802,0.5866992,-1.3869957,-1.4056010,19.1897569,0.8377532,43.1449798,0.0000000,0.0000000,0.0355595,1.0000000,0.0000000,0.0000000,0.0003103,-0.0287926,0.2367787,-0.5582181,0.0000000,0.0000000,9.8066500,27.0689852
1,1,0.8500,WALKING,-0.1659202,0.2409945,9.2823881,-0.0290214,-3.8036738,-0.3808413,19.4681456,0.3907370,42.6852176,0.0000000,0.0000000,0.0361571,1.0000000,0.0000000,0.0000000,0.0003155,-0.1797779,0.2656010,-0.4973441,0.0000000,0.0000000,9.8066500,27.0667452
1,1,0.8600,WALKING,-0.2975615,0.2432987,9.2899668,0.0132077,-6.4747336,2.1223091,19.5015461,0.3752434,42.9740307,0.0000000,0.0000000,0.0367546,0.9999999,0.0000000,0.0000000,0.0003207,-0.3245863,0.2857563,-0.4948295,0.0000000,0.0000000,9.8066500,27.0301618
1,1,0.8700,WALKING,-0.4756135,0.2777055,9.2963621,-0.3218524,-7.6868686,3.9045953,19.5010558,0.6703689,43.6800334,0.0000000,0.0000000,0.0373520,0.9999999,0.0000000,0.0000000,0.0003260,-0.4374751,0.3067189,-0.5190001,0.0000000,0.0000000,9.8066500,27.1105321
1,1,0.8800,WALKING,-0.5596513,0.2911233,9.2440436,0.4091028,-9.6695588,5.6969992,18.9674292,0.5794073,43.5406587,0.0000000,0.0000000,0.0379494,0.9999999,0.0000000,0.0000000,0.0003312,-0.5475818,0.2493734,-0.4970997,0.0000000,0.0000000,9.8066500,27.0495152
1,1,0.8900,WALKING,-0.7218334,0.2654524,9.3271803,0.3471513,-10.5537758,5.3391484,19.7136079,-0.1528260,43.4604253,0.0000000,0.0000000,0.0385466,0.9999999,0.0000000,0.0000000,0.0003364,-0.6464356,0.3033285,-0.4489800,0.0000000,0.0000000,9.8066500,27.0726764
1,1,0.9000,WALKING,-0.8313787,0.2841896,9.3992572,0.1608824,-13.2301784,5.8353775,19.6412027,0.9260578,43.6839498,0.0000000,0.0000000,0.0391438,0.9999999,0.0000000,0.0000000,0.0003416,-0.7594258,0.2396557,-0.4095118,0.0000000,0.0000000,9.8066500,27.0539887
1,1,0.9100,WALKING,-0.8684576,0.2310015,9.3688776,0.6564692,-14.7933568,6.7097255,19.1942459,0.5812270,43.4687119,0.0000000,0.0000000,0.0397409,0.9999999,0.0000000,0.0000000,0.0003468,-0.8417514,0.1829578,-0.3727914,0.0000000,0.0000000,9.8066500,27.0272186
1,1,0.9200,WALKING,-0.9681874,0.0640834,9.4559654,0.2388693,-16.2149441,5.3396836,19.6581023,0.0701803,42.8014882,0.0000000,0.0000000,0.0403379,0.9999999,0.0000000,0.0000000,0.0003520,-0.9562116,0.2199125,-0.2889381,0.0000000,0.0000000,9.8066500,27.0799595
1,1,0.9300,WALKING,-1.0117655,0.1350826,9.4914596,0.1414516,-16.5634798,4.6049146,19.1143051,0.1903289,43.0448611,0.0000000,0.0000000,0.0409348,0.9999999,0.0000000,0.0000000,0.0003572,-1.0527640,0.1281199,-0.2547481,0.0000000,0.0000000,9.8066500,27.0609524
1,1,0.9400,WALKING,-1.1587928,0.0113392,9.6266288,0.7435789,-17.5919673,3.8924789,19.5427454,0.2969114,43.3134707,0.0000000,0.0000000,0.0415316,0.9999999,0.0000000,0.0000000,0.0003624,-1.0138563,0.0698053,-0.2059423,0.0000000,0.0000000,9.8066500,27.0658961
1,1,0.9500,WALKING,-1.1035737,-0.0574888,9.6088034,0.0253302,-18.1348934,2.5270201,19.1345326,0.4699414,43.3328297,0.0000000,0.0000000,0.0421283,0.9999999,0.0000000,0.0000000,0.0003676,-1.1415348,-0.0326552,-0.1401925,0.0000000,0.0000000,9.8066500,27.0631689
1,1,0.9600,WALKING,-1.1412851,-0.1058647,9.7116264,0.8856697,-18.8249523,0.4777538,19.6883114,0.3244394,43.4414621,0.0000000,0.0000000,0.0427249,0.9999999,0.0000000,0.0000000,0.0003728,-1.1455175,-0.1187566,-0.1015918,0.0000000,0.0000000,9.8066500,27.0775541
1,1,0.9700,WALKING,-1.1242234,-0.0920542,9.7062134,0.4073246,-18.5696396,-0.8842362,19.2360486,0.7775490,42.7941966,0.0000000,0.0000000,0.0433214,0.9999999,0.0000000,0.0000000,0.0003781,-1.1518374,-0.1433840,-0.0543205,0.0000000,0.0000000,9.8066500,27.1062590
1,1,0.9800,WALKING,-1.1013895,-0.2563013,9.8181526,0.2760406,-18.8732157,-2.4910352,19.4467606,0.3119049,42.9271351,0.0000000,0.0000000,0.0439178,0.9999999,0.0000000,0.0000000,0.0003833,-1.2192491,-0.1749522,0.0679056,0.0000000,0.0000000,9.8066500,27.0800065
1,1,0.9900,WALKING,-1.1478622,-0.2784091,9.8613933,0.2065464,-18.4403333,-4.7259609,18.9118909,0.2281458,44.0489720,0.0000000,0.0000000,0.0445141,0.9999999,0.0000000,0.0000000,0.0003885,-1.1607869,-0.2696913,0.0938562,0.0000000,0.0000000,9.8066500,27.0943908
1,1,1.0000,WALKING,-1.1788755,-0.2839221,9.9471352,0.1806820,-19.0049482,-7.1780222,19.6886294,0.6847842,43.2940638,0.0000000,0.0000000,0.0451104,0.9999999,0.0000000,0.0000000,0.0003937,-1.1306059,-0.2692118,0.1521668,0.0000000,0.0000000,9.8066500,27.0623914
1,1,1.0100,WALKING,-1.1048181,-0.2888437,9.9511954,0.0236239,-18.4216796,-7.7521078,19.3026064,0.5632414,42.7123838,0.0000000,0.0000000,0.0457065,0.9999999,0.0000000,0.0000000,0.0003989,-1.0834543,-0.3004648,0.2072119,0.0000000,0.0000000,9.8066500,26.9923295
1,1,1.0200,WALKING,-1.0417223,-0.2572290,10.0430999,-0.1025002,-16.7465821,-8.7682988,19.4771745,0.3070242,43.4154951,0.0000000,0.0000000,0.0463025,0.9999999,0.0000000,0.0000000,0.0004041,-1.0059679,-0.3426259,0.2735130,0.0000000,0.0000000,9.8066500,27.0892696
1,1,1.0300,WALKING,-0.9318214,-0.3238654,10.1453790,0.4658566,-15.9826822,-9.7263923,19.7577463,1.0509814,43.5287626,0.0000000,0.0000000,0.0468984,0.9999999,0.0000000,0.0000000,0.0004093,-0.9895353,-0.3477206,0.3030976,0.0000000,0.0000000,9.8066500,27.0583336
1,1,1.0400,WALKING,-0.8928262,-0.3162068,10.0924452,0.4727549,-15.2370155,-9.5039096,20.1828870,0.8046462,42.7563772,0.0000000,0.0000000,0.0474942,0.9999999,0.0000000,0.0000000,0.0004145,-0.8776707,-0.2319771,0.3076506,0.0000000,0.0000000,9.8066500,27.0558692
1,1,1.0500,WALKING,-0.7105308,-0.1871749,10.1579279,-0.3332748,-12.8536138,-9.8933787,19.8177400,-0.0582138,42.4560522,0.0000000,0.0000000,0.0480899,0.9999999,0.0000000,0.0000000,0.0004197,-0.7603212,-0.2237039,0.4344776,0.0000000,0.0000000,9.8066500,27.0664624
1,1,1.0600,WALKING,-0.6815842,-0.1677519,10.2672362,0.1837492,-11.5468938,-9.5964332,19.3330803,0.0948692,43.3343842,0.0000000,0.0000000,0.0486855,0.9999999,0.0000000,0.0000000,0.0004249,-0.6568103,-0.1366969,0.4393194,0.0000000,0.0000000,9.8066500,27.0541163
1,1,1.0700,WALKING,-0.5600848,-0.1990818,10.1947404,-0.1066875,-9.2045904,-8.8549980,19.0855689,1.1814105,43.1512005,0.0000000,0.0000000,0.0492810,0.9999999,0.0000000,0.0000000,0.0004301,-0.6203472,-0.0986675,0.4652467,0.0000000,0.0000000,9.8066500,27.0509904
1,1,1.0800,WALKING,-0.4616490,-0.0246702,10.2283175,0.5257247,-7.9637306,-7.8879926,19.3146093,0.9879852,43.4750055,0.0000000,0.0000000,0.0498764,0.9999999,0.0000000,0.0000000,0.0004353,-0.4464038,-0.0190566,0.4959506,0.0000000,0.0000000,9.8066500,27.0661412
1,1,1.0900,WALKING,-0.3051569,0.0353510,10.2407868,0.0269138,-6.0929044,-5.9640956,18.8809902,-0.5366213,43.5250525,0.0000000,0.0000000,0.0504716,0.9999999,0.0000000,0.0000000,0.0004404,-0.3017766,0.0573044,0.4817774,0.0000000,0.0000000,9.8066500,27.0618473
1,1,1.1000,WALKING,-0.2062881,0.1131806,10.3877492,-0.3161171,-4.2784483,-4.1766886,19.8386959,0.1428247,42.9927395,0.0000000,0.0000000,0.0510668,0.9999999,0.0000000,0.0000000,0.0004456,-0.1976680,0.1264907,0.4973976,0.0000000,0.0000000,9.8066500,27.0345707
1,1,1.1100,WALKING,-0.0994646,0.1029541,10.2661234,0.2997214,-2.1150940,-2.9093657,19.2267475,0.4990307,43.5646589,0.0000000,0.0000000,0.0516618,0.9999999,0.0000000,0.0000000,0.0004508,-0.0609661,0.1317162,0.5099245,0.0000000,0.0000000,9.8066500,27.0885704
1,1,1.1200,WALKING,0.0377920,0.1081635,10.3126825,0.3880120,-0.3907074,-0.7987373,19.8695287,0.6346797,43.3792276,0.0000000,0.0000000,0.0522567,0.9999999,0.0000000,0.0000000,0.0004560,0.0895190,0.2098224,0.5186109,0.0000000,0.0000000,9.8066500,27.1139817
1,1,1.1300,WALKING,0.1811773,0.2031053,10.2082196,0.2279864,1.6548220,0.7526192,18.9479799,0.0474594,43.3320690,0.0000000,0.0000000,0.0528515,0.9999999,0.0000000,0.0000000,0.0004612,0.1763411,0.2097274,0.4872250,0.0000000,0.0000000,9.8066500,27.0564473
1,1,1.1400,WALKING,0.3053326,0.3056292,10.2905075,0.1126467,4.2857773,2.4779483,19.2160168,0.0220957,42.8437236,0.0000000,0.0000000,0.0534462,0.9999999,0.0000000,0.0000000,0.0004664,0.3340107,0.2894608,0.4777084,0.0000000,0.0000000,9.8066500,27.0995114
1,1,1.1500,WALKING,0.5017987,0.2565674,10.2455966,0.8361060,6.1017020,3.5535323,19.8301850,0.2610694,44.0279884,0.0000000,0.0000000,0.0540408,0.9999999,0.0000000,0.0000000,0.0004716,0.4422946,0.2606866,0.4841762,0.0000000,0.0000000,9.8066500,27.0429347
1,1,1.1600,WALKING,0.5214571,0.2559491,10.2699982,0.0105402,7.8273764,5.0105646,19.2593314,0.7250902,43.7073200,0.0000000,0.0000000,0.0546352,0.9999999,0.0000000,0.0000000,0.0004768,0.5992006,0.2896801,0.4629611,0.0000000,0.0000000,9.8066500,27.0267077
1,1,1.1700,WALKING,0.7404772,0.3232442,10.1626334,-0.3210308,9.2408315,6.0259629,18.9303006,0.0081766,43.2056752,0.0000000,0.0000000,0.0552295,0.9999999,0.0000000,0.0000000,0.0004820,0.6882293,0.2836383,0.4193362,0.0000000,0.0000000,9.8066500,27.0881702
1,1,1.1800,WALKING,0.8344466,0.2046934,10.1344294,0.5649031,10.9604983,5.8814064,19.5436300,0.2067077,43.3302583,0.0000000,0.0000000,0.0558237,0.9999999,0.0000000,0.0000000,0.0004872,0.7981688,0.2300293,0.3686901,0.0000000,0.0000000,9.8066500,27.0934149
1,1,1.1900,WALKING,0.8741186,0.2109863,10.0774006,-0.0331186,12.5500083,5.3243802,19.1522417,0.4008343,43.4792558,0.0000000,0.0000000,0.0564178,0.9999999,0.0000000,0.0000000,0.0004923,0.8595529,0.1546662,0.3810035,0.0000000,0.0000000,9.8066500,27.0678607
1,1,1.2000,WALKING,1.0012149,0.0805184,10.0449406,0.0488312,14.0738925,5.4149695,19.3525118,0.3289073,43.3204021,0.0000000,0.0000000,0.0570117,0.9999999,0.0000000,0.0000000,0.0004975,0.9638134,0.1647103,0.2987459,0.0000000,0.0000000,9.8066500,27.1300079
1,1,1.2100,WALKING,0.9886703,0.0395608,10.0506834,-0.2842722,14.8888645,4.4877057,19.1689203,0.4452012,43.2721340,0.0000000,0.0000000,0.0576055,0.9999999,0.0000000,0.0000000,0.0005027,1.0248576,0.0775938,0.2377561,0.0000000,0.0000000,9.8066500,27.0598153
1,1,1.2200,WALKING,1.0721020,0.0285241,9.9752991,-0.1311372,15.9768598,2.9543293,19.0577208,0.8330822,43.6525252,0.0000000,0.0000000,0.0581992,0.9999999,0.0000000,0.0000000,0.0005079,1.1112974,0.0032657,0.2222315,0.0000000,0.0000000,9.8066500,27.0588802
1,1,1.2300,WALKING,1.1788687,-0.0256586,9.8912480,-0.1087070,16.2930383,2.2315402,19.1571606,0.4422007,43.4432097,0.0000000,0.0000000,0.0587928,0.9999999,0.0000000,0.0000000,0.0005131,1.1289797,-0.0401900,0.1266749,0.0000000,0.0000000,9.8066500,27.0464507
1,1,1.2400,WALKING,1.1892165,-0.1520734,9.8299787,0.6529614,16.0740394,0.5873141,19.9759505,0.2639541,44.0200230,0.0000000,0.0000000,0.0593862,0.9999999,0.0000000,0.0000000,0.0005182,1.1824942,-0.0887592,0.0935597,0.0000000,0.0000000,9.8066500,27.1445393
1,1,1.2500,WALKING,1.1515810,-0.2046631,9.8295634,-0.0211136,16.6894009,-0.9156139,19.2785570,0.4586013,43.0990003,0.0000000,0.0000000,0.0599795,0.9999999,0.0000000,0.0000000,0.0005234,1.2047178,-0.2008092,0.0055075,0.0000000,0.0000000,9.8066500,27.1641400
1,1,1.2600,WALKING,1.1960702,-0.2354603,9.7022280,0.2053749,16.5069459,-2.8020669,18.9537681,0.2685532,42.6323823,0.0000000,0.0000000,0.0605726,0.9999999,0.0000000,0.0000000,0.0005286,1.2082154,-0.1960488,-0.0247898,0.0000000,0.0000000,9.8066500,27.0794526
1,1,1.2700,WALKING,1.1948882,-0.3471804,9.6196394,-0.4324258,15.8114180,-4.9826316,19.7086821,0.5071015,42.8746973,0.0000000,0.0000000,0.0611656,0.9999999,0.0000000,0.0000000,0.0005338,1.1638675,-0.3120929,-0.1324071,0.0000000,0.0000000,9.8066500,27.0507313
1,1,1.2800,WALKING,1.2112847,-0.2758334,9.6096044,0.0302461,15.9890546,-6.8611887,18.9486363,0.4724850,42.8831780,0.0000000,0.0000000,0.0617585,0.9999999,0.0000000,0.0000000,0.0005389,1.1647058,-0.2574785,-0.1379346,0.0000000,0.0000000,9.8066500,27.0517588
1,1,1.2900,WALKING,1.0880211,-0.3751261,9.4879670,0.0966677,15.4147029,-7.7367919,19.5563738,-0.4662237,42.5411837,0.0000000,0.0000000,0.0623512,0.9999999,0.0000000,0.0000000,0.0005441,1.0704439,-0.3157057,-0.2024087,0.0000000,0.0000000,9.8066500,27.0737442
1,1,1.3000,WALKING,1.0596286,-0.3195224,9.5503539,-0.0971835,14.5603277,-8.8195014,19.4049306,0.1060932,43.4347335,0.0000000,0.0000000,0.0629438,0.9999998,0.0000000,0.0000000,0.0005493,1.0452340,-0.3233783,-0.2152154,0.0000000,0.0000000,9.8066500,27.0983735
1,1,1.3100,WALKING,0.9020515,-0.2777056,9.4982657,0.4304300,13.5315688,-9.1934839,19.0007776,0.3412809,43.5989220,0.0000000,0.0000000,0.0635363,0.9999998,0.0000000,0.0000000,0.0005545,0.9086141,-0.2694577,-0.2868836,0.0000000,0.0000000,9.8066500,27.1151655
1,1,1.3200,WALKING,0.8577775,-0.2894911,9.4143954,0.4058172,12.0205794,-10.1254836,19.6163987,0.3141714,43.8063636,0.0000000,0.0000000,0.0641286,0.9999998,0.0000000,0.0000000,0.0005596,0.8493848,-0.2578138,-0.3841986,0.0000000,0.0000000,9.8066500,27.1227597
1,1,1.3300,WALKING,0.8188913,-0.1853366,9.3576454,0.1673358,10.3573719,-10.4597267,19.1865481,0.3852233,43.5973871,0.0000000,0.0000000,0.0647208,0.9999998,0.0000000,0.0000000,0.0005648,0.7442398,-0.2101407,-0.3498284,0.0000000,0.0000000,9.8066500,27.0743369
1,1,1.3400,WALKING,0.6361769,-0.1709296,9.3487570,0.3748970,9.0014578,-9.2061768,19.6934292,0.4173771,43.1622778,0.0000000,0.0000000,0.0653128,0.9999998,0.0000000,0.0000000,0.0005700,0.6487941,-0.1729605,-0.4491998,0.0000000,0.0000000,9.8066500,27.0908021
1,1,1.3500,WALKING,0.5044818,-0.0880458,9.2554846,0.1565964,6.4973681,-8.4341906,19.7788193,0.1483407,43.5823953,0.0000000,0.0000000,0.0659047,0.9999998,0.0000000,0.0000000,0.0005751,0.5713636,-0.1102606,-0.4847307,0.0000000,0.0000000,9.8066500,27.0761272
1,1,1.3600,WALKING,0.4283618,0.0105476,9.2604268,-0.2740288,5.8352502,-7.9856642,19.4588503,0.6808772,43.4979491,0.0000000,0.0000000,0.0664964,0.9999998,0.0000000,0.0000000,0.0005803,0.4175472,-0.0115425,-0.5211749,0.0000000,0.0000000,9.8066500,27.1042815
1,1,1.3700,WALKING,0.3024995,0.1083225,9.2176581,-0.1669695,3.7104267,-5.9582120,19.6176725,0.2020016,44.0082548,0.0000000,0.0000000,0.0670880,0.9999998,0.0000000,0.0000000,0.0005855,0.2945600,0.0756823,-0.5021053,0.0000000,0.0000000,9.8066500,27.0434241
1,1,1.3800,WALKING,0.1379720,0.1717930,9.2756792,0.2278028,1.5280125,-4.0001833,19.9792853,0.3757871,43.3628992,0.0000000,0.0000000,0.0676794,0.9999998,0.0000000,0.0000000,0.0005906,0.1282746,0.1585650,-0.5140799,0.0000000,0.0000000,9.8066500,27.0125185
1,1,1.3900,WALKING,-0.0060863,0.1694358,9.2626399,-0.0930690,-0.7162421,-2.2541721,19.3094914,0.0349264,43.6392556,0.0000000,0.0000000,0.0682707,0.9999998,0.0000000,0.0000000,0.0005958,0.0270279,0.1590401,-0.4915972,0.0000000,0.0000000,9.8066500,27.0942226
1,1,1.4000,WALKING,-0.1151219,0.2577228,9.3045137,0.1105891,-2.7010644,-1.0298119,19.6091353,0.3684452,43.4851832,0.0000000,0.0000000,0.0688618,0.9999998,0.0000000,0.0000000,0.0006009,-0.1486208,0.2207969,-0.5599440,0.0000000,0.0000000,9.8066500,27.0941781
1,1,1.4100,WALKING,-0.2645286,0.2418240,9.3016026,0.1383985,-3.8767185,0.8410448,18.4515220,0.2556697,42.7923712,0.0000000,0.0000000,0.0694527,0.9999998,0.0000000,0.0000000,0.0006061,-0.2052757,0.2520239,-0.5316860,0.0000000,0.0000000,9.8066500,27.0667385
1,1,1.4200,WALKING,-0.3673136,0.2739108,9.2636381,-0.1402167,-6.9752909,2.7658387,19.1163880,0.8657018,43.7058231,0.0000000,0.0000000,0.0700435,0.9999998,0.0000000,0.0000000,0.0006112,-0.3636380,0.2775858,-0.4665357,0.0000000,0.0000000,9.8066500,27.1154249
1,1,1.4300,WALKING,-0.5283994,0.2431100,9.3595345,0.0360404,-8.6153522,3.8691771,18.7108145,0.4801966,43.9060948,0.0000000,0.0000000,0.0706342,0.9999998,0.0000000,0.0000000,0.0006164,-0.4741006,0.2738226,-0.5249359,0.0000000,0.0000000,9.8066500,27.0975257
1,1,1.4400,WALKING,-0.6114446,0.2133349,9.3453744,0.0745954,-10.5437064,5.0480466,19.6230913,0.4507113,42.9617899,0.0000000,0.0000000,0.0712247,0.9999998,0.0000000,0.0000000,0.0006216,-0.6351014,0.2828107,-0.4908003,0.0000000,0.0000000,9.8066500,27.0710729
1,1,1.4500,WALKING,-0.7623690,0.1938052,9.2726299,0.3211634,-12.1377158,5.6608391,19.7711927,0.4809093,42.6049469,0.0000000,0.0000000,0.0718150,0.9999998,0.0000000,0.0000000,0.0006267,-0.7017556,0.2552444,-0.3824520,0.0000000,0.0000000,9.8066500,27.0671591
1,1,1.4600,WALKING,-0.8604695,0.1884797,9.3489252,0.1686261,-13.6254485,6.4838589,19.2574389,0.8109086,43.2588672,0.0000000,0.0000000,0.0724052,0.9999998,0.0000000,0.0000000,0.0006319,-0.7974681,0.2551465,-0.3885442,0.0000000,0.0000000,9.8066500,27.1024975
1,1,1.4700,WALKING,-0.8718994,0.1703452,9.4553630,0.5181631,-15.0646399,5.6004215,19.6836461,0.3101625,43.2779121,0.0000000,0.0000000,0.0729952,0.9999998,0.0000000,0.0000000,0.0006370,-0.9765477,0.1422798,-0.3339392,0.0000000,0.0000000,9.8066500,27.0619792
1,1,1.4800,WALKING,-0.9574691,0.0627678,9.4746939,0.3816945,-17.0801308,5.2460802,19.3354083,0.3218922,43.0066725,0.0000000,0.0000000,0.0735850,0.9999998,0.0000000,0.0000000,0.0006422,-0.9828545,0.1062479,-0.3002518,0.0000000,0.0000000,9.8066500,27.1167771
1,1,1.4900,WALKING,-1.0055785,0.0303282,9.4626309,0.2828670,-16.8668525,4.2722708,18.8437669,0.4138624,43.2991298,0.0000000,0.0000000,0.0741747,0.9999998,0.0000000,0.0000000,0.0006473,-1.0485099,0.0294729,-0.2260260,0.0000000,0.0000000,9.8066500,27.0643908
1,1,1.5000,WALKING,-1.0748395,-0.0190342,9.5593524,0.0742740,-18.6289233,3.0677336,19.7140956,0.3476682,42.9039461,0.0000000,0.0000000,0.0747642,0.9999998,0.0000000,0.0000000,0.0006524,-1.1002408,-0.0144933,-0.2328326,0.0000000,0.0000000,9.8066500,27.0325911
1,1,1.5100,WALKING,-1.1510812,-0.1114427,9.6327104,0.2773370,-18.6955462,1.6958487,19.0251298,-0.0221368,42.9810211,0.0000000,0.0000000,0.0753536,0.9999998,0.0000000,0.0000000,0.0006576,-1.2026090,-0.1278389,-0.1542631,0.0000000,0.0000000,9.8066500,27.0769343
1,1,1.5200,WALKING,-1.1042845,-0.1196633,9.7050762,0.5013482,-18.9480896,0.0325700,18.6556290,-0.1160195,43.4871978,0.0000000,0.0000000,0.0759427,0.9999998,0.0000000,0.0000000,0.0006627,-1.2299854,-0.1016661,-0.0924478,0.0000000,0.0000000,9.8066500,27.1401289
1,1,1.5300,WALKING,-1.1657626,-0.2205967,9.7594969,0.5266702,-19.1661017,-1.7976928,19.2061005,0.5461704,43.9235599,0.0000000,0.0000000,0.0765317,0.9999998,0.0000000,0.0000000,0.0006679,-1.1612478,-0.1669610,0.0023791,0.0000000,0.0000000,9.8066500,27.0841544
1,1,1.5400,WALKING,-1.2102113,-0.2641868,9.8644280,0.1955959,-19.0660870,-3.4815274,19.2890650,1.2085770,43.4532486,0.0000000,0.0000000,0.0771206,0.9999998,0.0000000,0.0000000,0.0006730,-1.1878240,-0.2194863,0.0353438,0.0000000,0.0000000,9.8066500,27.1293090
1,1,1.5500,WALKING,-1.1728697,-0.2671048,9.8861684,0.1720352,-18.7618300,-5.2742738,18.8900380,0.0536272,43.0091454,0.0000000,0.0000000,0.0777092,0.9999998,0.0000000,0.0000000,0.0006781,-1.1711151,-0.2415438,0.0874129,0.0000000,0.0000000,9.8066500,27.1014271
1,1,1.5600,WALKING,-1.0680009,-0.2839793,9.9632750,0.3910389,-18.0304415,-7.1984737,19.0769594,0.1348336,43.4182795,0.0000000,0.0000000,0.0782977,0.9999998,0.0000000,0.0000000,0.0006833,-1.1407820,-0.2935409,0.1420577,0.0000000,0.0000000,9.8066500,27.0855514
1,1,1.5700,WALKING,-1.0965404,-0.2787251,10.0082284,0.4716225,-17.1566716,-8.6058545,20.1637228,0.0823192,43.1374202,0.0000000,0.0000000,0.0788860,0.9999998,0.0000000,0.0000000,0.0006884,-1.0197217,-0.2849661,0.1819348,0.0000000,0.0000000,9.8066500,27.1005923
1,1,1.5800,WALKING,-1.0353858,-0.3274927,10.0676470,-0.0371166,-16.1004166,-8.7039959,19.3998215,0.6774822,43.2924990,0.0000000,0.0000000,0.0794741,0.9999998,0.0000000,0.0000000,0.0006935,-0.9850041,-0.2186035,0.3152227,0.0000000,0.0000000,9.8066500,27.1074085
1,1,1.5900,WALKING,-0.9456752,-0.3187201,10.0850007,-0.0715919,-15.2817265,-9.7440077,19.4738616,0.5438823,43.1913469,0.0000000,0.0000000,0.0800621,0.9999998,0.0000000,0.0000000,0.0006987,-0.9266152,-0.2210509,0.2614747,0.0000000,0.0000000,9.8066500,27.1087972
1,1,1.6000,WALKING,-0.8353523,-0.2585701,10.1915014,0.6270001,-13.9044094,-10.3296244,18.7013268,0.4471080,43.2309033,0.0000000,0.0000000,0.0806499,0.9999998,0.0000000,0.0000000,0.0007038,-0.8367142,-0.1948508,0.3292744,0.0000000,0.0000000,9.8066500,27.0690967
1,1,1.6100,WALKING,-0.7754349,-0.1871168,10.2386235,0.4681772,-12.1242372,-9.6974018,19.6170408,0.7959176,42.9687542,0.0000000,0.0000000,0.0812374,0.9999997,0.0000000,0.0000000,0.0007089,-0.7643986,-0.1748101,0.3968311,0.0000000,0.0000000,9.8066500,27.0593782
1,1,1.6200,WALKING,-0.6389173,-0.2178711,10.1713924,-0.1025402,-10.7460344,-8.7870025,19.0003935,0.2264272,43.3524004,0.0000000,0.0000000,0.0818248,0.9999997,0.0000000,0.0000000,0.0007141,-0.6168838,-0.1263316,0.4200673,0.0000000,0.0000000,9.8066500,27.1046774
1,1,1.6300,WALKING,-0.5263653,-0.0805022,10.2181288,0.1010846,-9.4175790,-8.2414488,19.3353945,0.5990271,43.1046160,0.0000000,0.0000000,0.0824121,0.9999997,0.0000000,0.0000000,0.0007192,-0.5280223,-0.0773074,0.4804547,0.0000000,0.0000000,9.8066500,27.1152338
1,1,1.6400,WALKING,-0.3567931,-0.0033672,10.3216241,-0.1321938,-6.9043146,-7.3105563,19.2159076,0.9589072,42.9427146,0.0000000,0.0000000,0.0829991,0.9999997,0.0000000,0.0000000,0.0007243,-0.3566961,-0.0018008,0.5112002,0.0000000,0.0000000,9.8066500,27.0591536
1,1,1.6500,WALKING,-0.2677899,0.0808089,10.3997913,0.3213481,-5.0453511,-5.7254293,19.3838570,0.5170874,43.3338675,0.0000000,0.0000000,0.0835860,0.9999997,0.0000000,0.0000000,0.0007294,-0.2636542,0.0904925,0.5224677,0.0000000,0.0000000,9.8066500,27.0585487
1,1,1.6600,WALKING,-0.1302820,0.2079566,10.2792647,0.2655627,-3.5444113,-3.4554402,19.5950372,-0.5613139,42.9605123,0.0000000,0.0000000,0.0841726,0.9999997,0.0000000,0.0000000,0.0007345,-0.0927619,0.1392110,0.4904948,0.0000000,0.0000000,9.8066500,27.1021518
1,1,1.6700,WALKING,0.0311820,0.1728210,10.2187086,-0.1722859,-1.2326039,-2.4272304,19.4559520,0.1323250,43.0307776,0.0000000,0.0000000,0.0847591,0.9999997,0.0000000,0.0000000,0.0007397,-0.0228486,0.2048686,0.5445858,0.0000000,0.0000000,9.8066500,27.1385698
1,1,1.6800,WALKING,0.1705465,0.2499273,10.3084985,-0.1835174,0.8308191,-0.3034858,19.5776630,0.4068481,43.3429440,0.0000000,0.0000000,0.0853454,0.9999997,0.0000000,0.0000000,0.0007448,0.1294443,0.2130540,0.5182590,0.0000000,0.0000000,9.8066500,27.0980048
1,1,1.6900,WALKING,0.2389512,0.2532038,10.2824481,-0.1789121,2.8413065,1.0590247,19.4746990,-0.0218975,43.2628502,0.0000000,0.0000000,0.0859314,0.9999997,0.0000000,0.0000000,0.0007499,0.2610604,0.2228411,0.5029451,0.0000000,0.0000000,9.8066500,27.0797566
1,1,1.7000,WALKING,0.3952659,0.3321288,10.2798744,0.5880156,5.0000443,3.3858215,19.6457404,1.2806832,43.3212875,0.0000000,0.0000000,0.0865173,0.9999997,0.0000000,0.0000000,0.0007550,0.4187224,0.2813414,0.4741347,0.0000000,0.0000000,9.8066500,27.0942116
1,1,1.7100,WALKING,0.5806429,0.2939831,10.2345112,0.2696800,6.6114470,4.2626043,19.2315565,0.4774573,43.3123769,0.0000000,0.0000000,0.0871030,0.9999997,0.0000000,0.0000000,0.0007601,0.5082005,0.2908784,0.4667399,0.0000000,0.0000000,9.8066500,27.1686705
1,1,1.7200,WALKING,0.5464109,0.2452743,10.2098859,-0.4012205,8.3064481,4.5281563,19.3891292,0.5897776,43.3965892,0.0000000,0.0000000,0.0876885,0.9999997,0.0000000,0.0000000,0.0007652,0.6328141,0.3253772,0.4668699,0.0000000,0.0000000,9.8066500,27.1015931
1,1,1.7300,WALKING,0.7605831,0.2594829,10.1574982,0.2537336,10.1048341,5.7255212,19.0688428,0.3278860,42.8904448,0.0000000,0.0000000,0.0882739,0.9999997,0.0000000,0.0000000,0.0007703,0.7260328,0.2877634,0.3836147,0.0000000,0.0000000,9.8066500,27.1400500
1,1,1.7400,WALKING,0.8504071,0.2063874,10.1646404,0.2757343,11.5249464,6.3518992,19.0156974,0.1111435,43.2444857,0.0000000,0.0000000,0.0888590,0.9999997,0.0000000,0.0000000,0.0007754,0.8148660,0.1861104,0.3915441,0.0000000,0.0000000,9.8066500,27.1228004
1,1,1.7500,WALKING,0.9128399,0.1581482,10.1505712,-0.0643426,13.1664198,5.7295518,19.2335488,0.3109767,43.0907037,0.0000000,0.0000000,0.0894439,0.9999997,0.0000000,0.0000000,0.0007805,0.9012067,0.1929362,0.2887748,0.0000000,0.0000000,9.8066500,27.1499499
1,1,1.7600,WALKING,1.0192233,0.1259774,10.0617107,0.3555875,13.9007107,5.1141013,19.0234640,0.1395083,43.2165510,0.0000000,0.0000000,0.0900286,0.9999997,0.0000000,0.0000000,0.0007856,0.9776650,0.1577608,0.2872559,0.0000000,0.0000000,9.8066500,27.0994018
1,1,1.7700,WALKING,1.1137468,0.0238511,9.9936856,-0.2152970,14.5699955,4.5534368,19.0679714,0.8824667,42.9440057,0.0000000,0.0000000,0.0906131,0.9999997,0.0000000,0.0000000,0.0007907,1.0691997,0.0837083,0.1864079,0.0000000,0.0000000,9.8066500,27.1172804
1,1,1.7800,WALKING,1.0590418,-0.0301890,9.9433631,0.1627100,15.8171623,2.1366725,19.2349437,0.5768489,42.7751392,0.0000000,0.0000000,0.0911974,0.9999997,0.0000000,0.0000000,0.0007958,1.1074621,0.0080845,0.1423867,0.0000000,0.0000000,9.8066500,27.0603453
1,1,1.7900,WALKING,1.1017362,-0.0860428,9.8584021,0.8654063,17.1299189,1.8470463,19.1559028,0.4877345,43.7843424,0.0000000,0.0000000,0.0917815,0.9999997,0.0000000,0.0000000,0.0008009,1.1243089,-0.0407712,0.1175633,0.0000000,0.0000000,9.8066500,27.1024655
1,1,1.8000,WALKING,1.1595256,-0.1487029,9.7837743,0.3589226,16.3626432,-0.2979888,19.6279122,0.8806066,42.9610222,0.0000000,0.0000000,0.0923654,0.9999997,0.0000000,0.0000000,0.0008060,1.1609678,-0.1581849,0.0304364,0.0000000,0.0000000,9.8066500,27.0846427
1,1,1.8100,WALKING,1.2140676,-0.2032081,9.7346659,0.0360473,16.5148848,-1.7281645,19.7118220,0.4369595,43.5287018,0.0000000,0.0000000,0.0929490,0.9999997,0.0000000,0.0000000,0.0008111,1.1694236,-0.1832421,0.0247172,0.0000000,0.0000000,9.8066500,27.1014747
1,1,1.8200,WALKING,1.1546068,-0.2738115,9.6681000,-0.1139137,16.8123625,-4.0709034,19.7536941,0.2500486,43.7957450,0.0000000,0.0000000,0.0935325,0.9999997,0.0000000,0.0000000,0.0008162,1.1646777,-0.2329051,-0.0553313,0.0000000,0.0000000,9.8066500,27.1174572
1,1,1.8300,WALKING,1.1294891,-0.3053178,9.6398675,0.4448749,15.5099008,-5.3178820,19.7993286,0.3251962,43.2792451,0.0000000,0.0000000,0.0941158,0.9999997,0.0000000,0.0000000,0.0008213,1.1569216,-0.2613855,-0.1199584,0.0000000,0.0000000,9.8066500,27.1031648
1,1,1.8400,WALKING,1.1598480,-0.2830447,9.5769584,0.0973062,15.7025297,-6.8854514,19.3867943,0.8167896,43.3974831,0.0000000,0.0000000,0.0946988,0.9999997,0.0000000,0.0000000,0.0008264,1.1036894,-0.3090777,-0.1827181,0.0000000,0.0000000,9.8066500,27.1319778
1,1,1.8500,WALKING,0.9666157,-0.2553082,9.4890438,-0.1151098,14.8292329,-8.4560584,19.3370831,-0.2353201,44.0721747,0.0000000,0.0000000,0.0952817,0.9999997,0.0000000,0.0000000,0.0008315,1.0705033,-0.3239545,-0.2384337,0.0000000,0.0000000,9.8066500,27.1476142
1,1,1.8600,WALKING,0.9433181,-0.2560633,9.5289276,0.3547007,13.7187631,-9.6038537,19.0424181,0.7694291,42.9526692,0.0000000,0.0000000,0.0958643,0.9999997,0.0000000,0.0000000,0.0008366,0.9701409,-0.2762980,-0.2839146,0.0000000,0.0000000,9.8066500,27.1208549
1,1,1.8700,WALKING,0.8680564,-0.2781427,9.4534616,0.8406323,12.4771389,-9.7604159,18.8792756,0.4466340,43.8003861,0.0000000,0.0000000,0.0964467,0.9999996,0.0000000,0.0000000,0.0008417,0.8844948,-0.2595649,-0.3274779,0.0000000,0.0000000,9.8066500,27.1375458
1,1,1.8800,WALKING,0.8202444,-0.2727492,9.3402230,0.3167184,11.4138457,-10.0043804,19.0356152,0.1803900,43.2628874,0.0000000,0.0000000,0.0970289,0.9999996,0.0000000,0.0000000,0.0008467,0.7880238,-0.1780583,-0.3823468,0.0000000,0.0000000,9.8066500,27.1185933
1,1,1.8900,WALKING,0.7042698,-0.2190116,9.3637938,0.3610009,9.6358372,-9.9328219,19.4257399,0.5350689,42.9939191,0.0000000,0.0000000,0.0976108,0.9999996,0.0000000,0.0000000,0.0008518,0.7270835,-0.1644288,-0.4460778,0.0000000,0.0000000,9.8066500,27.1127169
1,1,1.9000,WALKING,0.5505586,-0.1135958,9.3110832,-0.0753126,8.4815693,-9.3874953,19.3998122,0.3918163,43.5060176,0.0000000,0.0000000,0.0981926,0.9999996,0.0000000,0.0000000,0.0008569,0.6091470,-0.1191913,-0.4492467,0.0000000,0.0000000,9.8066500,27.1096177
1,1,1.9100,WALKING,0.4624507,0.0044645,9.2944126,-0.2772329,5.7900326,-8.3959859,18.8655963,0.8051178,42.9958815,0.0000000,0.0000000,0.0987741,0.9999996,0.0000000,0.0000000,0.0008620,0.5130519,-0.0762274,-0.5129546,0.0000000,0.0000000,9.8066500,27.1171210
1,1,1.9200,WALKING,0.3966000,0.0114045,9.3226450,0.5142451,5.0345129,-6.6352559,19.9079728,-0.6673559,43.1951650,0.0000000,0.0000000,0.0993554,0.9999996,0.0000000,0.0000000,0.0008670,0.3967851,0.0217249,-0.5093735,0.0000000,0.0000000,9.8066500,27.1941590
1,1,1.9300,WALKING,0.1316270,0.0523469,9.2674400,0.2722752,2.9510334,-5.1312844,19.2739196,0.5680111,43.3570785,0.0000000,0.0000000,0.0999365,0.9999996,0.0000000,0.0000000,0.0008721,0.2408133,0.0435711,-0.5302694,0.0000000,0.0000000,9.8066500,27.0977236
1,1,1.9400,WALKING,0.0732814,0.1433099,9.2694017,0.2997682,0.7319702,-3.2319838,19.4966670,-0.1230387,43.0796353,0.0000000,0.0000000,0.1005174,0.9999996,0.0000000,0.0000000,0.0008772,0.0977600,0.1473547,-0.4881159,0.0000000,0.0000000,9.8066500,27.0909991
1,1,1.9500,WALKING,-0.0249517,0.2198730,9.2616171,0.1826768,-1.6106738,-1.1542291,19.4859868,0.8204405,43.0382644,0.0000000,0.0000000,0.1010980,0.9999996,0.0000000,0.0000000,0.0008822,-0.0031947,0.2251792,-0.5017370,0.0000000,0.0000000,9.8066500,27.1316974
1,1,1.9600,WALKING,-0.1855259,0.1612868,9.1607280,-0.1314977,-3.8085917,0.1294468,19.6104245,0.9281170,43.3971904,0.0000000,0.0000000,0.1016784,0.9999996,0.0000000,0.0000000,0.0008873,-0.1431023,0.2329545,-0.4756886,0.0000000,0.0000000,9.8066500,27.1381959
1,1,1.9700,WALKING,-0.2898530,0.2907105,9.2753056,0.3685273,-5.4056761,1.7797857,19.8264451,0.1933734,42.9422493,0.0000000,0.0000000,0.1022586,0.9999996,0.0000000,0.0000000,0.0008924,-0.3433611,0.2777960,-0.5432464,0.0000000,0.0000000,9.8066500,27.0685395
1,1,1.9800,WALKING,-0.4249026,0.2591922,9.2775060,0.1529441,-6.9797535,3.3762716,19.4477688,0.2937054,43.4280003,0.0000000,0.0000000,0.1028385,0.9999996,0.0000000,0.0000000,0.0008974,-0.4451363,0.2868898,-0.4658901,0.0000000,0.0000000,9.8066500,27.1191248
1,1,1.9900,WALKING,-0.5579672,0.2551317,9.3625816,0.7170027,-8.6213793,5.1423001,19.2941237,-0.1297143,42.8399438,0.0000000,0.0000000,0.1034183,0.9999996,0.0000000,0.0000000,0.0009025,-0.5464192,0.2870982,-0.4922697,0.0000000,0.0000000,9.8066500,27.1154338
1,1,0.0000,RUNNING,-0.7832784,0.0801188,10.8323765,-0.8116132,-11.7270903,-4.5457972,20.0941289,-0.4523210,42.2494533,0.0000000,0.0000000,-0.1215289,0.9999994,0.0000000,0.0000000,-0.0010605,-0.7471062,0.0897316,1.0319885,0.0000000,0.0000000,9.8066500,27.0059870
1,1,0.0100,RUNNING,-0.3286604,0.2893069,10.9483622,-0.1002240,-5.1366140,-1.8050959,20.0766835,-0.3245574,42.4208019,0.0000000,0.0000000,-0.1209571,0.9999994,0.0000000,0.0000000,-0.0010555,-0.3511948,0.2685906,1.0927471,0.0000000,0.0000000,9.8066500,26.9368400
1,1,0.0200,RUNNING,0.1565936,0.4728185,10.9311552,-0.8208625,1.6469004,1.4846205,19.2569884,0.0780443,42.1125386,0.0000000,0.0000000,-0.1203851,0.9999994,0.0000000,0.0000000,-0.0010506,0.1812420,0.4544745,1.1204482,0.0000000,0.0000000,9.8066500,27.0360978
1,1,0.0300,RUNNING,0.6476832,0.5960428,10.9129004,-0.3587180,7.3227909,4.8029159,20.3196146,0.2570348,42.5625762,0.0000000,0.0000000,-0.1198128,0.9999995,0.0000000,0.0000000,-0.0010456,0.6143199,0.5883585,1.0803265,0.0000000,0.0000000,9.8066500,26.9997331
1,1,0.0400,RUNNING,1.0261373,0.7015470,10.8702630,-0.8447932,13.9536708,6.2446873,19.9901202,-0.3184729,42.0909082,0.0000000,0.0000000,-0.1192402,0.9999995,0.0000000,0.0000000,-0.0010406,1.0889316,0.6016014,1.0135658,0.0000000,0.0000000,9.8066500,26.9967352
1,1,0.0500,RUNNING,1.4506810,0.5217649,10.7021023,-0.7700644,19.1279011,8.3193994,19.7331532,-0.3934900,41.9223193,0.0000000,0.0000000,-0.1186673,0.9999995,0.0000000,0.0000000,-0.0010356,1.4887096,0.5996885,0.8819650,0.0000000,0.0000000,9.8066500,27.0030091
1,1,0.0600,RUNNING,1.7663135,0.4415834,10.5811920,-0.0551860,23.8229139,8.8079664,19.6434549,-0.7552731,42.3114650,0.0000000,0.0000000,-0.1180942,0.9999995,0.0000000,0.0000000,-0.0010306,1.8083995,0.4549496,0.7698976,0.0000000,0.0000000,9.8066500,26.9951836
1,1,0.0700,RUNNING,2.0943581,0.2820673,10.4287423,-0.9593511,28.5191853,7.4921305,19.8382912,0.0251393,41.7364771,0.0000000,0.0000000,-0.1175208,0.9999995,0.0000000,0.0000000,-0.0010256,2.1024656,0.2791391,0.6167992,0.0000000,0.0000000,9.8066500,27.0083267
1,1,0.0800,RUNNING,2.3543807,0.0386963,10.2235467,-0.6760082,31.7148073,5.7270872,19.3840747,-0.8254670,42.5535995,0.0000000,0.0000000,-0.1169472,0.9999995,0.0000000,0.0000000,-0.0010206,2.2749361,0.0331238,0.4298492,0.0000000,0.0000000,9.8066500,26.9675243
1,1,0.0900,RUNNING,2.4338005,-0.1853359,10.0375134,-1.6591234,33.6695153,3.2439289,20.0754496,-0.4594051,42.5726266,0.0000000,0.0000000,-0.1163733,0.9999995,0.0000000,0.0000000,-0.0010155,2.4368067,-0.1848913,0.2016533,0.0000000,0.0000000,9.8066500,27.0273489
1,1,0.1000,RUNNING,2.4894636,-0.3755498,9.7984583,-1.3361622,34.2079704,0.0149133,19.8848996,0.2902019,42.1512479,0.0000000,0.0000000,-0.1157991,0.9999995,0.0000000,0.0000000,-0.0010105,2.4697143,-0.4202232,0.0075685,0.0000000,0.0000000,9.8066500,27.0510089
1,1,0.1100,RUNNING,2.3781766,-0.4674589,9.6497099,-1.1013298,33.0103913,-2.3665987,20.3341770,-0.4627409,42.2193909,0.0000000,0.0000000,-0.1152246,0.9999995,0.0000000,0.0000000,-0.0010055,2.4328345,-0.5834175,-0.1949250,0.0000000,0.0000000,9.8066500,26.9919160
1,1,0.1200,RUNNING,2.2894936,-0.6058290,9.4383752,-0.3958414,31.3210858,-5.1260216,20.8447072,-1.0243018,41.9871194,0.0000000,0.0000000,-0.1146500,0.9999995,0.0000000,0.0000000,-0.0010005,2.2916955,-0.6343322,-0.3539749,0.0000000,0.0000000,9.8066500,27.0238485
1,1,0.1300,RUNNING,2.0566854,-0.5878421,9.1970152,-0.4828786,28.4903219,-7.2366786,19.4191807,-0.5427585,42.5566700,0.0000000,0.0000000,-0.1140750,0.9999995,0.0000000,0.0000000,-0.0009955,2.0727275,-0.5886132,-0.6402345,0.0000000,0.0000000,9.8066500,27.0285914
1,1,0.1400,RUNNING,1.7611021,-0.4182727,9.0967068,-0.9956193,24.0237543,-7.6604053,20.1034421,-0.5269781,41.4959354,0.0000000,0.0000000,-0.1134998,0.9999995,0.0000000,0.0000000,-0.0009905,1.7890060,-0.4983869,-0.7603068,0.0000000,0.0000000,9.8066500,27.0349971
1,1,0.1500,RUNNING,1.4193938,-0.3303665,8.9362273,-0.8529334,19.9434091,-6.7881809,20.1221883,0.0877425,41.4060559,0.0000000,0.0000000,-0.1129243,0.9999995,0.0000000,0.0000000,-0.0009855,1.4034272,-0.2887984,-0.9183102,0.0000000,0.0000000,9.8066500,27.0061664
1,1,0.1600,RUNNING,1.0176629,-0.0559903,8.7395687,-0.8168949,13.7711853,-6.0220555,20.0781134,-0.5553317,41.9231964,0.0000000,0.0000000,-0.1123486,0.9999995,0.0000000,0.0000000,-0.0009804,1.0705688,-0.1065263,-0.9848534,0.0000000,0.0000000,9.8066500,26.9857644
1,1,0.1700,RUNNING,0.5546990,0.1652199,8.7701399,-0.6854564,7.6364890,-3.4312762,20.0927779,-0.3522097,41.5849692,0.0000000,0.0000000,-0.1117726,0.9999995,0.0000000,0.0000000,-0.0009754,0.6318482,0.1273145,-1.1209392,0.0000000,0.0000000,9.8066500,27.0422912
1,1,0.1800,RUNNING,0.1409882,0.3011249,8.7309189,-0.9713669,0.5237159,0.1092135,19.8876141,-1.0016918,41.9882684,0.0000000,0.0000000,-0.1111964,0.9999995,0.0000000,0.0000000,-0.0009704,0.1779628,0.3217868,-1.1173731,0.0000000,0.0000000,9.8066500,27.0179676
1,1,0.1900,RUNNING,-0.2958688,0.5465597,8.7332540,-0.7649450,-5.4795534,2.1457227,19.2478084,-0.6013880,41.2378387,0.0000000,0.0000000,-0.1106199,0.9999995,0.0000000,0.0000000,-0.0009653,-0.3204536,0.4927738,-1.1234633,0.0000000,0.0000000,9.8066500,27.0030083
1,1,0.2000,RUNNING,-0.7642592,0.6624504,8.8531869,-1.1931089,-12.0542945,5.6055200,20.0852141,-1.0170314,41.7410528,0.0000000,0.0000000,-0.1100432,0.9999995,0.0000000,0.0000000,-0.0009603,-0.7907679,0.6388734,-1.0409226,0.0000000,0.0000000,9.8066500,27.0296916
1,1,0.2100,RUNNING,-1.2278812,0.6120521,8.8348742,-1.1549194,-18.2858121,7.1668354,19.6666809,-0.3891001,41.8076000,0.0000000,0.0000000,-0.1094662,0.9999995,0.0000000,0.0000000,-0.0009553,-1.2322716,0.5870310,-0.9700544,0.0000000,0.0000000,9.8066500,26.9950166
1,1,0.2200,RUNNING,-1.6565714,0.5924174,9.0266976,-0.2968138,-23.3318873,8.4479412,20.0757998,-0.5232035,41.7283013,0.0000000,0.0000000,-0.1088890,0.9999995,0.0000000,0.0000000,-0.0009502,-1.5955599,0.4992938,-0.8537304,0.0000000,0.0000000,9.8066500,27.0216472
1,1,0.2300,RUNNING,-2.0290324,0.4405359,9.0999758,-1.4356322,-28.5594294,8.3925232,20.2686001,-0.6211569,42.1801095,0.0000000,0.0000000,-0.1083115,0.9999996,0.0000000,0.0000000,-0.0009452,-1.9332709,0.3464095,-0.7064886,0.0000000,0.0000000,9.8066500,26.9799493
1,1,0.2400,RUNNING,-2.2012626,0.1811704,9.3346197,-0.3878720,-31.6394833,7.8628669,19.8391780,-0.4792806,42.4861191,0.0000000,0.0000000,-0.1077338,0.9999996,0.0000000,0.0000000,-0.0009402,-2.1730234,0.1563643,-0.5562547,0.0000000,0.0000000,9.8066500,26.9842468
1,1,0.2500,RUNNING,-2.4043887,0.0375791,9.3906391,-1.3845968,-34.5362020,5.3860842,19.9748985,-1.1676360,41.6342444,0.0000000,0.0000000,-0.1071559,0.9999996,0.0000000,0.0000000,-0.0009351,-2.3627323,-0.0529849,-0.3458963,0.0000000,0.0000000,9.8066500,27.0424691
1,1,0.2600,RUNNING,-2.4984656,-0.2439256,9.6726797,-0.6127271,-35.8945890,3.0378480,20.4966165,-0.9286992,42.0270677,0.0000000,0.0000000,-0.1065777,0.9999996,0.0000000,0.0000000,-0.0009301,-2.4774643,-0.2525359,-0.1408838,0.0000000,0.0000000,9.8066500,27.0261033
1,1,0.2700,RUNNING,-2.4994687,-0.4210863,9.9174569,-1.0149979,-36.0422358,-0.9818957,20.1591818,-0.5345000,41.8469393,0.0000000,0.0000000,-0.1059993,0.9999996,0.0000000,0.0000000,-0.0009250,-2.4329495,-0.4682976,0.0640757,0.0000000,0.0000000,9.8066500,27.0060567
1,1,0.2800,RUNNING,-2.4022951,-0.5442137,10.1135674,-0.2755418,-35.2345328,-2.7027855,19.6680147,-0.3037768,42.1578024,0.0000000,0.0000000,-0.1054206,0.9999996,0.0000000,0.0000000,-0.0009200,-2.3480852,-0.5516028,0.2960146,0.0000000,0.0000000,9.8066500,26.9981038
1,1,0.2900,RUNNING,-2.3007678,-0.6286326,10.2725710,-1.0509844,-32.7305495,-5.5231903,19.5636276,-0.2570214,41.8108822,0.0000000,0.0000000,-0.1048417,0.9999996,0.0000000,0.0000000,-0.0009149,-2.2386973,-0.6012609,0.4847357,0.0000000,0.0000000,9.8066500,27.0322734
1,1,0.3000,RUNNING,-2.0887513,-0.5555035,10.5012162,-0.9336918,-29.9591686,-7.2056197,19.9242115,-0.4249412,41.2176650,0.0000000,0.0000000,-0.1042626,0.9999996,0.0000000,0.0000000,-0.0009099,-2.0320522,-0.5482509,0.6603942,0.0000000,0.0000000,9.8066500,26.9527478
1,1,0.3100,RUNNING,-1.7715844,-0.4288520,10.5661967,-1.1478698,-24.9889414,-7.8257206,19.9427101,-0.5953656,41.7373740,0.0000000,0.0000000,-0.1036832,0.9999996,0.0000000,0.0000000,-0.0009048,-1.6914660,-0.4732112,0.8141868,0.0000000,0.0000000,9.8066500,27.0226135
1,1,0.3200,RUNNING,-1.4081197,-0.2293638,10.7380232,-1.1523988,-19.4714358,-6.7447855,19.2461454,-0.0996225,42.0941155,0.0000000,0.0000000,-0.1031036,0.9999996,0.0000000,0.0000000,-0.0008997,-1.3087731,-0.2305414,0.9426242,0.0000000,0.0000000,9.8066500,26.9909926
1,1,0.3300,RUNNING,-0.8604820,-0.0051372,10.8436251,-0.4418172,-13.8644906,-4.6492328,19.8763501,-0.3277317,41.9414712,0.0000000,0.0000000,-0.1025237,0.9999996,0.0000000,0.0000000,-0.0008947,-0.8816396,-0.0462719,1.0093410,0.0000000,0.0000000,9.8066500,27.0273617
1,1,0.3400,RUNNING,-0.4683294,0.1424464,10.9569264,-0.4899108,-7.5374936,-2.0840365,20.0244389,-0.9561414,42.1624322,0.0000000,0.0000000,-0.1019437,0.9999996,0.0000000,0.0000000,-0.0008896,-0.4837322,0.1827579,1.1099195,0.0000000,0.0000000,9.8066500,27.0367387
1,1,0.3500,RUNNING,-0.0273673,0.4432482,11.0042007,-0.5720467,0.0321731,0.4433394,20.7865956,-0.0675675,42.3234461,0.0000000,0.0000000,-0.1013634,0.9999996,0.0000000,0.0000000,-0.0008846,-0.0097787,0.4186361,1.1095986,0.0000000,0.0000000,9.8066500,27.0239809
1,1,0.3600,RUNNING,0.4189762,0.6171349,10.9145710,-0.7272969,5.3551644,4.1862095,20.1957362,-0.9734384,41.9359466,0.0000000,0.0000000,-0.1007828,0.9999996,0.0000000,0.0000000,-0.0008795,0.4542878,0.5246199,1.0866342,0.0000000,0.0000000,9.8066500,27.0402235
1,1,0.3700,RUNNING,0.9549680,0.5989995,10.9139908,-1.2317706,11.9427710,5.8928794,20.0055438,-1.1049551,41.8326397,0.0000000,0.0000000,-0.1002021,0.9999996,0.0000000,0.0000000,-0.0008744,0.9024522,0.5697962,1.0045907,0.0000000,0.0000000,9.8066500,27.0062254
1,1,0.3800,RUNNING,1.3187295,0.6645389,10.7955135,-0.2992787,18.1240490,7.7981072,19.7863182,-0.3899620,42.4702282,0.0000000,0.0000000,-0.0996211,0.9999996,0.0000000,0.0000000,-0.0008694,1.3569213,0.6170240,0.9369470,0.0000000,0.0000000,9.8066500,27.0210355
1,1,0.3900,RUNNING,1.6661693,0.5334174,10.5959521,-0.7405086,23.1670954,8.4388856,20.1267536,-0.7137450,41.9855912,0.0000000,0.0000000,-0.0990399,0.9999996,0.0000000,0.0000000,-0.0008643,1.7455537,0.5217554,0.8318804,0.0000000,0.0000000,9.8066500,27.0584229
1,1,0.4000,RUNNING,2.0478147,0.2846414,10.4503017,-0.7608878,26.8817624,8.1710790,20.1987549,-0.4988999,42.2490859,0.0000000,0.0000000,-0.0984585,0.9999996,0.0000000,0.0000000,-0.0008592,2.0106620,0.3399400,0.6934303,0.0000000,0.0000000,9.8066500,26.9936562
1,1,0.4100,RUNNING,2.2366511,0.1014165,10.2667175,-0.4523439,30.5846229,6.5468337,19.9139917,-0.4419141,42.2997729,0.0000000,0.0000000,-0.0978768,0.9999996,0.0000000,0.0000000,-0.0008541,2.2522774,0.1346191,0.4779650,0.0000000,0.0000000,9.8066500,27.0361488
1,1,0.4200,RUNNING,2.3535181,-0.1516480,10.0785868,-0.6662922,33.2159270,3.8925176,20.6162071,-1.0677756,41.5798569,0.0000000,0.0000000,-0.0972949,0.9999996,0.0000000,0.0000000,-0.0008491,2.3800006,-0.0617057,0.2842485,0.0000000,0.0000000,9.8066500,27.0486199
1,1,0.4300,RUNNING,2.4475512,-0.3473490,9.9108228,-0.8121469,33.8415652,1.8857081,20.1055096,-0.9278044,41.3007686,0.0000000,0.0000000,-0.0967128,0.9999996,0.0000000,0.0000000,-0.0008440,2.4919204,-0.3479546,0.0748457,0.0000000,0.0000000,9.8066500,27.0614528
1,1,0.4400,RUNNING,2.4402986,-0.5155568,9.6669000,-0.4122773,33.4146163,-1.9554491,20.6043921,-0.5821935,42.2089597,0.0000000,0.0000000,-0.0961305,0.9999996,0.0000000,0.0000000,-0.0008389,2.4675736,-0.4505972,-0.1522109,0.0000000,0.0000000,9.8066500,27.0417928
1,1,0.4500,RUNNING,2.3528933,-0.5986035,9.5347152,-0.5221662,32.0373036,-4.0870629,19.7237280,-0.2461738,42.2266111,0.0000000,0.0000000,-0.0955480,0.9999997,0.0000000,0.0000000,-0.0008338,2.3519122,-0.5656492,-0.3175239,0.0000000,0.0000000,9.8066500,27.0038193
1,1,0.4600,RUNNING,2.1694733,-0.6672277,9.2399799,-1.0425162,29.1526541,-6.4756046,19.7035594,-1.0435377,41.8983384,0.0000000,0.0000000,-0.0949653,0.9999997,0.0000000,0.0000000,-0.0008287,2.1878739,-0.5637997,-0.5553299,0.0000000,0.0000000,9.8066500,27.0135573
1,1,0.4700,RUNNING,1.8779820,-0.5061367,9.1191159,-0.9605330,26.1873407,-7.5542503,19.8201120,-0.0810634,42.2258337,0.0000000,0.0000000,-0.0943823,0.9999997,0.0000000,0.0000000,-0.0008236,1.9068819,-0.5772721,-0.7097194,0.0000000,0.0000000,9.8066500,27.0118459
1,1,0.4800,RUNNING,1.5087306,-0.3476091,9.0104874,-0.6787655,21.0906956,-7.6110447,20.2730130,-0.9485937,42.1448878,0.0000000,0.0000000,-0.0937992,0.9999997,0.0000000,0.0000000,-0.0008186,1.5355479,-0.3793465,-0.8796064,0.0000000,0.0000000,9.8066500,27.0186758
1,1,0.4900,RUNNING,1.1757720,-0.1303171,8.8949627,-0.5197113,15.0724834,-6.0193356,19.3893760,0.1446160,41.5840501,0.0000000,0.0000000,-0.0932158,0.9999997,0.0000000,0.0000000,-0.0008135,1.2059816,-0.1602790,-0.9454804,0.0000000,0.0000000,9.8066500,27.0672850
1,1,0.5000,RUNNING,0.7410566,0.0473181,8.7123389,-0.6302900,9.3560181,-3.8678941,19.2928292,-0.7668414,42.2063043,0.0000000,0.0000000,-0.0926322,0.9999997,0.0000000,0.0000000,-0.0008084,0.7798172,0.0774563,-1.0479008,0.0000000,0.0000000,9.8066500,27.0270505
1,1,0.5100,RUNNING,0.2146580,0.3571985,8.7746488,-1.2255861,4.2805300,-1.9751652,19.5539418,0.2906290,41.5498586,0.0000000,0.0000000,-0.0920484,0.9999997,0.0000000,0.0000000,-0.0008033,0.2823228,0.2773569,-1.0998910,0.0000000,0.0000000,9.8066500,27.0148549
1,1,0.5200,RUNNING,-0.2481739,0.5309808,8.7290640,-0.6441331,-3.6036010,1.5856756,19.7155487,-0.4176121,42.0519803,0.0000000,0.0000000,-0.0914644,0.9999997,0.0000000,0.0000000,-0.0007982,-0.1742771,0.4930072,-1.1340232,0.0000000,0.0000000,9.8066500,27.0200900
1,1,0.5300,RUNNING,-0.6538525,0.6338147,8.7290394,-0.0590728,-9.7351627,3.6563061,20.2503494,-0.8821403,42.0967372,0.0000000,0.0000000,-0.0908802,0.9999997,0.0000000,0.0000000,-0.0007931,-0.6559350,0.5706660,-1.0987491,0.0000000,0.0000000,9.8066500,27.0861897
1,1,0.5400,RUNNING,-1.0805827,0.6525734,8.8348851,-0.7659093,-15.6601422,6.9238796,20.1849809,-0.5369790,41.9712242,0.0000000,0.0000000,-0.0902958,0.9999997,0.0000000,0.0000000,-0.0007880,-1.0635888,0.6304837,-0.9853039,0.0000000,0.0000000,9.8066500,27.0638250
1,1,0.5500,RUNNING,-1.5066185,0.5701756,8.8947103,-0.5507773,-21.7127798,8.2331306,20.0454424,-0.4303061,42.1400078,0.0000000,0.0000000,-0.0897112,0.9999997,0.0000000,0.0000000,-0.0007829,-1.4807299,0.5417638,-0.9250810,0.0000000,0.0000000,9.8066500,27.0283495
1,1,0.5600,RUNNING,-1.8885909,0.4803570,9.0011061,0.1081540,-27.1558216,8.3835816,19.3049203,-0.8180911,41.6596891,0.0000000,0.0000000,-0.0891264,0.9999997,0.0000000,0.0000000,-0.0007778,-1.8355138,0.4204846,-0.7799665,0.0000000,0.0000000,9.8066500,27.0364647
1,1,0.5700,RUNNING,-2.2122107,0.2605636,9.2624332,-0.7556451,-31.1819490,7.3784770,20.3096980,-0.5935353,42.2635489,0.0000000,0.0000000,-0.0885413,0.9999997,0.0000000,0.0000000,-0.0007727,-2.1406330,0.2498281,-0.5784535,0.0000000,0.0000000,9.8066500,27.0524825
1,1,0.5800,RUNNING,-2.3266030,0.0648028,9.4646549,-0.7077916,-33.8865630,5.9458910,19.7509452,0.2103210,42.1010705,0.0000000,0.0000000,-0.0879561,0.9999997,0.0000000,0.0000000,-0.0007676,-2.3136262,-0.0039310,-0.4150996,0.0000000,0.0000000,9.8066500,27.0334015
1,1,0.5900,RUNNING,-2.4901114,-0.1593593,9.6058282,-0.8594801,-35.5217346,3.3125841,20.1953693,-0.5080656,41.8391345,0.0000000,0.0000000,-0.0873707,0.9999997,0.0000000,0.0000000,-0.0007625,-2.4094472,-0.1676173,-0.2455499,0.0000000,0.0000000,9.8066500,27.0857759
1,1,0.6000,RUNNING,-2.5217288,-0.3569517,9.8239800,-1.1458837,-36.0297757,0.7969587,19.5686007,-0.3867228,41.3191732,0.0000000,0.0000000,-0.0867851,0.9999997,0.0000000,0.0000000,-0.0007573,-2.4715346,-0.4067442,-0.0289171,0.0000000,0.0000000,9.8066500,27.0296581
1,1,0.6100,RUNNING,-2.5046891,-0.5020045,9.9200561,-1.2283029,-35.7843103,-2.5629960,19.8941861,-0.5923469,41.6707795,0.0000000,0.0000000,-0.0861993,0.9999997,0.0000000,0.0000000,-0.0007522,-2.4073781,-0.5519848,0.2380226,0.0000000,0.0000000,9.8066500,27.0437728
1,1,0.6200,RUNNING,-2.3087750,-0.6170633,10.2731090,-0.9971263,-33.2244042,-4.5860200,20.1686320,-0.3870953,41.6656570,0.0000000,0.0000000,-0.0856133,0.9999997,0.0000000,0.0000000,-0.0007471,-2.2632691,-0.6099293,0.4234420,0.0000000,0.0000000,9.8066500,27.0729433
1,1,0.6300,RUNNING,-2.0716734,-0.5536295,10.4436860,-0.8710054,-30.4002294,-6.1704882,19.7740331,-0.2233389,42.3932020,0.0000000,0.0000000,-0.0850271,0.9999997,0.0000000,0.0000000,-0.0007420,-2.0574928,-0.6417430,0.5730877,0.0000000,0.0000000,9.8066500,27.0214100
1,1,0.6400,RUNNING,-1.8869150,-0.4166535,10.6059052,-0.2577636,-27.1681960,-7.9387067,20.5043241,-0.9641555,42.0083247,0.0000000,0.0000000,-0.0844407,0.9999997,0.0000000,0.0000000,-0.0007369,-1.8273992,-0.4660554,0.7893375,0.0000000,0.0000000,9.8066500,26.9927189
1,1,0.6500,RUNNING,-1.5290182,-0.2617834,10.7550740,-0.6308886,-21.6475607,-6.4261255,19.6607838,-0.6012011,41.9483197,0.0000000,0.0000000,-0.0838542,0.9999997,0.0000000,0.0000000,-0.0007318,-1.4591469,-0.2781787,0.9149318,0.0000000,0.0000000,9.8066500,27.0423641
1,1,0.6600,RUNNING,-1.1311682,-0.0146384,10.9000005,-0.5967950,-15.4614329,-5.6254381,20.4348026,-1.4344796,41.8213543,0.0000000,0.0000000,-0.0832674,0.9999997,0.0000000,0.0000000,-0.0007266,-1.0211006,-0.1187817,1.0110724,0.0000000,0.0000000,9.8066500,26.9691397
1,1,0.6700,RUNNING,-0.5722581,0.2066149,10.8818481,-0.6666728,-9.4400567,-3.2772617,20.5582085,-0.5269241,42.1562042,0.0000000,0.0000000,-0.0826804,0.9999997,0.0000000,0.0000000,-0.0007215,-0.5636504,0.1397017,1.0825229,0.0000000,0.0000000,9.8066500,27.0079645
1,1,0.6800,RUNNING,-0.1752390,0.3477994,10.9117544,-0.6338909,-3.5869384,-0.7187125,20.5804348,-0.2904506,42.2646484,0.0000000,0.0000000,-0.0820933,0.9999997,0.0000000,0.0000000,-0.0007164,-0.1537961,0.3306319,1.1421620,0.0000000,0.0000000,9.8066500,27.0493394
1,1,0.6900,RUNNING,0.2514783,0.5780382,10.9430987,-0.1503496,3.0490590,2.3978590,20.2556362,-0.8724178,42.3231913,0.0000000,0.0000000,-0.0815060,0.9999997,0.0000000,0.0000000,-0.0007113,0.2850050,0.5095536,1.1161969,0.0000000,0.0000000,9.8066500,27.0375789
1,1,0.7000,RUNNING,0.7536020,0.6390212,10.8377107,-0.7116427,9.6194207,5.0310752,19.7739341,-0.4121602,42.5301306,0.0000000,0.0000000,-0.0809185,0.9999998,0.0000000,0.0000000,-0.0007061,0.7864650,0.5822730,1.0743165,0.0000000,0.0000000,9.8066500,27.0437589
1,1,0.7100,RUNNING,1.1687655,0.6201186,10.7171973,-0.3737439,16.0872345,7.5615835,19.0244179,-0.4128015,41.6726209,0.0000000,0.0000000,-0.0803308,0.9999998,0.0000000,0.0000000,-0.0007010,1.2144858,0.5818731,0.9751028,0.0000000,0.0000000,9.8066500,27.0432217
1,1,0.7200,RUNNING,1.5126089,0.5656834,10.6609078,-0.8209127,21.3906397,8.3373696,19.9774409,-0.5375831,41.9153159,0.0000000,0.0000000,-0.0797429,0.9999998,0.0000000,0.0000000,-0.0006959,1.5736419,0.5656485,0.8450509,0.0000000,0.0000000,9.8066500,27.0384531
1,1,0.7300,RUNNING,1.8368212,0.4384236,10.5532807,-0.3904066,26.0556638,8.2412934,19.6204786,-0.7063437,41.9803310,0.0000000,0.0000000,-0.0791549,0.9999998,0.0000000,0.0000000,-0.0006908,1.9137853,0.3520289,0.6954793,0.0000000,0.0000000,9.8066500,27.0463966
1,1,0.7400,RUNNING,2.1208514,0.1531076,10.3300798,-0.8995407,29.3052513,7.0042251,19.9318916,-0.4775396,41.8525672,0.0000000,0.0000000,-0.0785667,0.9999998,0.0000000,0.0000000,-0.0006856,2.1910703,0.1692187,0.5484889,0.0000000,0.0000000,9.8066500,27.0300531
1,1,0.7500,RUNNING,2.3488073,-0.0765803,10.1589762,-1.2482459,32.1221992,5.4675950,20.2239872,-0.4884507,41.6263909,0.0000000,0.0000000,-0.0779783,0.9999998,0.0000000,0.0000000,-0.0006805,2.3444199,-0.1025553,0.2927018,0.0000000,0.0000000,9.8066500,27.0828786
1,1,0.7600,RUNNING,2.4395960,-0.2256229,9.9380217,-0.6816858,33.8190895,2.0542449,20.5780041,-0.2769829,41.2841861,0.0000000,0.0000000,-0.0773897,0.9999998,0.0000000,0.0000000,-0.0006754,2.4906562,-0.2247141,0.1071450,0.0000000,0.0000000,9.8066500,27.0277102
1,1,0.7700,RUNNING,2.4576731,-0.4378082,9.7078180,-0.7215785,33.7933983,-0.2991044,20.4502356,-0.0377804,42.0709893,0.0000000,0.0000000,-0.0768009,0.9999998,0.0000000,0.0000000,-0.0006702,2.4717435,-0.4612659,-0.0737008,0.0000000,0.0000000,9.8066500,27.0381079
1,1,0.7800,RUNNING,2.3594927,-0.5584790,9.5614345,-1.2581235,33.1170996,-3.5577932,20.0907004,-0.4517449,42.4227115,0.0000000,0.0000000,-0.0762120,0.9999998,0.0000000,0.0000000,-0.0006651,2.4055775,-0.5774438,-0.3424590,0.0000000,0.0000000,9.8066500,27.0867397
1,1,0.7900,RUNNING,2.1961151,-0.6126118,9.3198689,-0.3483897,29.7290938,-5.6822809,20.0891604,-0.6959067,42.1594377,0.0000000,0.0000000,-0.0756229,0.9999998,0.0000000,0.0000000,-0.0006599,2.2895704,-0.5982971,-0.4333893,0.0000000,0.0000000,9.8066500,27.0511412
1,1,0.8000,RUNNING,1.9353565,-0.5570322,9.0963500,-0.5375289,26.9585598,-7.2499025,20.1677797,-0.3556986,42.1657317,0.0000000,0.0000000,-0.0750337,0.9999998,0.0000000,0.0000000,-0.0006548,1.9650607,-0.5496357,-0.6198838,0.0000000,0.0000000,9.8066500,27.0582518
1,1,0.8100,RUNNING,1.6428695,-0.4355078,9.0363877,-0.7557317,22.7933142,-7.4533430,20.1880395,0.0910168,41.9213941,0.0000000,0.0000000,-0.0744442,0.9999998,0.0000000,0.0000000,-0.0006496,1.6955340,-0.4469497,-0.8368213,0.0000000,0.0000000,9.8066500,27.0043914
1,1,0.8200,RUNNING,1.2655995,-0.2151011,8.8310910,-0.4021241,17.1464899,-6.5037156,20.1083475,-0.2843254,41.9621672,0.0000000,0.0000000,-0.0738546,0.9999998,0.0000000,0.0000000,-0.0006445,1.3000482,-0.2464667,-0.9564329,0.0000000,0.0000000,9.8066500,27.0355791
1,1,0.8300,RUNNING,0.8396619,0.0228974,8.7672570,-0.7171625,12.0392460,-4.9656724,20.5677259,-0.3905223,41.9039013,0.0000000,0.0000000,-0.0732649,0.9999998,0.0000000,0.0000000,-0.0006394,0.9215275,-0.0178695,-1.0442525,0.0000000,0.0000000,9.8066500,27.0609511
1,1,0.8400,RUNNING,0.3655552,0.1749546,8.7269774,-0.6973914,5.6448709,-2.2931753,20.6016207,-0.1345245,42.3481475,0.0000000,0.0000000,-0.0726749,0.9999998,0.0000000,0.0000000,-0.0006342,0.4360809,0.2069039,-1.0921118,0.0000000,0.0000000,9.8066500,27.0424919
1,1,0.8500,RUNNING,-0.0179299,0.4330872,8.7172394,-1.0966708,-1.2666684,0.1527058,19.3122155,-0.3256354,42.2236114,0.0000000,0.0000000,-0.0720848,0.9999998,0.0000000,0.0000000,-0.0006291,-0.0082251,0.4246874,-1.0943215,0.0000000,0.0000000,9.8066500,27.0429106
1,1,0.8600,RUNNING,-0.5034003,0.5140285,8.7249635,-1.1570224,-7.4336945,3.1077164,21.0499409,-1.0144910,41.9188083,0.0000000,0.0000000,-0.0714946,0.9999998,0.0000000,0.0000000,-0.0006239,-0.4581858,0.5576494,-1.0827696,0.0000000,0.0000000,9.8066500,27.0701709
1,1,0.8700,RUNNING,-0.9645385,0.6586296,8.7480711,-0.7241639,-13.8898390,6.2310402,20.3789896,0.1380909,41.9369556,0.0000000,0.0000000,-0.0709041,0.9999998,0.0000000,0.0000000,-0.0006188,-0.9943611,0.6308867,-1.0633968,0.0000000,0.0000000,9.8066500,27.1028353
1,1,0.8800,RUNNING,-1.3711384,0.6633857,8.8567457,-0.1296204,-19.9852305,7.7206727,20.3793999,0.2638104,42.4439049,0.0000000,0.0000000,-0.0703136,0.9999998,0.0000000,0.0000000,-0.0006136,-1.3351790,0.5584605,-0.9774940,0.0000000,0.0000000,9.8066500,27.0773672
1,1,0.8900,RUNNING,-1.7537082,0.5118560,9.0126411,-0.7470181,-25.1420187,8.4655507,19.7089860,-0.7165182,42.6420192,0.0000000,0.0000000,-0.0697228,0.9999998,0.0000000,0.0000000,-0.0006084,-1.6969802,0.4927030,-0.8155549,0.0000000,0.0000000,9.8066500,27.0245519
1,1,0.9000,RUNNING,-1.9423899,0.3850163,9.1680150,-1.1601998,-28.7109271,8.5668493,19.5132019,-0.5975254,41.5243175,0.0000000,0.0000000,-0.0691319,0.9999998,0.0000000,0.0000000,-0.0006033,-1.9806992,0.3113819,-0.6325024,0.0000000,0.0000000,9.8066500,27.0189118
1,1,0.9100,RUNNING,-2.2875075,0.1172554,9.3922055,-0.9347554,-33.1172286,6.4623435,20.6685675,-1.4394077,41.9562981,0.0000000,0.0000000,-0.0685409,0.9999998,0.0000000,0.0000000,-0.0005981,-2.2477268,0.0791877,-0.5153919,0.0000000,0.0000000,9.8066500,27.0429449
1,1,0.9200,RUNNING,-2.4121575,-0.0762073,9.5756588,-1.0959786,-34.8602034,4.2629838,20.2347595,-0.7797540,42.2247016,0.0000000,0.0000000,-0.0679497,0.9999998,0.0000000,0.0000000,-0.0005930,-2.4134563,-0.1352523,-0.2585010,0.0000000,0.0000000,9.8066500,27.0728384
1,1,0.9300,RUNNING,-2.4670899,-0.4096097,9.7122497,-0.9623278,-35.7573476,1.7175144,20.1722565,-0.6182049,42.3215501,0.0000000,0.0000000,-0.0673583,0.9999998,0.0000000,0.0000000,-0.0005878,-2.4996636,-0.3635843,-0.0460794,0.0000000,0.0000000,9.8066500,27.1277120
1,1,0.9400,RUNNING,-2.4196189,-0.5687354,9.9717328,-0.0798394,-36.0636321,-1.3496324,19.8157390,-0.3871734,41.6927112,0.0000000,0.0000000,-0.0667668,0.9999998,0.0000000,0.0000000,-0.0005827,-2.4851260,-0.5322052,0.1760993,0.0000000,0.0000000,9.8066500,27.0452758
1,1,0.9500,RUNNING,-2.4135838,-0.6838327,10.1261013,-0.7733674,-34.6529712,-3.8003160,20.3526024,-1.0934579,42.2063915,0.0000000,0.0000000,-0.0661752,0.9999998,0.0000000,0.0000000,-0.0005775,-2.3661254,-0.5893696,0.3551886,0.0000000,0.0000000,9.8066500,27.0280714
1,1,0.9600,RUNNING,-2.1270665,-0.5687924,10.3557239,-1.0628473,-31.7593387,-6.9382455,20.1446973,-0.1913423,41.9585322,0.0000000,0.0000000,-0.0655834,0.9999998,0.0000000,0.0000000,-0.0005723,-2.1714558,-0.6554328,0.5501535,0.0000000,0.0000000,9.8066500,27.0268714
1,1,0.9700,RUNNING,-1.9793635,-0.4950437,10.5690996,-0.4072030,-28.0675006,-6.6044973,19.6653010,-0.0932051,41.3255875,0.0000000,0.0000000,-0.0649914,0.9999998,0.0000000,0.0000000,-0.0005672,-1.9295139,-0.5858788,0.7482284,0.0000000,0.0000000,9.8066500,27.0555721
1,1,0.9800,RUNNING,-1.6008192,-0.3112898,10.6049906,-0.5476746,-23.1109561,-6.9928556,20.4876803,-0.2382814,42.1049850,0.0000000,0.0000000,-0.0643993,0.9999998,0.0000000,0.0000000,-0.0005620,-1.5638513,-0.4086622,0.8700567,0.0000000,0.0000000,9.8066500,27.0256249
1,1,0.9900,RUNNING,-1.1715611,-0.1677935,10.7951521,-1.2582669,-17.8335867,-5.9098983,20.9867600,-0.5098385,41.5909832,0.0000000,0.0000000,-0.0638071,0.9999998,0.0000000,0.0000000,-0.0005568,-1.2174501,-0.1732574,1.0559517,0.0000000,0.0000000,9.8066500,27.0375974
1,1,1.0000,RUNNING,-0.8106842,0.0142169,10.8200730,-0.3628585,-11.3914758,-3.9692188,20.4011959,-0.1522268,42.3813239,0.0000000,0.0000000,-0.0632147,0.9999998,0.0000000,0.0000000,-0.0005517,-0.7208190,0.0877600,1.0530801,0.0000000,0.0000000,9.8066500,27.0405197
1,1,1.0100,RUNNING,-0.3562164,0.3093106,10.9438570,-1.3593745,-5.3065018,-1.1497975,19.6510890,-0.1517362,41.7300004,0.0000000,0.0000000,-0.0626221,0.9999999,0.0000000,0.0000000,-0.0005465,-0.3018265,0.2608374,1.1013677,0.0000000,0.0000000,9.8066500,27.0539001
1,1,1.0200,RUNNING,0.1673729,0.4582936,10.9309133,-0.7035406,1.5288983,1.6561143,20.1739172,-0.4708358,41.8672802,0.0000000,0.0000000,-0.0620295,0.9999999,0.0000000,0.0000000,-0.0005413,0.2013531,0.4391025,1.1185340,0.0000000,0.0000000,9.8066500,27.0374273
1,1,1.0300,RUNNING,0.5761043,0.5686064,10.8713805,-0.6011407,7.3670409,4.8357698,19.3760639,-0.1014652,41.9462200,0.0000000,0.0000000,-0.0614367,0.9999999,0.0000000,0.0000000,-0.0005361,0.6116225,0.5830994,1.0755991,0.0000000,0.0000000,9.8066500,27.0279483
1,1,1.0400,RUNNING,1.0806605,0.5900491,10.8720783,-1.1353006,13.8730884,7.2039809,19.6864451,-0.5240288,42.1108239,0.0000000,0.0000000,-0.0608437,0.9999999,0.0000000,0.0000000,-0.0005310,1.0786350,0.6444665,1.0504866,0.0000000,0.0000000,9.8066500,27.0046994
1,1,1.0500,RUNNING,1.3953320,0.5904881,10.7506221,-0.8354541,19.4995327,7.8606991,19.5718534,-1.3332438,41.3782214,0.0000000,0.0000000,-0.0602506,0.9999999,0.0000000,0.0000000,-0.0005258,1.4803172,0.6064871,0.8987012,0.0000000,0.0000000,9.8066500,27.0570087
1,1,1.0600,RUNNING,1.7771131,0.4243983,10.6052985,-0.8692542,23.8707249,8.5802886,20.3514215,-0.3595201,41.0550526,0.0000000,0.0000000,-0.0596574,0.9999999,0.0000000,0.0000000,-0.0005206,1.7854896,0.4202755,0.7665702,0.0000000,0.0000000,9.8066500,27.0875124
1,1,1.0700,RUNNING,2.0295654,0.2540907,10.4259946,-0.5460002,28.0954631,7.4816038,19.9359722,-0.3678172,42.2996910,0.0000000,0.0000000,-0.0590640,0.9999999,0.0000000,0.0000000,-0.0005154,2.0709832,0.2854059,0.5949029,0.0000000,0.0000000,9.8066500,27.0094378
1,1,1.0800,RUNNING,2.3148685,0.0174891,10.1884856,-0.6752564,32.0136695,5.7446573,19.9839916,-0.2151818,42.0881137,0.0000000,0.0000000,-0.0584706,0.9999999,0.0000000,0.0000000,-0.0005103,2.2726376,0.0458474,0.3985051,0.0000000,0.0000000,9.8066500,27.0620869
1,1,1.0900,RUNNING,2.4146222,-0.1551498,10.0286628,-0.6286014,33.5006559,3.1666633,20.3384324,-0.4614363,41.8657482,0.0000000,0.0000000,-0.0578769,0.9999999,0.0000000,0.0000000,-0.0005051,2.4396919,-0.1826786,0.1976923,0.0000000,0.0000000,9.8066500,27.0209788
1,1,1.1000,RUNNING,2.4751150,-0.4026153,9.7813757,-0.7744432,33.9987342,0.3066299,20.1509698,-1.2050353,42.1320903,0.0000000,0.0000000,-0.0572832,0.9999999,0.0000000,0.0000000,-0.0004999,2.4776214,-0.3864731,-0.0561490,0.0000000,0.0000000,9.8066500,27.1279397
1,1,1.1100,RUNNING,2.4096160,-0.5210909,9.6287762,-1.4423532,33.2682871,-3.2657797,19.5955888,-0.3540249,42.2847270,0.0000000,0.0000000,-0.0566893,0.9999999,0.0000000,0.0000000,-0.0004947,2.4245693,-0.5345866,-0.2278889,0.0000000,0.0000000,9.8066500,27.1029835
1,1,1.1200,RUNNING,2.2499279,-0.6180400,9.4084138,-0.5702396,30.7684302,-4.4734265,19.7239822,-0.7961730,41.8921699,0.0000000,0.0000000,-0.0560953,0.9999999,0.0000000,0.0000000,-0.0004895,2.3378281,-0.6336185,-0.3932625,0.0000000,0.0000000,9.8066500,27.1003201
1,1,1.1300,RUNNING,2.1055241,-0.5145388,9.2085258,-0.3381663,28.1246158,-6.8429601,20.2073677,0.0971999,42.0984399,0.0000000,0.0000000,-0.0555012,0.9999999,0.0000000,0.0000000,-0.0004843,2.1320014,-0.6034637,-0.5999540,0.0000000,0.0000000,9.8066500,27.0242505
1,1,1.1400,RUNNING,1.7038463,-0.5054844,9.0276781,-0.9507191,24.2313072,-7.1181236,19.9072371,-1.0166013,41.7194384,0.0000000,0.0000000,-0.0549069,0.9999999,0.0000000,0.0000000,-0.0004792,1.7596517,-0.4421282,-0.7780463,0.0000000,0.0000000,9.8066500,27.0750914
1,1,1.1500,RUNNING,1.4241392,-0.2991309,8.8357363,-0.4698873,19.7566808,-7.1479252,19.7079529,-0.5868727,42.2150126,0.0000000,0.0000000,-0.0543125,0.9999999,0.0000000,0.0000000,-0.0004740,1.4313484,-0.3184436,-0.9156308,0.0000000,0.0000000,9.8066500,27.0797017
1,1,1.1600,RUNNING,0.9861143,-0.0889394,8.8239508,-1.2668326,13.3848668,-5.9630498,20.0578030,-0.5177690,42.3778329,0.0000000,0.0000000,-0.0537180,0.9999999,0.0000000,0.0000000,-0.0004688,1.0571689,-0.0666700,-1.0087953,0.0000000,0.0000000,9.8066500,27.0659507
1,1,1.1700,RUNNING,0.6127680,0.1699774,8.8011136,-0.3961375,8.2845425,-3.1131077,20.3284944,-0.8092125,42.2136931,0.0000000,0.0000000,-0.0531234,0.9999999,0.0000000,0.0000000,-0.0004636,0.5984156,0.1483952,-1.0682175,0.0000000,0.0000000,9.8066500,27.0932372
1,1,1.1800,RUNNING,0.1228971,0.3622343,8.7129411,-0.9384227,1.2435417,-0.3522736,19.5244663,-1.4062833,42.3644049,0.0000000,0.0000000,-0.0525287,0.9999999,0.0000000,0.0000000,-0.0004584,0.1574465,0.3626725,-1.0749505,0.0000000,0.0000000,9.8066500,27.0665405
1,1,1.1900,RUNNING,-0.4080106,0.4832460,8.6796818,-1.2921267,-5.8797516,2.5194054,20.1172480,-0.6057838,41.6829790,0.0000000,0.0000000,-0.0519338,0.9999999,0.0000000,0.0000000,-0.0004532,-0.3213843,0.5369632,-1.0515350,0.0000000,0.0000000,9.8066500,27.0952124
1,1,1.2000,RUNNING,-0.7530813,0.5891858,8.7751149,-1.3227757,-11.7543688,5.2839980,20.0110712,-1.0827819,42.3792101,0.0000000,0.0000000,-0.0513388,0.9999999,0.0000000,0.0000000,-0.0004480,-0.7378256,0.5978064,-1.1286902,0.0000000,0.0000000,9.8066500,27.0643179
1,1,1.2100,RUNNING,-1.1830621,0.5980517,8.8387002,-1.1892303,-18.1870969,7.2950082,20.7188474,-0.6378589,41.7091096,0.0000000,0.0000000,-0.0507437,0.9999999,0.0000000,0.0000000,-0.0004428,-1.2389568,0.6019214,-0.9533362,0.0000000,0.0000000,9.8066500,27.1251568
1,1,1.2200,RUNNING,-1.6181866,0.5750516,9.0159707,-0.4168952,-23.1716138,8.3854931,19.9623287,-0.5845412,41.9083122,0.0000000,0.0000000,-0.0501485,0.9999999,0.0000000,0.0000000,-0.0004376,-1.5841513,0.5398582,-0.8586542,0.0000000,0.0000000,9.8066500,27.0583909
1,1,1.2300,RUNNING,-1.9480367,0.4168474,9.0956315,-0.8451920,-28.5129043,8.4279061,20.2561815,-0.7695369,42.1129766,0.0000000,0.0000000,-0.0495532,0.9999999,0.0000000,0.0000000,-0.0004324,-1.9191257,0.4064918,-0.6763267,0.0000000,0.0000000,9.8066500,27.1117873
1,1,1.2400,RUNNING,-2.2059185,0.1435745,9.2657716,-1.5308160,-32.2146585,7.4633423,19.9388772,-0.6173884,42.0054418,0.0000000,0.0000000,-0.0489577,0.9999999,0.0000000,0.0000000,-0.0004272,-2.2150527,0.2011182,-0.4864220,0.0000000,0.0000000,9.8066500,27.0309483
1,1,1.2500,RUNNING,-2.4152108,-0.0699006,9.5165711,-0.7412987,-34.3819736,5.6096067,20.2600722,-0.4309387,41.4829792,0.0000000,0.0000000,-0.0483622,0.9999999,0.0000000,0.0000000,-0.0004220,-2.3491736,-0.0350283,-0.3534152,0.0000000,0.0000000,9.8066500,27.0994388
1,1,1.2600,RUNNING,-2.5334868,-0.2861119,9.6831196,-0.8465647,-35.8279823,2.4754426,20.1286010,-0.3058491,42.5511165,0.0000000,0.0000000,-0.0477666,0.9999999,0.0000000,0.0000000,-0.0004168,-2.4629770,-0.2077807,-0.1495256,0.0000000,0.0000000,9.8066500,27.1070179
1,1,1.2700,RUNNING,-2.4741537,-0.4216204,9.8774774,-1.3116637,-35.8370229,-1.3673713,20.1360791,-0.4408219,41.7583977,0.0000000,0.0000000,-0.0471708,0.9999999,0.0000000,0.0000000,-0.0004116,-2.4976522,-0.4810574,0.0898417,0.0000000,0.0000000,9.8066500,27.0784142
1,1,1.2800,RUNNING,-2.4253408,-0.5692633,10.0732705,-0.4071972,-34.2779564,-3.0419425,19.9876649,-0.4696030,42.1510361,0.0000000,0.0000000,-0.0465749,0.9999999,0.0000000,0.0000000,-0.0004064,-2.4160361,-0.6102302,0.2745154,0.0000000,0.0000000,9.8066500,27.0815945
1,1,1.2900,RUNNING,-2.2882551,-0.5496921,10.2772734,-0.7193336,-32.4195391,-5.8301246,19.6650187,-0.9421547,42.3161326,0.0000000,0.0000000,-0.0459790,0.9999999,0.0000000,0.0000000,-0.0004012,-2.2331560,-0.6593236,0.4934196,0.0000000,0.0000000,9.8066500,27.1468072
1,1,1.3000,RUNNING,-1.9954952,-0.5485570,10.4576137,-1.0866593,-29.7312867,-6.5641565,20.2678324,-1.0374286,41.9181428,0.0000000,0.0000000,-0.0453829,0.9999999,0.0000000,0.0000000,-0.0003960,-1.9641136,-0.5346442,0.6859444,0.0000000,0.0000000,9.8066500,27.0693670
1,1,1.3100,RUNNING,-1.7128204,-0.4163770,10.6816151,-0.9868053,-25.1786616,-7.6571460,20.1063440,-0.4135064,41.4924984,0.0000000,0.0000000,-0.0447867,0.9999999,0.0000000,0.0000000,-0.0003908,-1.7572098,-0.3754885,0.7924195,0.0000000,0.0000000,9.8066500,27.0560479
1,1,1.3200,RUNNING,-1.3459746,-0.1859729,10.7997436,-0.4204873,-19.8512183,-6.7118501,19.9348319,-0.4623536,41.8869054,0.0000000,0.0000000,-0.0441904,0.9999999,0.0000000,0.0000000,-0.0003856,-1.3116090,-0.2507010,0.9414081,0.0000000,0.0000000,9.8066500,27.0627412
1,1,1.3300,RUNNING,-0.9697650,0.0155932,10.8505634,-0.6829545,-13.7344045,-5.3503088,20.3529481,-0.9152782,41.9617569,0.0000000,0.0000000,-0.0435941,0.9999999,0.0000000,0.0000000,-0.0003804,-0.9292511,-0.0663014,1.0480449,0.0000000,0.0000000,9.8066500,27.0731690
1,1,1.3400,RUNNING,-0.4376424,0.2363409,10.9091294,-0.6744734,-7.4392965,-1.9952859,20.3994853,-0.3390303,42.1778951,0.0000000,0.0000000,-0.0429976,0.9999999,0.0000000,0.0000000,-0.0003752,-0.4585919,0.2268676,1.0980579,0.0000000,0.0000000,9.8066500,27.0973820
1,1,1.3500,RUNNING,0.0151906,0.4184233,10.9420691,-0.5959460,-0.7990228,0.5976959,20.4196084,-0.7995111,41.3331692,0.0000000,0.0000000,-0.0424010,0.9999999,0.0000000,0.0000000,-0.0003700,-0.0149380,0.4082748,1.1112384,0.0000000,0.0000000,9.8066500,27.0859428
1,1,1.3600,RUNNING,0.4400349,0.5209923,10.8996267,-1.0875273,5.4002413,3.9906218,19.2262821,-0.9413037,42.1170107,0.0000000,0.0000000,-0.0418043,0.9999999,0.0000000,0.0000000,-0.0003648,0.5304598,0.5540378,1.0962424,0.0000000,0.0000000,9.8066500,27.1330900
1,1,1.3700,RUNNING,0.8817590,0.5913315,10.8855312,-0.5146162,11.7280367,6.3436421,20.1215177,-0.2667706,42.5861362,0.0000000,0.0000000,-0.0412076,0.9999999,0.0000000,0.0000000,-0.0003596,0.9060023,0.6442757,1.0059479,0.0000000,0.0000000,9.8066500,27.1119173
1,1,1.3800,RUNNING,1.3228729,0.5935182,10.7759411,-0.3117309,18.0952467,7.9810883,20.2689083,-0.8856201,42.3219708,0.0000000,0.0000000,-0.0406107,0.9999999,0.0000000,0.0000000,-0.0003544,1.3894694,0.5931935,0.9500764,0.0000000,0.0000000,9.8066500,27.0925461
1,1,1.3900,RUNNING,1.7027885,0.4640782,10.6713815,-1.2220969,22.6300233,8.0138519,20.3693859,-0.5992185,42.5575373,0.0000000,0.0000000,-0.0400138,0.9999999,0.0000000,0.0000000,-0.0003492,1.6921580,0.5017264,0.8054114,0.0000000,0.0000000,9.8066500,27.0247635
1,1,1.4000,RUNNING,1.9640199,0.3460102,10.4414054,-0.8570505,27.4678976,8.4921525,20.4947958,-0.6037478,42.8191313,0.0000000,0.0000000,-0.0394167,0.9999999,0.0000000,0.0000000,-0.0003440,2.0594505,0.3304114,0.6238511,0.0000000,0.0000000,9.8066500,27.0712115
1,1,1.4100,RUNNING,2.1777767,0.1907624,10.2852823,-0.6946070,30.3104790,6.9679525,19.9456744,-0.2212813,42.4725168,0.0000000,0.0000000,-0.0388196,0.9999999,0.0000000,0.0000000,-0.0003388,2.2533547,0.1269152,0.4392272,0.0000000,0.0000000,9.8066500,27.0177625
1,1,1.4200,RUNNING,2.4102184,-0.0992840,10.1489115,-1.0407082,33.1412703,3.9146688,19.7464413,-0.5365475,41.6485988,0.0000000,0.0000000,-0.0382224,0.9999999,0.0000000,0.0000000,-0.0003336,2.4630081,-0.1259204,0.2326248,0.0000000,0.0000000,9.8066500,27.1046897
1,1,1.4300,RUNNING,2.4531734,-0.2934238,9.8813982,-0.6432882,33.8248419,1.5083594,19.8680303,-0.8963401,42.0812082,0.0000000,0.0000000,-0.0376251,0.9999999,0.0000000,0.0000000,-0.0003283,2.4778838,-0.3324558,0.0665611,0.0000000,0.0000000,9.8066500,27.0495944
1,1,1.4400,RUNNING,2.4913824,-0.4792666,9.6296443,-0.9325775,33.4279839,-2.2811718,19.7520444,-1.0045517,42.0260829,0.0000000,0.0000000,-0.0370277,0.9999999,0.0000000,0.0000000,-0.0003231,2.4428772,-0.4762500,-0.1441153,0.0000000,0.0000000,9.8066500,27.0614794
1,1,1.4500,RUNNING,2.3169899,-0.6036341,9.4717243,-1.1177075,33.0334621,-4.3810085,20.7542106,-0.5293695,41.7147483,0.0000000,0.0000000,-0.0364303,0.9999999,0.0000000,0.0000000,-0.0003179,2.3671195,-0.6445402,-0.3449749,0.0000000,0.0000000,9.8066500,27.0645842
1,1,1.4600,RUNNING,2.1095201,-0.6545940,9.2680838,-0.2327624,29.1094746,-6.9312766,20.1063003,-0.3446562,42.2370558,0.0000000,0.0000000,-0.0358327,1.0000000,0.0000000,0.0000000,-0.0003127,2.2136039,-0.5968457,-0.5299595,0.0000000,0.0000000,9.8066500,27.1333762
1,1,1.4700,RUNNING,1.8975373,-0.5236377,9.0826871,-0.9662480,25.9226069,-7.2129249,20.5882564,-0.0635884,42.4203112,0.0000000,0.0000000,-0.0352351,1.0000000,0.0000000,0.0000000,-0.0003075,1.9096148,-0.5791828,-0.7088863,0.0000000,0.0000000,9.8066500,27.0607016
1,1,1.4800,RUNNING,1.5683646,-0.3796570,8.9812960,-0.9876656,20.8941816,-7.3517170,20.6018091,-0.5332302,41.7680111,0.0000000,0.0000000,-0.0346374,1.0000000,0.0000000,0.0000000,-0.0003023,1.5637494,-0.3979340,-0.8827929,0.0000000,0.0000000,9.8066500,27.0857968
1,1,1.4900,RUNNING,1.1879376,-0.1385276,8.8865302,-2.2063949,15.3361690,-5.7309387,20.1652467,0.0520999,42.5639702,0.0000000,0.0000000,-0.0340396,1.0000000,0.0000000,0.0000000,-0.0002971,1.1962025,-0.2257321,-0.9800781,0.0000000,0.0000000,9.8066500,27.0915420
1,1,1.5000,RUNNING,0.7657424,0.0552800,8.7195165,-0.6663399,9.3129834,-4.4945950,20.7562768,-0.6917445,42.2317932,0.0000000,0.0000000,-0.0334417,1.0000000,0.0000000,0.0000000,-0.0002918,0.7477345,0.0635056,-1.0727474,0.0000000,0.0000000,9.8066500,27.1124700
1,1,1.5100,RUNNING,0.2799131,0.3544108,8.7319009,-1.5075329,3.6738701,-1.1025238,20.7203971,-0.1595785,42.4544646,0.0000000,0.0000000,-0.0328438,1.0000000,0.0000000,0.0000000,-0.0002866,0.2832365,0.2570061,-1.0727794,0.0000000,0.0000000,9.8066500,27.1002701
1,1,1.5200,RUNNING,-0.2019301,0.4897066,8.6723927,-0.8299129,-3.6994913,1.4099038,20.3925372,-0.7486365,41.6452393,0.0000000,0.0000000,-0.0322458,1.0000000,0.0000000,0.0000000,-0.0002814,-0.1567182,0.4786165,-1.1246685,0.0000000,0.0000000,9.8066500,27.0815924
1,1,1.5300,RUNNING,-0.6007715,0.6085493,8.7445398,-0.6206373,-9.6822861,4.7562589,19.8993455,-0.5930167,42.3428553,0.0000000,0.0000000,-0.0316477,1.0000000,0.0000000,0.0000000,-0.0002762,-0.6519598,0.5478184,-1.0575546,0.0000000,0.0000000,9.8066500,27.1076674
1,1,1.5400,RUNNING,-1.1227805,0.6130803,8.8400402,-0.1142120,-16.8587756,6.9787057,20.0290621,-0.3341177,42.5987985,0.0000000,0.0000000,-0.0310495,1.0000000,0.0000000,0.0000000,-0.0002710,-1.0768221,0.5966276,-1.0509127,0.0000000,0.0000000,9.8066500,27.0924524
1,1,1.5500,RUNNING,-1.4558213,0.6200875,8.8786125,-0.6806986,-22.0761003,8.2426168,20.5666927,-1.0667830,42.2856864,0.0000000,0.0000000,-0.0304513,1.0000000,0.0000000,0.0000000,-0.0002657,-1.4633900,0.5806772,-0.8954800,0.0000000,0.0000000,9.8066500,27.0799006
1,1,1.5600,RUNNING,-1.8243568,0.4976557,9.0672320,-0.1173988,-26.8855567,7.9713435,20.0819055,-0.7996767,42.0168937,0.0000000,0.0000000,-0.0298530,1.0000000,0.0000000,0.0000000,-0.0002605,-1.8034924,0.4318279,-0.7680143,0.0000000,0.0000000,9.8066500,27.1136674
1,1,1.5700,RUNNING,-2.1713990,0.2559474,9.2153288,-0.4084784,-30.5019341,8.0342482,20.3451731,-0.4956862,41.8329212,0.0000000,0.0000000,-0.0292547,1.0000000,0.0000000,0.0000000,-0.0002553,-2.0896296,0.2450838,-0.5771144,0.0000000,0.0000000,9.8066500,27.0538538
1,1,1.5800,RUNNING,-2.3364673,0.1041411,9.4374283,-1.1343929,-33.5977662,6.1316176,20.3017509,-0.8092356,41.9631239,0.0000000,0.0000000,-0.0286562,1.0000000,0.0000000,0.0000000,-0.0002501,-2.3181752,0.0343864,-0.4097483,0.0000000,0.0000000,9.8066500,27.0887824
1,1,1.5900,RUNNING,-2.4917237,-0.1469796,9.6322825,-0.7908530,-35.2028273,4.0283009,19.8005007,-1.0262872,42.0533665,0.0000000,0.0000000,-0.0280578,1.0000000,0.0000000,0.0000000,-0.0002449,-2.4223616,-0.2519624,-0.1917584,0.0000000,0.0000000,9.8066500,27.1477616
1,1,1.6000,RUNNING,-2.5372533,-0.3934771,9.8351809,-0.1007369,-36.4024357,-0.3076971,20.4658575,-0.6561085,41.7124991,0.0000000,0.0000000,-0.0274592,1.0000000,0.0000000,0.0000000,-0.0002396,-2.4677991,-0.3817405,0.0023781,0.0000000,0.0000000,9.8066500,27.1550364
1,1,1.6100,RUNNING,-2.4780840,-0.4972004,10.1054336,-0.6860863,-35.1717443,-2.5128353,20.1420920,-0.4903734,41.8176429,0.0000000,0.0000000,-0.0268606,1.0000000,0.0000000,0.0000000,-0.0002344,-2.4528818,-0.5528842,0.2235202,0.0000000,0.0000000,9.8066500,27.1097883
1,1,1.6200,RUNNING,-2.3504951,-0.5915599,10.2283800,-0.9197050,-33.7820406,-5.0302275,20.3213084,-1.1101551,42.1215623,0.0000000,0.0000000,-0.0262619,1.0000000,0.0000000,0.0000000,-0.0002292,-2.3171811,-0.5688754,0.4805349,0.0000000,0.0000000,9.8066500,27.0703526
1,1,1.6300,RUNNING,-2.1054293,-0.5418881,10.4141755,-0.8363019,-30.1478587,-6.9096529,19.9782717,-0.1430226,42.5071765,0.0000000,0.0000000,-0.0256632,1.0000000,0.0000000,0.0000000,-0.0002240,-2.1080313,-0.6229763,0.6204926,0.0000000,0.0000000,9.8066500,27.0545720
1,1,1.6400,RUNNING,-1.8004971,-0.4783939,10.5577513,-0.5834127,-26.1539821,-6.9824745,19.4070191,-0.7233105,41.8510178,0.0000000,0.0000000,-0.0250644,1.0000000,0.0000000,0.0000000,-0.0002187,-1.8210753,-0.4706033,0.7478286,0.0000000,0.0000000,9.8066500,27.0934655
1,1,1.6500,RUNNING,-1.5023888,-0.3291882,10.6970827,-0.5272593,-21.4705293,-7.4606042,19.8876107,-0.9786901,42.1409967,0.0000000,0.0000000,-0.0244655,1.0000000,0.0000000,0.0000000,-0.0002135,-1.4454661,-0.3213455,0.9065255,0.0000000,0.0000000,9.8066500,27.0654969
1,1,1.6600,RUNNING,-1.0484399,-0.0916982,10.8391877,-1.1028245,-16.3531949,-5.6132280,19.6980610,-0.9517565,41.6902070,0.0000000,0.0000000,-0.0238666,1.0000000,0.0000000,0.0000000,-0.0002083,-1.0365671,-0.1002531,0.9867837,0.0000000,0.0000000,9.8066500,27.1298661
1,1,1.6700,RUNNING,-0.6325259,0.1635819,10.8172516,-0.5085453,-10.1485772,-2.9464414,20.1825665,-0.3443509,42.2039342,0.0000000,0.0000000,-0.0232677,1.0000000,0.0000000,0.0000000,-0.0002030,-0.5796595,0.1294852,1.0561138,0.0000000,0.0000000,9.8066500,27.1345545
1,1,1.6800,RUNNING,-0.0883182,0.3628629,10.9381144,-0.2721397,-3.0221179,-0.1976128,20.0673122,-0.0955351,42.0004660,0.0000000,0.0000000,-0.0226687,1.0000000,0.0000000,0.0000000,-0.0001978,-0.1395187,0.3492563,1.1176771,0.0000000,0.0000000,9.8066500,27.0861510
1,1,1.6900,RUNNING,0.2554894,0.4901298,10.9437646,-1.0807335,3.3974154,2.6840780,20.0997248,-0.5069457,42.1669290,0.0000000,0.0000000,-0.0220696,1.0000000,0.0000000,0.0000000,-0.0001926,0.3127612,0.5238836,1.1100649,0.0000000,0.0000000,9.8066500,27.0947072
1,1,1.7000,RUNNING,0.8178518,0.6586598,10.8637454,-0.8350137,9.8042852,5.3472372,20.3124897,-0.5508221,42.2131258,0.0000000,0.0000000,-0.0214705,1.0000000,0.0000000,0.0000000,-0.0001874,0.7947483,0.6438773,1.0653024,0.0000000,0.0000000,9.8066500,27.1643016
1,1,1.7100,RUNNING,1.1554991,0.6579326,10.7973617,-0.2442898,16.3313468,7.7580619,20.4149711,-0.1943360,41.9800673,0.0000000,0.0000000,-0.0208713,1.0000000,0.0000000,0.0000000,-0.0001821,1.1904988,0.6027750,1.0131681,0.0000000,0.0000000,9.8066500,27.0921572
1,1,1.7200,RUNNING,1.4693890,0.6085476,10.6263160,0.0819638,21.1307588,8.6789976,19.8719141,-0.4990125,42.0107450,0.0000000,0.0000000,-0.0202721,1.0000000,0.0000000,0.0000000,-0.0001769,1.5704086,0.5402786,0.8469655,0.0000000,0.0000000,9.8066500,27.1159245
1,1,1.7300,RUNNING,1.8775614,0.4091032,10.5517810,-0.7769307,25.8465407,7.9005892,19.3760042,-0.5688086,41.4891365,0.0000000,0.0000000,-0.0196729,1.0000000,0.0000000,0.0000000,-0.0001717,1.8979211,0.3628569,0.6931680,0.0000000,0.0000000,9.8066500,27.1518393
1,1,1.7400,RUNNING,2.2208875,0.1972187,10.3053983,-0.3265987,29.4865171,7.5319155,19.5329668,-1.4412058,41.5789208,0.0000000,0.0000000,-0.0190736,1.0000000,0.0000000,0.0000000,-0.0001664,2.1735566,0.1565039,0.5219383,0.0000000,0.0000000,9.8066500,27.1216920
1,1,1.7500,RUNNING,2.3623431,-0.0520235,10.0772693,-0.4897585,31.7263211,5.5902229,20.0853319,-0.8229663,41.6531668,0.0000000,0.0000000,-0.0184742,1.0000000,0.0000000,0.0000000,-0.0001612,2.4204501,-0.0597719,0.3329762,0.0000000,0.0000000,9.8066500,27.0769711
1,1,1.7600,RUNNING,2.4893032,-0.2860805,10.0093923,-0.9812781,33.2227414,2.3724664,19.6198807,-0.6640431,41.7436664,0.0000000,0.0000000,-0.0178749,1.0000000,0.0000000,0.0000000,-0.0001560,2.4561442,-0.2549450,0.1503340,0.0000000,0.0000000,9.8066500,27.0872891
1,1,1.7700,RUNNING,2.4620576,-0.4533836,9.7226372,-0.8659571,33.7389445,-0.4520321,20.2403848,-0.2480186,41.8389729,0.0000000,0.0000000,-0.0172754,1.0000000,0.0000000,0.0000000,-0.0001508,2.4635006,-0.4944122,-0.0767544,0.0000000,0.0000000,9.8066500,27.1617593
1,1,1.7800,RUNNING,2.3649962,-0.5925095,9.5165169,-1.1104921,32.2678158,-3.2526609,19.6727591,-1.3427800,42.2632037,0.0000000,0.0000000,-0.0166760,1.0000000,0.0000000,0.0000000,-0.0001455,2.4105380,-0.5689233,-0.2669528,0.0000000,0.0000000,9.8066500,27.0596084
1,1,1.7900,RUNNING,2.2646264,-0.5865692,9.3859302,-1.2832581,30.4254655,-5.3604943,19.8919919,0.1864262,41.5821995,0.0000000,0.0000000,-0.0160765,1.0000000,0.0000000,0.0000000,-0.0001403,2.2409464,-0.6284437,-0.5221444,0.0000000,0.0000000,9.8066500,27.0886275
1,1,1.8000,RUNNING,1.9559554,-0.5949275,9.0975480,-0.6498518,27.0074537,-7.3358131,19.3710894,-0.4043778,42.2973174,0.0000000,0.0000000,-0.0154770,1.0000000,0.0000000,0.0000000,-0.0001351,2.0107724,-0.5785844,-0.6381002,0.0000000,0.0000000,9.8066500,27.0980573
1,1,1.8100,RUNNING,1.6469262,-0.4315407,8.9607420,-0.5824358,22.6587627,-7.4771247,20.5663150,-1.1220609,42.3565818,0.0000000,0.0000000,-0.0148774,1.0000000,0.0000000,0.0000000,-0.0001298,1.6957475,-0.4327720,-0.8168052,0.0000000,0.0000000,9.8066500,27.0733849
1,1,1.8200,RUNNING,1.2733053,-0.2136154,8.8773433,-0.6685921,17.7332886,-6.9591695,20.4730107,-0.0164307,41.7711096,0.0000000,0.0000000,-0.0142778,1.0000000,0.0000000,0.0000000,-0.0001246,1.2845370,-0.2363902,-0.9714488,0.0000000,0.0000000,9.8066500,27.0881409
1,1,1.8300,RUNNING,0.8670427,0.0717755,8.8207051,-0.9129116,11.4365131,-4.9295663,19.8478561,-0.4686036,42.0306037,0.0000000,0.0000000,-0.0136781,1.0000000,0.0000000,0.0000000,-0.0001194,0.8763481,-0.0554405,-1.0141727,0.0000000,0.0000000,9.8066500,27.1138627
1,1,1.8400,RUNNING,0.4058454,0.2489077,8.7499284,-0.9483350,5.5302443,-1.9183449,19.9664934,-0.2934670,42.3881919,0.0000000,0.0000000,-0.0130785,1.0000000,0.0000000,0.0000000,-0.0001141,0.4635159,0.2429409,-1.0903789,0.0000000,0.0000000,9.8066500,27.1219011
1,1,1.8500,RUNNING,-0.0563385,0.4435177,8.6606820,-0.3980006,-0.9788700,0.6620059,19.9035598,-0.6144617,42.4446744,0.0000000,0.0000000,-0.0124788,1.0000000,0.0000000,0.0000000,-0.0001089,0.0037499,0.4236255,-1.1331214,0.0000000,0.0000000,9.8066500,27.1039589
1,1,1.8600,RUNNING,-0.4850912,0.5786651,8.6948301,-1.2503679,-7.3321081,3.4293786,20.8019078,-0.8579932,42.2916329,0.0000000,0.0000000,-0.0118791,1.0000000,0.0000000,0.0000000,-0.0001037,-0.4885271,0.5407424,-1.0938424,0.0000000,0.0000000,9.8066500,27.0900558
1,1,1.8700,RUNNING,-0.9473248,0.6129133,8.7321833,-0.7632025,-14.3976344,6.4863806,20.0630488,-1.0950806,41.2124381,0.0000000,0.0000000,-0.0112793,1.0000000,0.0000000,0.0000000,-0.0000984,-0.9057799,0.6324202,-1.0674626,0.0000000,0.0000000,9.8066500,27.0850919
1,1,1.8800,RUNNING,-1.4298649,0.6203624,8.8482735,-1.3541890,-19.6928430,7.8037803,20.0690142,-0.8227442,42.7882395,0.0000000,0.0000000,-0.0106795,1.0000000,0.0000000,0.0000000,-0.0000932,-1.3150521,0.5945418,-0.9093819,0.0000000,0.0000000,9.8066500,27.1689814
1,1,1.8900,RUNNING,-1.7132791,0.5412948,9.0321207,-0.8900190,-24.7593394,8.2741451,19.9301212,-1.1922734,42.3372712,0.0000000,0.0000000,-0.0100797,1.0000000,0.0000000,0.0000000,-0.0000880,-1.6932187,0.5369594,-0.8464055,0.0000000,0.0000000,9.8066500,27.1119025
1,1,1.9000,RUNNING,-2.0772163,0.2960908,9.1978861,-1.1625727,-30.0535520,7.9825130,19.6673386,-0.4951023,41.5123967,0.0000000,0.0000000,-0.0094799,1.0000000,0.0000000,0.0000000,-0.0000827,-2.0290309,0.3332980,-0.6442571,0.0000000,0.0000000,9.8066500,27.1108623
1,1,1.9100,RUNNING,-2.2897639,0.1172369,9.3343038,0.3399646,-32.7696697,6.6185461,19.5738143,-0.8536963,41.9377980,0.0000000,0.0000000,-0.0088801,1.0000000,0.0000000,0.0000000,-0.0000775,-2.1920022,0.0876159,-0.4985470,0.0000000,0.0000000,9.8066500,27.1072474
1,1,1.9200,RUNNING,-2.5211389,-0.1004820,9.5224766,-0.0434809,-34.6303152,3.9412284,19.7168084,-0.7345738,41.8369762,0.0000000,0.0000000,-0.0082802,1.0000000,0.0000000,0.0000000,-0.0000723,-2.4211619,-0.0866921,-0.2375098,0.0000000,0.0000000,9.8066500,27.1570388
1,1,1.9300,RUNNING,-2.4998336,-0.2930082,9.7781561,-0.9983748,-36.8051668,1.9350144,20.0151567,-0.7431073,41.8583298,0.0000000,0.0000000,-0.0076803,1.0000000,0.0000000,0.0000000,-0.0000670,-2.4503240,-0.2954477,-0.0584360,0.0000000,0.0000000,9.8066500,27.0567740
1,1,1.9400,RUNNING,-2.4170936,-0.5011515,9.9528003,-0.4724603,-35.5993519,-1.3239386,20.0803157,-0.4505362,41.3529768,0.0000000,0.0000000,-0.0070804,1.0000000,0.0000000,0.0000000,-0.0000618,-2.4618357,-0.5171339,0.1137338,0.0000000,0.0000000,9.8066500,27.1484704
1,1,1.9500,RUNNING,-2.3835055,-0.5677242,10.1635950,-0.7579049,-34.2630828,-4.1801243,20.0149510,-0.8173022,42.0636568,0.0000000,0.0000000,-0.0064805,1.0000000,0.0000000,0.0000000,-0.0000566,-2.3527873,-0.6065101,0.3547242,0.0000000,0.0000000,9.8066500,27.1126936
1,1,1.9600,RUNNING,-2.1935712,-0.5843048,10.4007853,-0.1752275,-31.5959941,-5.9986980,19.9093641,-0.5373448,41.9141539,0.0000000,0.0000000,-0.0058806,1.0000000,0.0000000,0.0000000,-0.0000513,-2.1214219,-0.6415754,0.5219825,0.0000000,0.0000000,9.8066500,27.0632123
1,1,1.9700,RUNNING,-1.9324973,-0.4797680,10.5583080,-0.4280892,-28.1358475,-7.1982464,20.6162296,-0.1050176,42.2379146,0.0000000,0.0000000,-0.0052807,1.0000000,0.0000000,0.0000000,-0.0000461,-1.9068089,-0.5563453,0.7375201,0.0000000,0.0000000,9.8066500,27.0495734
1,1,1.9800,RUNNING,-1.5761510,-0.4678171,10.6859432,-0.4398098,-23.3353952,-7.4312910,19.4787020,-0.9649121,42.1227769,0.0000000,0.0000000,-0.0046807,1.0000000,0.0000000,0.0000000,-0.0000408,-1.5724492,-0.4393418,0.8806694,0.0000000,0.0000000,9.8066500,27.1404037
1,1,1.9900,RUNNING,-1.2810532,-0.0968640,10.8334382,-0.8729330,-17.5093390,-6.2819945,19.9138106,-0.7846393,42.1261722,0.0000000,0.0000000,-0.0040807,1.0000000,0.0000000,0.0000000,-0.0000356,-1.1738020,-0.2080041,0.9689978,0.0000000,0.0000000,9.8066500,27.1140081
1,1,0.0000,STAIRS,0.0678842,-0.3310624,10.1627413,-0.3463255,23.6338518,-4.3456992,13.8452494,-1.1915837,43.3597028,0.0000000,7.6575286,0.3828764,0.9977625,-0.0002231,0.0667744,0.0033338,1.4135698,-0.3471560,0.4855415,-1.3067515,0.0000000,9.7191967,26.9925593
1,1,0.0100,STAIRS,0.0364600,-0.3319280,10.0640394,-0.1783854,24.0030256,-5.6580571,14.3586821,-0.8564755,43.0036307,0.0000000,7.3864628,0.3827023,0.9979177,-0.0002151,0.0644141,0.0033328,1.3920644,-0.3562225,0.4093768,-1.2607556,0.0000000,9.7252702,27.0334382
1,1,0.0200,STAIRS,0.0837681,-0.3227266,10.0314925,-0.4271385,22.3947805,-6.3491507,14.2020392,-1.2615651,42.7332779,0.0000000,7.0408088,0.3825274,0.9981074,-0.0002050,0.0614037,0.0033319,1.3166900,-0.3217026,0.2864775,-1.2020624,-0.0000000,9.7326990,26.9940119
1,1,0.0300,STAIRS,0.0706347,-0.3127347,9.9103209,-0.9221738,21.1470199,-6.8067703,15.3186441,-0.9843815,42.6841742,0.0000000,6.6240569,0.3823515,0.9983242,-0.0001928,0.0577733,0.0033311,1.2085864,-0.3221376,0.2119664,-1.1312386,0.0000000,9.7411849,26.9666087
1,1,0.0400,STAIRS,0.0773403,-0.3203794,9.8332045,-0.5797403,19.9367768,-7.9229407,14.9883321,-2.0212273,43.3309535,0.0000000,6.1404155,0.3821748,0.9985591,-0.0001786,0.0535593,0.0033303,1.1518440,-0.2928402,0.1495179,-1.0489726,-0.0000000,9.7503867,27.0054200
1,1,0.0500,STAIRS,0.1093298,-0.2854126,9.8360481,0.0398166,17.1248460,-7.4911982,15.1383282,-0.9063639,42.7895277,0.0000000,5.5947685,0.3819973,0.9988028,-0.0001627,0.0488039,0.0033296,1.0185513,-0.2696863,-0.0382761,-0.9560702,0.0000000,9.7599341,26.9933886
1,1,0.0600,STAIRS,0.0561766,-0.1974375,9.7491899,-0.9604947,15.9470765,-7.8236069,16.0119248,-0.9236537,42.6814709,0.0000000,4.9926256,0.3818189,0.9990455,-0.0001451,0.0435549,0.0033288,0.9259371,-0.2426167,-0.0739347,-0.8534485,-0.0000000,9.7694427,26.9865469
1,1,0.0700,STAIRS,0.0430296,-0.1585420,9.5589105,-1.1701968,13.8588775,-7.1919484,16.1177643,-0.7213477,42.0770724,0.0000000,4.3400674,0.3816396,0.9992773,-0.0001261,0.0378650,0.0033280,0.8151834,-0.1718001,-0.1907772,-0.7421285,0.0000000,9.7785290,27.0293729
1,1,0.0800,STAIRS,0.0584594,-0.1052178,9.5770807,0.0090826,11.4857612,-6.5292200,16.9148464,-1.4145407,42.7645706,0.0000000,3.6436833,0.3814595,0.9994890,-0.0001058,0.0317916,0.0033272,0.6437454,-0.0561019,-0.3196028,-0.6232265,0.0000000,9.7868265,27.0078485
1,1,0.0900,STAIRS,0.0388680,-0.0446350,9.4107468,0.2927191,9.3388629,-5.5783306,17.7603614,-0.7227260,41.4213965,0.0000000,2.9105054,0.3812785,0.9996719,-0.0000845,0.0253961,0.0033262,0.5311677,-0.0362604,-0.3709692,-0.4979430,0.0000000,9.7940000,27.0148238
1,1,0.1000,STAIRS,-0.0128206,0.0705735,9.3361178,0.1640062,6.9640682,-4.5173002,17.6496457,-1.6475845,41.5627788,0.0000000,2.1479373,0.3810967,0.9998188,-0.0000623,0.0187431,0.0033251,0.3418814,0.0785015,-0.4339502,-0.3675513,-0.0000000,9.7997597,27.0607982
1,1,0.1100,STAIRS,-0.0007944,0.1582461,9.2726281,-0.5287919,4.7803001,-2.1657884,18.9347478,-0.9997324,41.0135479,0.0000000,1.3636795,0.3809140,0.9999237,-0.0000396,0.0119000,0.0033239,0.2835091,0.0956631,-0.5296887,-0.2333831,-0.0000000,9.8038725,27.0199088
1,1,0.1200,STAIRS,-0.0720406,0.2003123,9.2106683,-0.3412369,2.2849425,-1.5432351,19.4122161,-1.4677439,41.0786074,0.0000000,0.5656512,0.3807304,0.9999823,-0.0000164,0.0049362,0.0033225,0.1135961,0.2034652,-0.6261201,-0.0968143,0.0000000,9.8061721,27.0785363
1,1,0.1300,STAIRS,-0.0569142,0.2448452,9.1174730,-0.6129801,-0.1735591,0.2180418,19.6522735,-1.4470307,41.0986102,0.0000000,-0.2380890,0.3805460,0.9999923,0.0000069,-0.0020777,0.0033209,-0.0054788,0.2163129,-0.6510403,0.0407508,0.0000000,9.8065653,26.9704566
1,1,0.1400,STAIRS,-0.0364007,0.3014048,9.1459516,-0.3910915,-3.3563653,2.5270975,21.2385134,-0.7526868,40.3319372,0.0000000,-1.0394249,0.3803608,0.9999534,0.0000301,-0.0090705,0.0033191,-0.1718206,0.3352815,-0.6184517,0.1778965,-0.0000000,9.8050363,27.0180133
1,1,0.1500,STAIRS,-0.0179946,0.3611755,9.1879160,-0.8444501,-5.2147066,3.5843118,21.0178117,-1.4301132,40.1897191,0.0000000,-1.8302648,0.3801746,0.9998669,0.0000530,-0.0159713,0.0033172,-0.2899817,0.3343467,-0.6504591,0.3132118,0.0000000,9.8016469,27.0845026
1,1,0.1600,STAIRS,-0.0504506,0.3444196,9.1567302,-1.0755425,-8.0362696,5.1842474,21.4847961,-1.0930195,40.0191362,0.0000000,-2.6026227,0.3799876,0.9997366,0.0000753,-0.0227101,0.0033152,-0.4918203,0.3769226,-0.6010293,0.4453074,0.0000000,9.7965344,26.9996722
1,1,0.1700,STAIRS,-0.0341364,0.4152726,9.1522567,-0.4311825,-10.2896525,6.2702007,22.5784215,-1.0386276,39.4104294,0.0000000,-3.3486995,0.3797998,0.9995676,0.0000968,-0.0292186,0.0033130,-0.6471720,0.3549413,-0.5935771,0.5728316,0.0000000,9.7899054,27.0794768
1,1,0.1800,STAIRS,-0.0969784,0.3551149,9.2352416,-0.6401084,-11.6034322,6.8248680,22.6712341,-1.4128421,39.5329676,0.0000000,-4.0609612,0.3796111,0.9993666,0.0001174,-0.0354310,0.0033106,-0.7675083,0.3845845,-0.5621107,0.6944855,0.0000000,9.7820281,27.0352690
1,1,0.1900,STAIRS,-0.0493156,0.3925187,9.2548818,-0.0775915,-15.2997415,8.0575349,22.5705731,-1.4722747,39.1464083,0.0000000,-4.7322154,0.3794216,0.9991419,0.0001367,-0.0412844,0.0033082,-0.8359042,0.3206069,-0.5329934,0.8090375,0.0000000,9.7732207,27.0433992
1,1,0.2000,STAIRS,-0.0663863,0.3105138,9.2360182,0.0394083,-16.0180103,8.2016121,23.0777899,-1.8868492,38.6121979,0.0000000,-5.3556839,0.3792312,0.9989025,0.0001546,-0.0467199,0.0033058,-1.0459928,0.3038852,-0.5363537,0.9153356,-0.0000000,9.7638386,27.0370908
1,1,0.2100,STAIRS,-0.1129409,0.3205758,9.3660904,-0.4602709,-18.5526676,7.9923361,23.7006976,-1.5895870,39.1581985,0.0000000,-5.9250708,0.3790399,0.9986581,0.0001710,-0.0516827,0.0033033,-1.0933132,0.2544407,-0.4761166,1.0123187,-0.0000000,9.7542604,27.0204409
1,1,0.2200,STAIRS,-0.1070956,0.1701180,9.3841981,0.2588492,-19.4927131,7.9520554,24.6324599,-0.8831623,39.5597312,0.0000000,-6.4346267,0.3788478,0.9984184,0.0001855,-0.0561229,0.0033009,-1.1448790,0.2154933,-0.4221524,1.0990263,-0.0000000,9.7448717,27.0260510
1,1,0.2300,STAIRS,-0.1553260,0.1393437,9.3487230,-0.7054629,-20.1967815,6.7083352,24.3104450,-0.6041122,38.7516187,0.0000000,-6.8792058,0.3786549,0.9981931,0.0001983,-0.0599960,0.0032984,-1.2812050,0.1615695,-0.3131409,1.1746065,0.0000000,9.7360507,27.0261274
1,1,0.2400,STAIRS,-0.1105402,0.0353388,9.4661605,0.0735249,-22.3528791,6.5886122,25.6255525,-1.5009019,37.8878375,0.0000000,-7.2543190,0.3784611,0.9979914,0.0002089,-0.0632633,0.0032961,-1.3438745,0.0818876,-0.2276088,1.2383224,0.0000000,9.7281520,27.0187314
1,1,0.2500,STAIRS,-0.1622483,0.0497362,9.4889782,-0.2819528,-23.1686678,5.0405471,24.9630448,-0.6788955,38.4937572,0.0000000,-7.5561783,0.3782664,0.9978213,0.0002175,-0.0658920,0.0032938,-1.3883718,-0.0253867,-0.2155886,1.2895572,0.0000000,9.7214930,26.9704057
1,1,0.2600,STAIRS,-0.0626205,-0.0619664,9.5513902,-0.5778963,-24.1003624,3.1762811,25.0995069,-1.1798205,37.5631577,0.0000000,-7.7817356,0.3780709,0.9976897,0.0002239,-0.0678559,0.0032917,-1.4716965,-0.1114016,-0.1252110,1.3278179,0.0000000,9.7163411,27.0168294
1,1,0.2700,STAIRS,-0.1660395,-0.0906203,9.6494633,-0.1606338,-24.8184888,1.7139766,25.2742756,-0.8967617,37.3376646,0.0000000,-7.9287132,0.3778745,0.9976018,0.0002280,-0.0691355,0.0032897,-1.4295632,-0.1331354,-0.0881531,1.3527382,0.0000000,9.7129029,27.0731467
1,1,0.2800,STAIRS,-0.1043455,-0.2121984,9.6550088,0.0244214,-24.4902033,1.2154042,25.1248906,-1.5520197,38.2783826,0.0000000,-7.9956269,0.3776773,0.9975613,0.0002298,-0.0697180,0.0032878,-1.4728196,-0.1781193,-0.0370410,1.3640807,0.0000000,9.7113165,27.0287694
1,1,0.2900,STAIRS,-0.1610222,-0.2480462,9.7714643,-0.1206429,-24.4571855,-1.5847968,25.6912122,-1.4088435,37.2128400,0.0000000,-7.9818010,0.3774793,0.9975697,0.0002293,-0.0695977,0.0032861,-1.4660848,-0.2877080,0.0202374,1.3617372,0.0000000,9.7116454,27.0021293
1,1,0.3000,STAIRS,-0.1327696,-0.2969334,9.8367219,-1.0567483,-24.4232985,-3.0817630,26.2419218,-1.2191300,37.5807068,0.0000000,-7.8873752,0.3772804,0.9976267,0.0002264,-0.0687756,0.0032846,-1.4590599,-0.2588685,0.1442077,1.3457302,-0.0000000,9.7138764,27.0117441
1,1,0.3100,STAIRS,-0.1206306,-0.3456446,9.9343460,-0.2456322,-23.6527967,-4.6611732,25.4044258,-1.1218255,38.1764963,0.0000000,-7.7133029,0.3770806,0.9977301,0.0002213,-0.0672601,0.0032832,-1.4367820,-0.3834719,0.1343073,1.3162120,-0.0000000,9.7179201,27.0558351
1,1,0.3200,STAIRS,-0.0919390,-0.3596107,9.9419549,-0.1224785,-23.4070466,-5.3930989,25.7834312,-1.5759812,38.2363816,0.0000000,-7.4613420,0.3768800,0.9978755,0.0002140,-0.0650661,0.0032819,-1.3441346,-0.3774326,0.2562174,1.2734644,0.0000000,9.7236142,27.0448943
1,1,0.3300,STAIRS,-0.1287171,-0.2940672,10.0711180,-0.6651052,-21.8153761,-6.6127387,24.7043737,-1.3880493,38.4175035,0.0000000,-7.1340367,0.3766786,0.9980573,0.0002045,-0.0622157,0.0032808,-1.3156857,-0.3327972,0.3455965,1.2178972,0.0000000,9.7307302,27.0123830
1,1,0.3400,STAIRS,-0.1138133,-0.3295425,10.0631662,0.5089083,-21.0905964,-7.5511266,25.2622444,-1.2407677,37.3299068,0.0000000,-6.7346921,0.3764762,0.9982681,0.0001930,-0.0587371,0.0032797,-1.2096094,-0.3372551,0.3639821,1.1500462,0.0000000,9.7389824,26.9881762
1,1,0.3500,STAIRS,-0.1105386,-0.3405022,10.1677360,0.1270053,-19.6231510,-7.9043755,24.4488880,-1.4453838,38.4868628,0.0000000,-6.2673408,0.3762731,0.9984993,0.0001795,-0.0546653,0.0032787,-1.1903026,-0.2921763,0.3908684,1.0705697,0.0000000,9.7480390,27.0174910
1,1,0.3600,STAIRS,-0.0849084,-0.2443495,10.2108831,-0.4626251,-17.5551131,-8.2929892,24.1773399,-0.9816537,38.6532971,0.0000000,-5.7367021,0.3760691,0.9987418,0.0001642,-0.0500410,0.0032777,-1.0891666,-0.3283826,0.4824753,0.9802446,0.0000000,9.7575358,27.0022532
1,1,0.3700,STAIRS,-0.0611709,-0.2136956,10.2591539,0.2555640,-15.5934850,-8.0485405,23.3177506,-1.4229096,39.3985057,0.0000000,-5.1481345,0.3758643,0.9989856,0.0001473,-0.0449106,0.0032767,-0.9736180,-0.2183341,0.5284771,0.8799609,0.0000000,9.7670903,26.9555907
1,1,0.3800,STAIRS,-0.0916622,-0.1724977,10.3887215,-0.5118194,-13.0751856,-7.6177193,22.7915415,-1.2166134,40.0922571,0.0000000,-4.5075811,0.3756586,0.9992211,0.0001289,-0.0393257,0.0032757,-0.8118830,-0.2024415,0.5489639,0.7707144,0.0000000,9.7763175,26.9901385
1,1,0.3900,STAIRS,-0.0085837,-0.1386943,10.3494254,-0.5036838,-12.1400567,-6.8408509,22.7118019,-0.7771811,40.1126635,0.0000000,-3.8215103,0.3754520,0.9994386,0.0001092,-0.0333426,0.0032746,-0.6986813,-0.0940558,0.5968481,0.6535985,-0.0000000,9.7848451,26.9922669
1,1,0.4000,STAIRS,-0.0727176,0.0035005,10.3995652,0.4303884,-9.9908445,-5.3749530,21.6709820,-1.4874397,40.1975470,0.0000000,-3.0968500,0.3752447,0.9996295,0.0000885,-0.0270217,0.0032734,-0.5809762,-0.0267002,0.5916265,0.5297936,0.0000000,9.7923288,27.0533056
1,1,0.4100,STAIRS,-0.0213423,0.0182241,10.4478937,-0.6874494,-7.1729969,-4.3083396,21.6470982,-1.1111712,39.7101133,0.0000000,-2.3409179,0.3750364,0.9997860,0.0000669,-0.0204268,0.0032721,-0.4657958,0.0308309,0.6229941,0.4005561,0.0000000,9.7984662,27.0527609
1,1,0.4200,STAIRS,-0.0707839,0.1386657,10.4761568,-0.0136239,-5.1077964,-3.2433256,20.8151536,-1.2401159,39.9134324,0.0000000,-1.5613473,0.3748274,0.9999018,0.0000446,-0.0136248,0.0032707,-0.2823716,0.0977486,0.6425137,0.2672045,0.0000000,9.8030090,27.0149230
1,1,0.4300,STAIRS,0.0210906,0.1834381,10.4799285,-0.8895190,-2.0207763,-1.0572728,20.3764276,-1.2481303,40.3726267,0.0000000,-0.7660102,0.3746175,0.9999723,0.0000219,-0.0066846,0.0032691,-0.1401448,0.1676334,0.6950077,0.1311051,0.0000000,9.8057736,27.0091822
1,1,0.4400,STAIRS,-0.0691336,0.2084217,10.4918525,-0.3307475,0.5228165,-0.2590262,19.5391635,-0.8912101,40.8972705,0.0000000,0.0370621,0.3744067,0.9999946,-0.0000011,0.0003234,0.0032673,0.0397255,0.2226662,0.6636400,-0.0063435,-0.0000000,9.8066479,27.0694471
1,1,0.4500,STAIRS,0.0280682,0.3066515,10.5407948,-0.6979036,3.4166359,2.2565983,18.7696178,-1.1503038,41.4595779,0.0000000,0.8397600,0.3741951,0.9999678,-0.0000239,0.0073282,0.0032654,0.1707711,0.2735748,0.7258106,-0.1437268,0.0000000,9.8055967,27.0499129
1,1,0.4600,STAIRS,-0.0001017,0.4170374,10.5580693,0.6219317,5.4187866,3.2282265,18.7074609,-1.1661795,41.3419511,0.0000000,1.6339781,0.3739827,0.9998930,-0.0000465,0.0142586,0.0032633,0.2914134,0.3163720,0.8126034,-0.2796311,0.0000000,9.8026624,27.0571233
1,1,0.4700,STAIRS,0.0645133,0.3849902,10.6279828,-0.1843688,7.8910643,4.4653074,18.8909261,-0.8128591,41.2798875,0.0000000,2.4116964,0.3737694,0.9997732,-0.0000686,0.0210444,0.0032610,0.4334791,0.3671288,0.8512673,-0.4126601,-0.0000000,9.7979639,26.9942211
1,1,0.4800,STAIRS,-0.0540803,0.4184557,10.6695869,-0.2059257,10.3097423,6.0699799,17.2653714,-1.2472990,42.0831266,0.0000000,3.1650614,0.3735553,0.9996133,-0.0000900,0.0276167,0.0032586,0.5906611,0.3045800,0.8946497,-0.5414512,0.0000000,9.7916911,26.9997448
1,1,0.4900,STAIRS,0.0490330,0.3443844,10.7003124,-0.5412037,13.0891537,7.2347979,17.1335286,-0.7993189,42.3600496,0.0000000,3.8864658,0.3733403,0.9994196,-0.0001105,0.0339091,0.0032561,0.6908689,0.3564053,0.9033537,-0.6646910,0.0000000,9.7840978,27.0674640
1,1,0.5000,STAIRS,0.1071308,0.3737636,10.7349273,-1.2776319,15.1345390,7.7919385,16.2898231,-1.2303283,42.6137134,0.0000000,4.5686247,0.3731245,0.9992000,-0.0001298,0.0398580,0.0032535,0.8671430,0.3611946,0.9133975,-0.7811298,-0.0000000,9.7754908,27.0467530
1,1,0.5100,STAIRS,0.0646322,0.2850434,10.7255381,-0.4141015,16.6955192,7.1291487,15.7788084,-1.9152194,42.4424414,0.0000000,5.2046498,0.3729079,0.9989634,-0.0001478,0.0454033,0.0032509,0.9728434,0.2605516,0.9889679,-0.8895946,0.0000000,9.7662176,27.0300232
1,1,0.5200,STAIRS,0.0516653,0.2714039,10.7662130,-0.5204425,18.1779433,7.6822306,14.8846217,-1.5736994,42.8573617,0.0000000,5.7881186,0.3726904,0.9987193,-0.0001642,0.0504891,0.0032482,1.0333636,0.2589144,1.0092668,-0.9890005,0.0000000,9.7566522,26.9664135
1,1,0.5300,STAIRS,0.0484723,0.1885712,10.6590343,-0.1260983,20.3164819,8.2206229,14.9029408,-0.8929321,42.9696910,0.0000000,6.3131391,0.3724721,0.9984775,-0.0001790,0.0550644,0.0032455,1.2083560,0.2176150,0.9367860,-1.0783612,0.0000000,9.7471802,27.0042829
1,1,0.5400,STAIRS,0.0279539,0.1150188,10.6843626,0.2033087,20.9900408,7.4891877,15.3127701,-1.6424892,42.9368449,0.0000000,6.7744098,0.3722529,0.9982478,-0.0001919,0.0590831,0.0032428,1.2308268,0.1732937,0.8988031,-1.1567970,0.0000000,9.7381828,27.0048822
1,1,0.5500,STAIRS,0.0357111,0.1034442,10.6641408,-0.0509977,23.0739889,6.6060442,14.4945361,-0.6283502,43.5840721,0.0000000,7.1672727,0.3720330,0.9980394,-0.0002029,0.0625052,0.0032402,1.3517936,0.0827714,0.9285205,-1.2235416,0.0000000,9.7300221,27.0253144
1,1,0.5600,STAIRS,0.1186793,0.0567861,10.6407896,-1.0032965,23.5704534,5.6308303,14.0239252,-1.0876344,42.8603090,0.0000000,7.4877607,0.3718121,0.9978607,-0.0002119,0.0652962,0.0032377,1.4183822,0.0411817,0.8851579,-1.2779477,0.0000000,9.7230260,27.0199597
1,1,0.5700,STAIRS,0.1286350,-0.0132556,10.4986949,-0.2101989,24.3256686,4.1467316,14.0308149,-1.0792227,43.0215626,0.0000000,7.7326376,0.3715905,0.9977188,-0.0002187,0.0674284,0.0032354,1.4056559,-0.0394757,0.8054801,-1.3194912,0.0000000,9.7174753,27.1078924
1,1,0.5800,STAIRS,0.1523612,-0.1252728,10.5229152,-0.3479194,24.7022596,2.6980892,13.6334242,-0.6657990,43.6915055,0.0000000,7.8994305,0.3713680,0.9976196,-0.0002232,0.0688806,0.0032331,1.4479362,-0.1025450,0.7675365,-1.3477740,0.0000000,9.7135930,27.0514511
1,1,0.5900,STAIRS,0.1483294,-0.0845020,10.4450239,-0.4014475,26.1337718,1.0953449,13.3609653,-1.4057455,42.9684156,0.0000000,7.9864553,0.3711446,0.9975671,-0.0002255,0.0696382,0.0032310,1.4601456,-0.1739224,0.7199879,-1.3625261,0.0000000,9.7115347,27.0196298
1,1,0.6000,STAIRS,0.1408711,-0.1861284,10.3155187,-0.8377951,25.9585420,-0.7449045,13.4141596,-0.7840591,44.0571955,0.0000000,7.9928331,0.3709204,0.9975632,-0.0002256,0.0696937,0.0032290,1.4682881,-0.2483813,0.6449499,-1.3636071,0.0000000,9.7113830,27.0834044
1,1,0.6100,STAIRS,0.0458141,-0.3563764,10.3363877,0.2485574,25.8025486,-2.4873872,14.1580325,-0.6831430,43.0184406,0.0000000,7.9184996,0.3706954,0.9976082,-0.0002234,0.0690466,0.0032272,1.4995800,-0.2967197,0.6089500,-1.3510068,0.0000000,9.7131439,27.0288009
1,1,0.6200,STAIRS,0.0802717,-0.2396593,10.2268514,0.4474972,24.7259944,-3.1941809,13.7839822,-1.2681731,44.0647736,0.0000000,7.7642053,0.3704696,0.9977003,-0.0002189,0.0677033,0.0032255,1.4192741,-0.3383245,0.5440180,-1.3248450,0.0000000,9.7167469,27.0280203
1,1,0.6300,STAIRS,0.0669533,-0.3569417,10.1253136,-1.2767734,23.6775222,-5.4339099,14.0384464,-0.8950076,43.8324374,0.0000000,7.5315084,0.3702429,0.9978357,-0.0002122,0.0656772,0.0032240,1.3717092,-0.3749698,0.4287262,-1.2853713,0.0000000,9.7220474,27.0112828
1,1,0.6400,STAIRS,0.0892979,-0.4120092,10.0171702,-0.1103084,22.4930387,-6.6102287,13.5983254,-0.9240060,43.5015036,0.0000000,7.2227585,0.3700154,0.9980090,-0.0002034,0.0629884,0.0032226,1.3714467,-0.3568205,0.3299639,-1.2329636,0.0000000,9.7288327,27.0666854
1,1,0.6500,STAIRS,0.1238015,-0.3351465,9.9280877,-0.0010553,21.8050428,-6.7632940,14.3213747,-1.3788958,43.6685412,0.0000000,6.8410734,0.3697871,0.9982133,-0.0001925,0.0596639,0.0032212,1.2668448,-0.3286617,0.1856029,-1.1681266,-0.0000000,9.7368303,27.0079146
1,1,0.6600,STAIRS,0.0352422,-0.3465421,9.8701464,-0.3530735,20.5913942,-7.7645366,15.2270063,-1.4743017,42.8598146,0.0000000,6.3903075,0.3695579,0.9984403,-0.0001798,0.0557368,0.0032200,1.1955079,-0.3525220,0.1673746,-1.0914882,0.0000000,9.7457189,27.0399233
1,1,0.6700,STAIRS,0.0626253,-0.2983473,9.7957352,-0.5119989,18.7661137,-7.9835569,15.5698303,-1.6185644,42.7813740,0.0000000,5.8750124,0.3693279,0.9986808,-0.0001652,0.0512464,0.0032188,1.0787552,-0.3429580,0.0702049,-1.0037962,0.0000000,9.7551411,27.0116677
1,1,0.6800,STAIRS,0.1253292,-0.2930512,9.7017880,-0.0607305,16.5403895,-8.7691046,16.0754246,-0.6001348,42.7813090,0.0000000,5.3003916,0.3690971,0.9989253,-0.0001489,0.0462379,0.0032175,0.9958975,-0.2687337,-0.0329048,-0.9059128,-0.0000000,9.7647174,27.0433205
1,1,0.6900,STAIRS,0.0741190,-0.1704921,9.6188979,0.1767760,15.6434514,-7.5951559,16.1077804,-1.6009387,42.7308413,0.0000000,4.6722477,0.3688654,0.9991637,-0.0001312,0.0407615,0.0032163,0.8643642,-0.1844141,-0.1373790,-0.7988081,-0.0000000,9.7740621,27.0358331
1,1,0.7000,STAIRS,0.0542842,-0.1162321,9.5468388,-0.2878591,12.4969565,-7.4472284,16.7074142,-0.6222725,43.0933515,0.0000000,3.9969236,0.3686329,0.9993866,-0.0001122,0.0348725,0.0032150,0.7368756,-0.1445722,-0.2111758,-0.6835521,0.0000000,9.7827982,27.0849797
1,1,0.7100,STAIRS,0.0326610,-0.0504921,9.4065946,0.3628045,10.8170034,-5.9722763,17.6782711,-1.0686801,41.8684564,0.0000000,3.2812387,0.3683996,0.9995849,-0.0000920,0.0286301,0.0032136,0.6426811,0.0026243,-0.2939327,-0.5613044,0.0000000,9.7905731,26.9988736
1,1,0.7200,STAIRS,0.0241939,0.1026745,9.3924190,0.4520571,8.1696329,-4.6155904,18.3341092,-1.0219786,41.4922836,0.0000000,2.5324199,0.3681654,0.9997507,-0.0000710,0.0220976,0.0032121,0.4727199,0.0302854,-0.4497122,-0.4333037,-0.0000000,9.7970726,27.0662627
1,1,0.7300,STAIRS,-0.0290214,0.1168380,9.2948364,-0.4528070,5.4478856,-3.0954174,19.0602628,-1.1270946,41.3226339,0.0000000,1.7580289,0.3679304,0.9998772,-0.0000493,0.0153410,0.0032104,0.3079291,0.0755972,-0.5075540,-0.3008541,-0.0000000,9.8020340,27.0389202
1,1,0.7400,STAIRS,0.0289622,0.1831269,9.2349767,-0.1927781,3.7100860,-2.1271931,19.1967072,-1.1571673,41.3530916,0.0000000,0.9658853,0.3676946,0.9999593,-0.0000270,0.0084288,0.0032086,0.1475558,0.1830352,-0.6400965,-0.1653115,-0.0000000,9.8052566,27.0237517
1,1,0.7500,STAIRS,-0.0719359,0.2149725,9.1697259,0.5731391,0.9154102,-0.3067623,19.6049803,-1.5244164,41.0853296,0.0000000,0.1639883,0.3674580,0.9999938,-0.0000046,0.0014311,0.0032067,0.0143249,0.2223914,-0.6227483,-0.0280679,-0.0000000,9.8066098,27.0513246
1,1,0.7600,STAIRS,-0.0743675,0.2911535,9.1289227,-0.7349170,-1.0341686,1.2725186,20.3743319,-1.4722904,41.0529873,0.0000000,-0.6395647,0.3672205,0.9999793,0.0000179,-0.0055812,0.0032045,-0.1254816,0.2763120,-0.6033903,0.1094646,-0.0000000,9.8060390,27.0561007
1,1,0.7700,STAIRS,0.0281353,0.3658888,9.1486549,-0.0170525,-4.2306638,3.1546180,20.6372507,-0.7238400,40.7285450,0.0000000,-1.4366594,0.3669822,0.9999163,0.0000401,-0.0125368,0.0032023,-0.3280174,0.3269675,-0.6547060,0.2458705,0.0000000,9.8035673,27.0320934
1,1,0.7800,STAIRS,-0.0222688,0.3770673,9.1533357,0.0657190,-6.4873722,5.1542289,21.3753900,-0.9498880,40.4968533,0.0000000,-2.2192468,0.3667431,0.9998074,0.0000620,-0.0193653,0.0031998,-0.4265476,0.3643711,-0.6866941,0.3797476,0.0000000,9.7992947,27.0387202
1,1,0.7900,STAIRS,-0.0297844,0.3783952,9.1607671,-1.0007927,-9.8159721,5.2506878,22.4075392,-1.6256345,39.7287268,0.0000000,-2.9794242,0.3665032,0.9996569,0.0000831,-0.0259973,0.0031973,-0.5557209,0.3629124,-0.6227779,0.5097235,-0.0000000,9.7933940,27.0125047
1,1,0.8000,STAIRS,-0.0147262,0.3257240,9.1998837,-0.4182152,-11.5109952,6.7737969,21.7910250,-1.2996717,39.8444492,0.0000000,-3.7095156,0.3662624,0.9994710,0.0001034,-0.0323658,0.0031946,-0.6840941,0.3275456,-0.5930531,0.6344710,-0.0000000,9.7861040,27.0315283
1,1,0.8100,STAIRS,-0.0884356,0.3586123,9.2439056,-0.1677886,-14.0775845,7.6259276,23.1782605,-1.3365222,40.3422735,0.0000000,-4.4021484,0.3660208,0.9992571,0.0001227,-0.0384063,0.0031918,-0.8148247,0.3567329,-0.5630182,0.7527233,0.0000000,9.7777192,27.0589537
1,1,0.8200,STAIRS,-0.1263722,0.3151378,9.2558996,-0.8888528,-15.7384289,8.6533657,22.5539652,-1.1762193,39.0226940,0.0000000,-5.0503284,0.3657784,0.9990239,0.0001406,-0.0440579,0.0031889,-0.9441332,0.3464941,-0.5207658,0.8632869,0.0000000,9.7685782,27.0832437
1,1,0.8300,STAIRS,-0.0681529,0.2645042,9.3284641,-0.2422952,-17.4904048,8.4439745,23.7345682,-0.0666789,38.8045520,0.0000000,-5.6475104,0.3655352,0.9987807,0.0001571,-0.0492636,0.0031860,-1.0670026,0.2501386,-0.4864386,0.9650540,0.0000000,9.7590499,27.0297660
1,1,0.8400,STAIRS,-0.1175241,0.1949742,9.3603795,0.1925762,-18.9150904,7.5629483,23.7966381,-1.0798448,38.4643391,0.0000000,-6.1876640,0.3652911,0.9985374,0.0001720,-0.0539710,0.0031831,-1.1721714,0.2284815,-0.4118775,1.0570128,0.0000000,9.7495184,27.0998578
1,1,0.8500,STAIRS,-0.1554395,0.1793315,9.3103742,-0.6988404,-20.5545048,7.2829416,24.5320332,-0.8836214,38.4506409,0.0000000,-6.6653348,0.3650462,0.9983038,0.0001852,-0.0581329,0.0031802,-1.2273717,0.1449547,-0.3526697,1.1382562,0.0000000,9.7403674,27.0314766
1,1,0.8600,STAIRS,-0.0892537,0.1184067,9.4294743,-0.2000157,-22.3792382,6.7035070,24.0508451,-1.2488636,37.3678044,0.0000000,-7.0756993,0.3648005,0.9980892,0.0001964,-0.0617076,0.0031774,-1.3324815,0.1108767,-0.3210001,1.2079889,0.0000000,9.7319652,27.0375448
1,1,0.8700,STAIRS,-0.1461911,0.0840157,9.4682520,0.4600577,-23.0982611,4.4484157,24.9769067,-1.2892554,38.3829083,0.0000000,-7.4146136,0.3645540,0.9979023,0.0002057,-0.0646592,0.0031747,-1.3473162,0.0416289,-0.2829976,1.2655337,-0.0000000,9.7246495,27.0569195
1,1,0.8800,STAIRS,-0.1709176,0.0013206,9.5749048,-0.3768359,-24.0337315,4.4039087,24.9573863,-0.8405279,37.2976603,0.0000000,-7.6786554,0.3643067,0.9977507,0.0002129,-0.0669584,0.0031720,-1.4238957,-0.0806047,-0.1974542,1.3103352,-0.0000000,9.7187142,27.1222154
1,1,0.8900,STAIRS,-0.1159290,-0.1133279,9.5744233,-0.7635337,-24.5571520,2.8429855,25.6865230,-1.7464301,37.9264620,0.0000000,-7.8651584,0.3640585,0.9976404,0.0002179,-0.0685822,0.0031695,-1.4732562,-0.1211664,-0.1241203,1.3419635,-0.0000000,9.7143975,27.0721200
1,1,0.9000,STAIRS,-0.1008405,-0.2002791,9.5978194,-0.1184733,-24.6941541,1.2402362,25.1201759,-1.2626185,38.2304773,0.0000000,-7.9722393,0.3638095,0.9975759,0.0002207,-0.0695145,0.0031672,-1.5281875,-0.1930883,-0.0832328,1.3601165,-0.0000000,9.7118725,27.0740449
1,1,0.9100,STAIRS,-0.1518430,-0.2360560,9.7543355,-0.9077870,-24.2956969,0.3742264,24.6373439,-0.9360118,37.1300790,0.0000000,-7.9988168,0.3635597,0.9975597,0.0002213,-0.0697458,0.0031649,-1.4713763,-0.2655116,0.0248070,1.3646213,-0.0000000,9.7112405,27.0503899
1,1,0.9200,STAIRS,-0.1313869,-0.3136925,9.7831771,-0.0956940,-24.6527247,-2.1388431,24.8919871,-1.8869571,37.6211276,0.0000000,-7.9446225,0.3633091,0.9975926,0.0002196,-0.0692740,0.0031628,-1.5133200,-0.2792013,0.0907941,1.3554352,0.0000000,9.7125269,26.9927577
1,1,0.9300,STAIRS,-0.2008597,-0.3210702,9.8532401,-0.2043505,-24.6062480,-3.4114190,25.6669449,-1.4189280,38.4277011,0.0000000,-7.8102037,0.3630577,0.9976732,0.0002158,-0.0681038,0.0031609,-1.4684885,-0.3448902,0.1476003,1.3326454,0.0000000,9.7156801,27.0733381
1,1,0.9400,STAIRS,-0.1542529,-0.3437935,9.8734344,-0.5207383,-23.8913582,-3.9327024,25.2696400,-1.0746517,37.7036951,0.0000000,-7.5969177,0.3628054,0.9977982,0.0002097,-0.0662467,0.0031591,-1.3962200,-0.3679659,0.1919831,1.2964692,-0.0000000,9.7205736,27.0966650
1,1,0.9500,STAIRS,-0.1442774,-0.3328223,9.9539328,-0.4373599,-22.2045355,-5.9692148,25.0970064,-1.4844593,37.8974899,0.0000000,-7.3069183,0.3625524,0.9979627,0.0002016,-0.0637214,0.0031574,-1.3394097,-0.4264841,0.2712283,1.2472527,0.0000000,9.7270111,27.0525607
1,1,0.9600,STAIRS,-0.1416744,-0.3560217,10.0620512,-0.2365408,-21.1027873,-6.9383345,24.2070087,-0.6128654,38.0158320,0.0000000,-6.9431338,0.3622985,0.9981600,0.0001914,-0.0605529,0.0031558,-1.2830244,-0.3780693,0.3592737,1.1854688,0.0000000,9.7347341,27.0831921
1,1,0.9700,STAIRS,-0.1144385,-0.3689823,10.1374987,-0.6627928,-19.8374405,-7.3799283,24.7337191,-1.1787239,38.5958475,0.0000000,-6.5092379,0.3620438,0.9983821,0.0001794,-0.0567730,0.0031543,-1.2348632,-0.3667463,0.4003625,1.1117153,0.0000000,9.7434323,27.1153727
1,1,0.9800,STAIRS,-0.0985374,-0.2729503,10.1919010,-0.3790753,-18.7229210,-7.9117587,24.5065124,-1.6375488,38.5622134,0.0000000,-6.0096119,0.3617883,0.9986202,0.0001655,-0.0524195,0.0031529,-1.1041531,-0.3317116,0.4385907,1.0267102,0.0000000,9.7527560,27.0553547
1,1,0.9900,STAIRS,-0.0787647,-0.2857309,10.2755187,-0.2120245,-16.5379043,-8.3575898,23.1936870,-0.9006203,38.5330521,0.0000000,-5.4493010,0.3615319,0.9988645,0.0001500,-0.0475360,0.0031514,-1.0049275,-0.2612657,0.4824892,0.9312878,0.0000000,9.7623300,27.0534873
1,1,1.0000,STAIRS,-0.0490215,-0.2128748,10.2621940,-0.2870553,-15.2048296,-7.1533995,23.2933742,-1.2062251,39.0823695,0.0000000,-4.8339633,0.3612748,0.9991054,0.0001330,-0.0421716,0.0031499,-0.9236157,-0.2248645,0.5475884,0.8263919,0.0000000,9.7717686,27.0532030
1,1,1.0100,STAIRS,-0.1107010,-0.0961464,10.3512407,-0.3832548,-12.7345631,-7.0567776,22.7310198,-0.9118560,39.6098891,0.0000000,-4.1698123,0.3610168,0.9993331,0.0001146,-0.0363803,0.0031484,-0.7965215,-0.1447112,0.5525118,0.7130683,0.0000000,9.7806911,27.0749421
1,1,1.0200,STAIRS,-0.1056567,-0.0567271,10.4286777,-0.6663866,-10.5863375,-6.5955616,22.5027579,-0.8073638,38.8508501,0.0000000,-3.4635548,0.3607581,0.9995383,0.0000951,-0.0302205,0.0031468,-0.5900967,-0.1248461,0.6357142,0.5924553,0.0000000,9.7887375,27.0318725
1,1,1.0300,STAIRS,-0.0597918,0.0801822,10.4199100,-0.9403388,-7.2033354,-4.8739904,21.3864896,-0.8056197,39.4406196,0.0000000,-2.7223224,0.3604985,0.9997129,0.0000747,-0.0237544,0.0031450,-0.4666259,-0.0011474,0.6260740,0.4657729,0.0000000,9.7955827,27.0412180
1,1,1.0400,STAIRS,-0.0278079,0.1263626,10.4445953,-0.1047572,-5.6860520,-4.2798694,21.2968710,-1.3476574,40.8816914,0.0000000,-1.9536001,0.3602381,0.9998497,0.0000536,-0.0170475,0.0031432,-0.4099206,0.0700504,0.6413192,0.3343101,0.0000000,9.8009500,27.0337085
1,1,1.0500,STAIRS,-0.0122387,0.1545899,10.4506028,-0.3658095,-3.2305403,-2.3426915,20.8289368,-1.1992862,39.8503175,0.0000000,-1.1651503,0.3599769,0.9999434,0.0000319,-0.0101676,0.0031412,-0.1899705,0.0974617,0.6605933,0.1994114,0.0000000,9.8046223,27.1152238
1,1,1.0600,STAIRS,0.0001378,0.2049959,10.4331587,0.1163591,-1.2302613,-1.1766390,20.6101108,-1.0437525,41.7326154,0.0000000,-0.3649350,0.3597149,0.9999900,0.0000100,-0.0031846,0.0031391,-0.0669727,0.2095521,0.6644755,0.0624612,0.0000000,9.8064511,27.0578090
1,1,1.0700,STAIRS,-0.0014099,0.2672903,10.5133554,-0.0048143,2.1744139,1.2578003,19.0110343,-1.1980710,40.7103502,0.0000000,0.4389655,0.3594521,0.9999877,-0.0000120,0.0038307,0.0031368,0.0815722,0.3009269,0.6713103,-0.0751319,0.0000000,9.8063622,27.0660350
1,1,1.0800,STAIRS,-0.0105966,0.3757057,10.5977308,-0.0772892,4.8065042,2.4144240,18.8112978,-1.6301385,41.0874388,0.0000000,1.2384333,0.3591884,0.9999367,-0.0000339,0.0108071,0.0031343,0.2535333,0.2698194,0.7737072,-0.2119517,0.0000000,9.8043593,27.0496175
1,1,1.0900,STAIRS,0.0496484,0.4216433,10.5227725,-0.5747451,6.4914842,4.0545290,18.2555073,-1.3262600,41.5000153,0.0000000,2.0253954,0.3589240,0.9998389,-0.0000554,0.0176739,0.0031317,0.3832763,0.3491985,0.8619120,-0.3465911,0.0000000,9.8005234,27.0423458
1,1,1.1000,STAIRS,-0.0264757,0.4087290,10.6833171,-0.5074823,9.1958197,4.6476284,17.3854501,-1.0052474,41.1861796,0.0000000,2.7919052,0.3586588,0.9996983,-0.0000762,0.0243614,0.0031290,0.5350114,0.3655622,0.8880685,-0.4776688,0.0000000,9.7950098,27.0784136
1,1,1.1100,STAIRS,0.0084852,0.3036342,10.6494512,-0.2757298,11.4043906,7.0760978,17.3227784,-0.8318778,42.1600237,0.0000000,3.5302224,0.3583927,0.9995206,-0.0000963,0.0308020,0.0031261,0.6531034,0.4010353,0.9046946,-0.6038447,0.0000000,9.7880415,27.1568278
1,1,1.1200,STAIRS,0.0157224,0.3848361,10.7191890,-0.3346858,13.4114768,7.1341539,15.9743478,-1.5710787,42.7208971,0.0000000,4.2328916,0.3581258,0.9993130,-0.0001154,0.0369304,0.0031231,0.8095641,0.3645992,0.9431126,-0.7238358,-0.0000000,9.7799001,27.0793884
1,1,1.1300,STAIRS,0.0581386,0.3374112,10.6835196,-0.6693979,15.1732928,7.6984037,15.8678865,-1.1524951,42.5749555,0.0000000,4.8928171,0.3578582,0.9990837,-0.0001333,0.0426847,0.0031201,0.8446125,0.3366104,1.0035574,-0.8364289,0.0000000,9.7709145,27.0302682
1,1,1.1400,STAIRS,0.0234236,0.2670002,10.6968824,-0.5106389,18.2341966,7.9109124,15.6653997,-1.2662627,42.9696562,0.0000000,5.5033352,0.3575897,0.9988421,-0.0001498,0.0480070,0.0031170,1.0497025,0.2844502,0.9726469,-0.9404940,0.0000000,9.7614474,27.0544835
1,1,1.1500,STAIRS,0.0663609,0.2321960,10.6939507,-0.4482474,19.6699256,7.6236142,15.0357599,-1.0100852,42.9200519,0.0000000,6.0582807,0.3573204,0.9985979,-0.0001648,0.0528436,0.0031138,1.1034229,0.2263726,0.9336112,-1.0349941,-0.0000000,9.7518804,27.0916418
1,1,1.1600,STAIRS,0.1097004,0.1951619,10.6899979,-0.4177978,21.0734993,7.2008458,15.0794688,-0.7898195,43.0945855,0.0000000,6.5520500,0.3570504,0.9983610,-0.0001781,0.0571460,0.0031108,1.2118250,0.2179881,0.9476454,-1.1189954,0.0000000,9.7425989,27.0433284
1,1,1.1700,STAIRS,0.0833006,0.1694523,10.6645935,-0.5424661,21.9739514,6.6915060,13.9198267,-1.2298086,42.9654058,0.0000000,6.9796568,0.3567795,0.9981408,-0.0001895,0.0608710,0.0031077,1.2649476,0.1259019,0.9164629,-1.1916740,0.0000000,9.7339764,27.0243705
1,1,1.1800,STAIRS,0.0563601,0.0302933,10.6170415,-0.3113117,23.3863068,5.7959505,14.4600356,-0.8498800,43.2749503,0.0000000,7.3367833,0.3565078,0.9979462,-0.0001991,0.0639815,0.0031047,1.3970180,0.0180332,0.8823062,-1.2523226,0.0000000,9.7263597,27.0769330
1,1,1.1900,STAIRS,0.1383559,-0.0000805,10.5606921,-0.2008765,23.8406300,4.3752771,14.2741665,-0.7946278,43.8318732,0.0000000,7.6198233,0.3562353,0.9977852,-0.0002066,0.0664462,0.0031019,1.3877618,-0.0744075,0.8728247,-1.3003552,0.0000000,9.7200546,27.0674938
1,1,1.2000,STAIRS,0.0710267,-0.0776468,10.5427016,0.0482969,24.6475857,3.3849603,13.2288307,-2.1411040,43.5158172,0.0000000,7.8259185,0.3559620,0.9976641,-0.0002120,0.0682406,0.0030991,1.4669048,-0.1199323,0.7841317,-1.3353101,-0.0000000,9.7153143,27.0267053
1,1,1.2100,STAIRS,0.0726126,-0.1600492,10.4076058,-0.4686656,24.9620063,1.6716731,13.7123348,-1.1646986,43.6852162,0.0000000,7.9529879,0.3556879,0.9975878,-0.0002153,0.0693469,0.0030965,1.4876379,-0.1725968,0.7572982,-1.3568532,0.0000000,9.7123289,27.0839417
1,1,1.2200,STAIRS,0.1225731,-0.2424972,10.3398507,-0.0412941,25.1984334,0.4831432,13.8065490,-0.8900823,43.1171702,0.0000000,7.9997482,0.3554131,0.9975594,-0.0002163,0.0697539,0.0030940,1.5109718,-0.2666556,0.6969418,-1.3647792,0.0000000,9.7112184,27.1103696
1,1,1.2300,STAIRS,0.0820690,-0.2804668,10.3268845,-0.3370859,24.8062123,-1.3319888,13.5322972,-1.3060551,42.6241609,0.0000000,7.9657274,0.3551374,0.9975801,-0.0002153,0.0694578,0.0030917,1.4633762,-0.3066250,0.6116315,-1.3590127,0.0000000,9.7120270,27.0316394
1,1,1.2400,STAIRS,0.1139029,-0.3009340,10.2377640,-0.5539113,24.7604769,-2.2471074,14.0315941,-1.2509520,42.8102320,0.0000000,7.8512689,0.3548609,0.9976490,-0.0002120,0.0684613,0.0030895,1.4580314,-0.2879751,0.5504460,-1.3396085,0.0000000,9.7147225,27.0837510
1,1,1.2500,STAIRS,0.1707317,-0.3168924,10.2361562,-0.1204806,24.9399075,-4.6284901,14.0238826,-1.8195414,43.1988104,0.0000000,7.6575286,0.3545836,0.9977633,-0.0002066,0.0667745,0.0030874,1.3991555,-0.3452210,0.5207101,-1.3067515,0.0000000,9.7191967,27.0465637
1,1,1.2600,STAIRS,0.1703118,-0.3356793,10.1018529,0.0640826,23.6463186,-6.2847804,14.8347467,-1.4319286,43.3036883,0.0000000,7.3864628,0.3543055,0.9979185,-0.0001992,0.0644141,0.0030855,1.3844583,-0.3375718,0.4274497,-1.2607556,0.0000000,9.7252702,27.0434444
1,1,1.2700,STAIRS,0.0635557,-0.3463190,10.0772116,-0.4502895,22.5873776,-6.6035822,15.1913516,-1.3388773,43.4748199,0.0000000,7.0408088,0.3540266,0.9981082,-0.0001897,0.0614037,0.0030836,1.3399574,-0.3399331,0.3158127,-1.2020624,0.0000000,9.7326990,27.1402210
1,1,1.2800,STAIRS,0.1373293,-0.3047403,9.9129680,-0.1320331,21.1968567,-7.0877106,14.9973790,-1.2152208,43.1657318,0.0000000,6.6240569,0.3537470,0.9983250,-0.0001783,0.0577733,0.0030819,1.2001651,-0.3842323,0.2192949,-1.1312386,0.0000000,9.7411849,27.0252527
1,1,1.2900,STAIRS,0.0715661,-0.2989340,9.8437594,-0.5999584,19.7053254,-7.8641191,15.0542760,-1.0551634,42.7080447,0.0000000,6.1404155,0.3534665,0.9985599,-0.0001652,0.0535593,0.0030801,1.0393009,-0.3437130,0.0830886,-1.0489726,0.0000000,9.7503867,27.0841786
1,1,1.3000,STAIRS,0.1066997,-0.2263795,9.7813055,-0.3467118,17.4530184,-8.1708599,15.6558667,-0.3974732,42.9768251,0.0000000,5.5947685,0.3531852,0.9988036,-0.0001504,0.0488039,0.0030784,1.0360687,-0.2502061,0.0238019,-0.9560702,0.0000000,9.7599341,27.0873198
1,1,1.3100,STAIRS,0.0457911,-0.2114276,9.6310426,-0.0749305,15.6663083,-7.6126204,16.2161356,-1.1950490,42.0801770,0.0000000,4.9926256,0.3529032,0.9990463,-0.0001341,0.0435549,0.0030767,0.8916576,-0.2229139,-0.0703830,-0.8534485,0.0000000,9.7694427,27.0548623
1,1,1.3200,STAIRS,0.0188372,-0.1605287,9.5146290,-0.7215885,14.4074811,-7.0140601,16.8782640,-0.7436798,42.3888090,0.0000000,4.3400674,0.3526203,0.9992781,-0.0001165,0.0378650,0.0030750,0.7364951,-0.1417119,-0.1791836,-0.7421285,-0.0000000,9.7785290,27.0303085
1,1,1.3300,STAIRS,0.0487130,-0.1068421,9.5378581,-0.0560345,11.6594275,-7.1050028,16.7732552,-0.3590034,42.6886012,0.0000000,3.6436833,0.3523366,0.9994898,-0.0000978,0.0317916,0.0030732,0.6701108,-0.1003463,-0.2395597,-0.6232265,0.0000000,9.7868265,27.0885943
1,1,1.3400,STAIRS,0.0096145,-0.0382910,9.4590553,0.1345648,9.5650376,-5.5706626,17.6485194,-0.6483666,41.7851033,0.0000000,2.9105054,0.3520522,0.9996727,-0.0000780,0.0253961,0.0030712,0.5619919,-0.0265047,-0.4189913,-0.4979430,0.0000000,9.7940000,27.0713847
1,1,1.3500,STAIRS,0.0023418,0.0697728,9.3435373,-0.3723969,7.8005658,-4.0724296,18.2123795,-1.1927275,41.2813044,0.0000000,2.1479373,0.3517670,0.9998196,-0.0000575,0.0187431,0.0030692,0.3724027,0.1002520,-0.4151225,-0.3675513,0.0000000,9.7997597,27.0491315
1,1,1.3600,STAIRS,0.0029362,0.1826094,9.2729154,-0.0591622,4.9671214,-2.5900245,18.5846168,-0.9148822,40.7299379,0.0000000,1.3636795,0.3514809,0.9999245,-0.0000365,0.0119000,0.0030670,0.2700026,0.1221550,-0.5039964,-0.2333831,0.0000000,9.8038725,27.0464286
1,1,1.3700,STAIRS,-0.0210842,0.2264882,9.1974149,-0.9250259,2.6395315,-0.5154152,19.1391070,-0.8646650,40.6554584,0.0000000,0.5656512,0.3511941,0.9999831,-0.0000151,0.0049362,0.0030647,0.1121431,0.1897615,-0.6431560,-0.0968143,0.0000000,9.8061721,27.1041216
1,1,1.3800,STAIRS,0.0200201,0.2668031,9.1365882,-0.5919840,-0.2212498,0.7167845,19.3081085,-1.0674370,40.5163639,0.0000000,-0.2380890,0.3509065,0.9999932,0.0000064,-0.0020777,0.0030622,-0.0129563,0.2577492,-0.7018911,0.0407508,-0.0000000,9.8065653,27.1138029
1,1,1.3900,STAIRS,-0.0366320,0.3160485,9.1319599,-0.1842441,-2.6886369,1.7102984,20.5301069,-1.6897544,40.8326958,0.0000000,-1.0394249,0.3506181,0.9999542,0.0000278,-0.0090705,0.0030596,-0.1814169,0.3269043,-0.6836156,0.1778965,0.0000000,9.8050363,27.1105481
1,1,1.4000,STAIRS,-0.0586930,0.3639582,9.1738303,-0.0711291,-4.9377290,3.3533923,21.3664238,-1.0790029,40.2703339,0.0000000,-1.8302648,0.3503289,0.9998678,0.0000488,-0.0159713,0.0030568,-0.3465345,0.3091196,-0.6678929,0.3132118,0.0000000,9.8016469,27.0641985
1,1,1.4100,STAIRS,-0.0655676,0.3264791,9.1688489,-0.1769713,-7.7933448,5.2309052,21.1814705,-1.2858653,40.1920350,0.0000000,-2.6026227,0.3500390,0.9997374,0.0000694,-0.0227101,0.0030539,-0.5100769,0.3706161,-0.6362067,0.4453074,0.0000000,9.7965344,27.0658454
1,1,1.4200,STAIRS,0.0071082,0.3241738,9.1221357,-0.4640606,-10.2312457,6.4687089,22.3110101,-1.3309278,39.7736941,0.0000000,-3.3486995,0.3497482,0.9995684,0.0000892,-0.0292186,0.0030508,-0.6711165,0.3545620,-0.5791904,0.5728316,0.0000000,9.7899054,27.0147343
1,1,1.4300,STAIRS,-0.0347263,0.3857553,9.2099218,-0.7433522,-11.8855533,6.9868467,22.9525347,-0.9914406,39.0892941,0.0000000,-4.0609612,0.3494566,0.9993675,0.0001081,-0.0354310,0.0030477,-0.7406264,0.3615214,-0.5965439,0.6944855,0.0000000,9.7820281,27.1066454
1,1,1.4400,STAIRS,-0.0532295,0.3687881,9.2629541,-0.2490387,-13.9885845,7.0379437,22.8110593,-1.1476796,39.0953509,0.0000000,-4.7322154,0.3491643,0.9991428,0.0001258,-0.0412844,0.0030444,-0.8815088,0.3745464,-0.5141974,0.8090375,0.0000000,9.7732207,27.1380823
1,1,1.4500,STAIRS,-0.1280200,0.3159264,9.2337356,-0.1047752,-15.8437381,7.9669319,23.4498335,-1.3485733,39.1969609,0.0000000,-5.3556839,0.3488712,0.9989034,0.0001422,-0.0467199,0.0030411,-1.0210986,0.3034399,-0.4960540,0.9153356,0.0000000,9.7638386,27.0911651
1,1,1.4600,STAIRS,-0.1405748,0.2240162,9.3424662,0.1304704,-18.3331200,8.0511173,24.4061225,-1.3681155,39.0723054,0.0000000,-5.9250708,0.3485773,0.9986589,0.0001572,-0.0516827,0.0030378,-1.0852712,0.2652942,-0.4098180,1.0123187,0.0000000,9.7542604,27.0582178
1,1,1.4700,STAIRS,-0.1588810,0.2054139,9.3650161,-0.5694748,-19.7405652,7.8802954,24.1583859,-1.4467663,38.1807152,0.0000000,-6.4346267,0.3482826,0.9984192,0.0001706,-0.0561229,0.0030345,-1.1986004,0.2144645,-0.4182365,1.0990263,0.0000000,9.7448717,27.0938357
1,1,1.4800,STAIRS,-0.1256457,0.1036293,9.4538227,-0.4149485,-20.7941449,7.2484835,25.1993493,-1.0534718,38.1920760,0.0000000,-6.8792058,0.3479871,0.9981940,0.0001822,-0.0599961,0.0030313,-1.2745820,0.1285216,-0.3716556,1.1746065,-0.0000000,9.7360507,27.1110180
1,1,1.4900,STAIRS,-0.1145692,0.0667320,9.4466190,-0.5938284,-22.8325891,6.9446608,25.2778089,-1.5403227,38.4074779,0.0000000,-7.2543190,0.3476909,0.9979923,0.0001920,-0.0632633,0.0030281,-1.3059779,0.0657801,-0.2607776,1.2383224,0.0000000,9.7281520,27.0925444
1,1,1.5000,STAIRS,-0.1276278,-0.0259369,9.4802344,-0.4668845,-23.2661788,5.0373125,25.4857204,-0.6844581,37.7533397,0.0000000,-7.5561783,0.3473938,0.9978222,0.0001998,-0.0658920,0.0030250,-1.4303389,-0.0438175,-0.2269926,1.2895572,0.0000000,9.7214930,27.0873615
1,1,1.5100,STAIRS,-0.1758160,-0.0926840,9.5639425,-0.2778429,-23.5821046,3.7040756,25.4537056,-1.1077760,38.4155443,0.0000000,-7.7817356,0.3470960,0.9976905,0.0002055,-0.0678560,0.0030220,-1.4193501,-0.0917649,-0.1661314,1.3278179,0.0000000,9.7163411,27.1231288
1,1,1.5200,STAIRS,-0.1462477,-0.1097810,9.6550178,-0.4737875,-24.1200812,1.9824192,25.5769124,-1.3015053,37.5520309,0.0000000,-7.9287132,0.3467974,0.9976027,0.0002092,-0.0691356,0.0030191,-1.4445740,-0.1601623,-0.1181466,1.3527382,0.0000000,9.7129029,27.0868788
1,1,1.5300,STAIRS,-0.0684963,-0.2089855,9.6805576,-0.6005687,-24.4347856,0.8367091,24.9188082,-1.5207736,38.0948840,0.0000000,-7.9956269,0.3464980,0.9975622,0.0002108,-0.0697181,0.0030164,-1.5054229,-0.1886272,-0.0222828,1.3640807,0.0000000,9.7113165,27.1134022
1,1,1.5400,STAIRS,-0.1975919,-0.2253115,9.7831485,-0.1067602,-24.8714065,-1.2178832,25.6399038,-0.6028172,37.5050341,0.0000000,-7.9818010,0.3461979,0.9975706,0.0002103,-0.0695977,0.0030138,-1.5008687,-0.2218631,0.0565208,1.3617372,0.0000000,9.7116454,27.0938594
1,1,1.5500,STAIRS,-0.0793977,-0.3320319,9.7745519,-0.3242391,-24.7369825,-2.1471813,25.6559803,-1.9442816,38.1356786,0.0000000,-7.8873752,0.3458969,0.9976276,0.0002076,-0.0687757,0.0030114,-1.4251112,-0.3295844,0.0815519,1.3457302,0.0000000,9.7138764,27.1294003
1,1,1.5600,STAIRS,-0.0711238,-0.3360692,9.9366743,-0.3565899,-23.7459817,-3.3519231,25.7276756,-0.3221138,37.7440521,0.0000000,-7.7133029,0.3455952,0.9977309,0.0002028,-0.0672601,0.0030091,-1.3916371,-0.3166649,0.1639847,1.3162120,0.0000000,9.7179201,27.0868303
1,1,1.5700,STAIRS,-0.1297694,-0.3820941,9.9595055,-0.0558811,-22.9803502,-4.8038980,24.4435993,-0.9663558,37.9549512,0.0000000,-7.4613420,0.3452927,0.9978764,0.0001961,-0.0650662,0.0030069,-1.3781009,-0.3478469,0.2559817,1.2734644,-0.0000000,9.7236142,27.1167804
1,1,1.5800,STAIRS,-0.1311602,-0.4131571,10.0413686,0.3574617,-21.9855380,-6.8160147,25.1780360,-0.8850739,38.1974670,0.0000000,-7.1340367,0.3449894,0.9980582,0.0001873,-0.0622157,0.0030048,-1.3529807,-0.3575043,0.2937562,1.2178972,0.0000000,9.7307302,27.1111625
1,1,1.5900,STAIRS,-0.1516555,-0.3778710,10.1405759,-0.5609812,-20.7615334,-7.6237145,24.4344997,-0.7927759,38.7479347,0.0000000,-6.7346921,0.3446854,0.9982689,0.0001767,-0.0587372,0.0030027,-1.2490800,-0.3792508,0.3766430,1.1500462,0.0000000,9.7389824,27.1301689
1,1,1.6000,STAIRS,-0.1678371,-0.2955427,10.2125078,-0.3575901,-19.4550399,-7.3483330,24.5077415,-1.3938558,38.3588895,0.0000000,-6.2673408,0.3443806,0.9985002,0.0001643,-0.0546654,0.0030008,-1.1384208,-0.3471269,0.4020162,1.0705697,0.0000000,9.7480390,27.1557515
1,1,1.6100,STAIRS,-0.0724044,-0.3420614,10.2394385,-0.5448969,-17.7188753,-7.9002310,23.7847867,-0.9051535,39.4665327,0.0000000,-5.7367021,0.3440750,0.9987426,0.0001503,-0.0500410,0.0029989,-1.0527207,-0.2888658,0.5020832,0.9802446,0.0000000,9.7575358,27.0647067
1,1,1.6200,STAIRS,-0.0790026,-0.1740621,10.3261387,-0.5551943,-15.1345071,-7.8592686,23.4068172,-1.5470159,39.3645446,0.0000000,-5.1481345,0.3437686,0.9989865,0.0001347,-0.0449106,0.0029969,-0.9389980,-0.2016463,0.4668179,0.8799609,-0.0000000,9.7670903,27.1100648
1,1,1.6300,STAIRS,-0.0965981,-0.1533996,10.3278455,0.3349065,-13.9589152,-7.6096012,23.2702938,-1.2005525,39.3768244,0.0000000,-4.5075811,0.3434614,0.9992219,0.0001179,-0.0393257,0.0029949,-0.8468310,-0.1606761,0.5541854,0.7707144,-0.0000000,9.7763175,27.1031108
1,1,1.6400,STAIRS,-0.0645123,-0.1072386,10.4432810,0.2327469,-11.4094326,-6.5232104,22.4022918,-0.8310343,39.4597908,0.0000000,-3.8215103,0.3431535,0.9994395,0.0000998,-0.0333426,0.0029929,-0.7308598,-0.1023529,0.5428432,0.6535985,-0.0000000,9.7848451,27.1207709
1,1,1.6500,STAIRS,-0.0603686,0.0237716,10.4081614,-0.2692765,-9.3326248,-6.1085656,21.7197084,-0.9139867,39.7418870,0.0000000,-3.0968500,0.3428448,0.9996304,0.0000808,-0.0270217,0.0029908,-0.5569795,-0.0045784,0.6485945,0.5297936,0.0000000,9.7923288,27.0904271
1,1,1.6600,STAIRS,-0.0177197,0.0099607,10.3226424,-0.8202934,-6.9142663,-4.3468484,21.4076029,-1.1013466,39.9755219,0.0000000,-2.3409179,0.3425354,0.9997869,0.0000611,-0.0204269,0.0029886,-0.4550542,0.0278938,0.6336342,0.4005561,0.0000000,9.7984662,27.0983486
1,1,1.6700,STAIRS,-0.0834299,0.1754930,10.4255527,0.1214514,-4.4613081,-3.2260136,21.0698151,-0.9596465,40.4697090,0.0000000,-1.5613473,0.3422251,0.9999027,0.0000407,-0.0136248,0.0029862,-0.3092739,0.1196200,0.6468103,0.2672045,0.0000000,9.8030090,27.0620554
1,1,1.6800,STAIRS,-0.0132345,0.1836880,10.4719052,-0.3390418,-2.1253069,-1.8322606,20.9245222,-1.4510348,40.4953799,0.0000000,-0.7660102,0.3419141,0.9999732,0.0000199,-0.0066846,0.0029837,-0.1269915,0.1573634,0.6386360,0.1311051,0.0000000,9.8057736,27.0952337
1,1,1.6900,STAIRS,0.0072124,0.2484686,10.4869746,-0.1272516,0.8340559,-0.2076515,19.3030225,-1.3372230,41.0180205,0.0000000,0.0370621,0.3416024,0.9999955,-0.0000010,0.0003234,0.0029810,0.0140279,0.2066139,0.6673373,-0.0063435,0.0000000,9.8066479,27.1050739
1,1,1.7000,STAIRS,-0.0593570,0.2721416,10.5667432,-0.5263975,2.7950249,2.2591219,19.0845624,-0.8809829,41.6159643,0.0000000,0.8397600,0.3412898,0.9999687,-0.0000218,0.0073282,0.0029782,0.1775452,0.3092960,0.7109861,-0.1437268,0.0000000,9.8055967,27.1071054
1,1,1.7100,STAIRS,0.0459091,0.3822788,10.5942806,-0.6801000,5.9756554,3.1853552,19.0550747,-0.6697360,41.0014383,0.0000000,1.6339781,0.3409765,0.9998939,-0.0000424,0.0142586,0.0029753,0.3243798,0.2946632,0.7972879,-0.2796311,0.0000000,9.8026624,27.0833790
1,1,1.7200,STAIRS,0.0284234,0.4097761,10.6204610,-0.1625573,7.3266303,4.2716556,17.9379436,-1.7819365,41.9246570,0.0000000,2.4116964,0.3406624,0.9997741,-0.0000626,0.0210444,0.0029722,0.4666640,0.3331679,0.7917634,-0.4126601,-0.0000000,9.7979639,27.0629239
1,1,1.7300,STAIRS,0.1008729,0.3812803,10.7002012,-0.4807242,9.7879674,6.4520742,17.4371877,-0.8780651,41.8655815,0.0000000,3.1650614,0.3403476,0.9996142,-0.0000820,0.0276167,0.0029690,0.5998512,0.3247180,0.8539256,-0.5414512,0.0000000,9.7916911,27.1272798
1,1,1.7400,STAIRS,0.0397524,0.4111760,10.7240238,0.2739362,13.4454907,7.3427026,17.3208508,-1.2391357,42.4861997,0.0000000,3.8864658,0.3400320,0.9994205,-0.0001006,0.0339092,0.0029656,0.7316290,0.4126592,0.9360861,-0.6646910,0.0000000,9.7840978,27.1223190
1,1,1.7500,STAIRS,0.0495261,0.3272863,10.7645189,-0.6071283,15.4060417,7.2572355,16.0610848,-0.8768722,42.8449476,0.0000000,4.5686247,0.3397156,0.9992010,-0.0001182,0.0398580,0.0029622,0.8772180,0.4037630,0.9719735,-0.7811298,0.0000000,9.7754908,27.1489107
1,1,1.7600,STAIRS,0.0871887,0.3137211,10.6481286,-0.0541532,16.5993544,7.5887309,15.6297812,-1.8883149,42.5189038,0.0000000,5.2046498,0.3393985,0.9989643,-0.0001345,0.0454033,0.0029588,0.9649055,0.2966654,0.9587433,-0.8895946,0.0000000,9.7662176,27.1447316
1,1,1.7700,STAIRS,0.0912655,0.2739815,10.7340100,-0.1550255,18.5935039,8.1982875,15.3077764,-0.9627281,43.0606944,0.0000000,5.7881186,0.3390806,0.9987202,-0.0001494,0.0504892,0.0029553,1.0855082,0.2753082,0.9277008,-0.9890005,0.0000000,9.7566522,27.1113452
1,1,1.7800,STAIRS,0.0826840,0.2457173,10.6990011,-0.2095022,19.4130998,7.7444112,15.0673230,-0.8630497,43.0746732,0.0000000,6.3131391,0.3387619,0.9984784,-0.0001628,0.0550644,0.0029518,1.1689144,0.2484470,0.9568442,-1.0783612,0.0000000,9.7471802,27.1360980
1,1,1.7900,STAIRS,0.0147375,0.1200399,10.6858787,-0.7406969,21.1073336,7.0959203,15.0544152,-0.1700306,43.2748151,0.0000000,6.7744098,0.3384425,0.9982487,-0.0001745,0.0590832,0.0029483,1.2605446,0.1701479,0.9361584,-1.1567970,0.0000000,9.7381828,27.1035662
1,1,1.8000,STAIRS,0.0661034,0.0744792,10.6298906,-0.0358236,22.3182237,6.5612830,14.5575274,-1.0036139,43.6182372,0.0000000,7.1672727,0.3381223,0.9980403,-0.0001844,0.0625052,0.0029449,1.3889075,0.0721962,0.9275468,-1.2235416,-0.0000000,9.7300221,27.1451429
1,1,1.8100,STAIRS,0.0670818,0.0069338,10.6121205,-0.3296822,24.2693261,5.1584517,13.9251793,-0.9929724,43.2663099,0.0000000,7.4877607,0.3378013,0.9978616,-0.0001925,0.0652963,0.0029416,1.3907367,0.0306283,0.8987949,-1.2779477,0.0000000,9.7230260,27.1702488
1,1,1.8200,STAIRS,0.0966516,-0.0228479,10.5278227,-0.2282344,25.1087845,3.3722230,13.1861134,-1.2150351,43.9455352,0.0000000,7.7326376,0.3374796,0.9977198,-0.0001986,0.0674285,0.0029384,1.4177177,-0.0643898,0.8768960,-1.3194912,0.0000000,9.7174753,27.1442604
1,1,1.8300,STAIRS,0.1482194,-0.1468983,10.4898719,0.1324679,24.7591249,2.4205440,14.0768246,-0.5526387,43.3213897,0.0000000,7.8994305,0.3371571,0.9976206,-0.0002027,0.0688807,0.0029353,1.4772055,-0.1349575,0.7706724,-1.3477740,-0.0000000,9.7135930,27.0988199
1,1,1.8400,STAIRS,0.1286309,-0.1839794,10.4619469,-0.0605562,25.3828386,0.9174577,14.3326328,-1.3812817,43.8386957,0.0000000,7.9864553,0.3368339,0.9975680,-0.0002047,0.0696383,0.0029323,1.4638890,-0.2451970,0.7414274,-1.3625261,-0.0000000,9.7115347,27.0796560
1,1,1.8500,STAIRS,0.1443747,-0.2460741,10.3935942,-0.8110964,24.9057075,-0.6123267,14.0025812,-1.3047695,44.0934570,0.0000000,7.9928331,0.3365099,0.9975641,-0.0002047,0.0696938,0.0029295,1.5321238,-0.2635412,0.6695180,-1.3636071,0.0000000,9.7113830,27.1126036
1,1,1.8600,STAIRS,0.0405606,-0.3179434,10.2958091,-0.4479901,25.2391461,-2.0719453,13.8994268,-0.8082496,43.3207536,0.0000000,7.9184996,0.3361852,0.9976091,-0.0002026,0.0690467,0.0029268,1.5098733,-0.3368583,0.5989361,-1.3510068,0.0000000,9.7131439,27.1962458
1,1,1.8700,STAIRS,0.1135007,-0.3577005,10.2635045,-0.8157275,24.4382907,-3.9124113,13.8190882,-1.2421020,43.0425493,0.0000000,7.7642053,0.3358597,0.9977012,-0.0001984,0.0677034,0.0029242,1.4161237,-0.3475890,0.4890370,-1.3248450,-0.0000000,9.7167469,27.1171248
1,1,1.8800,STAIRS,0.1005790,-0.3662446,10.1544012,0.1890579,23.9527283,-5.4258185,13.8413942,-1.0257432,42.4457827,0.0000000,7.5315084,0.3355334,0.9978366,-0.0001923,0.0656772,0.0029218,1.3671078,-0.3907001,0.4038089,-1.2853713,0.0000000,9.7220474,27.1015108
1,1,1.8900,STAIRS,0.1422190,-0.2705626,10.1293577,-0.2759309,23.2565082,-5.7674443,14.1633616,-1.6367699,43.3415606,0.0000000,7.2227585,0.3352064,0.9980100,-0.0001843,0.0629885,0.0029194,1.3464320,-0.3523658,0.3000963,-1.2329636,0.0000000,9.7288327,27.1647297
1,1,1.9000,STAIRS,0.0843659,-0.3825342,9.9559565,-0.9086693,21.5570010,-7.1104450,14.8519345,-0.8657288,43.1663424,0.0000000,6.8410734,0.3348787,0.9982142,-0.0001744,0.0596639,0.0029172,1.2346515,-0.3569895,0.2363513,-1.1681266,0.0000000,9.7368303,27.1596592
1,1,1.9100,STAIRS,0.0409024,-0.3434011,9.8881968,-0.8194915,20.7610500,-7.6436599,15.5245503,-0.9292555,42.6947050,0.0000000,6.3903075,0.3345501,0.9984412,-0.0001627,0.0557368,0.0029150,1.1819389,-0.3427912,0.1424873,-1.0914882,0.0000000,9.7457189,27.0965301
1,1,1.9200,STAIRS,0.0914493,-0.2735211,9.8049986,-0.1696929,18.7255868,-7.5170851,15.5118005,-0.7844817,43.0036730,0.0000000,5.8750124,0.3342209,0.9986818,-0.0001495,0.0512465,0.0029128,1.0677856,-0.2813779,0.0894552,-1.0037962,0.0000000,9.7551411,27.0737228
1,1,1.9300,STAIRS,0.0429489,-0.2093449,9.7703527,-0.3135119,16.7445293,-8.0159952,16.1643457,-1.3487648,43.2318379,0.0000000,5.3003916,0.3338908,0.9989262,-0.0001347,0.0462380,0.0029106,0.9701872,-0.2614005,-0.0401135,-0.9059128,0.0000000,9.7647174,27.0826730
1,1,1.9400,STAIRS,0.0897739,-0.1204967,9.6412897,-0.2569363,14.7362681,-8.0825891,16.3746843,-1.0383491,42.5126513,0.0000000,4.6722477,0.3335601,0.9991647,-0.0001187,0.0407616,0.0029084,0.8359475,-0.2067739,-0.1785506,-0.7988081,0.0000000,9.7740621,27.1398109
1,1,1.9500,STAIRS,-0.0171219,-0.1287212,9.5547310,-0.1154711,12.6895610,-7.3343911,16.8938903,-1.6866915,42.8133299,0.0000000,3.9969236,0.3332285,0.9993875,-0.0001014,0.0348725,0.0029062,0.7756665,-0.1439058,-0.1932902,-0.6835521,-0.0000000,9.7827982,27.0984877
1,1,1.9600,STAIRS,0.0454734,-0.0312129,9.4481378,0.0633517,10.8762876,-6.0691922,17.2611730,-1.5830543,42.0221300,0.0000000,3.2812387,0.3328963,0.9995859,-0.0000832,0.0286302,0.0029039,0.6115020,-0.0523575,-0.2964731,-0.5613044,0.0000000,9.7905731,27.0655523
1,1,1.9700,STAIRS,0.0772848,0.1163795,9.4564919,-0.0540878,8.5132542,-4.9733712,18.0069063,-1.0903332,41.5526596,0.0000000,2.5324199,0.3325632,0.9997516,-0.0000641,0.0220976,0.0029014,0.4721424,0.0268602,-0.4020062,-0.4333037,0.0000000,9.7970726,27.1400389
1,1,1.9800,STAIRS,0.0189251,0.1152260,9.3347512,-0.3670109,6.3064156,-3.6603633,18.0428181,-1.7496602,41.4128707,0.0000000,1.7580289,0.3322295,0.9998781,-0.0000445,0.0153410,0.0028989,0.3012813,0.0786166,-0.5181701,-0.3008541,0.0000000,9.8020340,27.1283366
1,1,1.9900,STAIRS,0.0264954,0.0526471,9.2075906,-0.0216666,3.3166603,-1.7384481,18.4417282,-1.2499564,41.5898937,0.0000000,0.9658853,0.3318950,0.9999603,-0.0000244,0.0084288,0.0028962,0.1997262,0.1782386,-0.5978974,-0.1653115,0.0000000,9.8052566,27.1243647
1,1,0.0000,SIT_TO_STAND,-1.6561894,0.1694651,9.5923950,0.0330315,0.4641775,0.9015810,12.3574212,-2.1531439,45.4603360,0.0000000,8.0000000,0.0920046,0.9975637,-0.0000560,0.0697565,0.0008009,-0.1715038,0.2148530,-0.1390508,-1.3648219,0.0000000,9.7112124,26.9899086
1,1,0.0100,SIT_TO_STAND,-1.4547756,-0.0851070,9.8298145,-0.8877340,-0.7523482,-0.3734819,12.5454802,-1.4723188,45.7638912,0.0000000,7.9993960,0.0914206,0.9975641,-0.0000556,0.0697512,0.0007959,-0.0254559,-0.0431712,0.1401333,-1.3647195,0.0000000,9.7112267,27.0386205
1,1,0.0200,SIT_TO_STAND,-1.2751191,0.0172561,9.8648259,0.3366086,0.1447080,-0.5332707,13.4289017,-1.6921034,45.3406242,0.0000000,7.9975921,0.0908363,0.9975652,-0.0000553,0.0697355,0.0007908,0.1636734,-0.0617865,0.1689046,-1.3644138,0.0000000,9.7112697,26.9870717
1,1,0.0300,SIT_TO_STAND,-1.3668634,0.0759306,9.9252989,-0.4369223,2.2938671,-0.9640937,12.6644291,-1.7747487,45.5072314,0.0000000,7.9946004,0.0902519,0.9975670,-0.0000549,0.0697094,0.0007857,-0.0297500,0.0225373,0.1621007,-1.3639067,-0.0000000,9.7113409,27.0181035
1,1,0.0400,SIT_TO_STAND,-1.3067453,0.1116246,10.0232515,-0.8771945,2.4412163,0.7768641,12.4669752,-1.5480726,45.2693775,0.0000000,7.9904332,0.0896673,0.9975696,-0.0000545,0.0696732,0.0007806,0.0333539,0.1585688,0.2427790,-1.3632004,0.0000000,9.7114401,26.9704277
1,1,0.0500,SIT_TO_STAND,-1.3659247,0.0509285,9.8442445,-0.6224150,2.0242764,-1.4939121,12.2975722,-1.3883171,45.7552516,0.0000000,7.9851027,0.0890825,0.9975728,-0.0000541,0.0696268,0.0007755,0.0088576,0.0853083,0.0971059,-1.3622969,0.0000000,9.7115669,27.0070186
1,1,0.0600,SIT_TO_STAND,-1.5900498,-0.0062814,9.7525828,-1.3652033,4.3577549,0.6006284,13.0131702,-1.6119576,45.4868733,0.0000000,7.9786209,0.0884974,0.9975767,-0.0000537,0.0695703,0.0007704,-0.1920815,-0.0308325,-0.0073218,-1.3611982,0.0000000,9.7117209,26.9960613
1,1,0.0700,SIT_TO_STAND,-1.5966404,-0.1315406,9.8242259,0.2224346,1.6809735,0.7512063,13.3851640,-1.8507095,45.8081018,0.0000000,7.9710002,0.0879122,0.9975814,-0.0000533,0.0695040,0.0007653,-0.1033258,-0.1556907,0.1232928,-1.3599065,0.0000000,9.7119019,27.0276526
1,1,0.0800,SIT_TO_STAND,-1.4551478,0.0545163,9.7085285,0.1052855,2.5585432,0.0913057,12.1630030,-1.9269327,45.0424967,0.0000000,7.9622526,0.0873268,0.9975867,-0.0000529,0.0694278,0.0007602,-0.0727043,0.0698374,0.0373128,-1.3584237,0.0000000,9.7121094,27.0132041
1,1,0.0900,SIT_TO_STAND,-1.5987139,0.1505729,10.2347207,-0.8471374,3.0393599,1.9054961,12.4668882,-1.7830702,45.3293054,0.0000000,7.9523904,0.0867411,0.9975927,-0.0000525,0.0693420,0.0007551,-0.1573452,0.1346566,0.4479820,-1.3567519,0.0000000,9.7123431,26.9827621
1,1,0.1000,SIT_TO_STAND,-1.5201497,0.0657394,9.9439174,-0.0963157,4.2336336,2.0372657,11.7466192,-1.5018418,46.0337128,0.0000000,7.9414258,0.0861553,0.9975993,-0.0000521,0.0692465,0.0007500,-0.0211140,-0.0459072,0.2365703,-1.3548933,0.0000000,9.7126026,26.9334028
1,1,0.1100,SIT_TO_STAND,-1.5078755,0.0101588,9.8363482,-0.1580737,4.8878190,0.2735228,12.8950498,-0.6792715,45.5114563,0.0000000,7.9293709,0.0855693,0.9976066,-0.0000516,0.0691416,0.0007449,-0.0597492,0.0356661,0.1745437,-1.3528497,0.0000000,9.7128874,27.0373461
1,1,0.1200,SIT_TO_STAND,-1.5020198,0.0686889,10.2429916,-2.2964691,4.6705924,-0.0139537,11.6262266,-1.7474698,45.3692442,0.0000000,7.9162378,0.0849831,0.9976145,-0.0000512,0.0690273,0.0007398,-0.0933245,0.1357959,0.4463247,-1.3506234,0.0000000,9.7131972,26.9833880
1,1,0.1300,SIT_TO_STAND,-1.5126681,0.0344532,10.1486051,-0.8869317,4.3437923,0.3898682,13.2310762,-1.7990783,45.4487667,0.0000000,7.9020389,0.0843967,0.9976230,-0.0000507,0.0689036,0.0007347,-0.1479823,0.0376809,0.5039479,-1.3482162,0.0000000,9.7135317,27.0453871
1,1,0.1400,SIT_TO_STAND,-1.1519100,0.0203977,9.8745707,-0.0126691,5.5219333,0.3466630,12.7266726,-1.7856532,45.7237408,0.0000000,7.8867863,0.0838101,0.9976322,-0.0000503,0.0687709,0.0007296,0.3129068,0.0148172,0.1525775,-1.3456303,-0.0000000,9.7138902,27.0121118
1,1,0.1500,SIT_TO_STAND,-1.3068590,-0.2450776,10.0506330,-1.5393422,4.9737065,-0.0418585,12.6665552,-1.6587553,45.2880989,0.0000000,7.8704921,0.0832233,0.9976420,-0.0000498,0.0686290,0.0007245,0.0442798,-0.2407018,0.3707307,-1.3428678,0.0000000,9.7142725,26.9447999
1,1,0.1600,SIT_TO_STAND,-1.2976795,0.0632817,9.9728072,-0.3825426,4.7511762,-1.7942654,12.7075393,-1.6784478,45.0126418,0.0000000,7.8531685,0.0826364,0.9976524,-0.0000494,0.0684782,0.0007194,0.0653077,0.0125977,0.2285626,-1.3399306,0.0000000,9.7146781,27.0778931
1,1,0.1700,SIT_TO_STAND,-1.4511980,0.3226422,10.3428878,1.7541231,6.6477965,-0.6636755,12.7198925,-1.8415977,45.4636175,0.0000000,7.8348278,0.0820492,0.9976633,-0.0000489,0.0683185,0.0007143,-0.1328139,0.3617628,0.5904286,-1.3368208,-0.0000000,9.7151065,27.0292255
1,1,0.1800,SIT_TO_STAND,-1.2594353,-0.0721793,10.3169029,-0.2791994,6.0938919,2.0305710,12.3947182,-1.5452288,45.5476556,0.0000000,7.8154820,0.0814619,0.9976748,-0.0000484,0.0681501,0.0007092,0.1656666,-0.0885072,0.5451500,-1.3335404,0.0000000,9.7155573,27.0492368
1,1,0.1900,SIT_TO_STAND,-1.4638816,-0.0808024,10.1473627,-0.8772323,5.1068312,0.7689808,12.8547617,-2.0374777,44.9884926,0.0000000,7.7951435,0.0808744,0.9976869,-0.0000480,0.0679730,0.0007041,-0.0747285,-0.1390782,0.4336444,-1.3300916,0.0000000,9.7160301,26.9934337
1,1,0.2000,SIT_TO_STAND,-1.0994931,0.0254357,10.1296727,-0.8964740,6.8878280,-1.3583778,11.8231077,-1.6825846,45.2906377,0.0000000,7.7738243,0.0802867,0.9976995,-0.0000475,0.0677874,0.0006990,0.3236907,0.0585087,0.4734624,-1.3264762,0.0000000,9.7165243,27.0126989
1,1,0.2100,SIT_TO_STAND,-1.2770481,0.1599653,10.1966326,0.9559353,7.2363572,0.7666828,12.9653512,-1.7142633,45.7364590,0.0000000,7.7515367,0.0796988,0.9977127,-0.0000470,0.0675933,0.0006939,0.0452606,0.0497015,0.5321515,-1.3226965,0.0000000,9.7170396,27.0510821
1,1,0.2200,SIT_TO_STAND,-1.3586786,-0.0685256,10.1706491,-0.6252907,8.0137145,-1.3940028,12.7640556,-1.3602736,44.6729442,0.0000000,7.7282927,0.0791107,0.9977264,-0.0000465,0.0673909,0.0006888,0.0134137,0.0136851,0.5376497,-1.3187543,0.0000000,9.7175754,26.9676488
1,1,0.2300,SIT_TO_STAND,-1.3194576,-0.1237033,10.1653335,0.1808379,7.1511533,-0.7683699,12.8672964,-2.1173792,45.4462416,0.0000000,7.7041047,0.0785225,0.9977406,-0.0000460,0.0671803,0.0006837,0.1166974,-0.1331020,0.4768196,-1.3146518,-0.0000000,9.7181312,27.0299926
1,1,0.2400,SIT_TO_STAND,-1.2578025,-0.1119569,10.0634840,-0.3884502,7.4091959,-0.1864314,12.9428773,-1.7377344,45.7590865,0.0000000,7.6789848,0.0779341,0.9977553,-0.0000455,0.0669616,0.0006786,0.0823990,-0.0730009,0.3658464,-1.3103910,0.0000000,9.7187067,26.9898720
1,1,0.2500,SIT_TO_STAND,-1.3433973,-0.0012360,10.3675493,-0.5472020,6.4153120,0.7287043,12.7306785,-2.3405909,45.4153049,0.0000000,7.6529452,0.0773455,0.9977705,-0.0000450,0.0667349,0.0006735,0.0672180,0.0158413,0.6254119,-1.3059740,0.0000000,9.7193012,26.9664336
1,1,0.2600,SIT_TO_STAND,-1.3252706,-0.0992495,10.2169242,0.5453499,9.2015183,1.8520281,12.3315539,-1.8046476,44.7373278,0.0000000,7.6259980,0.0767567,0.9977862,-0.0000445,0.0665003,0.0006683,0.0586014,-0.0988799,0.4665792,-1.3014027,0.0000000,9.7199144,26.9846016
1,1,0.2700,SIT_TO_STAND,-1.2656022,0.0650552,10.4354511,-0.0226525,8.5748396,-1.1157236,12.3940801,-1.3708870,44.7089188,0.0000000,7.5981554,0.0761678,0.9978023,-0.0000440,0.0662578,0.0006632,0.0739582,0.0474927,0.6874849,-1.2966792,-0.0000000,9.7205456,27.0025060
1,1,0.2800,SIT_TO_STAND,-1.2048335,-0.0499380,10.3550764,-0.5507102,9.1884237,-0.6258074,12.8921869,-1.6066676,44.7416013,0.0000000,7.5694297,0.0755787,0.9978189,-0.0000435,0.0660077,0.0006581,0.0791692,0.0138840,0.6780680,-1.2918055,0.0000000,9.7211945,27.0688643
1,1,0.2900,SIT_TO_STAND,-1.3191534,-0.1617359,10.3359594,-0.7605058,9.6571415,0.9881919,12.7132925,-2.0333322,44.9992645,0.0000000,7.5398329,0.0749894,0.9978359,-0.0000430,0.0657500,0.0006530,-0.0122830,-0.1544512,0.5345143,-1.2867838,0.0000000,9.7218605,26.9870759
1,1,0.3000,SIT_TO_STAND,-1.3497464,0.2802083,10.5154703,-0.5029190,10.2376040,-0.1647307,12.2230610,-2.0351341,44.8207411,0.0000000,7.5093774,0.0744000,0.9978534,-0.0000425,0.0654848,0.0006479,-0.0104787,0.2752483,0.7150059,-1.2816160,0.0000000,9.7225431,26.9879370
1,1,0.3100,SIT_TO_STAND,-1.1371980,0.0626926,10.0996198,0.3784122,9.2904973,-1.5195944,13.7662070,-2.0104733,45.6617426,0.0000000,7.4780752,0.0738104,0.9978712,-0.0000420,0.0652122,0.0006427,0.2518160,0.0984908,0.3581892,-1.2763041,-0.0000000,9.7232419,27.0199024
1,1,0.3200,SIT_TO_STAND,-1.1548932,-0.0266211,10.5981651,-0.6384695,9.4809448,0.0958008,13.1556499,-1.1203855,44.5947302,0.0000000,7.4459386,0.0732206,0.9978895,-0.0000415,0.0649323,0.0006376,0.1555320,0.0148633,0.7814752,-1.2708502,0.0000000,9.7239562,27.0094261
1,1,0.3300,SIT_TO_STAND,-1.2587020,0.0070771,10.3149211,1.2718562,10.3817350,-0.8310463,12.7682997,-1.7242482,45.1926160,0.0000000,7.4129796,0.0726306,0.9979081,-0.0000410,0.0646453,0.0006325,0.0361142,0.0721241,0.6049306,-1.2652564,0.0000000,9.7246856,26.9722337
1,1,0.3400,SIT_TO_STAND,-1.1285016,0.2288771,10.2457547,-0.3735632,10.5169845,1.0390143,13.2273183,-1.5110298,45.1987103,0.0000000,7.3792106,0.0720405,0.9979271,-0.0000405,0.0643513,0.0006274,0.1523304,0.2086487,0.5209917,-1.2595246,0.0000000,9.7254297,27.0330262
1,1,0.3500,SIT_TO_STAND,-1.3811659,-0.0247360,10.3832262,-1.4518796,11.7025915,0.4683684,13.0069152,-0.9336690,45.1594256,0.0000000,7.3446437,0.0714503,0.9979465,-0.0000399,0.0640502,0.0006222,-0.0692216,0.0572999,0.6830887,-1.2536570,0.0000000,9.7261878,27.0274383
1,1,0.3600,SIT_TO_STAND,-1.2057775,0.0494641,10.4295590,-3.3977291,11.4143770,-1.6864556,13.7197567,-2.3566991,45.7882016,0.0000000,7.3092911,0.0708598,0.9979662,-0.0000394,0.0637423,0.0006171,0.1325135,0.0024787,0.6253159,-1.2476555,0.0000000,9.7269594,27.0210928
1,1,0.3700,SIT_TO_STAND,-1.1038354,0.1296257,10.5564296,-0.9502801,11.8485545,-0.6887870,13.0757566,-1.3671358,45.6086193,0.0000000,7.2731649,0.0702692,0.9979862,-0.0000389,0.0634277,0.0006120,0.1842293,0.0446753,0.8488960,-1.2415222,0.0000000,9.7277442,27.0050781
1,1,0.3800,SIT_TO_STAND,-0.9438130,-0.2090730,10.5191164,0.3314310,11.1503886,0.3524630,13.3116815,-1.5236063,45.6054138,0.0000000,7.2362773,0.0696785,0.9980066,-0.0000384,0.0631065,0.0006068,0.3249964,-0.2490258,0.6687621,-1.2352591,0.0000000,9.7285415,27.0434476
1,1,0.3900,SIT_TO_STAND,-1.2835354,0.1973656,10.5271628,0.4752079,11.1597602,0.8187826,13.0918892,-2.5199708,45.5149352,0.0000000,7.1986406,0.0690876,0.9980273,-0.0000378,0.0627787,0.0006017,-0.0016729,0.2180811,0.8230812,-1.2288683,-0.0000000,9.7293508,27.0077297
1,1,0.4000,SIT_TO_STAND,-1.3654478,-0.1674540,10.6274086,0.1749130,11.6377998,-0.3533264,13.6133484,-2.3180198,45.1843141,0.0000000,7.1602669,0.0684965,0.9980483,-0.0000373,0.0624445,0.0005966,-0.1225454,-0.1489830,0.8866265,-1.2223518,0.0000000,9.7301716,27.0165171
1,1,0.4100,SIT_TO_STAND,-0.8658973,0.0494370,10.5436507,-1.4970925,10.6572659,0.2743588,13.0581431,-2.1769399,45.7105579,0.0000000,7.1211683,0.0679053,0.9980695,-0.0000368,0.0621039,0.0005914,0.3729069,0.0459604,0.8358936,-1.2157117,-0.0000000,9.7310035,26.9830265
1,1,0.4200,SIT_TO_STAND,-1.2704677,-0.0895570,10.6596452,-2.1092821,11.1567351,0.6729245,13.4735874,-1.6596726,45.1069397,0.0000000,7.0813571,0.0673139,0.9980910,-0.0000363,0.0617572,0.0005863,-0.0559541,-0.0852310,0.8983482,-1.2089499,0.0000000,9.7318459,27.0434657
1,1,0.4300,SIT_TO_STAND,-1.2408602,-0.0279938,10.3718207,-0.6363221,11.6181828,0.3026828,13.0940903,-1.2998178,45.2763334,0.0000000,7.0408455,0.0667224,0.9981128,-0.0000358,0.0614043,0.0005812,0.0132288,-0.1160078,0.6823711,-1.2020686,0.0000000,9.7326983,27.0873301
1,1,0.4400,SIT_TO_STAND,-1.0290648,0.0429302,10.8273631,1.1256274,11.5312174,-0.8486848,13.3641399,-1.7253618,44.8958449,0.0000000,6.9996456,0.0661308,0.9981348,-0.0000352,0.0610454,0.0005760,0.2332828,0.0668495,1.0691110,-1.1950698,0.0000000,9.7335601,27.0181957
1,1,0.4500,SIT_TO_STAND,-1.1985548,0.2405051,10.7700396,-1.7408196,11.8957676,-2.4663465,12.9180495,-1.2940628,45.2301712,0.0000000,6.9577696,0.0655389,0.9981571,-0.0000347,0.0606807,0.0005709,-0.0066525,0.1838773,1.0133495,-1.1879555,-0.0000000,9.7344310,27.0548399
1,1,0.4600,SIT_TO_STAND,-1.0305865,-0.1106015,10.9781192,-0.0875836,14.7532191,-0.6526775,13.4349629,-1.9622725,45.3496905,0.0000000,6.9152297,0.0649470,0.9981795,-0.0000342,0.0603101,0.0005657,0.1906911,-0.1177688,1.2101750,-1.1807277,0.0000000,9.7353103,27.0613116
1,1,0.4700,SIT_TO_STAND,-1.2020277,0.0029729,10.7734849,1.2265230,12.2559708,0.0026788,13.5856594,-2.0017157,44.8704064,0.0000000,6.8720380,0.0643549,0.9982022,-0.0000337,0.0599339,0.0005606,0.0454913,-0.0075843,1.0197800,-1.1733885,0.0000000,9.7361976,27.0286290
1,1,0.4800,SIT_TO_STAND,-1.3300072,-0.0584596,10.7605713,-1.6989043,13.7165890,0.3597768,13.6090888,-1.8529348,44.6043471,0.0000000,6.8282068,0.0637626,0.9982250,-0.0000331,0.0595521,0.0005554,-0.0889692,-0.0340835,0.9960770,-1.1659400,0.0000000,9.7370924,26.9907146
1,1,0.4900,SIT_TO_STAND,-1.3207099,-0.0181380,10.8472212,0.5978063,12.8844027,-0.7113299,13.3978659,-1.2089931,44.6649489,0.0000000,6.7837483,0.0631702,0.9982481,-0.0000326,0.0591648,0.0005503,-0.0309761,-0.0377897,1.0231803,-1.1583842,0.0000000,9.7379942,27.0236635
1,1,0.5000,SIT_TO_STAND,-1.2071256,0.1789492,10.8817059,0.4494534,14.2610773,-1.5849963,13.7040402,-1.1000092,45.0203826,0.0000000,6.7386746,0.0625777,0.9982713,-0.0000321,0.0587721,0.0005451,0.0062514,0.1625813,1.0584023,-1.1507231,0.0000000,9.7389024,27.0731234
1,1,0.5100,SIT_TO_STAND,-1.2387428,0.0286518,10.9340678,-1.3638057,15.0182394,0.3950640,13.1799227,-2.0519379,44.7249544,0.0000000,6.6929978,0.0619850,0.9982946,-0.0000316,0.0583742,0.0005400,-0.0094447,-0.0176332,1.1904965,-1.1429588,0.0000000,9.7398167,27.0344630
1,1,0.5200,SIT_TO_STAND,-1.1722505,0.1426163,10.8318193,0.9132280,13.9122637,-0.6684675,13.5725410,-1.2846593,44.8665417,0.0000000,6.6467303,0.0613922,0.9983181,-0.0000311,0.0579711,0.0005348,-0.0123169,0.1358915,0.9909075,-1.1350933,0.0000000,9.7407365,27.0055811
1,1,0.5300,SIT_TO_STAND,-1.0048118,0.1706574,10.7997028,-0.2491327,13.9227109,-2.0579640,13.4115852,-1.5282799,45.7031154,0.0000000,6.5998841,0.0607992,0.9983417,-0.0000305,0.0575630,0.0005297,0.1518655,0.1419629,1.0884189,-1.1271287,0.0000000,9.7416613,27.0742323
1,1,0.5400,SIT_TO_STAND,-1.2086313,-0.0707451,10.9046742,-0.8528595,13.7835794,1.1971219,13.1602708,-1.6489837,44.5623010,0.0000000,6.5524715,0.0602061,0.9983655,-0.0000300,0.0571499,0.0005245,-0.0077914,0.0005217,1.1668522,-1.1190670,-0.0000000,9.7425907,26.9808782
1,1,0.5500,SIT_TO_STAND,-1.1460326,0.0870900,10.9984199,-0.1032604,14.3268627,-0.1370019,14.0693210,-1.6894464,44.9224175,0.0000000,6.5045045,0.0596129,0.9983893,-0.0000295,0.0567320,0.0005194,0.0129615,0.1830676,1.2700092,-1.1109103,0.0000000,9.7435241,26.9970122
1,1,0.5600,SIT_TO_STAND,-1.1679175,-0.0550471,10.8319009,-0.0942725,14.4933832,0.5985324,14.4184585,-1.5737943,44.3568646,0.0000000,6.4559955,0.0590195,0.9984132,-0.0000290,0.0563094,0.0005142,0.0368333,-0.0645175,0.9954757,-1.1026607,0.0000000,9.7444612,27.0284495
1,1,0.5700,SIT_TO_STAND,-1.2988018,-0.1485243,10.6550677,0.3596442,15.6616437,1.8497803,14.4788975,-2.1164749,45.1381937,0.0000000,6.4069566,0.0584260,0.9984372,-0.0000285,0.0558821,0.0005091,-0.1522160,-0.2059704,0.8850059,-1.0943201,0.0000000,9.7454014,27.0681455
1,1,0.5800,SIT_TO_STAND,-1.0756854,-0.0834682,10.8472519,-0.5879880,14.4486126,0.0729670,13.0760572,-1.2327571,45.1078650,0.0000000,6.3574000,0.0578324,0.9984613,-0.0000280,0.0554503,0.0005039,0.0233794,-0.0922982,0.9911847,-1.0858906,0.0000000,9.7463442,27.0540827
1,1,0.5900,SIT_TO_STAND,-1.0497549,-0.0446934,11.0186375,-0.8415464,14.8573791,-0.6363605,13.7971558,-2.7063383,44.6007300,0.0000000,6.3073378,0.0572386,0.9984855,-0.0000275,0.0550141,0.0004987,0.0862487,-0.0398083,1.2579054,-1.0773743,0.0000000,9.7472893,27.0038273
1,1,0.6000,SIT_TO_STAND,-1.0829296,-0.2126193,10.8569607,0.0402024,15.5002589,0.7169362,14.0541174,-2.2206711,44.6910979,0.0000000,6.2567823,0.0566447,0.9985096,-0.0000270,0.0545736,0.0004936,0.0784162,-0.1360304,1.0970177,-1.0687733,0.0000000,9.7482361,27.0563223
1,1,0.6100,SIT_TO_STAND,-1.1257325,0.1673939,10.8329207,-0.4987854,16.5116978,-2.7973339,13.6267213,-2.2004781,44.3161226,0.0000000,6.2057455,0.0560507,0.9985338,-0.0000265,0.0541289,0.0004884,-0.0643545,0.1487235,1.1164988,-1.0600895,0.0000000,9.7491843,27.0245329
1,1,0.6200,SIT_TO_STAND,-1.0370731,0.0779247,11.0039804,-1.5691882,16.5350243,-0.1393517,13.5028575,-0.9944959,44.9792787,0.0000000,6.1542398,0.0554566,0.9985581,-0.0000260,0.0536801,0.0004833,0.0407107,0.0289661,1.1995745,-1.0513251,-0.0000000,9.7501333,27.0566763
1,1,0.6300,SIT_TO_STAND,-1.0648180,-0.3417438,11.1226461,-2.3055104,15.9141854,-0.3491169,13.9816462,-1.6060954,44.6951717,0.0000000,6.1022773,0.0548623,0.9985823,-0.0000255,0.0532272,0.0004781,-0.0154920,-0.4214394,1.2932072,-1.0424821,0.0000000,9.7510828,27.0715410
1,1,0.6400,SIT_TO_STAND,-1.3395214,-0.1951516,10.9038112,-0.7567050,16.3689978,0.4244278,14.2018222,-1.7038328,44.3979532,0.0000000,6.0498701,0.0542679,0.9986066,-0.0000250,0.0527705,0.0004729,-0.1845492,-0.1561140,1.1076674,-1.0335626,0.0000000,9.7520322,27.0860207
1,1,0.6500,SIT_TO_STAND,-1.0703652,-0.0550883,11.0880021,-0.7078289,17.3073925,-1.0751069,14.0041607,-1.6111779,45.1252217,0.0000000,5.9970304,0.0536734,0.9986308,-0.0000245,0.0523101,0.0004677,0.0411052,-0.0729970,1.2765668,-1.0245686,0.0000000,9.7529813,27.0645299
1,1,0.6600,SIT_TO_STAND,-0.9516851,-0.1160193,11.1587152,-0.9720949,15.6872505,0.6199078,14.2074102,-1.4800878,44.9756137,0.0000000,5.9437705,0.0530788,0.9986550,-0.0000240,0.0518459,0.0004626,-0.0030337,-0.0918822,1.3758229,-1.0155021,-0.0000000,9.7539294,27.0155678
1,1,0.6700,SIT_TO_STAND,-1.0661035,0.0278186,10.9719098,-0.0140457,18.1291875,-1.1017623,13.8544565,-1.7214752,44.6635493,0.0000000,5.8901025,0.0524840,0.9986792,-0.0000235,0.0513782,0.0004574,0.0154420,-0.0279205,1.1931338,-1.0063654,0.0000000,9.7548764,27.0740010
1,1,0.6800,SIT_TO_STAND,-0.9969727,0.1010153,10.9796587,-1.4597642,17.6925592,0.9420190,14.1423021,-1.7640466,44.7652053,0.0000000,5.8360386,0.0518891,0.9987033,-0.0000231,0.0509070,0.0004522,0.0269145,0.0685721,1.2150967,-0.9971603,0.0000000,9.7558216,27.0627955
1,1,0.6900,SIT_TO_STAND,-1.2831122,-0.0285053,11.1922348,-2.0214804,17.1367260,1.1903989,14.1138643,-1.4357079,45.3587611,0.0000000,5.7815910,0.0512941,0.9987274,-0.0000226,0.0504325,0.0004471,-0.2532016,0.0149490,1.4547972,-0.9878890,-0.0000000,9.7567648,27.0870915
1,1,0.7000,SIT_TO_STAND,-1.0529168,-0.0938304,11.0529611,-1.7518746,15.1079790,-0.2206855,14.7054059,-2.1896448,45.0331762,0.0000000,5.7267718,0.0506990,0.9987514,-0.0000221,0.0499547,0.0004419,-0.0862720,-0.1304533,1.2700182,-0.9785535,-0.0000000,9.7577055,27.0483067
1,1,0.7100,SIT_TO_STAND,-0.9469758,0.0435019,11.0298160,-0.0423076,18.2134210,-0.9184189,14.8158720,-1.2974330,45.1565370,0.0000000,5.6715932,0.0501038,0.9987753,-0.0000216,0.0494738,0.0004367,0.1382195,0.0261113,1.2393098,-0.9691559,-0.0000000,9.7586434,27.0450075
1,1,0.7200,SIT_TO_STAND,-0.9117248,0.0332253,11.2755634,-0.6623517,16.8719478,-0.8782718,14.5317689,-1.9138872,44.7068019,0.0000000,5.6160675,0.0495085,0.9987992,-0.0000212,0.0489898,0.0004315,0.0972909,0.0099030,1.4262788,-0.9596983,0.0000000,9.7595780,27.0385171
1,1,0.7300,SIT_TO_STAND,-1.0842269,-0.1195132,11.1092934,-0.1645704,17.5332330,-0.9412488,14.2496047,-2.2456881,45.5156414,0.0000000,5.5602068,0.0489131,0.9988229,-0.0000207,0.0485029,0.0004263,-0.1387447,-0.1420597,1.3920310,-0.9501827,0.0000000,9.7605091,27.0697403
1,1,0.7400,SIT_TO_STAND,-0.7602799,0.0255850,10.8537986,0.2704329,17.2542368,2.2265920,14.6339437,-1.7931841,44.4972973,0.0000000,5.5040232,0.0483175,0.9988466,-0.0000202,0.0480132,0.0004212,0.2405346,0.0632153,1.0546082,-0.9406112,-0.0000000,9.7614361,27.0989496
1,1,0.7500,SIT_TO_STAND,-1.0735882,0.0731570,11.0781263,-1.9602641,19.3865476,-0.1029759,14.5786748,-1.1995377,44.8974359,0.0000000,5.4475291,0.0477218,0.9988702,-0.0000198,0.0475208,0.0004160,-0.1074942,0.0339503,1.2843638,-0.9309859,0.0000000,9.7623588,27.0816786
1,1,0.7600,SIT_TO_STAND,-1.0349948,0.0152620,11.1591597,0.5178362,17.0574253,0.9491111,14.5757919,-1.4819811,45.2409220,0.0000000,5.3907364,0.0471261,0.9988936,-0.0000193,0.0470257,0.0004108,-0.0144725,0.0358377,1.3473669,-0.9213088,0.0000000,9.7632768,26.9941215
1,1,0.7700,SIT_TO_STAND,-0.9889173,0.1951206,11.0961101,-0.8943379,19.8648948,0.2976403,14.2866056,-1.8462670,44.8742870,0.0000000,5.3336575,0.0465302,0.9989169,-0.0000189,0.0465281,0.0004056,-0.1137172,0.1388440,1.2960192,-0.9115820,0.0000000,9.7641898,27.0210735
1,1,0.7800,SIT_TO_STAND,-0.8549840,-0.1199907,10.8641673,0.3761240,16.9628851,-2.7276642,14.7477175,-1.2586000,45.1580809,0.0000000,5.2763045,0.0459342,0.9989401,-0.0000185,0.0460282,0.0004004,0.0658655,-0.0674026,1.1249230,-0.9018076,-0.0000000,9.7650974,27.0245772
1,1,0.7900,SIT_TO_STAND,-0.7910942,0.1370391,11.0763966,-1.1782482,19.1796720,-0.9971939,14.8273581,-1.3432582,44.9308404,0.0000000,5.2186896,0.0453381,0.9989631,-0.0000180,0.0455259,0.0003952,0.1537057,0.1742895,1.2280797,-0.8919877,-0.0000000,9.7659993,27.1325962
1,1,0.8000,SIT_TO_STAND,-0.8416953,-0.2892371,11.0399563,-0.5380999,18.3137336,1.0539470,14.7998488,-1.7402012,44.0865636,0.0000000,5.1608250,0.0447420,0.9989859,-0.0000176,0.0450215,0.0003901,0.0893336,-0.3047276,1.2794647,-0.8821242,-0.0000000,9.7668952,27.0541113
1,1,0.8100,SIT_TO_STAND,-0.8301820,-0.0660624,11.1028696,-1.5063519,19.9269916,1.2264025,14.7966539,-1.8159491,44.9061876,0.0000000,5.1027228,0.0441457,0.9990086,-0.0000171,0.0445149,0.0003849,0.0802840,-0.1114737,1.3909764,-0.8722194,0.0000000,9.7677847,27.0277801
1,1,0.8200,SIT_TO_STAND,-0.7941441,-0.0977031,11.1310241,-0.1918159,18.4508127,0.0186703,15.3348613,-1.6890773,44.4238617,0.0000000,5.0443952,0.0435493,0.9990312,-0.0000167,0.0440064,0.0003797,0.0799453,-0.0908138,1.3235051,-0.8622753,-0.0000000,9.7686675,27.0103850
1,1,0.8300,SIT_TO_STAND,-0.7217434,-0.1091994,11.0177949,-0.9821812,18.3632656,-0.1208215,14.8287382,-1.8367616,44.9543636,0.0000000,4.9858545,0.0429528,0.9990535,-0.0000163,0.0434961,0.0003745,0.1593580,-0.1629155,1.2458010,-0.8522939,-0.0000000,9.7695435,27.0662966
1,1,0.8400,SIT_TO_STAND,-0.9107584,0.1413855,11.1340908,0.8345755,18.6712570,0.1679532,14.8492219,-1.7147667,44.3882652,0.0000000,4.9271128,0.0423562,0.9990757,-0.0000159,0.0429839,0.0003693,-0.0364201,0.1430713,1.3241918,-0.8422774,0.0000000,9.7704121,27.0655994
1,1,0.8500,SIT_TO_STAND,-0.8846050,0.1982223,11.2564371,1.1111291,17.3135281,-1.1729603,15.0644277,-1.2097638,44.5686903,0.0000000,4.8681822,0.0417596,0.9990977,-0.0000155,0.0424701,0.0003641,0.0379540,0.2232801,1.4144726,-0.8322278,0.0000000,9.7712733,27.0819926
1,1,0.8600,SIT_TO_STAND,-0.7489697,0.0182933,11.3698104,-1.1745034,18.9428776,1.5187515,14.8848993,-1.3018353,45.2301107,0.0000000,4.8090750,0.0411628,0.9991194,-0.0000151,0.0419548,0.0003589,0.0935903,-0.0031900,1.5798355,-0.8221471,0.0000000,9.7721266,27.0105349
1,1,0.8700,SIT_TO_STAND,-0.9339397,-0.0533135,11.0919186,0.4989308,18.8086652,-0.1839345,15.2761104,-1.7396318,44.7403331,0.0000000,4.7498034,0.0405659,0.9991410,-0.0000147,0.0414380,0.0003537,-0.0632452,-0.0203366,1.3627234,-0.8120376,0.0000000,9.7729719,27.0497972
1,1,0.8800,SIT_TO_STAND,-0.8221588,-0.0520209,11.1852097,-0.2203505,17.3958572,-0.8107178,15.5789411,-1.5564019,44.1058627,0.0000000,4.6903795,0.0399690,0.9991624,-0.0000143,0.0409199,0.0003485,0.0660087,-0.0044646,1.4197952,-0.8019012,0.0000000,9.7738088,26.9932656
1,1,0.8900,SIT_TO_STAND,-0.8970468,-0.2514069,11.1154731,-0.8476366,17.3028777,1.1517844,15.3940011,-1.7947917,43.6154722,0.0000000,4.6308155,0.0393719,0.9991835,-0.0000139,0.0404005,0.0003433,-0.0324074,-0.2315285,1.2692673,-0.7917400,-0.0000000,9.7746372,27.0802361
1,1,0.9000,SIT_TO_STAND,-0.7368101,0.0038533,11.1315101,-1.1422943,19.2716416,0.8064030,15.1020296,-1.7095109,44.1831738,0.0000000,4.5711236,0.0387748,0.9992044,-0.0000135,0.0398800,0.0003381,0.1039480,0.0108180,1.3296912,-0.7815562,0.0000000,9.7754567,27.0499848
1,1,0.9100,SIT_TO_STAND,-1.0465424,0.0829436,11.0209161,-0.0393842,18.8427123,1.0278389,15.5267762,-1.3467756,44.5120688,0.0000000,4.5113160,0.0381776,0.9992251,-0.0000131,0.0393585,0.0003329,-0.1950503,0.1325906,1.2194454,-0.7713517,-0.0000000,9.7762672,27.1125618
1,1,0.9200,SIT_TO_STAND,-0.7775228,0.1640382,11.0081938,-0.0014577,17.3199910,0.0187067,15.8123571,-1.8204634,44.9356748,0.0000000,4.4514048,0.0375803,0.9992455,-0.0000127,0.0388361,0.0003277,0.1133422,0.1287387,1.2849196,-0.7611288,0.0000000,9.7770684,27.0730821
1,1,0.9300,SIT_TO_STAND,-0.6122996,-0.2056056,11.1498705,-0.3450089,17.9079618,-0.4411028,14.9191930,-1.2559236,44.5582813,0.0000000,4.3914022,0.0369829,0.9992657,-0.0000124,0.0383128,0.0003225,0.1910870,-0.1533844,1.3768171,-0.7508894,0.0000000,9.7778602,27.0324921
1,1,0.9400,SIT_TO_STAND,-1.0116198,-0.1111659,11.2860565,0.7040562,16.6680095,0.2053277,15.1707364,-1.7849202,44.3812158,0.0000000,4.3313205,0.0363854,0.9992857,-0.0000120,0.0377889,0.0003173,-0.2671580,-0.1096062,1.4420603,-0.7406357,0.0000000,9.7786422,27.0544407
1,1,0.9500,SIT_TO_STAND,-0.3875600,-0.0799178,11.0853480,-0.2258321,18.0831293,-1.4436484,15.0466296,-1.9838428,44.6184557,0.0000000,4.2711718,0.0357879,0.9993054,-0.0000116,0.0372644,0.0003121,0.3681522,-0.0547349,1.2296332,-0.7303697,0.0000000,9.7794143,27.0646662
1,1,0.9600,SIT_TO_STAND,-0.8220324,-0.1493508,11.2794140,-1.9120782,18.3594854,0.9348185,15.9486021,-1.7345900,44.0667484,0.0000000,4.2109682,0.0351902,0.9993248,-0.0000113,0.0367394,0.0003069,-0.0144698,-0.1504276,1.4466896,-0.7200936,0.0000000,9.7801763,27.0337010
1,1,0.9700,SIT_TO_STAND,-0.7767619,-0.0819939,11.1359133,1.2171393,20.3915599,-0.2899183,15.5423802,-1.3074145,44.4681218,0.0000000,4.1507220,0.0345925,0.9993440,-0.0000109,0.0362140,0.0003017,-0.0670023,-0.0795679,1.3572375,-0.7098094,-0.0000000,9.7809281,27.0691485
1,1,0.9800,SIT_TO_STAND,-0.5823481,-0.1011913,10.9305163,1.5317136,18.7809184,-0.8280029,15.2712115,-1.9597900,44.5648741,0.0000000,4.0904454,0.0339947,0.9993629,-0.0000106,0.0356883,0.0002965,0.1816925,-0.1542294,1.1657620,-0.6995192,0.0000000,9.7816694,27.1114057
1,1,0.9900,SIT_TO_STAND,-0.7304281,-0.0763758,11.2916376,-0.1261054,18.5490270,0.2481504,15.4306371,-2.2837583,44.5161399,0.0000000,4.0301505,0.0333969,0.9993816,-0.0000102,0.0351624,0.0002913,0.0446144,-0.1122451,1.4222721,-0.6892252,0.0000000,9.7824002,27.0791714
1,1,1.0000,SIT_TO_STAND,-0.5384995,0.0221262,11.2556590,-0.1835805,20.8120381,-0.7040281,15.2734029,-1.9489293,44.3043482,0.0000000,3.9698495,0.0327989,0.9993999,-0.0000099,0.0346365,0.0002861,0.2118638,-0.0060049,1.4482221,-0.6789293,0.0000000,9.7831201,27.0782435
1,1,1.0100,SIT_TO_STAND,-0.6529131,0.0862696,11.0889823,0.8024836,20.8802844,0.3684460,16.1800307,-1.8163628,43.6080404,0.0000000,3.9095546,0.0322009,0.9994180,-0.0000096,0.0341107,0.0002808,0.0085415,0.0867678,1.2819394,-0.6686337,-0.0000000,9.7838292,27.0614962
1,1,1.0200,SIT_TO_STAND,-0.6083867,0.0777166,11.4157949,-0.2763296,18.7548206,-0.5367584,15.6643584,-1.9956082,44.8578325,0.0000000,3.8492780,0.0316028,0.9994358,-0.0000093,0.0335850,0.0002756,0.0489402,0.0296427,1.5883325,-0.6583405,0.0000000,9.7845272,27.0769813
1,1,1.0300,SIT_TO_STAND,-0.7766296,0.1945099,11.2904842,-0.9055153,19.7230753,-0.0348797,15.9877108,-2.0258025,44.2486091,0.0000000,3.7890318,0.0310047,0.9994533,-0.0000089,0.0330595,0.0002704,-0.0813280,0.1431813,1.5102890,-0.6480518,0.0000000,9.7852140,27.0693268
1,1,1.0400,SIT_TO_STAND,-0.6934499,-0.2955799,11.2290579,1.4094283,17.8538120,0.2323619,15.9897836,-1.7230794,43.5097366,0.0000000,3.7288282,0.0304064,0.9994706,-0.0000086,0.0325344,0.0002652,0.0112505,-0.2496084,1.3853843,-0.6377696,0.0000000,9.7858895,27.0402028
1,1,1.0500,SIT_TO_STAND,-1.0273839,0.0779917,11.1804955,-1.8310288,18.7748727,0.0559398,15.9820282,-1.5605373,44.0083377,0.0000000,3.6686795,0.0298081,0.9994875,-0.0000083,0.0320098,0.0002600,-0.3554300,0.0955097,1.3805415,-0.6274961,0.0000000,9.7865537,27.0714486
1,1,1.0600,SIT_TO_STAND,-0.4594733,-0.0024055,11.2853782,-0.7340754,18.0677095,-1.2203359,15.6914907,-2.1349867,43.9218471,0.0000000,3.6085978,0.0292098,0.9995042,-0.0000080,0.0314858,0.0002548,0.2430653,0.0186059,1.5029278,-0.6172333,-0.0000000,9.7872063,27.0968600
1,1,1.0700,SIT_TO_STAND,-0.6838849,-0.1010363,11.0537655,-1.6257090,19.3326800,0.7733481,15.4976769,-1.6306399,44.1323205,0.0000000,3.5485952,0.0286113,0.9995205,-0.0000077,0.0309624,0.0002496,-0.0050366,-0.1512249,1.1962070,-0.6069834,0.0000000,9.7878473,27.0397455
1,1,1.0800,SIT_TO_STAND,-0.5864620,0.0546237,10.9259923,-0.1399188,18.3113773,-1.9001866,16.2468146,-1.4978450,44.2498443,0.0000000,3.4886840,0.0280128,0.9995366,-0.0000074,0.0304398,0.0002443,0.0624240,0.0810994,1.2114446,-0.5967484,0.0000000,9.7884767,27.0184469
1,1,1.0900,SIT_TO_STAND,-0.6735405,-0.1529293,11.0823113,0.3338008,17.9624275,-0.1364993,16.0124930,-2.1507911,43.6898171,0.0000000,3.4288764,0.0274143,0.9995523,-0.0000072,0.0299181,0.0002391,-0.0705314,-0.1542718,1.2547199,-0.5865305,0.0000000,9.7890942,27.0749736
1,1,1.1000,SIT_TO_STAND,-0.7054736,0.0878213,11.2073125,0.8248573,18.0840923,-3.2827639,16.5442622,-1.5931620,43.9329665,0.0000000,3.3691845,0.0268157,0.9995678,-0.0000069,0.0293974,0.0002339,-0.1028351,0.0632758,1.3541328,-0.5763317,0.0000000,9.7897000,27.0945712
1,1,1.1100,SIT_TO_STAND,-0.6218504,-0.1206275,11.2517193,-1.2614530,18.3695017,-0.3448536,16.4537339,-1.7240797,43.6854260,0.0000000,3.3096205,0.0262170,0.9995829,-0.0000066,0.0288779,0.0002287,-0.0345091,-0.0581592,1.4731894,-0.5661542,0.0000000,9.7902939,27.1341028
1,1,1.1200,SIT_TO_STAND,-0.4320951,0.1209748,11.4589579,-1.1264304,19.2793963,0.9999516,16.5009546,-1.6503139,43.9872344,0.0000000,3.2501966,0.0256182,0.9995978,-0.0000063,0.0283595,0.0002235,0.1653971,0.0444293,1.6617010,-0.5559999,0.0000000,9.7908758,27.0400368
1,1,1.1300,SIT_TO_STAND,-0.5947035,-0.0217718,10.9162583,-0.2542145,17.8234383,2.2329452,15.9104454,-1.1229639,43.6898567,0.0000000,3.1909250,0.0250194,0.9996123,-0.0000061,0.0278425,0.0002183,-0.0884630,-0.0287151,1.0916097,-0.5458711,0.0000000,9.7914457,27.0662512
1,1,1.1400,SIT_TO_STAND,-0.7483757,-0.0601864,11.1784627,-1.0991153,18.6204570,-1.0551349,16.3006623,-1.4175228,44.4277287,0.0000000,3.1318178,0.0244206,0.9996265,-0.0000058,0.0273269,0.0002130,-0.0407907,-0.0504952,1.3675865,-0.5357698,0.0000000,9.7920036,27.0711172
1,1,1.1500,SIT_TO_STAND,-0.6240435,-0.0673541,10.9505978,0.7367688,16.8181296,-0.5904637,16.4096180,-1.5712884,44.2774837,0.0000000,3.0728872,0.0238217,0.9996405,-0.0000056,0.0268128,0.0002078,-0.0195848,-0.0648096,1.1431397,-0.5256981,-0.0000000,9.7925495,27.1076979
1,1,1.1600,SIT_TO_STAND,-0.5054990,-0.1290345,11.1204903,-0.2677455,17.9318815,-0.8188416,16.1814810,-1.1744738,44.1302152,0.0000000,3.0141455,0.0232227,0.9996541,-0.0000053,0.0263003,0.0002026,0.0736088,-0.2003088,1.3337558,-0.5156582,0.0000000,9.7930833,27.0878493
1,1,1.1700,SIT_TO_STAND,-0.4788048,-0.0507064,11.1984386,0.1860351,17.6627052,1.2408653,16.4608780,-1.6242550,44.4955499,0.0000000,2.9556048,0.0226237,0.9996674,-0.0000051,0.0257897,0.0001974,0.0600612,0.0092777,1.3417468,-0.5056521,0.0000000,9.7936051,27.0964026
1,1,1.1800,SIT_TO_STAND,-0.5521095,0.0620674,10.8622646,-0.8347008,17.9015503,-0.1349467,16.6432198,-2.1335315,44.2878569,0.0000000,2.8972772,0.0220246,0.9996804,-0.0000049,0.0252808,0.0001921,-0.0049637,0.0866510,1.1029211,-0.4956818,0.0000000,9.7941148,27.0478608
1,1,1.1900,SIT_TO_STAND,-0.6400375,0.2375797,10.9726628,-1.5985760,17.2022763,-1.3732804,16.8036856,-1.6823331,44.1310883,0.0000000,2.8391750,0.0214255,0.9996931,-0.0000046,0.0247739,0.0001869,-0.0837501,0.1786797,1.1777259,-0.4857496,0.0000000,9.7946124,27.1071153
1,1,1.2000,SIT_TO_STAND,-0.7590799,-0.1802532,11.0772721,0.7760518,15.7573382,-0.5217735,16.3292291,-0.9929187,43.6853236,0.0000000,2.7813104,0.0208264,0.9997054,-0.0000044,0.0242691,0.0001817,-0.2389434,-0.1814582,1.3250766,-0.4758575,0.0000000,9.7950980,27.0511292
1,1,1.2100,SIT_TO_STAND,-0.6210962,-0.1289252,11.1224585,0.9386869,18.0064255,-0.3973031,16.8136261,-1.1419943,43.9495737,0.0000000,2.7236955,0.0202272,0.9997175,-0.0000042,0.0237665,0.0001765,-0.0839649,0.0091456,1.2834106,-0.4660076,0.0000000,9.7955715,27.1021999
1,1,1.2200,SIT_TO_STAND,-0.4028444,0.1698111,11.1478841,-1.4619200,18.6820382,0.7383595,16.3458926,-1.6509096,43.9051235,0.0000000,2.6663425,0.0196279,0.9997293,-0.0000040,0.0232661,0.0001712,0.1608483,0.1725508,1.3911977,-0.4562020,0.0000000,9.7960331,27.0905277
1,1,1.2300,SIT_TO_STAND,-0.5992061,0.0178904,11.0541342,-2.7753809,19.1386209,-1.9236727,16.1663287,-2.6343414,44.0574886,0.0000000,2.6092636,0.0190286,0.9997408,-0.0000038,0.0227682,0.0001660,-0.0206720,0.0104589,1.3344488,-0.4464428,0.0000000,9.7964827,27.0555588
1,1,1.2400,SIT_TO_STAND,-0.5109713,-0.3064652,11.1252642,1.1449375,17.4580667,-0.4901672,16.3022858,-1.3903629,43.7248837,0.0000000,2.5524709,0.0184293,0.9997519,-0.0000036,0.0222727,0.0001608,-0.0408765,-0.3500311,1.2901948,-0.4367322,0.0000000,9.7969204,27.1182633
1,1,1.2500,SIT_TO_STAND,-0.7586116,0.0041072,10.9123874,0.4520872,16.0536501,0.2609935,16.9501995,-1.4406976,43.6306107,0.0000000,2.4959768,0.0178299,0.9997628,-0.0000034,0.0217798,0.0001556,-0.2267782,-0.0412108,1.0867488,-0.4270721,0.0000000,9.7973463,27.0611308
1,1,1.2600,SIT_TO_STAND,-0.2160025,-0.0714961,11.1067294,-1.2825821,18.1434828,-2.1563414,17.2904903,-1.0023653,44.4483907,0.0000000,2.4397932,0.0172305,0.9997733,-0.0000032,0.0212896,0.0001503,0.1928221,-0.0986276,1.2759933,-0.4174647,0.0000000,9.7977603,27.0901657
1,1,1.2700,SIT_TO_STAND,-0.3005272,-0.1703306,10.9938651,0.3423416,17.6514024,-0.3541220,16.9648089,-1.7497127,43.0489733,0.0000000,2.3839325,0.0166310,0.9997836,-0.0000030,0.0208022,0.0001451,0.1395842,-0.1384797,1.2447327,-0.4079122,0.0000000,9.7981627,27.0731243
1,1,1.2800,SIT_TO_STAND,-0.3964411,0.0576736,10.9365457,-0.8396658,18.8298658,0.6554163,16.6040970,-1.9228474,44.1167126,0.0000000,2.3284068,0.0160315,0.9997936,-0.0000028,0.0203178,0.0001399,-0.0224407,0.0535229,1.1579308,-0.3984165,0.0000000,9.7985534,27.0889255
1,1,1.2900,SIT_TO_STAND,-0.2653100,-0.1149875,11.0159500,-1.3406200,18.7159012,0.2781949,16.9182131,-1.5457753,43.5688643,0.0000000,2.2732282,0.0154320,0.9998032,-0.0000027,0.0198364,0.0001346,0.1014720,-0.1627632,1.2166407,-0.3889799,0.0000000,9.7989325,27.0970125
1,1,1.3000,SIT_TO_STAND,-0.7096252,0.0757048,11.3021794,0.1542905,16.9956386,-0.5605497,16.9952033,-1.3646453,44.2228460,0.0000000,2.2184090,0.0148324,0.9998126,-0.0000025,0.0193581,0.0001294,-0.3057832,0.0518893,1.5172515,-0.3796043,0.0000000,9.7993002,27.0604235
1,1,1.3100,SIT_TO_STAND,-0.6463984,0.1143828,10.9434798,-2.2857314,17.5049077,1.1051840,16.2891884,-1.9677482,44.1114049,0.0000000,2.1639614,0.0142328,0.9998217,-0.0000023,0.0188830,0.0001242,-0.2267056,0.1291891,1.0451821,-0.3702920,0.0000000,9.7996565,27.0854010
1,1,1.3200,SIT_TO_STAND,-0.5570304,-0.1352852,11.1029499,-0.2330796,16.1869369,-1.0758160,16.6584171,-1.8654930,43.5966435,0.0000000,2.1098975,0.0136331,0.9998305,-0.0000022,0.0184113,0.0001190,-0.1704314,-0.1368007,1.2759819,-0.3610449,-0.0000000,9.8000016,27.0841801
1,1,1.3300,SIT_TO_STAND,-0.3370720,0.2983751,10.9404372,-1.2215123,15.5873767,-1.1781982,16.9716354,-1.5226609,43.6454777,0.0000000,2.0562295,0.0130335,0.9998390,-0.0000020,0.0179430,0.0001137,0.0502955,0.2492798,1.1160633,-0.3518653,0.0000000,9.8003355,27.0327325
1,1,1.3400,SIT_TO_STAND,-0.4814482,-0.3107634,10.7685656,-0.6404821,15.6781527,-0.5922979,16.9577412,-1.1575152,43.6769346,0.0000000,2.0029696,0.0124338,0.9998472,-0.0000019,0.0174783,0.0001085,-0.0660786,-0.3121257,0.9129459,-0.3427551,0.0000000,9.8006583,27.0549549
1,1,1.3500,SIT_TO_STAND,-0.2713106,-0.2007836,11.0424653,-0.3904954,15.0425867,-1.7023445,17.2984060,-1.8847602,43.5526279,0.0000000,1.9501299,0.0118341,0.9998552,-0.0000018,0.0170173,0.0001033,0.0918897,-0.2023243,1.2960354,-0.3337165,-0.0000000,9.8009702,27.0479801
1,1,1.3600,SIT_TO_STAND,-0.3475740,-0.0922026,11.0402824,-1.9318312,16.6664820,-0.1354534,17.7165971,-1.8364292,43.6780856,0.0000000,1.8977227,0.0112343,0.9998629,-0.0000016,0.0165600,0.0000980,0.0035258,-0.1299494,1.2425733,-0.3247517,0.0000000,9.8012714,27.0922654
1,1,1.3700,SIT_TO_STAND,-0.3028393,0.1536860,11.2303426,1.2909513,14.9432512,-0.3915044,17.4858649,-1.1791541,44.2209692,0.0000000,1.8457602,0.0106345,0.9998703,-0.0000015,0.0161066,0.0000928,0.1140629,0.0658203,1.4557200,-0.3158626,0.0000000,9.8015619,27.0830079
1,1,1.3800,SIT_TO_STAND,-0.4213794,0.0772831,10.9651736,-0.1844555,17.7042568,-1.5222415,17.8748644,-1.5265695,43.3918652,0.0000000,1.7942545,0.0100347,0.9998774,-0.0000014,0.0156572,0.0000876,-0.0529038,-0.0040058,1.1146261,-0.3070514,0.0000000,9.8018419,27.1315447
1,1,1.3900,SIT_TO_STAND,-0.2622880,-0.2164799,11.1208018,-2.6527074,14.9257563,-1.0121626,17.1618010,-1.7318996,43.2118829,0.0000000,1.7432177,0.0094349,0.9998843,-0.0000013,0.0152119,0.0000823,0.0919150,-0.2662637,1.3314117,-0.2983202,-0.0000000,9.8021115,27.1025113
1,1,1.4000,SIT_TO_STAND,-0.4011035,-0.0236149,10.8829324,-0.3209563,15.1404919,-0.5457334,16.9394059,-1.7923684,43.2156256,0.0000000,1.6926622,0.0088351,0.9998909,-0.0000011,0.0147707,0.0000771,0.0064030,-0.0153641,1.0908995,-0.2896711,0.0000000,9.8023709,27.0793933
1,1,1.4100,SIT_TO_STAND,-0.3809606,-0.1975871,10.8013324,-0.0646156,15.2731949,-1.0217238,17.5508631,-1.6040777,43.4819612,0.0000000,1.6426000,0.0082352,0.9998973,-0.0000010,0.0143339,0.0000719,-0.0791358,-0.1197628,0.9834454,-0.2811062,0.0000000,9.8026202,27.0991638
1,1,1.4200,SIT_TO_STAND,-0.2978478,-0.1683745,11.0162761,-1.9015773,13.9388348,1.1841088,17.6944243,-1.6757682,43.7879112,0.0000000,1.5930434,0.0076353,0.9999034,-0.0000009,0.0139015,0.0000666,0.0662189,-0.0639666,1.2295670,-0.2726275,0.0000000,9.8028597,27.0560871
1,1,1.4300,SIT_TO_STAND,-0.2125895,0.0775148,10.8831730,-0.9939296,16.1128286,-1.3280345,17.3082230,-1.6194424,43.1673016,0.0000000,1.5440045,0.0070354,0.9999092,-0.0000008,0.0134736,0.0000614,0.0879822,0.1008991,1.0695821,-0.2642372,-0.0000000,9.8030895,27.0161202
1,1,1.4400,SIT_TO_STAND,-0.1535237,-0.0937852,10.9284173,0.7167749,17.1522446,1.4901580,17.3141938,-1.7975108,43.6301473,0.0000000,1.4954955,0.0064355,0.9999148,-0.0000007,0.0130503,0.0000562,0.1845888,-0.1461915,1.1029859,-0.2559374,0.0000000,9.8033097,27.1048083
1,1,1.4500,SIT_TO_STAND,-0.1806356,0.0792833,10.8240580,-0.1687623,15.8610114,0.4683751,17.7419646,-2.0435185,43.9505553,0.0000000,1.4475285,0.0058356,0.9999202,-0.0000006,0.0126317,0.0000509,0.1087554,0.1122027,0.9305398,-0.2477302,-0.0000000,9.8035205,27.0956225
1,1,1.4600,SIT_TO_STAND,-0.2232805,0.0575423,10.9129276,0.0788344,13.3152341,0.4100067,17.2425541,-1.6693654,43.8299620,0.0000000,1.4001159,0.0052356,0.9999254,-0.0000006,0.0122180,0.0000457,0.0975685,0.1299692,1.1145671,-0.2396177,0.0000000,9.8037221,27.0713759
1,1,1.4700,SIT_TO_STAND,-0.4456400,-0.1123831,11.0532390,-0.2090033,15.2590553,1.4684246,17.5167836,-1.3185409,44.3640964,0.0000000,1.3532697,0.0046357,0.9999303,-0.0000005,0.0118092,0.0000405,-0.1203585,-0.0747166,1.2261057,-0.2316019,0.0000000,9.8039148,27.0863503
1,1,1.4800,SIT_TO_STAND,-0.2452049,0.1348704,10.7974210,-2.0092491,14.4246279,-0.0722521,17.4962157,-1.7336101,43.5238121,0.0000000,1.3070022,0.0040357,0.9999350,-0.0000004,0.0114055,0.0000352,0.0457221,0.0998635,1.0295389,-0.2236849,0.0000000,9.8040986,27.0864760
1,1,1.4900,SIT_TO_STAND,-0.1518404,0.0890096,10.8338461,-1.6263443,13.4752976,-0.6891999,17.4169393,-2.2397864,43.2880974,0.0000000,1.2613254,0.0034357,0.9999394,-0.0000003,0.0110069,0.0000300,0.1268959,0.0808292,0.9960805,-0.2158689,0.0000000,9.8042738,27.0316716
1,1,1.5000,SIT_TO_STAND,-0.1268955,0.1227420,10.7425870,0.6079717,12.6012117,-0.9281215,17.7615675,-1.3840707,43.4562873,0.0000000,1.2162517,0.0028358,0.9999437,-0.0000003,0.0106136,0.0000247,0.1387551,0.0758222,0.9199668,-0.2081560,0.0000000,9.8044406,27.1249064
1,1,1.5100,SIT_TO_STAND,-0.2464386,0.1151112,10.9135128,2.2441594,14.8260929,0.0072546,17.4424023,-1.8317434,43.9670551,0.0000000,1.1717932,0.0022358,0.9999477,-0.0000002,0.0102256,0.0000195,-0.0161335,0.0340446,1.0459600,-0.2005482,-0.0000000,9.8045992,27.0660716
1,1,1.5200,SIT_TO_STAND,-0.1731851,0.1447267,10.7042970,-1.6509461,12.4797065,0.6699969,18.2726362,-1.7017393,43.5757665,0.0000000,1.1279620,0.0016358,0.9999516,-0.0000001,0.0098432,0.0000143,-0.0622458,0.1582508,0.8751592,-0.1930476,0.0000000,9.8047497,27.1225585
1,1,1.5300,SIT_TO_STAND,-0.1649451,0.0339297,10.6973998,-0.1694424,13.2224027,-1.4564608,17.8761271,-1.5116239,43.6683069,0.0000000,1.0847703,0.0010358,0.9999552,-0.0000001,0.0094663,0.0000090,0.0586966,0.1208800,0.8254336,-0.1856564,0.0000000,9.8048924,27.0384099
1,1,1.5400,SIT_TO_STAND,-0.3397135,0.1904139,10.9013609,-2.0397457,13.5311359,-1.0635659,17.6048270,-1.9939771,43.2848195,0.0000000,1.0422304,0.0004358,0.9999586,-0.0000000,0.0090951,0.0000038,-0.1006020,0.2280788,1.0347646,-0.1783766,0.0000000,9.8050276,27.1022782
1,1,1.5500,SIT_TO_STAND,-0.2588341,-0.0975734,10.7561176,-1.3064247,12.0733891,-0.5487258,17.8248772,-1.6259857,43.1381253,0.0000000,1.0003544,-0.0001642,0.9999619,0.0000000,0.0087296,-0.0000014,-0.0502687,-0.0799310,0.9028226,-0.1712103,-0.0000000,9.8051553,27.0975766
1,1,1.5600,SIT_TO_STAND,-0.3098973,-0.0888847,10.6913119,-1.5725518,12.8278520,-0.5210493,18.5525978,-1.7333186,43.1454380,0.0000000,0.9591545,-0.0007642,0.9999650,0.0000001,0.0083701,-0.0000067,-0.0587297,-0.0687633,0.9178233,-0.1641596,0.0000000,9.8052759,27.0677269
1,1,1.5700,SIT_TO_STAND,-0.1306088,0.0879699,10.9170492,-1.0436814,13.9375036,0.2612859,17.6215553,-1.4175171,42.5031364,0.0000000,0.9186429,-0.0013642,0.9999679,0.0000001,0.0080166,-0.0000119,0.1712917,0.0752212,1.1031858,-0.1572266,0.0000000,9.8053895,27.0899840
1,1,1.5800,SIT_TO_STAND,-0.1413512,-0.0032876,10.7099000,0.4693803,11.4455765,-0.0980022,18.2099322,-2.2987438,43.9005386,0.0000000,0.8788317,-0.0019642,0.9999706,0.0000001,0.0076692,-0.0000171,0.0841575,0.0759555,0.8299196,-0.1504135,0.0000000,9.8054964,27.0861126
1,1,1.5900,SIT_TO_STAND,-0.2157963,-0.1404966,10.9681156,0.3631566,13.4212779,0.3388089,17.7957045,-1.9343799,43.5164323,0.0000000,0.8397331,-0.0025642,0.9999731,0.0000002,0.0073280,-0.0000224,0.0324828,-0.0971986,1.0514270,-0.1437222,0.0000000,9.8055968,27.1042229
1,1,1.6000,SIT_TO_STAND,-0.0200080,-0.0452934,10.6884012,0.0824717,14.0151200,-0.2082059,18.5323354,-1.4813450,43.6399262,0.0000000,0.8013594,-0.0031642,0.9999755,0.0000002,0.0069931,-0.0000276,0.1610849,0.0338071,0.8899124,-0.1371549,0.0000000,9.8056908,27.1035386
1,1,1.6100,SIT_TO_STAND,-0.0879163,0.0923562,11.0010655,-1.1489477,11.9973394,0.9121885,17.7352341,-1.9221128,43.4348345,0.0000000,0.7637227,-0.0037642,0.9999778,0.0000002,0.0066647,-0.0000328,0.0606916,0.1505759,1.1498763,-0.1307136,0.0000000,9.8057788,27.1222566
1,1,1.6200,SIT_TO_STAND,-0.2201795,0.0466987,10.5612087,-0.0402617,12.7174125,-0.5489387,17.6291875,-1.5452580,43.6381620,0.0000000,0.7268351,-0.0043641,0.9999799,0.0000002,0.0063428,-0.0000381,0.0055282,0.0185765,0.7982710,-0.1244005,0.0000000,9.8058609,27.0828377
1,1,1.6300,SIT_TO_STAND,-0.2013446,0.0063395,10.4537928,-1.2134877,10.6621781,-1.8052867,17.7013295,-1.8352587,43.4101026,0.0000000,0.6907089,-0.0049641,0.9999818,0.0000003,0.0060275,-0.0000433,-0.0076321,-0.0229670,0.6971187,-0.1182177,0.0000000,9.8059374,27.0983588
1,1,1.6400,SIT_TO_STAND,-0.1551061,0.1663684,10.4554862,-1.2090652,10.2107692,-0.8057750,18.5258118,-1.8615732,42.7858298,0.0000000,0.6553563,-0.0055640,0.9999836,0.0000003,0.0057190,-0.0000486,0.0187104,0.1688515,0.6268352,-0.1121672,0.0000000,9.8060085,27.0704492
1,1,1.6500,SIT_TO_STAND,-0.0172727,-0.3691046,10.6270409,0.3355284,11.6032041,-0.6376420,17.9386213,-1.7938842,43.0313035,0.0000000,0.6207894,-0.0061640,0.9999853,0.0000003,0.0054174,-0.0000538,0.1398893,-0.3730966,0.7834903,-0.1062512,0.0000000,9.8060744,27.0942446
1,1,1.6600,SIT_TO_STAND,-0.2255341,-0.0163767,10.5852975,0.7837195,10.9007329,-0.4200964,18.6836714,-1.5849866,43.2973515,0.0000000,0.5870204,-0.0067639,0.9999869,0.0000003,0.0051227,-0.0000590,-0.0845890,0.0020270,0.7464182,-0.1004717,0.0000000,9.8061353,27.0479618
1,1,1.6700,SIT_TO_STAND,-0.0959447,0.2056090,10.5600780,-0.3231165,10.1771881,-0.2685343,17.9856279,-1.4980643,43.6857653,0.0000000,0.5540614,-0.0073638,0.9999883,0.0000003,0.0048351,-0.0000643,-0.0198195,0.2085724,0.6891924,-0.0948308,-0.0000000,9.8061915,27.2245252
1,1,1.6800,SIT_TO_STAND,-0.2013614,0.0006882,10.5740948,-0.9021901,10.0791668,-0.6103870,18.3849118,-1.7770391,43.5074951,0.0000000,0.5219248,-0.0079637,0.9999896,0.0000003,0.0045546,-0.0000695,-0.1181459,0.0419101,0.6964268,-0.0893305,0.0000000,9.8062431,27.0454248
1,1,1.6900,SIT_TO_STAND,-0.1325425,0.1359292,10.4084650,-2.0141509,8.7664202,1.6663537,18.0034630,-1.2062982,43.7265331,0.0000000,0.4906226,-0.0085636,0.9999908,0.0000003,0.0042815,-0.0000747,0.0481305,0.1029274,0.5705842,-0.0839731,0.0000000,9.8062905,27.1007690
1,1,1.7000,SIT_TO_STAND,0.0214381,-0.0137148,10.6834935,-0.7918418,8.0418257,-0.4186660,17.8856932,-1.5487578,43.8928023,0.0000000,0.4601671,-0.0091634,0.9999919,0.0000003,0.0040157,-0.0000800,0.1366730,-0.0390006,0.7897572,-0.0787606,0.0000000,9.8063337,27.0841006
1,1,1.7100,SIT_TO_STAND,-0.2959232,-0.1111228,10.4324599,-0.0607575,8.1177848,-0.3243966,18.3466642,-2.0321783,43.7312297,0.0000000,0.4305703,-0.0097632,0.9999929,0.0000003,0.0037574,-0.0000852,-0.1402844,-0.0602730,0.5236423,-0.0736950,-0.0000000,9.8063731,27.1171795
1,1,1.7200,SIT_TO_STAND,-0.2632819,-0.1645159,10.3539640,-0.5263858,8.2359662,-0.0424867,17.6353128,-1.9294690,42.3202809,0.0000000,0.4018446,-0.0103631,0.9999938,0.0000003,0.0035067,-0.0000904,-0.1023012,-0.1545019,0.5511887,-0.0687785,-0.0000000,9.8064088,27.1200305
1,1,1.7300,SIT_TO_STAND,-0.1940683,-0.0001180,10.4198325,-0.0095288,7.0867069,-0.0514514,18.3635932,-1.8368415,43.2153333,0.0000000,0.3740020,-0.0109628,0.9999947,0.0000003,0.0032638,-0.0000957,-0.0870026,0.0033514,0.5760017,-0.0640131,0.0000000,9.8064411,27.0968203
1,1,1.7400,SIT_TO_STAND,-0.1136813,-0.0458215,10.4227465,-1.5676249,9.9663085,-1.2635654,18.4323730,-1.9437440,42.9495192,0.0000000,0.3470548,-0.0115626,0.9999954,0.0000003,0.0030286,-0.0001009,0.0115957,-0.0085506,0.6316193,-0.0594010,-0.0000000,9.8064701,27.1152110
1,1,1.7500,SIT_TO_STAND,-0.0360663,-0.0257738,10.3756738,-1.1649281,9.0221446,-0.1313644,17.9937034,-0.7386038,43.2664546,0.0000000,0.3210152,-0.0121623,0.9999961,0.0000003,0.0028014,-0.0001061,0.0792767,-0.0471559,0.5697759,-0.0549441,-0.0000000,9.8064961,27.1615972
1,1,1.7600,SIT_TO_STAND,-0.1820310,-0.0939532,10.3888108,-2.0590782,7.5306995,0.5466813,18.3922129,-1.9920920,43.4737320,0.0000000,0.2958953,-0.0127621,0.9999967,0.0000003,0.0025822,-0.0001114,-0.0150353,-0.1593508,0.5578220,-0.0506447,0.0000000,9.8065192,27.0961752
1,1,1.7700,SIT_TO_STAND,-0.0312106,-0.0296653,10.2605628,1.9530693,8.8621963,-1.7113855,18.4042395,-2.3917205,42.8144046,0.0000000,0.2717073,-0.0133617,0.9999972,0.0000003,0.0023711,-0.0001166,0.0963866,-0.0422257,0.4716848,-0.0465048,0.0000000,9.8065397,27.0929391
1,1,1.7800,SIT_TO_STAND,-0.0945536,-0.0575797,10.3222764,0.4029837,6.2689542,0.8723794,18.7936845,-1.6227640,43.5709889,0.0000000,0.2484633,-0.0139614,0.9999976,0.0000003,0.0021683,-0.0001218,-0.0288306,-0.0019763,0.4422511,-0.0425264,-0.0000000,9.8065578,27.0708241
1,1,1.7900,SIT_TO_STAND,-0.2236048,-0.1000695,10.3683517,0.3263940,5.1154798,1.2668521,17.9478326,-1.8554722,43.2727255,0.0000000,0.2261757,-0.0145610,0.9999980,0.0000003,0.0019738,-0.0001271,-0.1815523,-0.1695566,0.5255925,-0.0387118,-0.0000000,9.8065736,27.0882427
1,1,1.8000,SIT_TO_STAND,-0.1113787,0.0672693,10.3109395,1.0388283,7.5701452,-3.4355928,18.7124739,-1.1671307,42.7198909,0.0000000,0.2048565,-0.0151606,0.9999984,0.0000002,0.0017877,-0.0001323,-0.0365466,0.0560067,0.4185443,-0.0350628,0.0000000,9.8065873,27.0718863
1,1,1.8100,SIT_TO_STAND,-0.1275671,0.3397592,10.1387045,-1.6800859,4.6678849,-1.1112674,18.2865006,-2.6429941,43.2731824,0.0000000,0.1845180,-0.0157601,0.9999987,0.0000002,0.0016102,-0.0001375,-0.0238592,0.3403436,0.3043173,-0.0315817,0.0000000,9.8065991,27.1014226
1,1,1.8200,SIT_TO_STAND,-0.1279503,0.0751228,10.1295647,-1.7953041,5.8540498,-0.1847985,18.1762302,-1.2691636,43.2199145,0.0000000,0.1651722,-0.0163597,0.9999990,0.0000002,0.0014414,-0.0001428,0.0174626,0.0416679,0.3082603,-0.0282706,0.0000000,9.8066093,27.1201769
1,1,1.8300,SIT_TO_STAND,-0.3835719,0.0155396,10.3810306,0.4342078,5.7625031,-0.8771533,18.5176439,-1.3931643,42.5431049,0.0000000,0.1468315,-0.0169591,0.9999992,0.0000002,0.0012813,-0.0001480,-0.2868993,-0.0265822,0.4803785,-0.0251314,0.0000000,9.8066178,27.0687680
1,1,1.8400,SIT_TO_STAND,-0.0168566,-0.1606957,10.2163718,-1.0427476,3.5665544,-0.9066503,18.8179190,-0.9595367,43.4077427,0.0000000,0.1295079,-0.0175586,0.9999993,0.0000002,0.0011302,-0.0001532,0.0517097,-0.1560886,0.4003118,-0.0221663,0.0000000,9.8066249,27.0865456
1,1,1.8500,SIT_TO_STAND,0.0966364,0.1014227,10.0797762,0.1643996,5.4291722,-1.1279076,18.3796919,-1.6043885,42.9774740,0.0000000,0.1132137,-0.0181580,0.9999995,0.0000002,0.0009880,-0.0001585,0.0427126,0.1342079,0.2914544,-0.0193775,-0.0000000,9.8066309,27.0767662
1,1,1.8600,SIT_TO_STAND,-0.1532530,0.0230010,10.0541359,-0.4328297,5.1804734,-0.2290148,18.4614647,-1.5776411,42.8474560,0.0000000,0.0979611,-0.0187573,0.9999996,0.0000001,0.0008549,-0.0001637,-0.0737530,0.0082488,0.2861101,-0.0167668,0.0000000,9.8066357,27.1206848
1,1,1.8700,SIT_TO_STAND,-0.2098267,0.1641999,10.2090942,-1.3858646,4.4471074,0.2083008,18.2289632,-1.8470927,43.6892514,0.0000000,0.0837622,-0.0193567,0.9999997,0.0000001,0.0007310,-0.0001689,-0.1013647,0.1010759,0.3771365,-0.0143366,-0.0000000,9.8066395,27.1638197
1,1,1.8800,SIT_TO_STAND,-0.1971983,-0.0543767,10.2287922,-0.4450445,4.3831346,0.0518088,18.5876290,-1.2739741,42.3389541,0.0000000,0.0706291,-0.0199559,0.9999998,0.0000001,0.0006164,-0.0001741,-0.0820492,-0.1057564,0.3692152,-0.0120888,0.0000000,9.8066425,27.0878780
1,1,1.8900,SIT_TO_STAND,-0.0969396,-0.0059148,10.0804232,-1.3490175,3.2473937,-0.2996129,18.2499243,-1.3636995,43.0604749,0.0000000,0.0585742,-0.0205552,0.9999999,0.0000001,0.0005112,-0.0001794,-0.0301179,-0.0356705,0.2503799,-0.0100255,0.0000000,9.8066449,27.1017203
1,1,1.9000,SIT_TO_STAND,-0.0970578,0.0056650,9.9876542,0.0441342,3.9442759,-0.3432560,17.9559438,-1.4737771,43.0368460,0.0000000,0.0476096,-0.0211543,0.9999999,0.0000001,0.0004155,-0.0001846,-0.0421910,-0.0732542,0.1912808,-0.0081488,-0.0000000,9.8066466,27.1298489
1,1,1.9100,SIT_TO_STAND,-0.0678224,0.0207127,10.0674101,-2.3466461,3.6072195,-1.0910191,18.9473770,-1.4397922,42.8622342,0.0000000,0.0377474,-0.0217535,0.9999999,0.0000001,0.0003294,-0.0001898,-0.0174324,0.0168093,0.2982224,-0.0064608,0.0000000,9.8066479,27.1675360
1,1,1.9200,SIT_TO_STAND,-0.2113968,-0.1418708,10.0300529,0.1978436,3.5754726,2.0367497,18.4938659,-1.6666240,43.4228500,0.0000000,0.0289998,-0.0223526,0.9999999,0.0000000,0.0002531,-0.0001951,-0.1404580,-0.1738487,0.1461195,-0.0049636,-0.0000000,9.8066487,27.1429631
1,1,1.9300,SIT_TO_STAND,0.0463321,-0.0159947,9.9322652,-1.6055456,3.4171130,0.3574208,18.5836533,-1.7390295,42.7933078,0.0000000,0.0213791,-0.0229516,1.0000000,0.0000000,0.0001866,-0.0002003,0.1416155,0.0325129,0.1176536,-0.0036592,0.0000000,9.8066493,27.1506095
1,1,1.9400,SIT_TO_STAND,-0.2230022,-0.0000100,9.8292133,-1.3421158,1.2562836,-1.4620390,18.5432939,-1.0429088,43.0918393,0.0000000,0.0148973,-0.0235506,1.0000000,0.0000000,0.0001300,-0.0002055,-0.1268568,0.0047598,0.0236914,-0.0025498,-0.0000000,9.8066497,27.0944263
1,1,1.9500,SIT_TO_STAND,0.1707219,-0.1519789,9.7667009,-1.0182898,2.2869806,-1.7571649,18.9182513,-1.6316994,42.4118265,0.0000000,0.0095668,-0.0241495,1.0000000,0.0000000,0.0000835,-0.0002107,0.1892776,-0.1980010,-0.0640579,-0.0016374,0.0000000,9.8066499,27.1441266
1,1,1.9600,SIT_TO_STAND,0.1297381,0.0280585,9.9788160,-0.5735054,2.4361001,-1.7427197,18.3345635,-1.7367952,42.3803188,0.0000000,0.0053996,-0.0247484,1.0000000,0.0000000,0.0000471,-0.0002160,0.1744980,0.0420212,0.1280765,-0.0009242,0.0000000,9.8066500,27.1045015
1,1,1.9700,SIT_TO_STAND,-0.2512215,0.0443212,9.9382971,0.4835260,-0.6178385,0.4006181,18.5748287,-1.5227848,42.6206610,0.0000000,0.0024079,-0.0253472,1.0000000,0.0000000,0.0000210,-0.0002212,-0.1689114,0.0107803,0.0766012,-0.0004121,0.0000000,9.8066500,27.1551052
1,1,1.9800,SIT_TO_STAND,0.0808148,-0.0725714,9.8800974,-1.0435094,1.0471809,-0.3919368,18.5980016,-1.7635110,43.0113469,0.0000000,0.0006040,-0.0259460,1.0000000,0.0000000,0.0000053,-0.0002264,0.1467413,-0.0284405,0.1251667,-0.0001034,0.0000000,9.8066500,27.1191571
1,1,1.9900,SIT_TO_STAND,-0.0893468,-0.0753025,9.8542992,0.5316827,-1.2768004,-1.2510362,18.6263300,-1.5381950,42.6359627,0.0000000,0.0000000,-0.0265447,1.0000000,0.0000000,0.0000000,-0.0002316,-0.0620034,-0.1416641,0.0069551,0.0000000,0.0000000,9.8066500,27.1010950
1,1,0.0000,STAND_TO_SIT,0.0312105,0.1016060,9.8186777,-0.3367046,-0.1709656,0.9524819,19.1042856,0.4145143,43.7616277,0.0000000,0.0000000,-0.0486156,0.9999999,0.0000000,0.0000000,-0.0004243,-0.0074806,0.1114511,-0.0415785,0.0000000,0.0000000,9.8066500,27.0278012
1,1,0.0100,STAND_TO_SIT,-0.0993384,-0.1907335,9.6813371,0.1804774,1.3078892,-1.6741656,20.1906491,0.1409760,43.3172982,0.0000000,0.0006040,-0.0480200,0.9999999,0.0000000,0.0000053,-0.0004191,-0.1281863,-0.1708516,-0.0993369,-0.0001034,0.0000000,9.8066500,26.9803145
1,1,0.0200,STAND_TO_SIT,0.1996676,0.0196589,9.9959393,-1.6787589,-0.1998078,0.8817302,19.8926909,0.4790962,43.4578899,0.0000000,0.0024079,-0.0474243,0.9999999,0.0000000,0.0000210,-0.0004139,0.2647626,-0.0261188,0.1747381,-0.0004121,0.0000000,9.8066500,27.0322553
1,1,0.0300,STAND_TO_SIT,0.1820777,0.0920009,9.9513008,-2.3228252,0.3854488,1.8372894,19.8567261,0.4212439,43.1489948,0.0000000,0.0053996,-0.0468284,0.9999999,0.0000000,0.0000471,-0.0004087,0.1568231,0.1829335,0.1724085,-0.0009242,0.0000000,9.8066500,26.9889548
1,1,0.0400,STAND_TO_SIT,-0.0715071,0.1553356,9.7879558,-1.1482321,1.9088866,-0.3698939,20.3658257,0.5252299,43.2518986,0.0000000,0.0095668,-0.0462325,0.9999999,0.0000000,0.0000835,-0.0004035,-0.0500125,0.2140234,0.0341025,-0.0016374,0.0000000,9.8066499,27.0222199
1,1,0.0500,STAND_TO_SIT,0.0946110,0.1097604,9.8549555,0.6394960,0.4384976,-0.1422428,20.1938516,0.9226543,43.4629632,0.0000000,0.0148973,-0.0456365,0.9999999,0.0000001,0.0001300,-0.0003983,0.0132939,0.1042276,0.0939609,-0.0025498,0.0000000,9.8066497,26.9622098
1,1,0.0600,STAND_TO_SIT,-0.1316174,-0.0791314,9.6819980,-0.9632088,2.1493166,1.9619810,20.0735229,-0.5342286,43.6807621,0.0000000,0.0213791,-0.0450403,0.9999999,0.0000001,0.0001866,-0.0003931,-0.1957791,-0.0819156,-0.0540162,-0.0036592,0.0000000,9.8066493,27.0455434
1,1,0.0700,STAND_TO_SIT,-0.1730959,-0.1548386,10.0304712,0.2346124,1.6991559,-2.1268438,19.7883589,0.6809606,43.4994587,0.0000000,0.0289998,-0.0444441,0.9999999,0.0000001,0.0002531,-0.0003878,-0.1333339,-0.1954404,0.2429995,-0.0049636,0.0000000,9.8066487,26.9851097
1,1,0.0800,STAND_TO_SIT,-0.0152620,-0.0889236,9.8494300,-2.1964962,1.6908904,-0.4029752,20.5065175,0.1587197,43.5929570,0.0000000,0.0377474,-0.0438478,0.9999999,0.0000001,0.0003294,-0.0003826,-0.0066119,-0.0701473,0.0980316,-0.0064608,0.0000000,9.8066479,27.0287334
1,1,0.0900,STAND_TO_SIT,0.1914233,-0.3051096,10.1007150,0.0550166,1.5968454,0.2870243,19.4737326,0.2464559,44.0663999,0.0000000,0.0476096,-0.0432513,0.9999998,0.0000002,0.0004155,-0.0003774,0.1884906,-0.2644919,0.3277568,-0.0081488,0.0000000,9.8066466,26.9940078
1,1,0.1000,STAND_TO_SIT,-0.1027242,0.2231434,9.9201790,-1.8014840,4.1574688,-2.1584419,19.4877760,0.0736989,44.1986393,0.0000000,0.0585742,-0.0426548,0.9999998,0.0000002,0.0005112,-0.0003722,-0.0915177,0.1722611,0.1781962,-0.0100255,0.0000000,9.8066449,27.0062443
1,1,0.1100,STAND_TO_SIT,-0.0116832,0.2270042,10.2370863,0.0030338,4.3867422,-0.1584622,20.1171491,-0.1198451,43.4084202,0.0000000,0.0706291,-0.0420582,0.9999997,0.0000002,0.0006164,-0.0003670,-0.0080561,0.2094910,0.5678639,-0.0120888,-0.0000000,9.8066425,27.0086835
1,1,0.1200,STAND_TO_SIT,0.0314083,-0.0317380,10.0493554,-1.3983753,4.1962597,-0.8266354,19.4996001,0.1658246,43.3748377,0.0000000,0.0837622,-0.0414615,0.9999997,0.0000003,0.0007310,-0.0003618,0.0878012,-0.1055783,0.2662398,-0.0143366,0.0000000,9.8066395,26.9535359
1,1,0.1300,STAND_TO_SIT,0.0703406,-0.0572707,9.8805500,-1.1169202,3.7971239,-0.0809712,18.8291164,0.0264243,44.2381160,0.0000000,0.0979611,-0.0408646,0.9999996,0.0000003,0.0008549,-0.0003566,0.1410085,-0.0456711,0.1337758,-0.0167668,0.0000000,9.8066357,27.0261033
1,1,0.1400,STAND_TO_SIT,0.1316728,0.1227053,10.0193686,-1.1106700,4.8709095,-0.7521567,19.8629535,0.4680151,43.2570263,0.0000000,0.1132137,-0.0402677,0.9999995,0.0000003,0.0009880,-0.0003514,0.1759653,0.1311050,0.2565266,-0.0193775,-0.0000000,9.8066309,27.0924954
1,1,0.1500,STAND_TO_SIT,0.2801855,-0.0569889,10.0087494,-1.9804528,6.5253805,-0.6057052,19.7695459,0.0713420,43.4700585,0.0000000,0.1295079,-0.0396707,0.9999993,0.0000004,0.0011302,-0.0003462,0.2328721,-0.0151884,0.2966440,-0.0221663,0.0000000,9.8066249,27.0013955
1,1,0.1600,STAND_TO_SIT,-0.0283158,-0.0112756,10.2264357,-0.7493420,4.6458545,-4.2373344,20.0697093,0.7538587,43.7803676,0.0000000,0.1468315,-0.0390737,0.9999991,0.0000004,0.0012813,-0.0003410,0.0707350,-0.0913628,0.4363423,-0.0251314,0.0000000,9.8066178,27.0499074
1,1,0.1700,STAND_TO_SIT,0.0275850,-0.0034017,10.4614330,-0.8726820,6.7711299,-0.3889603,19.7736943,-0.2807780,43.7322296,0.0000000,0.1651722,-0.0384765,0.9999989,0.0000005,0.0014414,-0.0003358,0.0351335,-0.0695706,0.6654834,-0.0282706,0.0000000,9.8066093,27.0408860
1,1,0.1800,STAND_TO_SIT,0.0328708,-0.0875302,10.3911480,-0.8705502,6.9997477,-0.9800177,19.2045832,0.2465283,43.5753303,0.0000000,0.1845180,-0.0378792,0.9999986,0.0000005,0.0016102,-0.0003306,0.1836002,-0.1475349,0.5844212,-0.0315817,0.0000000,9.8065991,26.9973920
1,1,0.1900,STAND_TO_SIT,-0.0313331,-0.0390995,10.0604527,-2.2252799,7.7658661,-0.5108658,19.4859520,0.5273951,43.3366273,0.0000000,0.2048565,-0.0372819,0.9999983,0.0000006,0.0017877,-0.0003253,0.0538378,-0.1383367,0.2778262,-0.0350628,0.0000000,9.8065873,26.9728152
1,1,0.2000,STAND_TO_SIT,0.0695860,0.0270165,10.4576839,0.0979420,6.7390153,-1.8886043,20.0651622,-0.0521044,43.1312737,0.0000000,0.2261757,-0.0366844,0.9999980,0.0000006,0.0019738,-0.0003201,0.1324640,-0.0676360,0.7029450,-0.0387118,0.0000000,9.8065736,27.0167747
1,1,0.2100,STAND_TO_SIT,-0.0028890,-0.0771957,10.3343520,-1.3291139,6.5844361,0.7764979,19.5659800,-0.3491010,43.8895906,0.0000000,0.2484633,-0.0360869,0.9999976,0.0000007,0.0021682,-0.0003149,0.0592145,-0.1148302,0.5583854,-0.0425264,0.0000000,9.8065578,26.9767896
1,1,0.2200,STAND_TO_SIT,0.1151044,0.2245392,10.1903199,-0.4290500,5.7184658,0.1713301,19.2868977,0.1462653,43.0866029,0.0000000,0.2717073,-0.0354893,0.9999971,0.0000007,0.0023711,-0.0003097,0.1601644,0.2239128,0.4328531,-0.0465048,-0.0000000,9.8065397,27.0083148
1,1,0.2300,STAND_TO_SIT,0.1023820,0.2352801,10.3977908,-0.9413490,8.2983251,-0.7271568,19.1833291,0.0797042,43.6652256,0.0000000,0.2958953,-0.0348917,0.9999966,0.0000008,0.0025822,-0.0003045,0.1076457,0.2108934,0.6060129,-0.0506447,0.0000000,9.8065192,26.9790850
1,1,0.2400,STAND_TO_SIT,-0.2786365,-0.0038184,10.4876709,-2.7407755,7.6733472,2.6066912,19.2998736,0.0249154,43.7271727,0.0000000,0.3210152,-0.0342939,0.9999960,0.0000008,0.0028014,-0.0002993,-0.1411681,0.0485929,0.7554073,-0.0549441,0.0000000,9.8064961,26.9833243
1,1,0.2500,STAND_TO_SIT,-0.1623217,0.0302591,10.4149470,-1.2489046,7.1060251,0.0254589,19.4294561,0.3536894,43.9267954,0.0000000,0.3470548,-0.0336961,0.9999954,0.0000009,0.0030286,-0.0002941,-0.1037435,0.0180938,0.6659117,-0.0594010,0.0000000,9.8064701,26.9756299
1,1,0.2600,STAND_TO_SIT,-0.0126650,0.0192377,10.1830314,-0.9100148,6.3302348,-1.3678888,19.5387526,0.1585216,44.2609410,0.0000000,0.3740020,-0.0330982,0.9999946,0.0000009,0.0032638,-0.0002888,0.0805334,0.0403228,0.4783124,-0.0640131,0.0000000,9.8064411,27.0020196
1,1,0.2700,STAND_TO_SIT,-0.0243156,-0.1566074,10.4565364,-2.3592490,7.2722573,-0.3603738,19.6326908,-0.3657790,43.9821865,0.0000000,0.4018446,-0.0325002,0.9999938,0.0000010,0.0035067,-0.0002836,0.1036643,-0.1749245,0.6671220,-0.0687785,0.0000000,9.8064088,27.0172631
1,1,0.2800,STAND_TO_SIT,0.0433126,0.2380919,10.5045679,3.3085452,8.6886874,-1.5178697,19.6140900,0.3767539,43.9242639,0.0000000,0.4305703,-0.0319021,0.9999929,0.0000010,0.0037574,-0.0002784,0.0813252,0.1393794,0.7099235,-0.0736950,0.0000000,9.8063731,27.0313777
1,1,0.2900,STAND_TO_SIT,0.0202920,-0.1073450,10.3736925,-1.9005597,8.9845826,-0.4113513,19.0161840,0.2011105,43.9415293,0.0000000,0.4601671,-0.0313040,0.9999919,0.0000011,0.0040157,-0.0002732,0.0988480,-0.0425233,0.6043096,-0.0787606,0.0000000,9.8063337,27.0515062
1,1,0.3000,STAND_TO_SIT,0.0088772,0.0106867,10.3477238,0.3700265,10.9990024,0.1894171,18.8980006,-0.8817434,43.8842378,0.0000000,0.4906226,-0.0307058,0.9999908,0.0000011,0.0042815,-0.0002680,0.0810521,0.0816581,0.5652343,-0.0839731,-0.0000000,9.8062905,27.0369087
1,1,0.3100,STAND_TO_SIT,-0.2741903,0.1119440,10.3276577,0.9520122,9.8100439,-0.7184377,19.1425166,0.0228991,43.4685619,0.0000000,0.5219248,-0.0301076,0.9999896,0.0000012,0.0045546,-0.0002627,-0.1481581,0.1202914,0.5728610,-0.0893305,0.0000000,9.8062431,27.0089656
1,1,0.3200,STAND_TO_SIT,-0.1293397,0.0744821,10.4060330,-2.6374648,10.8877363,-0.2989555,18.7678016,0.3958247,43.6709840,0.0000000,0.5540614,-0.0295092,0.9999883,0.0000012,0.0048351,-0.0002575,0.0278803,0.0899227,0.7271391,-0.0948308,0.0000000,9.8061915,27.0564294
1,1,0.3300,STAND_TO_SIT,0.0042415,0.0675825,10.5347928,-0.4069301,10.1978170,0.3294187,19.4984692,0.6906452,43.7171592,0.0000000,0.5870204,-0.0289108,0.9999868,0.0000013,0.0051227,-0.0002523,0.1072952,0.0696403,0.7733864,-0.1004717,-0.0000000,9.8061353,27.0182852
1,1,0.3400,STAND_TO_SIT,-0.2241439,0.2540647,10.6142916,0.3067491,10.6655477,0.0703455,19.1855334,0.4679121,43.7427157,0.0000000,0.6207894,-0.0283124,0.9999853,0.0000013,0.0054174,-0.0002471,-0.0587856,0.2300419,0.8612893,-0.1062512,0.0000000,9.8060744,27.0409797
1,1,0.3500,STAND_TO_SIT,-0.3655149,-0.2129595,10.4295651,-1.1233405,13.2200425,-1.1601828,19.3956038,0.3564904,43.5537479,0.0000000,0.6553563,-0.0277138,0.9999836,0.0000014,0.0057190,-0.0002418,-0.2154844,-0.2270887,0.7018469,-0.1121672,0.0000000,9.8060085,27.0223538
1,1,0.3600,STAND_TO_SIT,-0.4565857,0.2119250,10.3620016,-1.9645262,10.6401008,0.0244586,19.4055012,0.2265941,43.5708838,0.0000000,0.6907089,-0.0271153,0.9999818,0.0000014,0.0060275,-0.0002366,-0.3402262,0.2392472,0.6356417,-0.1182177,0.0000000,9.8059374,27.0148985
1,1,0.3700,STAND_TO_SIT,-0.2985712,0.0075725,10.4878086,-2.7473233,11.1349985,-0.6508713,19.3870494,0.2463822,43.6248949,0.0000000,0.7268351,-0.0265166,0.9999799,0.0000015,0.0063428,-0.0002314,-0.1042749,0.0423842,0.6893546,-0.1244005,0.0000000,9.8058609,26.9303254
1,1,0.3800,STAND_TO_SIT,-0.0203370,-0.0205354,10.7274569,0.3647522,10.1377274,-0.0060307,19.4372841,-0.0260810,43.9954828,0.0000000,0.7637227,-0.0259179,0.9999778,0.0000015,0.0066647,-0.0002262,0.1659941,-0.0053727,0.9426020,-0.1307136,-0.0000000,9.8057788,27.0110574
1,1,0.3900,STAND_TO_SIT,-0.2720077,-0.0784336,10.7640661,-2.7417678,13.4402698,-0.4890216,19.2281470,-0.5412525,44.1099413,0.0000000,0.8013594,-0.0253191,0.9999755,0.0000015,0.0069931,-0.0002209,-0.0366120,-0.0324283,1.0104215,-0.1371549,0.0000000,9.8056908,27.0129271
1,1,0.4000,STAND_TO_SIT,0.0314978,0.2040795,10.5062172,-1.0841841,12.1858201,-0.6748301,18.9765780,0.0822098,44.2267701,0.0000000,0.8397331,-0.0247203,0.9999731,0.0000016,0.0073280,-0.0002157,0.1280156,0.1736181,0.7558570,-0.1437222,-0.0000000,9.8055968,27.0219128
1,1,0.4100,STAND_TO_SIT,-0.3199944,-0.1987343,10.7107816,-0.2086578,12.3737698,0.2826499,19.8294671,0.1148890,42.5724769,0.0000000,0.8788317,-0.0241214,0.9999706,0.0000016,0.0076692,-0.0002105,-0.0854883,-0.1764113,0.9864018,-0.1504135,0.0000000,9.8054964,27.0039512
1,1,0.4200,STAND_TO_SIT,-0.1562706,-0.2470047,10.6283016,-0.6393953,12.2598732,-0.1734060,19.4504314,0.6227873,43.7345656,0.0000000,0.9186429,-0.0235225,0.9999678,0.0000016,0.0080166,-0.0002053,0.0251391,-0.1719213,0.8614340,-0.1572266,0.0000000,9.8053895,27.0152823
1,1,0.4300,STAND_TO_SIT,-0.0834519,0.1599230,10.9399766,-0.8306638,12.2765595,1.2348787,18.8996697,0.3424831,43.8688029,0.0000000,0.9591545,-0.0229235,0.9999650,0.0000017,0.0083701,-0.0002000,0.1017343,0.0637419,1.2241727,-0.1641596,-0.0000000,9.8052759,27.0192957
1,1,0.4400,STAND_TO_SIT,-0.1081057,-0.0554948,10.6366473,0.4602760,13.0184414,0.9215322,19.2162092,0.2147849,43.8939545,0.0000000,1.0003544,-0.0223245,0.9999619,0.0000017,0.0087296,-0.0001948,0.0218111,-0.0513631,0.8904518,-0.1712103,-0.0000000,9.8051553,27.0542196
1,1,0.4500,STAND_TO_SIT,-0.3825679,0.0394585,10.9773876,0.5645926,12.1253266,-1.2236646,19.4165617,0.6500810,43.7684119,0.0000000,1.0422304,-0.0217254,0.9999586,0.0000017,0.0090951,-0.0001896,-0.1704593,0.0479219,1.2670672,-0.1783766,0.0000000,9.8050276,27.0689684
1,1,0.4600,STAND_TO_SIT,-0.2875127,-0.0410510,10.7238147,-1.4001267,13.5971838,0.0360772,18.6861150,-0.0667872,44.0352240,0.0000000,1.0847703,-0.0211262,0.9999552,0.0000017,0.0094663,-0.0001844,-0.0719831,-0.0690718,0.9986731,-0.1856564,-0.0000000,9.8048924,26.9579427
1,1,0.4700,STAND_TO_SIT,-0.0839304,-0.0745350,10.7831567,-2.8827907,12.3081828,-0.9238661,19.5555406,0.6628779,43.8534037,0.0000000,1.1279620,-0.0205270,0.9999515,0.0000018,0.0098432,-0.0001791,0.1230149,-0.1291271,0.9838908,-0.1930476,-0.0000000,9.8047497,26.9804117
1,1,0.4800,STAND_TO_SIT,-0.0776169,0.0391511,10.8314317,-1.9351946,12.8626671,0.0635901,19.0640436,0.6479654,43.9735967,0.0000000,1.1717932,-0.0199278,0.9999477,0.0000018,0.0102256,-0.0001739,0.1805812,0.0361868,1.0946827,-0.2005482,0.0000000,9.8045992,27.0031513
1,1,0.4900,STAND_TO_SIT,-0.0898113,0.1437845,10.8554574,-0.1435778,14.5280218,-0.2441289,19.5248999,0.1042191,43.9741129,0.0000000,1.2162517,-0.0193285,0.9999437,0.0000018,0.0106136,-0.0001687,0.0689923,0.1456540,1.0840490,-0.2081560,0.0000000,9.8044406,26.9431511
1,1,0.5000,STAND_TO_SIT,-0.2267912,-0.0346224,10.6926468,-1.4180157,16.4667287,-1.1015816,18.7742890,-0.3075627,44.2567137,0.0000000,1.2613254,-0.0187292,0.9999394,0.0000018,0.0110069,-0.0001634,0.0208914,-0.0104924,1.0176336,-0.2158689,-0.0000000,9.8042738,26.9930644
1,1,0.5100,STAND_TO_SIT,-0.6323765,0.0583890,10.7314471,0.4816774,11.8073575,-0.8087876,18.3559758,0.4108862,43.8459163,0.0000000,1.3070022,-0.0181299,0.9999349,0.0000018,0.0114055,-0.0001582,-0.4025562,0.0908473,1.0803635,-0.2236849,0.0000000,9.8040986,27.0110710
1,1,0.5200,STAND_TO_SIT,-0.4912460,0.0107169,10.6687528,-0.3724871,13.3596938,0.5365011,18.9466470,-0.1222269,43.2071402,0.0000000,1.3532697,-0.0175305,0.9999303,0.0000018,0.0118092,-0.0001530,-0.2557686,0.0221075,0.9385221,-0.2316019,0.0000000,9.8039148,27.0843494
1,1,0.5300,STAND_TO_SIT,-0.2314887,-0.0284576,10.6399431,0.1417672,14.5954251,-0.6279818,19.0712814,0.5189040,44.0358971,0.0000000,1.4001159,-0.0169310,0.9999253,0.0000018,0.0122180,-0.0001477,0.0357919,-0.0097031,0.9214237,-0.2396177,0.0000000,9.8037221,27.0124003
1,1,0.5400,STAND_TO_SIT,-0.2290068,-0.0406792,10.8925088,1.5502033,15.2751454,-0.5252042,19.0461359,0.4191108,44.3976995,0.0000000,1.4475285,-0.0163315,0.9999202,0.0000018,0.0126317,-0.0001425,-0.0306273,-0.0522216,1.1937638,-0.2477302,-0.0000000,9.8035205,27.0452047
1,1,0.5500,STAND_TO_SIT,-0.1011901,0.0075940,10.7545751,0.1348398,15.5254232,-1.0440828,18.0775510,0.5304644,43.4021441,0.0000000,1.4954955,-0.0157320,0.9999148,0.0000018,0.0130503,-0.0001373,0.1442161,0.0192334,1.0679428,-0.2559374,0.0000000,9.8033097,26.9914087
1,1,0.5600,STAND_TO_SIT,-0.2612545,0.1635353,10.8752680,0.9144924,15.3035390,0.7352872,18.7336765,-0.1261251,43.3262033,0.0000000,1.5440045,-0.0151325,0.9999092,0.0000018,0.0134736,-0.0001320,0.0242625,0.1151461,1.1170953,-0.2642372,0.0000000,9.8030895,27.0431717
1,1,0.5700,STAND_TO_SIT,-0.4290048,0.1261912,11.0657063,-3.5368828,15.0082904,0.4698405,19.0091038,0.6449618,43.9964256,0.0000000,1.5930434,-0.0145329,0.9999034,0.0000018,0.0139015,-0.0001268,-0.1421075,0.1586263,1.3119504,-0.2726275,0.0000000,9.8028597,27.0406947
1,1,0.5800,STAND_TO_SIT,-0.2432522,-0.1447872,10.7218527,0.5855854,14.6872148,1.4224309,18.0770330,-0.2626035,43.8706137,0.0000000,1.6426000,-0.0139332,0.9998973,0.0000017,0.0143339,-0.0001216,0.0161302,-0.1111764,0.9888723,-0.2811062,0.0000000,9.8026202,27.0609985
1,1,0.5900,STAND_TO_SIT,-0.3323638,0.0047083,10.9121176,-2.3549451,16.1988713,-2.1619477,18.2424476,0.4566207,44.0757976,0.0000000,1.6926622,-0.0133336,0.9998909,0.0000017,0.0147707,-0.0001163,-0.0181977,-0.0210921,1.1444702,-0.2896711,0.0000000,9.8023709,27.0069682
1,1,0.6000,STAND_TO_SIT,-0.3122208,-0.1029908,10.7056938,1.0540020,14.1945259,-0.5185381,18.8607874,-0.2423817,43.4920998,0.0000000,1.7432177,-0.0127339,0.9998843,0.0000017,0.0152119,-0.0001111,0.0093521,-0.1372667,0.9788197,-0.2983202,0.0000000,9.8021115,27.0455414
1,1,0.6100,STAND_TO_SIT,-0.4320522,0.0282641,10.8937272,-0.7593880,16.8118114,-1.9754061,18.6400400,0.7130550,44.0402872,0.0000000,1.7942545,-0.0121342,0.9998774,0.0000017,0.0156572,-0.0001059,-0.0383450,0.0372315,1.1668151,-0.3070514,-0.0000000,9.8018419,27.0213390
1,1,0.6200,STAND_TO_SIT,-0.5352436,-0.0970872,10.8762297,0.7128589,16.1507969,-0.2822823,18.8949109,0.2308496,44.0166625,0.0000000,1.8457602,-0.0115345,0.9998703,0.0000016,0.0161066,-0.0001006,-0.1250996,-0.1118654,1.1188525,-0.3158626,0.0000000,9.8015619,27.0448540
1,1,0.6300,STAND_TO_SIT,-0.3750781,0.0175258,10.6869595,-1.4080887,16.6079497,0.9816439,17.5200876,0.6348364,44.5563077,0.0000000,1.8977227,-0.0109347,0.9998629,0.0000016,0.0165600,-0.0000954,0.0247125,-0.0018778,0.9386313,-0.3247517,-0.0000000,9.8012714,27.0249369
1,1,0.6400,STAND_TO_SIT,-0.4704111,0.0210484,10.7192592,-0.5780050,17.2268195,-1.5088894,18.5836928,-0.1156107,44.4653450,0.0000000,1.9501299,-0.0103349,0.9998552,0.0000015,0.0170173,-0.0000902,-0.1349153,0.0652148,0.9849630,-0.3337165,0.0000000,9.8009702,26.9958826
1,1,0.6500,STAND_TO_SIT,-0.4319792,0.0469878,10.8022164,-1.5186129,16.6763028,-0.8705635,18.1494776,-0.1571644,43.9605926,0.0000000,2.0029696,-0.0097351,0.9998472,0.0000015,0.0174783,-0.0000849,-0.0540601,0.0335184,1.0165233,-0.3427551,0.0000000,9.8006583,27.0087508
1,1,0.6600,STAND_TO_SIT,-0.4317716,0.0801615,11.1127624,-1.2307169,14.0650672,-0.8627204,18.1817177,-0.1678165,43.6832797,0.0000000,2.0562295,-0.0091353,0.9998390,0.0000014,0.0179430,-0.0000797,-0.1098338,0.0926745,1.3519145,-0.3518653,0.0000000,9.8003355,27.0776661
1,1,0.6700,STAND_TO_SIT,-0.3733554,0.1016122,10.8898589,-0.5021147,16.9967903,0.1332536,18.4801912,0.2912032,43.7034780,0.0000000,2.1098975,-0.0085354,0.9998305,0.0000014,0.0184113,-0.0000745,0.0383790,0.1142451,1.1992797,-0.3610449,0.0000000,9.8000016,27.0160602
1,1,0.6800,STAND_TO_SIT,-0.5952502,-0.1205219,10.8213575,-1.4239835,17.1499512,-0.2686861,17.8516334,0.3611842,44.3492469,0.0000000,2.1639614,-0.0079355,0.9998217,0.0000013,0.0188830,-0.0000692,-0.2479105,-0.0306763,1.0714370,-0.3702920,0.0000000,9.7996565,27.0195643
1,1,0.6900,STAND_TO_SIT,-0.5185688,-0.0032924,10.9776135,0.0210718,16.4809551,-1.4078694,17.6240450,0.0494629,44.3512043,0.0000000,2.2184090,-0.0073357,0.9998126,0.0000012,0.0193581,-0.0000640,-0.0159942,0.0858580,1.2341035,-0.3796043,-0.0000000,9.7993002,27.0921114
1,1,0.7000,STAND_TO_SIT,-0.3524668,-0.1435683,11.0808241,0.9284400,16.0733181,1.2561112,17.7460876,0.5589171,44.8955983,0.0000000,2.2732282,-0.0067357,0.9998032,0.0000012,0.0198364,-0.0000588,0.0335580,-0.1835523,1.3334781,-0.3889799,0.0000000,9.7989325,27.0278323
1,1,0.7100,STAND_TO_SIT,-0.6258809,0.1405523,10.9688944,-0.9532626,16.0586612,-0.8960193,18.0582940,0.9766532,44.5661145,0.0000000,2.3284068,-0.0061358,0.9997936,0.0000011,0.0203178,-0.0000535,-0.2293093,0.0881821,1.1643680,-0.3984165,0.0000000,9.7985534,27.0317664
1,1,0.7200,STAND_TO_SIT,-0.4000308,-0.0109651,10.7984909,1.0783238,18.3338798,-0.8691413,18.0676047,0.2735965,44.1507352,0.0000000,2.3839325,-0.0055359,0.9997836,0.0000010,0.0208022,-0.0000483,0.0173816,-0.0237987,1.0501548,-0.4079122,0.0000000,9.7981627,27.0845649
1,1,0.7300,STAND_TO_SIT,-0.3928074,0.1181057,11.1476719,-1.2554869,16.6207187,-0.2932881,18.3154672,0.7324598,44.6609632,0.0000000,2.4397932,-0.0049359,0.9997733,0.0000009,0.0212896,-0.0000431,0.0678162,0.1160752,1.3083201,-0.4174647,0.0000000,9.7977603,27.0466148
1,1,0.7400,STAND_TO_SIT,-0.4292622,-0.2332466,10.9919284,-3.3263945,17.0982024,0.0906618,17.8923999,-0.0461649,44.5617153,0.0000000,2.4959768,-0.0043360,0.9997628,0.0000008,0.0217798,-0.0000378,0.0343056,-0.1516671,1.2432140,-0.4270721,0.0000000,9.7973463,27.0235959
1,1,0.7500,STAND_TO_SIT,-0.2345996,-0.2774668,10.9241362,-1.9361310,17.6103590,-1.0099435,17.7079025,0.2897868,44.5164572,0.0000000,2.5524709,-0.0037360,0.9997519,0.0000007,0.0222727,-0.0000326,0.2371595,-0.3022063,1.0783871,-0.4367322,0.0000000,9.7969204,27.0557775
1,1,0.7600,STAND_TO_SIT,-0.5474847,-0.1087386,11.1877602,1.0293103,15.6655493,-0.9423249,17.1479668,0.4547134,44.2550842,0.0000000,2.6092636,-0.0031360,0.9997408,0.0000006,0.0227682,-0.0000274,-0.0293666,-0.0035707,1.4105848,-0.4464428,0.0000000,9.7964827,27.0436699
1,1,0.7700,STAND_TO_SIT,-0.4222335,0.1643234,11.1021155,0.1373147,17.6206902,-1.3492996,17.4804289,0.2503537,43.9469159,0.0000000,2.6663425,-0.0025361,0.9997293,0.0000005,0.0232661,-0.0000221,0.0837990,0.2005280,1.4137459,-0.4562020,0.0000000,9.7960331,27.0969447
1,1,0.7800,STAND_TO_SIT,-0.5371632,0.0185620,11.0616858,-1.3223124,17.7263520,1.6895715,17.9785169,0.1127773,44.7746041,0.0000000,2.7236955,-0.0019361,0.9997175,0.0000004,0.0237665,-0.0000169,-0.1078332,0.0452864,1.3236127,-0.4660076,-0.0000000,9.7955715,27.0567218
1,1,0.7900,STAND_TO_SIT,-0.3896984,-0.0578088,11.0681375,0.4284100,19.1192148,-0.3310408,18.0972363,0.1275078,44.4268439,0.0000000,2.7813104,-0.0013361,0.9997055,0.0000003,0.0242691,-0.0000117,0.1575529,-0.0867925,1.3054318,-0.4758575,0.0000000,9.7950980,27.0384889
1,1,0.8000,STAND_TO_SIT,-0.3667937,0.0158188,11.2763027,-2.5172440,17.4251390,-0.3551039,17.8282274,0.4687414,44.8577412,0.0000000,2.8391750,-0.0007361,0.9996931,0.0000002,0.0247739,-0.0000064,0.1284607,-0.0058673,1.4949605,-0.4857496,-0.0000000,9.7946124,27.0130703
1,1,0.8100,STAND_TO_SIT,-0.5458099,0.1230428,11.0659843,0.6217252,17.7175259,0.6409418,17.9278957,0.3167973,44.4253672,0.0000000,2.8972772,-0.0001361,0.9996804,0.0000000,0.0252808,-0.0000012,-0.0191685,0.1423959,1.3237639,-0.4956818,0.0000000,9.7941148,27.0647159
1,1,0.8200,STAND_TO_SIT,-0.3758093,-0.0759759,10.8680705,1.5639681,16.3853800,0.0982611,17.1669033,0.1379196,44.9783610,0.0000000,2.9556048,0.0004639,0.9996674,-0.0000001,0.0257897,0.0000040,0.1778352,-0.1126284,1.1444404,-0.5056521,-0.0000000,9.7936051,27.0663366
1,1,0.8300,STAND_TO_SIT,-0.4102518,-0.0395411,10.8969103,-0.5003499,18.9390539,-0.3366384,17.3437780,0.8289087,44.5130957,0.0000000,3.0141455,0.0010639,0.9996541,-0.0000002,0.0263003,0.0000093,0.0656560,-0.0006635,1.1639945,-0.5156582,0.0000000,9.7930833,27.0311238
1,1,0.8400,STAND_TO_SIT,-0.5904734,-0.2940798,11.0180806,-1.3916664,20.0032969,-2.7341714,17.7619162,0.1166316,43.7693882,0.0000000,3.0728872,0.0016639,0.9996405,-0.0000004,0.0268128,0.0000145,-0.0536326,-0.2991329,1.2763510,-0.5256981,0.0000000,9.7925495,27.0184563
1,1,0.8500,STAND_TO_SIT,-0.5470827,-0.0604485,11.0075378,-0.5479445,17.8466596,0.3006133,17.1504425,0.4826549,44.6890735,0.0000000,3.1318178,0.0022639,0.9996266,-0.0000005,0.0273269,0.0000197,-0.0116967,-0.0815329,1.3724517,-0.5357698,0.0000000,9.7920036,27.0611708
1,1,0.8600,STAND_TO_SIT,-0.7303783,0.0326057,11.2435998,0.6754994,18.8233384,-0.8821781,17.1989387,0.8144163,44.5831040,0.0000000,3.1909250,0.0028639,0.9996123,-0.0000007,0.0278425,0.0000250,-0.1750734,0.0715792,1.4735059,-0.5458711,0.0000000,9.7914457,26.9933192
1,1,0.8700,STAND_TO_SIT,-0.5052301,0.0622087,11.0169561,0.8080701,18.9051795,-0.6847975,17.3540962,0.4912004,43.7071154,0.0000000,3.2501966,0.0034639,0.9995978,-0.0000009,0.0283595,0.0000302,0.0476306,0.0756576,1.3340186,-0.5559999,-0.0000000,9.7908758,27.0570584
1,1,0.8800,STAND_TO_SIT,-0.6323637,-0.0099626,10.9937392,-1.3495182,20.3655189,-2.0103328,17.4907453,0.6573991,44.1138377,0.0000000,3.3096205,0.0040639,0.9995829,-0.0000010,0.0288779,0.0000354,-0.0094285,0.0134491,1.2228950,-0.5661542,0.0000000,9.7902939,27.0689623
1,1,0.8900,STAND_TO_SIT,-0.6042081,-0.1169828,10.9672205,-1.0526624,19.8039792,-0.2344713,17.2140257,0.3036833,44.7474031,0.0000000,3.3691845,0.0046638,0.9995678,-0.0000012,0.0293974,0.0000407,0.0622947,-0.1716808,1.2090467,-0.5763317,0.0000000,9.7897000,27.0357742
1,1,0.9000,STAND_TO_SIT,-0.8495868,0.0723784,10.9640217,-2.5634500,19.1100278,1.2361331,17.0874756,0.5416681,45.2515608,0.0000000,3.4288764,0.0052638,0.9995524,-0.0000014,0.0299181,0.0000459,-0.1963692,0.0216318,1.1907623,-0.5865305,0.0000000,9.7890942,27.0546396
1,1,0.9100,STAND_TO_SIT,-0.4131355,0.1504306,10.9993214,0.2431769,19.1624313,-0.6193396,16.9321044,0.0467542,44.5741511,0.0000000,3.4886840,0.0058637,0.9995366,-0.0000016,0.0304398,0.0000511,0.2447278,0.1679011,1.3347738,-0.5967484,0.0000000,9.7884767,27.1079664
1,1,0.9200,STAND_TO_SIT,-0.5659550,0.0347124,10.8391852,-1.4189641,20.1330642,-0.5885838,18.0085667,-0.1157464,44.4581034,0.0000000,3.5485952,0.0064637,0.9995205,-0.0000017,0.0309624,0.0000564,0.0790811,-0.0133466,1.1410516,-0.6069834,0.0000000,9.7878473,27.0438213
1,1,0.9300,STAND_TO_SIT,-0.8405258,0.0894183,11.1591536,-0.5040194,20.6953458,-0.0443484,17.4732243,0.2602772,44.8115394,0.0000000,3.6085978,0.0070636,0.9995042,-0.0000019,0.0314858,0.0000616,-0.2257548,0.0491574,1.4971619,-0.6172333,-0.0000000,9.7872063,27.0162935
1,1,0.9400,STAND_TO_SIT,-0.7024874,-0.0889481,11.3174144,0.5947397,18.7482724,-0.9088645,17.1010121,0.5390630,44.2840874,0.0000000,3.6686795,0.0076635,0.9994876,-0.0000021,0.0320098,0.0000668,-0.0508749,-0.1375313,1.5043349,-0.6274961,0.0000000,9.7865537,27.0754288
1,1,0.9500,STAND_TO_SIT,-0.7832438,0.1282951,11.0071008,-2.0096740,19.0711071,-1.6630953,16.9782298,0.7599528,44.1899462,0.0000000,3.7288282,0.0082633,0.9994706,-0.0000023,0.0325344,0.0000721,-0.1387040,0.1065444,1.2781858,-0.6377696,0.0000000,9.7858895,27.1185415
1,1,0.9600,STAND_TO_SIT,-0.6521558,0.1087317,11.0278349,-3.0315349,18.7555218,-0.0095851,17.2958514,0.2752727,44.7942739,0.0000000,3.7890318,0.0088632,0.9994534,-0.0000026,0.0330595,0.0000773,-0.0282333,0.0932242,1.2730621,-0.6480518,0.0000000,9.7852140,27.0763673
1,1,0.9700,STAND_TO_SIT,-0.7550178,-0.0991317,11.2164799,-2.0861125,19.5155900,1.7009312,16.5198856,0.1749641,44.7186532,0.0000000,3.8492780,0.0094630,0.9994359,-0.0000028,0.0335850,0.0000825,-0.0164176,-0.0850885,1.5287081,-0.6583405,0.0000000,9.7845272,27.0641541
1,1,0.9800,STAND_TO_SIT,-0.6047785,-0.0109678,10.8686656,-1.2099582,16.9738867,-0.2903239,16.0399199,0.3104654,45.3725177,0.0000000,3.9095546,0.0100629,0.9994181,-0.0000030,0.0341107,0.0000878,0.0456051,0.0412073,1.1417341,-0.6686337,0.0000000,9.7838292,27.0651079
1,1,0.9900,STAND_TO_SIT,-0.5822296,-0.0785759,11.2702744,0.1110928,18.7129739,0.0701013,16.4856505,0.0494241,44.8699310,0.0000000,3.9698495,0.0106627,0.9994000,-0.0000032,0.0346365,0.0000930,0.1253686,-0.0578566,1.4972613,-0.6789293,0.0000000,9.7831201,26.9783895
1,1,1.0000,STAND_TO_SIT,-0.7664892,-0.2777235,11.2502891,-0.9823571,20.8395072,0.3258805,16.9680302,0.1416802,45.0789709,0.0000000,4.0301505,0.0112624,0.9993816,-0.0000035,0.0351624,0.0000982,-0.0435111,-0.2352441,1.5355529,-0.6892252,0.0000000,9.7824002,27.1021341
1,1,1.0100,STAND_TO_SIT,-0.7643500,0.1832646,11.5126139,-0.1465028,18.6998091,2.0035859,16.5953291,0.5165501,44.7443084,0.0000000,4.0904454,0.0118622,0.9993630,-0.0000037,0.0356883,0.0001035,-0.1088006,0.1721202,1.7422357,-0.6995192,0.0000000,9.7816694,27.0284197
1,1,1.0200,STAND_TO_SIT,-0.9076074,0.0201960,11.1785906,-1.0176264,17.8447331,-1.3965040,16.3747143,-0.1913151,45.2727944,0.0000000,4.1507220,0.0124619,0.9993441,-0.0000039,0.0362140,0.0001087,-0.1820222,-0.0252667,1.5206411,-0.7098094,0.0000000,9.7809281,27.0866234
1,1,1.0300,STAND_TO_SIT,-0.8470837,0.0614820,11.2598348,0.0277023,17.5998727,-0.6428927,16.9604027,0.2478420,44.7983214,0.0000000,4.2109682,0.0130616,0.9993249,-0.0000042,0.0367394,0.0001139,-0.1359947,0.0265318,1.4972689,-0.7200936,0.0000000,9.7801763,27.1313068
1,1,1.0400,STAND_TO_SIT,-0.8376511,-0.0390674,11.3869309,-0.6420420,19.2681978,1.8984799,16.2317070,0.3318925,44.7071308,0.0000000,4.2711718,0.0136613,0.9993054,-0.0000044,0.0372644,0.0001191,-0.0768175,0.0002248,1.5798919,-0.7303697,0.0000000,9.7794143,27.0884411
1,1,1.0500,STAND_TO_SIT,-0.7422971,0.0917521,11.1299649,-2.1389097,19.7164761,-0.8968324,16.6816603,0.1097067,44.7100104,0.0000000,4.3313205,0.0142609,0.9992857,-0.0000047,0.0377889,0.0001244,-0.0065556,0.0263510,1.3755550,-0.7406357,0.0000000,9.7786422,27.0970080
1,1,1.0600,STAND_TO_SIT,-0.8405701,-0.2881448,11.0987600,-2.5867840,19.0934995,-0.2561957,16.7359918,-0.0458089,44.8168428,0.0000000,4.3914022,0.0148605,0.9992658,-0.0000050,0.0383128,0.0001296,-0.0220930,-0.3211399,1.4044451,-0.7508894,-0.0000000,9.7778602,27.0146271
1,1,1.0700,STAND_TO_SIT,-0.4304711,-0.0595983,11.1836010,-2.3778493,19.8758540,0.0149648,16.3949112,0.8545614,45.6764866,0.0000000,4.4514048,0.0154601,0.9992456,-0.0000052,0.0388361,0.0001348,0.3041621,-0.1095793,1.4423824,-0.7611288,0.0000000,9.7770684,27.0078579
1,1,1.0800,STAND_TO_SIT,-0.8516769,0.1261515,11.0399674,-0.6262829,20.1060621,-0.2794725,16.4757919,0.3839903,44.7251605,0.0000000,4.5113160,0.0160596,0.9992251,-0.0000055,0.0393585,0.0001400,-0.0935736,0.1489812,1.2763471,-0.7713517,0.0000000,9.7762672,27.0294842
1,1,1.0900,STAND_TO_SIT,-1.0218540,-0.0580884,11.2256706,-0.2612409,18.4315645,-0.1806349,16.1886184,0.6090167,44.7775884,0.0000000,4.5711236,0.0166591,0.9992045,-0.0000058,0.0398800,0.0001453,-0.1335116,-0.0406039,1.5566486,-0.7815562,0.0000000,9.7754567,27.0661159
1,1,1.1000,STAND_TO_SIT,-0.7911749,0.1130270,11.0450017,0.5198209,18.3250210,1.1621819,16.7444540,0.5959149,44.9383313,0.0000000,4.6308155,0.0172586,0.9991836,-0.0000061,0.0404005,0.0001505,0.0016614,0.0687031,1.4163811,-0.7917400,0.0000000,9.7746372,27.0862111
1,1,1.1100,STAND_TO_SIT,-0.8722235,-0.0992776,10.8298119,-1.4632684,18.5304095,-0.5724759,16.4444751,0.5226660,44.9112387,0.0000000,4.6903795,0.0178580,0.9991624,-0.0000064,0.0409199,0.0001557,0.0291733,-0.0995406,1.1260091,-0.8019012,0.0000000,9.7738088,27.0579919
1,1,1.1200,STAND_TO_SIT,-0.8841111,0.0005210,11.1400845,0.2797369,17.3965685,-0.0571501,16.5190439,-0.2374022,44.7646266,0.0000000,4.7498034,0.0184574,0.9991411,-0.0000067,0.0414380,0.0001609,-0.0235255,0.0218661,1.4515466,-0.8120376,0.0000000,9.7729719,27.0958565
1,1,1.1300,STAND_TO_SIT,-0.7298425,0.0204431,10.9278159,-2.8547523,16.5986591,-0.5987162,16.0560765,0.2440356,44.7228141,0.0000000,4.8090750,0.0190567,0.9991195,-0.0000070,0.0419548,0.0001662,0.0680021,-0.0189393,1.1630308,-0.8221471,-0.0000000,9.7721266,27.1263672
1,1,1.1400,STAND_TO_SIT,-0.8272365,0.0657331,10.8638167,-0.6187020,18.5657819,0.7388333,16.0911635,0.9310824,45.2564813,0.0000000,4.8681822,0.0196560,0.9990977,-0.0000073,0.0424701,0.0001714,-0.0280679,0.0584639,1.1221350,-0.8322278,0.0000000,9.7712733,27.0792841
1,1,1.1500,STAND_TO_SIT,-0.8944480,-0.0589557,10.9497231,-2.5646535,18.4141102,0.0137450,16.1632043,0.5899625,44.5798079,0.0000000,4.9271128,0.0202553,0.9990757,-0.0000076,0.0429839,0.0001766,-0.0843962,-0.0193336,1.2358004,-0.8422774,0.0000000,9.7704121,27.0765804
1,1,1.1600,STAND_TO_SIT,-0.8491903,0.0877724,11.0174932,-1.0332556,18.3284270,0.6101228,16.6095290,0.4352384,44.5186049,0.0000000,4.9858545,0.0208545,0.9990536,-0.0000079,0.0434961,0.0001818,-0.0227624,0.0934589,1.3250616,-0.8522939,0.0000000,9.7695435,27.0683469
1,1,1.1700,STAND_TO_SIT,-0.8886348,0.0304727,10.7146976,-3.1820775,17.3593830,-0.3062475,15.7517795,0.2269745,45.0352278,0.0000000,5.0443952,0.0214536,0.9990312,-0.0000082,0.0440064,0.0001870,0.0037121,0.0093857,1.0739381,-0.8622753,-0.0000000,9.7686675,27.0840031
1,1,1.1800,STAND_TO_SIT,-1.0707891,0.1276431,11.1024187,0.7624546,18.7050342,-0.9260132,15.9902770,0.5679457,45.1344780,0.0000000,5.1027228,0.0220527,0.9990087,-0.0000086,0.0445149,0.0001923,-0.1684895,0.0852849,1.4099669,-0.8722194,0.0000000,9.7677847,27.0580549
1,1,1.1900,STAND_TO_SIT,-0.7526277,-0.0943034,11.0629405,-0.0755559,19.4998770,-0.8440357,16.2467374,0.3630144,45.8529624,0.0000000,5.1608250,0.0226518,0.9989860,-0.0000089,0.0450215,0.0001975,0.1660710,-0.0753936,1.3717514,-0.8821242,0.0000000,9.7668952,27.0494147
1,1,1.2000,STAND_TO_SIT,-0.7987667,-0.0169197,11.2421892,-2.6316128,18.6650041,-0.7845703,16.2693760,0.3328897,44.9065998,0.0000000,5.2186896,0.0232508,0.9989631,-0.0000092,0.0455259,0.0002027,0.0807580,0.0244904,1.5044420,-0.8919877,0.0000000,9.7659993,27.1106469
1,1,1.2100,STAND_TO_SIT,-0.9886607,-0.1516063,11.2908171,-0.4212021,17.9172634,0.7240803,15.1892706,0.5027792,45.0072901,0.0000000,5.2763045,0.0238498,0.9989401,-0.0000096,0.0460282,0.0002079,-0.0484108,-0.1370187,1.6080812,-0.9018076,0.0000000,9.7650974,27.1088765
1,1,1.2200,STAND_TO_SIT,-0.9119122,0.1667582,10.9052406,-2.7803436,18.9499460,0.0344946,15.8890896,0.4501372,45.1968218,0.0000000,5.3336575,0.0244487,0.9989170,-0.0000099,0.0465281,0.0002131,-0.0018200,0.1386198,1.2098842,-0.9115820,0.0000000,9.7641898,27.0552797
1,1,1.2300,STAND_TO_SIT,-0.7771952,0.0215064,10.8902985,-0.8769454,18.3360597,0.5597820,15.3504647,-0.0087483,45.4959854,0.0000000,5.3907364,0.0250475,0.9988937,-0.0000103,0.0470257,0.0002183,0.0996495,0.1084318,1.1373056,-0.9213088,0.0000000,9.7632768,27.0851210
1,1,1.2400,STAND_TO_SIT,-0.9289785,-0.0039259,10.9372656,0.5020608,17.8829461,-0.2963123,15.6924806,0.2359268,45.3259383,0.0000000,5.4475291,0.0256463,0.9988702,-0.0000106,0.0475208,0.0002236,0.0617046,0.0534055,1.2355841,-0.9309859,0.0000000,9.7623588,27.1123183
1,1,1.2500,STAND_TO_SIT,-0.5613858,0.0229440,11.0731242,0.4082890,18.2907035,-0.8471640,15.5492261,0.0714204,45.0524531,0.0000000,5.5040232,0.0262451,0.9988467,-0.0000110,0.0480132,0.0002288,0.4185529,-0.0014323,1.3497499,-0.9406112,0.0000000,9.7614361,27.0528168
1,1,1.2600,STAND_TO_SIT,-0.9259386,-0.0264355,10.9888640,0.0516051,15.5984602,-1.7086340,15.8029745,-0.2491719,44.9769937,0.0000000,5.5602068,0.0268437,0.9988230,-0.0000114,0.0485029,0.0002340,0.0342991,-0.0772254,1.2727702,-0.9501827,0.0000000,9.7605091,27.1045203
1,1,1.2700,STAND_TO_SIT,-0.7827847,-0.1954505,10.9960666,-1.6011259,18.9804385,0.3451377,15.5360700,0.0491724,45.1785756,0.0000000,5.6160675,0.0274424,0.9987992,-0.0000117,0.0489898,0.0002392,0.1806610,-0.2184828,1.3437448,-0.9596983,0.0000000,9.7595780,27.0719366
1,1,1.2800,STAND_TO_SIT,-1.1401410,0.0420250,10.9480118,-1.9070700,18.2840053,0.5047903,15.9569732,0.6139104,45.5254862,0.0000000,5.6715932,0.0280409,0.9987754,-0.0000121,0.0494738,0.0002444,-0.2142452,0.0161195,1.2155320,-0.9691559,-0.0000000,9.7586434,27.1127962
1,1,1.2900,STAND_TO_SIT,-1.0994877,-0.2047889,11.1453233,-0.0605147,17.0740417,-2.2467565,15.9381447,0.0626731,44.9336448,0.0000000,5.7267718,0.0286394,0.9987515,-0.0000125,0.0499547,0.0002496,-0.0855770,-0.1472529,1.5042098,-0.9785535,-0.0000000,9.7577055,27.1041266
1,1,1.3000,STAND_TO_SIT,-0.7124428,-0.1060376,10.7993588,-0.1442863,16.6910803,1.0837391,15.7537166,0.3411951,45.0462254,0.0000000,5.7815910,0.0292378,0.9987274,-0.0000129,0.0504325,0.0002548,0.1785331,-0.0990288,1.1664082,-0.9878890,0.0000000,9.7567648,27.0380897
1,1,1.3100,STAND_TO_SIT,-1.0417309,0.2075214,10.8180927,-0.9800511,16.2188535,1.2226773,15.4266366,0.9674247,45.5703262,0.0000000,5.8360386,0.0298362,0.9987034,-0.0000133,0.0509070,0.0002600,-0.0638954,0.1891998,1.1978970,-0.9971603,0.0000000,9.7558216,27.0734147
1,1,1.3200,STAND_TO_SIT,-0.9904313,0.0545199,11.1225667,-0.4009441,16.5286975,-0.6607802,15.8840962,0.8347422,45.6740050,0.0000000,5.8901025,0.0304345,0.9986792,-0.0000136,0.0513782,0.0002652,0.0427785,0.0778016,1.4094651,-1.0063654,-0.0000000,9.7548764,27.0579636
1,1,1.3300,STAND_TO_SIT,-0.9242472,0.2165645,10.8969469,-1.9171262,17.5869125,-0.0167711,15.5469543,0.6825129,44.8837187,0.0000000,5.9437705,0.0310327,0.9986551,-0.0000140,0.0518459,0.0002704,0.0566909,0.1977664,1.1996710,-1.0155021,0.0000000,9.7539294,27.0868400
1,1,1.3400,STAND_TO_SIT,-1.0288108,0.1880381,11.1959859,-1.5270960,16.8339779,-0.4309776,15.2910917,-0.4603395,46.0641751,0.0000000,5.9970304,0.0316309,0.9986309,-0.0000144,0.0523101,0.0002757,-0.0297836,0.1485341,1.4767049,-1.0245686,0.0000000,9.7529813,27.1211635
1,1,1.3500,STAND_TO_SIT,-1.0614163,0.0078723,10.8317278,-0.3131987,14.6649519,-0.5843022,15.7410649,0.3165765,45.5563738,0.0000000,6.0498701,0.0322290,0.9986066,-0.0000148,0.0527706,0.0002809,-0.0428452,0.0253801,1.2135180,-1.0335626,0.0000000,9.7520322,27.0977520
1,1,1.3600,STAND_TO_SIT,-0.9489489,0.1385360,10.9622673,-1.0939218,16.5928391,0.6916311,14.6872693,0.3137733,45.3082859,0.0000000,6.1022773,0.0328270,0.9985824,-0.0000152,0.0532272,0.0002861,0.1122443,0.1137785,1.2241342,-1.0424821,0.0000000,9.7510828,27.0383606
1,1,1.3700,STAND_TO_SIT,-0.9716939,0.0597921,10.8329524,-1.1232422,14.5747919,0.9823807,15.5424983,0.0514592,45.9951710,0.0000000,6.1542398,0.0334249,0.9985581,-0.0000157,0.0536801,0.0002913,0.0652064,0.0048303,1.1372776,-1.0513251,0.0000000,9.7501333,27.1276945
1,1,1.3800,STAND_TO_SIT,-1.0850257,0.0898442,11.0336230,0.2142727,16.0413091,-2.4621975,14.5330586,0.2303544,45.1251751,0.0000000,6.2057455,0.0340228,0.9985339,-0.0000161,0.0541289,0.0002965,0.0199576,0.0712992,1.3176788,-1.0600895,0.0000000,9.7491843,27.0784775
1,1,1.3900,STAND_TO_SIT,-1.1255077,0.1741662,10.7515858,-0.0968235,15.0333773,0.3837396,15.3512290,0.1897536,45.9599218,0.0000000,6.2567823,0.0346206,0.9985097,-0.0000165,0.0545736,0.0003017,-0.0411433,0.1626706,1.0413090,-1.0687733,-0.0000000,9.7482361,27.1317882
1,1,1.4000,STAND_TO_SIT,-0.8813820,-0.0180840,10.6845971,-1.5977994,16.0962600,1.0695525,14.8350686,0.4511030,44.8650086,0.0000000,6.3073378,0.0352183,0.9984855,-0.0000169,0.0550141,0.0003069,0.2239829,-0.0144752,0.9524149,-1.0773743,0.0000000,9.7472893,27.1293647
1,1,1.4100,STAND_TO_SIT,-0.7985423,0.0932749,10.9399734,-2.1314777,16.1860698,-0.6567645,14.9877175,0.2257731,45.7681890,0.0000000,6.3574000,0.0358159,0.9984614,-0.0000173,0.0554503,0.0003121,0.2298307,0.0927047,1.1637505,-1.0858906,0.0000000,9.7463442,27.1147793
1,1,1.4200,STAND_TO_SIT,-1.2167356,0.0641282,10.6592150,-1.1210834,16.5802137,-0.4117304,15.0125161,-0.5664819,44.9655715,0.0000000,6.4069566,0.0364135,0.9984373,-0.0000178,0.0558821,0.0003173,-0.1059118,0.0708090,0.9497193,-1.0943201,0.0000000,9.7454014,27.0792709
1,1,1.4300,STAND_TO_SIT,-1.1507984,-0.0486316,10.6992800,1.8787996,16.2423352,-0.8264675,14.9793067,0.2094838,44.9079045,0.0000000,6.4559955,0.0370109,0.9984133,-0.0000182,0.0563094,0.0003225,-0.0404010,-0.0746376,1.0876464,-1.1026607,0.0000000,9.7444612,27.0580948
1,1,1.4400,STAND_TO_SIT,-1.2564359,0.0233655,10.7144849,-0.5418203,15.0150766,-0.8923295,14.5547889,0.0466089,45.5524487,0.0000000,6.5045045,0.0376083,0.9983894,-0.0000186,0.0567320,0.0003277,-0.1109995,0.0015166,1.0846031,-1.1109103,0.0000000,9.7435241,27.0567093
1,1,1.4500,STAND_TO_SIT,-1.3625121,0.1781872,10.6208563,-0.2628800,13.2067806,0.7552826,15.2416609,0.8397523,44.4964394,0.0000000,6.5524715,0.0382056,0.9983656,-0.0000191,0.0571499,0.0003329,-0.1818627,0.1687504,0.9669745,-1.1190670,0.0000000,9.7425907,27.0889142
1,1,1.4600,STAND_TO_SIT,-0.9808391,0.0321813,10.9172862,0.0826589,15.3370217,0.7980444,15.0867928,0.1239503,45.7985983,0.0000000,6.5998841,0.0388028,0.9983418,-0.0000195,0.0575630,0.0003381,0.1431966,0.0193191,1.1896060,-1.1271287,-0.0000000,9.7416613,27.1159615
1,1,1.4700,STAND_TO_SIT,-1.1380611,-0.0589782,10.7798430,0.8581693,12.5329077,-1.6259925,14.7401661,-0.1198536,45.4333311,0.0000000,6.6467303,0.0393999,0.9983182,-0.0000199,0.0579711,0.0003433,-0.0496934,-0.0739427,0.9860548,-1.1350933,-0.0000000,9.7407365,27.0867975
1,1,1.4800,STAND_TO_SIT,-1.1440897,0.0412082,10.8247916,0.0518619,13.0953115,0.0473670,13.8769902,0.1488339,45.5910865,0.0000000,6.6929978,0.0399970,0.9982947,-0.0000204,0.0583742,0.0003484,0.0802286,0.0010047,1.0841335,-1.1429588,0.0000000,9.7398167,27.0509907
1,1,1.4900,STAND_TO_SIT,-0.9030291,0.0165468,10.9127182,-1.0696343,13.9786261,0.0423066,14.6995323,0.0228773,45.5455435,0.0000000,6.7386746,0.0405939,0.9982714,-0.0000208,0.0587721,0.0003536,0.2181427,0.0539178,1.2200258,-1.1507231,0.0000000,9.7389024,27.1248428
1,1,1.5000,STAND_TO_SIT,-1.0513147,0.0371799,10.6456932,-1.5514953,12.0280009,-1.1014262,14.4230486,0.8919900,45.5313310,0.0000000,6.7837483,0.0411908,0.9982482,-0.0000213,0.0591648,0.0003588,0.1286920,-0.0421489,0.9882747,-1.1583842,0.0000000,9.7379942,27.1293546
1,1,1.5100,STAND_TO_SIT,-1.3605576,-0.0588876,10.7531883,-0.3301040,12.9477361,0.1558966,14.8022670,0.4998943,45.3732686,0.0000000,6.8282068,0.0417875,0.9982251,-0.0000217,0.0595521,0.0003640,-0.2259667,-0.0066729,1.0379450,-1.1659400,-0.0000000,9.7370924,27.0943929
1,1,1.5200,STAND_TO_SIT,-1.1902090,0.0738177,10.7315988,0.9774816,12.0718291,-0.5142652,14.4291491,0.0093965,45.9244185,0.0000000,6.8720380,0.0423842,0.9982023,-0.0000222,0.0599339,0.0003692,-0.0160537,0.1075377,1.0668890,-1.1733885,-0.0000000,9.7361976,27.1291936
1,1,1.5300,STAND_TO_SIT,-1.1730256,-0.0928104,10.7965327,-2.8770279,14.9913473,-1.1441335,14.7343719,0.8306941,45.6155339,0.0000000,6.9152297,0.0429808,0.9981796,-0.0000226,0.0603101,0.0003744,-0.0141064,-0.1233087,1.1623843,-1.1807277,-0.0000000,9.7353103,27.0391671
1,1,1.5400,STAND_TO_SIT,-1.1775640,0.0807633,10.5150831,-0.8250431,13.0052949,1.2877236,14.2705527,0.4133575,45.2094789,0.0000000,6.9577696,0.0435773,0.9981572,-0.0000231,0.0606807,0.0003796,0.0621246,0.1035057,0.8774696,-1.1879555,0.0000000,9.7344310,27.1156105
1,1,1.5500,STAND_TO_SIT,-1.0060320,0.1478651,10.7985743,-1.4675481,12.6433526,-0.3336071,14.7224499,0.4665537,45.8652959,0.0000000,6.9996456,0.0441736,0.9981349,-0.0000235,0.0610454,0.0003848,0.2066546,0.1677625,1.0829537,-1.1950698,0.0000000,9.7335601,27.1434150
1,1,1.5600,STAND_TO_SIT,-1.1152617,-0.0751212,10.5276737,-0.4624481,13.4539884,-0.5261065,14.2038264,0.1531168,45.6963620,0.0000000,7.0408455,0.0447699,0.9981129,-0.0000240,0.0614043,0.0003900,0.1492108,-0.0966188,0.8872699,-1.2020686,0.0000000,9.7326983,27.1141321
1,1,1.5700,STAND_TO_SIT,-1.1107145,-0.0116639,10.6807717,-0.0726779,12.0587600,0.6434326,14.3159282,0.3154234,45.7100353,0.0000000,7.0813571,0.0453661,0.9980911,-0.0000244,0.0617572,0.0003951,0.1741881,0.0443244,0.9958698,-1.2089499,0.0000000,9.7318459,27.1122630
1,1,1.5800,STAND_TO_SIT,-1.2253157,0.1892411,10.5584879,-1.6450949,10.3679749,-0.6635721,14.5012190,0.0554687,45.6197369,0.0000000,7.1211683,0.0459622,0.9980696,-0.0000249,0.0621039,0.0004003,0.0711493,0.1874119,0.8209996,-1.2157117,-0.0000000,9.7310035,27.0741501
1,1,1.5900,STAND_TO_SIT,-1.2614908,-0.1564119,10.6140634,0.3132601,9.8352238,-0.5658257,14.4692427,-0.0607570,45.2209293,0.0000000,7.1602669,0.0465582,0.9980484,-0.0000254,0.0624445,0.0004055,-0.0324932,-0.1608979,0.9258733,-1.2223518,0.0000000,9.7301716,27.0901091
1,1,1.6000,STAND_TO_SIT,-1.2628004,-0.0857220,10.3993084,-2.8931604,12.7648438,-0.9664328,14.2690987,0.2073178,45.9875759,0.0000000,7.1986406,0.0471540,0.9980274,-0.0000258,0.0627787,0.0004107,-0.0350496,-0.1205716,0.7182331,-1.2288683,0.0000000,9.7293508,27.0759097
1,1,1.6100,STAND_TO_SIT,-1.1744246,-0.3056994,10.6990334,1.9123916,10.1676515,-1.7408266,14.3810497,0.1042261,45.6472411,0.0000000,7.2362773,0.0477498,0.9980067,-0.0000263,0.0631065,0.0004159,0.0464695,-0.2386441,1.0146703,-1.2352591,0.0000000,9.7285415,27.0966506
1,1,1.6200,STAND_TO_SIT,-1.1393980,-0.1003680,10.6838622,-1.5063751,11.2841440,1.3533025,14.3723943,0.3219628,45.4749989,0.0000000,7.2731649,0.0483454,0.9979863,-0.0000268,0.0634277,0.0004210,0.1258104,-0.1077666,0.9859121,-1.2415222,0.0000000,9.7277442,27.0858827
1,1,1.6300,STAND_TO_SIT,-1.2169810,-0.2174792,10.4473971,-0.7656381,12.1066387,-0.2316203,14.5787276,0.6935506,45.7300329,0.0000000,7.3092911,0.0489410,0.9979663,-0.0000272,0.0637423,0.0004262,0.0636470,-0.2071110,0.7351415,-1.2476555,-0.0000000,9.7269594,27.1236117
1,1,1.6400,STAND_TO_SIT,-1.3659164,0.0395750,10.4641848,-0.0877631,11.2384521,0.8777456,13.7442267,-0.1139628,44.9445092,0.0000000,7.3446437,0.0495364,0.9979466,-0.0000277,0.0640502,0.0004314,-0.1347751,-0.0099771,0.8025006,-1.2536570,0.0000000,9.7261878,27.1273581
1,1,1.6500,STAND_TO_SIT,-1.3572851,0.0479543,10.5092149,0.2732050,10.3340154,-0.1824960,14.7678159,1.0310200,45.2569254,0.0000000,7.3792106,0.0501318,0.9979272,-0.0000282,0.0643513,0.0004366,-0.0949792,0.0624341,0.7861881,-1.2595246,0.0000000,9.7254297,27.0794356
1,1,1.6600,STAND_TO_SIT,-1.3267816,0.0660298,10.4188305,-1.4990424,9.7411554,-1.4597648,14.2456612,0.3669588,45.5969144,0.0000000,7.4129796,0.0507270,0.9979082,-0.0000286,0.0646453,0.0004418,-0.0018340,0.0545994,0.7067329,-1.2652564,0.0000000,9.7246856,27.1344005
1,1,1.6700,STAND_TO_SIT,-1.2045778,0.3287031,10.3857207,-0.7162250,9.9815371,-0.8246938,14.4676344,-0.0474805,45.6417187,0.0000000,7.4459386,0.0513221,0.9978896,-0.0000291,0.0649324,0.0004469,0.0595255,0.2412538,0.7194809,-1.2708502,0.0000000,9.7239562,27.1670590
1,1,1.6800,STAND_TO_SIT,-1.0478682,0.1479309,10.4522112,-1.6759081,11.1042771,-0.3860842,14.0635463,0.6052013,45.9197485,0.0000000,7.4780752,0.0519170,0.9978713,-0.0000295,0.0652122,0.0004521,0.2296206,0.1251301,0.7739198,-1.2763041,0.0000000,9.7232419,27.0997594
1,1,1.6900,STAND_TO_SIT,-1.2327727,-0.1246916,10.2837670,-1.1465556,9.6189707,-1.3896739,13.9294607,-0.4542420,45.3620537,0.0000000,7.5093774,0.0525119,0.9978535,-0.0000300,0.0654848,0.0004573,0.0597532,-0.1666138,0.6194092,-1.2816160,-0.0000000,9.7225431,27.0954916
1,1,1.7000,STAND_TO_SIT,-1.0649631,0.0759244,10.3661831,-1.7482135,10.7609478,-2.0115422,14.1314065,0.4516504,45.2140905,0.0000000,7.5398329,0.0531067,0.9978360,-0.0000305,0.0657500,0.0004624,0.2440315,0.1067162,0.6597481,-1.2867838,0.0000000,9.7218605,27.0745909
1,1,1.7100,STAND_TO_SIT,-1.1714940,0.0780901,10.3990949,-0.9516356,8.5757636,0.0326491,14.0421816,-0.0592163,45.2862004,0.0000000,7.5694297,0.0537013,0.9978190,-0.0000309,0.0660077,0.0004676,0.0389825,0.0815211,0.7324923,-1.2918055,-0.0000000,9.7211945,27.0526935
1,1,1.7200,STAND_TO_SIT,-1.1278570,-0.0729689,10.2703934,-1.8276234,8.3641468,1.3612071,14.1691028,0.8901029,46.0952216,0.0000000,7.5981554,0.0542958,0.9978024,-0.0000314,0.0662578,0.0004728,0.2429917,-0.0989197,0.6693014,-1.2966792,-0.0000000,9.7205456,27.1525215
1,1,1.7300,STAND_TO_SIT,-1.6082224,-0.3287856,10.5823609,-1.5995620,9.4514639,-1.8400853,14.0651434,0.2170134,46.0716487,0.0000000,7.6259980,0.0548902,0.9977863,-0.0000319,0.0665003,0.0004779,-0.2460585,-0.3123781,0.9032027,-1.3014027,0.0000000,9.7199144,27.0288173
1,1,1.7400,STAND_TO_SIT,-1.2882312,0.0470822,10.2219921,-1.3001712,9.9552681,-0.3371681,13.9818870,0.3439995,46.3904270,0.0000000,7.6529452,0.0554844,0.9977706,-0.0000323,0.0667349,0.0004831,-0.0522807,0.0043605,0.5559002,-1.3059740,0.0000000,9.7193012,27.0964276
1,1,1.7500,STAND_TO_SIT,-1.1623604,-0.0735611,10.4202243,-1.8512116,8.5784133,-1.3407775,13.4791807,-0.1447108,45.7623779,0.0000000,7.6789848,0.0560786,0.9977554,-0.0000328,0.0669616,0.0004883,0.1453622,-0.1506109,0.7013485,-1.3103910,0.0000000,9.7187067,27.1070991
1,1,1.7600,STAND_TO_SIT,-1.4378044,0.0053344,10.0380175,0.2138968,6.8813867,0.7127248,14.4011966,0.5246563,45.5432913,0.0000000,7.7041047,0.0566726,0.9977407,-0.0000332,0.0671804,0.0004934,-0.0812405,-0.0041036,0.4086734,-1.3146518,-0.0000000,9.7181312,27.0520922
1,1,1.7700,STAND_TO_SIT,-1.3843244,0.0023791,10.0543699,-0.7963731,8.3494534,1.6938089,14.0334079,0.2426836,46.1752438,0.0000000,7.7282927,0.0572665,0.9977265,-0.0000337,0.0673910,0.0004986,-0.0764795,0.0595491,0.4302961,-1.3187543,0.0000000,9.7175754,27.1327546
1,1,1.7800,STAND_TO_SIT,-1.2867224,-0.0023040,10.1946405,0.2568218,7.9803501,0.0939409,13.9947256,0.0019225,45.9681318,0.0000000,7.7515367,0.0578602,0.9977128,-0.0000341,0.0675933,0.0005038,0.0990430,-0.0668377,0.5339647,-1.3226965,0.0000000,9.7170396,27.1060834
1,1,1.7900,STAND_TO_SIT,-1.2751025,-0.0911070,10.0555395,-0.4872931,7.5659365,-0.6013445,14.5746463,0.2934470,45.5523283,0.0000000,7.7738243,0.0584539,0.9976997,-0.0000346,0.0677874,0.0005089,0.0566738,-0.0654654,0.3552702,-1.3264762,0.0000000,9.7165243,27.0354262
1,1,1.8000,STAND_TO_SIT,-1.4451894,0.0191610,10.0141948,-1.7369984,6.8876652,1.2784291,14.6045061,0.0649120,45.7777407,0.0000000,7.7951435,0.0590474,0.9976870,-0.0000350,0.0679730,0.0005141,-0.0503467,0.0685753,0.3487918,-1.3300916,0.0000000,9.7160301,27.1310249
1,1,1.8100,STAND_TO_SIT,-1.4097268,-0.0417742,10.0320999,0.7585360,6.7876854,-1.4594334,14.2366315,-0.2141632,45.6778905,0.0000000,7.8154820,0.0596407,0.9976749,-0.0000355,0.0681501,0.0005193,-0.0043829,-0.0017014,0.3598440,-1.3335404,0.0000000,9.7155573,27.1382835
1,1,1.8200,STAND_TO_SIT,-1.5530175,0.1164272,10.1576879,-1.3581681,4.7264504,0.2166504,13.9170340,0.1835364,45.9490392,0.0000000,7.8348278,0.0602339,0.9976634,-0.0000359,0.0683185,0.0005244,-0.1775857,0.1390280,0.5697681,-1.3368208,0.0000000,9.7151065,27.1248324
1,1,1.8300,STAND_TO_SIT,-1.3771733,0.2151606,10.0202117,-2.1523506,4.0597003,1.2186318,13.6110303,0.3149619,45.5664782,0.0000000,7.8531685,0.0608270,0.9976525,-0.0000363,0.0684782,0.0005296,-0.0600392,0.1454014,0.3318066,-1.3399306,0.0000000,9.7146781,27.1455844
1,1,1.8400,STAND_TO_SIT,-1.3899193,-0.0190378,10.0256791,0.6468008,6.8816483,0.0475984,13.2398513,-0.0629405,45.8884869,0.0000000,7.8704921,0.0614200,0.9976421,-0.0000368,0.0686290,0.0005347,-0.0058570,-0.0034407,0.4470194,-1.3428678,0.0000000,9.7142725,27.1192445
1,1,1.8500,STAND_TO_SIT,-1.4402336,0.2158915,10.0491599,-1.1089326,5.5098835,-0.4875883,13.5225615,0.3269530,45.7268930,0.0000000,7.8867863,0.0620128,0.9976323,-0.0000372,0.0687709,0.0005399,-0.0383670,0.2139893,0.3236307,-1.3456303,0.0000000,9.7138902,27.1250839
1,1,1.8600,STAND_TO_SIT,-1.2136087,0.0501850,10.0699004,-0.8685022,3.5465820,0.4080104,13.9561995,0.2577376,45.8404737,0.0000000,7.9020389,0.0626055,0.9976232,-0.0000376,0.0689036,0.0005450,0.1621432,0.0458640,0.4153346,-1.3482162,0.0000000,9.7135317,27.0864680
1,1,1.8700,STAND_TO_SIT,-1.4517450,-0.0637314,10.0009114,0.2935027,6.0887914,-0.9505827,13.8185453,-0.2883402,45.2883116,0.0000000,7.9162378,0.0631980,0.9976146,-0.0000381,0.0690273,0.0005502,-0.0653744,-0.1091323,0.3989710,-1.3506234,0.0000000,9.7131972,27.0895518
1,1,1.8800,STAND_TO_SIT,-1.1697713,0.0161368,9.8351512,-0.1815432,2.6258332,0.1561297,14.2367710,0.5488183,46.0327592,0.0000000,7.9293709,0.0637904,0.9976067,-0.0000385,0.0691416,0.0005553,0.2530688,-0.0055954,0.0986713,-1.3528497,0.0000000,9.7128874,27.1237858
1,1,1.8900,STAND_TO_SIT,-1.4986052,0.0295422,9.9615007,-1.9275802,4.1608056,-0.7996158,13.0603957,0.6485926,45.3790077,0.0000000,7.9414258,0.0643826,0.9975994,-0.0000389,0.0692465,0.0005605,-0.1109348,-0.0432239,0.3410887,-1.3548933,0.0000000,9.7126026,27.0325458
1,1,1.9000,STAND_TO_SIT,-1.3420751,0.1043597,10.0243524,-0.2340280,1.8381225,0.4618617,13.6493287,0.1573283,46.4206102,0.0000000,7.9523904,0.0649748,0.9975928,-0.0000393,0.0693420,0.0005656,-0.0370685,0.1531249,0.3117334,-1.3567519,0.0000000,9.7123431,27.0703770
1,1,1.9100,STAND_TO_SIT,-1.3028156,-0.3006217,10.0097264,-1.4837095,2.6777796,-0.4187785,13.3767203,0.4796957,45.3910092,0.0000000,7.9622526,0.0655667,0.9975868,-0.0000397,0.0694279,0.0005708,0.1076273,-0.2542672,0.4111052,-1.3584237,-0.0000000,9.7121094,27.1111854
1,1,1.9200,STAND_TO_SIT,-1.6734332,0.1583480,9.8033808,-2.7047532,2.4237806,-0.9629044,14.0022660,0.9601108,46.3576198,0.0000000,7.9710002,0.0661585,0.9975815,-0.0000401,0.0695040,0.0005759,-0.2071313,0.1005164,0.1954962,-1.3599065,0.0000000,9.7119019,27.0975978
1,1,1.9300,STAND_TO_SIT,-1.2284400,0.1683193,9.9927310,-0.1530128,1.5108774,-1.1895709,13.5427163,-0.0540215,45.2371708,0.0000000,7.9786209,0.0667502,0.9975769,-0.0000405,0.0695703,0.0005811,0.2364989,0.1500482,0.3582148,-1.3611982,0.0000000,9.7117209,27.1471534
1,1,1.9400,STAND_TO_SIT,-1.4575040,-0.0462341,9.6269371,0.6796799,1.4046150,1.4153570,13.4301382,0.4098601,46.1539854,0.0000000,7.9851027,0.0673417,0.9975729,-0.0000409,0.0696268,0.0005862,-0.1079171,-0.0092867,-0.0078165,-1.3622969,0.0000000,9.7115669,27.2120309
1,1,1.9500,STAND_TO_SIT,-1.3593479,-0.0118156,9.7447351,1.0953470,1.1530247,-1.5449887,13.7349929,-0.1944890,46.2006065,0.0000000,7.9904332,0.0679331,0.9975697,-0.0000413,0.0696732,0.0005914,-0.0373547,-0.0295377,0.0091013,-1.3632004,0.0000000,9.7114401,27.0831839
1,1,1.9600,STAND_TO_SIT,-1.3374694,-0.0104196,9.8492441,-0.0556577,-0.8903017,-0.5312130,14.6498716,0.7475561,45.3347980,0.0000000,7.9946004,0.0685243,0.9975672,-0.0000417,0.0697095,0.0005965,0.0391258,-0.0134201,0.1654665,-1.3639067,0.0000000,9.7113409,27.0600102
1,1,1.9700,STAND_TO_SIT,-1.3717853,-0.0326640,9.5357546,-2.1206307,1.5517883,-0.3878520,13.4702671,0.2794757,46.0548637,0.0000000,7.9975921,0.0691153,0.9975653,-0.0000421,0.0697355,0.0006017,-0.0139575,-0.0551327,-0.0498155,-1.3644138,0.0000000,9.7112697,27.1570867
1,1,1.9800,STAND_TO_SIT,-1.4247727,-0.2793777,9.5734383,-2.0727569,0.8788320,-0.2123588,13.8091450,0.0278835,46.0520329,0.0000000,7.9993960,0.0697062,0.9975642,-0.0000424,0.0697512,0.0006068,0.0260718,-0.2692347,-0.0284729,-1.3647195,0.0000000,9.7112267,27.0936713
1,1,1.9900,STAND_TO_SIT,-1.3005331,-0.1112012,9.6362328,-3.2469971,-0.5049224,0.2131524,14.1617143,0.6259382,45.5885125,0.0000000,8.0000000,0.0702970,0.9975639,-0.0000428,0.0697565,0.0006120,0.0924166,0.0265186,0.0075636,-1.3648219,0.0000000,9.7112124,27.1592106
1,1,0.0000,FALL,-0.0783727,0.0417211,9.8574938,-0.1754628,0.1165546,-0.1343542,19.0188948,0.0547125,42.2188896,0.0000000,0.0000000,0.3845103,0.9999944,0.0000000,0.0000000,0.0033555,-0.0534837,0.0078532,0.0790645,0.0000000,0.0000000,9.8066500,27.0072743
1,1,0.0100,FALL,-0.0132937,0.0563573,9.9338125,0.2201521,0.2790685,-0.9358248,19.3887725,0.1226015,42.4999471,0.0000000,0.0000000,0.3843445,0.9999944,0.0000000,0.0000000,0.0033540,-0.0214999,0.0391446,0.1171472,0.0000000,0.0000000,9.8066500,26.9610512
1,1,0.0200,FALL,-0.0829191,-0.0075031,9.6686863,0.2226121,1.3003913,-1.2981161,19.8180736,-0.2793181,42.2494712,0.0000000,0.0000000,0.3841779,0.9999944,0.0000000,0.0000000,0.0033526,-0.0579079,-0.0973529,-0.0650444,0.0000000,0.0000000,9.8066500,26.9673752
1,1,0.0300,FALL,0.1300037,-0.1740769,10.0533475,0.5901294,1.9504268,-0.5246674,19.6514108,0.7912789,42.2361348,0.0000000,0.0000000,0.3840103,0.9999944,0.0000000,0.0000000,0.0033511,0.0542229,-0.1720455,0.2539821,0.0000000,0.0000000,9.8066500,27.0486584
1,1,0.0400,FALL,-0.1086455,-0.0002606,9.7999003,-0.1466277,0.5668733,-1.7089929,18.7066919,-0.2087497,42.3968097,0.0000000,0.0000000,0.3838420,0.9999944,0.0000000,0.0000000,0.0033496,-0.1668927,-0.0737225,0.0496554,0.0000000,0.0000000,9.8066500,27.0189515
1,1,0.0500,FALL,-0.0814457,0.0703341,9.8540441,0.1040651,1.4649591,-0.1942409,18.8734286,-0.6001876,42.9205926,0.0000000,0.0000000,0.3836727,0.9999944,0.0000000,0.0000000,0.0033482,-0.0980997,-0.0130096,-0.0023337,0.0000000,0.0000000,9.8066500,26.9579976
1,1,0.0600,FALL,-0.0047801,-0.0529147,9.9759510,-0.3978557,0.4126568,-2.0946757,18.7695041,0.0221744,42.1299888,0.0000000,0.0000000,0.3835026,0.9999944,0.0000000,0.0000000,0.0033467,-0.0130873,-0.0908682,0.1227474,0.0000000,0.0000000,9.8066500,27.0288900
1,1,0.0700,FALL,0.0127673,0.0109068,9.7206690,-0.4592603,0.3753922,-1.7894894,18.7592283,0.1771267,41.8171135,0.0000000,0.0000000,0.3833316,0.9999944,0.0000000,0.0000000,0.0033452,-0.0409182,-0.0621367,-0.0812768,0.0000000,0.0000000,9.8066500,26.9730940
1,1,0.0800,FALL,0.1848476,-0.0161872,9.8527418,-1.0055017,0.5735030,-0.9584679,19.6146696,0.2929627,42.5777055,0.0000000,0.0000000,0.3831598,0.9999944,0.0000000,0.0000000,0.0033437,0.1065349,-0.0559312,0.0041262,0.0000000,0.0000000,9.8066500,27.0534160
1,1,0.0900,FALL,-0.0700769,-0.0134162,9.7453537,0.8365646,-0.1646740,-0.9611014,19.0241615,-0.0059310,42.3714142,0.0000000,0.0000000,0.3829871,0.9999944,0.0000000,0.0000000,0.0033422,-0.1274188,-0.0414249,-0.1681977,0.0000000,0.0000000,9.8066500,26.9674205
1,1,0.1000,FALL,0.0400890,-0.0204912,9.8410825,0.6061941,0.0714784,-1.2724874,18.7841028,-0.9874550,42.9347237,0.0000000,0.0000000,0.3828136,0.9999944,0.0000000,0.0000000,0.0033407,0.0447488,0.0374292,0.0285255,0.0000000,0.0000000,9.8066500,27.0151109
1,1,0.1100,FALL,-0.0385496,0.0758716,9.8025106,-0.2426363,0.0844281,-1.4577904,19.6644225,0.5190743,41.9708381,0.0000000,0.0000000,0.3826391,0.9999944,0.0000000,0.0000000,0.0033392,-0.0321548,0.0301813,-0.0859892,0.0000000,0.0000000,9.8066500,27.0012332
1,1,0.1200,FALL,-0.0803382,0.1398706,9.6382108,0.6969064,0.7760549,0.1622776,18.4738904,0.3312045,42.5392307,0.0000000,0.0000000,0.3824639,0.9999944,0.0000000,0.0000000,0.0033376,-0.1037705,0.0507802,-0.1591321,0.0000000,0.0000000,9.8066500,27.0021463
1,1,0.1300,FALL,0.0529203,0.1657834,9.9443542,0.5752570,0.4280114,-1.2420047,19.8519073,0.1236754,42.1254297,0.0000000,0.0000000,0.3822877,0.9999944,0.0000000,0.0000000,0.0033361,0.0652506,0.1552294,0.0899488,0.0000000,0.0000000,9.8066500,26.9890324
1,1,0.1400,FALL,0.0572078,-0.0069736,9.8505581,0.1544883,0.8703190,-0.7005625,19.1206164,0.1883526,42.8257315,0.0000000,0.0000000,0.3821107,0.9999944,0.0000000,0.0000000,0.0033345,0.0103333,-0.0393710,-0.0092409,0.0000000,0.0000000,9.8066500,26.9748161
1,1,0.1500,FALL,-0.0244803,0.0158449,9.7440520,0.2987740,0.0716852,-1.2219429,19.1934663,0.4326971,42.1232661,0.0000000,0.0000000,0.3819329,0.9999944,0.0000000,0.0000000,0.0033330,-0.0718778,0.0125910,-0.0406471,0.0000000,0.0000000,9.8066500,26.9689797
1,1,0.1600,FALL,0.0856737,0.1074426,9.7694632,1.1096869,0.4161034,-1.2338513,19.5582253,0.6982447,42.7960394,0.0000000,0.0000000,0.3817542,0.9999945,0.0000000,0.0000000,0.0033314,0.0144365,0.0768412,-0.0399980,0.0000000,0.0000000,9.8066500,27.0110692
1,1,0.1700,FALL,0.1978519,-0.0763062,9.8428836,1.4580648,0.4956495,-0.9862245,19.0474047,0.4040934,43.0334939,0.0000000,0.0000000,0.3815746,0.9999945,0.0000000,0.0000000,0.0033299,0.1269193,-0.1497663,0.0833088,0.0000000,0.0000000,9.8066500,27.0115617
1,1,0.1800,FALL,-0.0155306,-0.0687096,9.8255843,-0.9803131,1.3981956,-0.4152237,18.5983459,0.2137258,42.3660137,0.0000000,0.0000000,0.3813941,0.9999945,0.0000000,0.0000000,0.0033283,-0.0935597,-0.1009081,-0.0735436,0.0000000,0.0000000,9.8066500,26.9813339
1,1,0.1900,FALL,0.0939714,-0.0505857,9.9026876,0.5890654,0.7937199,-0.3378423,19.4848894,0.6553498,43.1970126,0.0000000,0.0000000,0.3812129,0.9999945,0.0000000,0.0000000,0.0033267,0.0236139,-0.0752353,0.1028292,0.0000000,0.0000000,9.8066500,27.0370222
1,1,0.2000,FALL,-0.0445541,-0.0223014,9.7394180,0.4087046,1.5671740,-1.1342025,18.7079871,0.1484968,43.2769174,0.0000000,0.0000000,0.3810307,0.9999945,0.0000000,0.0000000,0.0033251,-0.0725770,-0.0347389,-0.1349578,0.0000000,0.0000000,9.8066500,27.0148614
1,1,0.2100,FALL,0.0936077,0.0360586,9.9983911,0.6244593,-0.2086722,0.4401543,19.2638280,0.4143906,42.7467851,0.0000000,0.0000000,0.3808477,0.9999945,0.0000000,0.0000000,0.0033235,0.0980780,0.0074335,0.1922269,0.0000000,0.0000000,9.8066500,27.0222206
1,1,0.2200,FALL,0.1625250,0.2409975,9.8638632,0.5832647,0.8708831,-0.4964506,19.4693412,0.2235854,42.7928820,0.0000000,0.0000000,0.3806638,0.9999945,0.0000000,0.0000000,0.0033219,0.1771444,0.2502397,0.0359502,0.0000000,0.0000000,9.8066500,27.0237644
1,1,0.2300,FALL,0.1836232,0.0243940,9.8303241,0.0099857,1.4061127,-0.3675195,19.2692854,0.7538664,42.5607681,0.0000000,0.0000000,0.3804791,0.9999945,0.0000000,0.0000000,0.0033203,0.0468519,0.0011766,-0.0104380,0.0000000,0.0000000,9.8066500,27.0159467
1,1,0.2400,FALL,-0.0910679,0.0653571,9.8816168,0.3904650,0.6028047,-1.1783733,19.2561792,0.0598303,42.6010049,0.0000000,0.0000000,0.3802935,0.9999945,0.0000000,0.0000000,0.0033187,-0.0909313,-0.0383029,0.0399277,0.0000000,0.0000000,9.8066500,27.0172633
1,1,0.2500,FALL,-0.0469919,-0.1155489,9.7236951,-0.7797871,-1.2097071,0.2384120,19.3341169,0.7011377,42.3639860,0.0000000,0.0000000,0.3801071,0.9999945,0.0000000,0.0000000,0.0033171,-0.0881296,-0.1266159,-0.0853467,0.0000000,0.0000000,9.8066500,27.0330844
1,1,0.2600,FALL,0.1391617,-0.0448517,9.7455064,-0.4041141,0.2618053,-0.5567596,18.8728328,0.2673453,42.3204395,0.0000000,0.0000000,0.3799198,0.9999945,0.0000000,0.0000000,0.0033154,0.1020764,-0.0303941,-0.0364435,0.0000000,0.0000000,9.8066500,27.0909087
1,1,0.2700,FALL,0.0059133,-0.0046610,9.9011489,0.6882029,0.5907267,0.2300343,19.2827801,-0.1915249,42.8204276,0.0000000,0.0000000,0.3797317,0.9999945,0.0000000,0.0000000,0.0033138,-0.0484752,-0.0799447,0.0265749,0.0000000,0.0000000,9.8066500,27.0308195
1,1,0.2800,FALL,0.0506598,0.0974321,9.8401982,1.3621589,1.0580869,-0.3605062,18.9798392,0.3412817,42.8553397,0.0000000,0.0000000,0.3795427,0.9999945,0.0000000,0.0000000,0.0033121,-0.0023105,0.0267134,0.0446680,0.0000000,0.0000000,9.8066500,27.0262521
1,1,0.2900,FALL,0.0303687,0.1969654,9.6379799,-0.4300388,1.2706853,-0.6713363,18.6456665,0.7956471,42.3026822,0.0000000,0.0000000,0.3793528,0.9999945,0.0000000,0.0000000,0.0033105,-0.0157271,0.1194372,-0.1520460,0.0000000,0.0000000,9.8066500,27.0247861
1,1,0.3000,FALL,-0.0189084,0.0946127,9.9093899,0.1038178,1.4478562,-0.8045823,18.3434568,0.2591717,42.8041237,0.0000000,0.0000000,0.3791621,0.9999945,0.0000000,0.0000000,0.0033088,-0.0470699,0.0640062,0.0613159,0.0000000,0.0000000,9.8066500,27.0459498
1,1,0.3100,FALL,0.0434259,-0.0307679,9.7276105,-0.4934363,0.3718618,-0.5917458,19.7140405,0.5009547,42.2812090,0.0000000,0.0000000,0.3789706,0.9999945,0.0000000,0.0000000,0.0033071,0.0721182,-0.0586784,-0.0428951,0.0000000,0.0000000,9.8066500,27.0344717
1,1,0.3200,FALL,-0.0943740,-0.0083589,9.8025890,-0.4108075,-0.3345953,-1.3187188,20.0050802,0.2512851,43.0490082,0.0000000,0.0000000,0.3787782,0.9999945,0.0000000,0.0000000,0.0033055,-0.0756777,-0.0006538,-0.0369550,0.0000000,0.0000000,9.8066500,27.0411369
1,1,0.3300,FALL,-0.0660886,0.0936528,9.9332027,-0.4551430,0.2891544,-0.2234797,18.9297999,0.5260073,42.3047831,0.0000000,0.0000000,0.3785849,0.9999945,0.0000000,0.0000000,0.0033038,-0.1177976,-0.0405569,0.0576936,0.0000000,0.0000000,9.8066500,26.9918461
1,1,0.3400,FALL,0.0770031,0.1620604,9.7610441,-1.6389761,0.3536632,-0.2661030,19.1533194,0.1614419,41.9502814,0.0000000,0.0000000,0.3783908,0.9999945,0.0000000,0.0000000,0.0033021,-0.0021259,0.1562728,-0.0814124,0.0000000,0.0000000,9.8066500,27.0359715
1,1,0.3500,FALL,-0.0912154,-0.0677308,9.9621850,0.9165404,0.7973569,-0.5537208,19.0860874,-0.0880045,42.5949745,0.0000000,0.0000000,0.3781958,0.9999946,0.0000000,0.0000000,0.0033004,-0.0752031,-0.1123524,0.1164127,0.0000000,0.0000000,9.8066500,27.0534889
1,1,0.3600,FALL,-0.0346310,0.0770089,9.6560282,0.8680819,1.8176288,-1.6946999,18.6866267,0.1002431,42.4010488,0.0000000,0.0000000,0.3780000,0.9999946,0.0000000,0.0000000,0.0032987,-0.1874370,0.0630681,-0.0505135,0.0000000,0.0000000,9.8066500,27.0391349
1,1,0.3700,FALL,0.1753137,-0.0756246,9.7340019,0.2262946,0.9575259,-0.5211069,19.2593043,0.1848032,42.1528734,0.0000000,0.0000000,0.3778033,0.9999946,0.0000000,0.0000000,0.0032969,0.1530087,-0.1000834,-0.1011616,0.0000000,0.0000000,9.8066500,26.9905649
1,1,0.3800,FALL,0.0798272,0.0672672,9.7101980,0.9748964,0.0080495,-0.2597261,19.6954005,-0.4154502,42.5343536,0.0000000,0.0000000,0.3776058,0.9999946,0.0000000,0.0000000,0.0032952,0.0680060,0.0308539,-0.1277473,0.0000000,0.0000000,9.8066500,27.0182828
1,1,0.3900,FALL,0.0516734,0.0900790,9.5885045,1.6346883,-0.3720229,-0.9597752,19.2486903,0.6125484,42.5894191,0.0000000,0.0000000,0.3774074,0.9999946,0.0000000,0.0000000,0.0032935,0.0581140,0.0424764,-0.1475478,0.0000000,0.0000000,9.8066500,27.0270915
1,1,0.4000,FALL,-0.0172898,0.0389760,9.9490847,-1.2004582,0.4636188,-1.6242388,18.7591440,0.3127043,42.4866348,0.0000000,0.0000000,0.3772082,0.9999946,0.0000000,0.0000000,0.0032918,-0.0073958,0.0054414,0.1692256,0.0000000,0.0000000,9.8066500,27.0433557
1,1,0.4100,FALL,0.0440006,-0.0283755,9.8278342,0.5119823,-0.1018274,-1.5875450,18.8538977,-0.1626018,43.1197820,0.0000000,0.0000000,0.3770082,0.9999946,0.0000000,0.0000000,0.0032900,-0.0063521,-0.0366824,-0.0419956,0.0000000,0.0000000,9.8066500,27.0639217
1,1,0.4200,FALL,-0.1232098,0.0788086,9.7846619,-0.0256919,1.0896398,-1.3504565,19.2538807,0.4201202,42.8773261,0.0000000,0.0000000,0.3768072,0.9999946,0.0000000,0.0000000,0.0032883,-0.1464007,0.0393647,-0.0585764,0.0000000,0.0000000,9.8066500,26.9953081
1,1,0.4300,FALL,-0.1595197,0.0501292,9.8427675,1.0392452,0.7633069,-0.5323965,18.8309822,0.5583355,43.0277499,0.0000000,0.0000000,0.3766055,0.9999946,0.0000000,0.0000000,0.0032865,-0.1932490,0.0351227,0.0020040,0.0000000,0.0000000,9.8066500,27.0234547
1,1,0.4400,FALL,0.0030390,0.2061801,9.8608383,-0.1839228,0.5776995,-1.2003407,19.0700307,0.8901435,42.6045394,0.0000000,0.0000000,0.3764029,0.9999946,0.0000000,0.0000000,0.0032847,-0.0275980,0.1350468,-0.0200573,0.0000000,0.0000000,9.8066500,27.0319366
1,1,0.4500,FALL,0.0136018,0.0691275,9.9005417,1.2034524,1.1251393,-0.6999930,19.4851999,0.4163945,42.3715241,0.0000000,0.0000000,0.3761994,0.9999946,0.0000000,0.0000000,0.0032830,-0.0331243,0.0511937,0.0057101,0.0000000,0.0000000,9.8066500,27.0096962
1,1,0.4600,FALL,-0.0299529,-0.0326640,9.9386183,0.0816964,0.4617543,-1.0663243,19.0098183,0.5592344,42.9600854,0.0000000,0.0000000,0.3759951,0.9999946,0.0000000,0.0000000,0.0032812,-0.0542418,-0.1344726,0.0358213,0.0000000,0.0000000,9.8066500,27.0445344
1,1,0.4700,FALL,0.2033801,-0.0294559,9.8942840,0.0137735,1.7591408,-1.2934767,18.4063253,0.2499756,42.3133646,0.0000000,0.0000000,0.3757900,0.9999946,0.0000000,0.0000000,0.0032794,0.0453419,-0.0067793,-0.0240420,0.0000000,0.0000000,9.8066500,27.0221766
1,1,0.4800,FALL,0.0478731,-0.0050491,9.8159031,0.7692492,0.1675032,-0.4300040,19.3765240,0.0979605,42.8348786,0.0000000,0.0000000,0.3755840,0.9999946,0.0000000,0.0000000,0.0032776,0.0241393,-0.0352615,-0.0199166,0.0000000,0.0000000,9.8066500,27.0286250
1,1,0.4900,FALL,0.0002784,0.0169296,9.8580894,0.4827328,1.3796367,-1.5736921,18.6600285,-0.4856304,43.1758987,0.0000000,0.0000000,0.3753771,0.9999946,0.0000000,0.0000000,0.0032758,-0.0157364,-0.0354859,0.0268190,0.0000000,0.0000000,9.8066500,27.0523278
1,1,0.5000,FALL,-0.0549224,-0.0638381,9.6900987,0.1441412,0.3654337,-0.8281718,18.6788587,1.1469236,43.1143126,0.0000000,0.0000000,0.3751695,0.9999946,0.0000000,0.0000000,0.0032740,-0.0702391,-0.0734692,-0.0424056,0.0000000,0.0000000,9.8066500,27.0239285
1,1,0.5100,FALL,0.0747019,-0.0115010,9.7512214,-0.8115593,0.8858273,0.3414851,19.1550548,0.0947978,42.5616916,0.0000000,0.0000000,0.3749609,0.9999946,0.0000000,0.0000000,0.0032721,0.0792302,-0.0275929,-0.0334548,0.0000000,0.0000000,9.8066500,27.1349130
1,1,0.5200,FALL,0.0753255,-0.0463431,9.8410614,-0.2125276,0.0450253,-1.3160234,18.9904142,1.0237592,43.6707306,0.0000000,0.0000000,0.3747516,0.9999947,0.0000000,0.0000000,0.0032703,-0.0016617,-0.0663001,-0.0142351,0.0000000,0.0000000,9.8066500,27.0419910
1,1,0.5300,FALL,0.0384536,-0.0620102,9.8360778,1.3180209,0.9046296,-1.2367161,18.9287127,0.0103401,43.2275578,0.0000000,0.0000000,0.3745413,0.9999947,0.0000000,0.0000000,0.0032685,-0.0563178,-0.1263176,-0.0359480,0.0000000,0.0000000,9.8066500,27.0698080
1,1,0.5400,FALL,-0.0917026,0.1440969,9.8106914,-0.4583217,1.6092888,-0.2853044,19.3307668,0.4646340,43.0866717,0.0000000,0.0000000,0.3743303,0.9999947,0.0000000,0.0000000,0.0032666,-0.0660497,0.0335509,0.0021666,0.0000000,0.0000000,9.8066500,27.0349525
1,1,0.5500,FALL,0.0816824,0.0041900,9.7091309,-0.3850136,0.4589754,-1.2870591,18.2810379,0.2149867,43.0440334,0.0000000,0.0000000,0.3741184,0.9999947,0.0000000,0.0000000,0.0032648,0.0579022,-0.0216733,-0.0544045,0.0000000,0.0000000,9.8066500,27.0334709
1,1,0.5600,FALL,-0.0395059,0.1149535,9.8056637,0.7225310,-0.4760654,0.0820298,18.7522239,0.6391805,43.1144323,0.0000000,0.0000000,0.3739056,0.9999947,0.0000000,0.0000000,0.0032629,-0.0662247,0.0495498,-0.0762919,0.0000000,0.0000000,9.8066500,27.0366253
1,1,0.5700,FALL,0.0422916,0.0043102,9.9041765,0.8243656,-1.2274018,-0.9813240,19.0051769,0.1574211,42.5638487,0.0000000,0.0000000,0.3736921,0.9999947,0.0000000,0.0000000,0.0032611,0.0435416,-0.0620929,-0.0101839,0.0000000,0.0000000,9.8066500,27.0255681
1,1,0.5800,FALL,-0.0280741,-0.0001039,9.8781835,1.6886048,-0.1313947,-0.3663164,19.5703533,0.7125670,42.1295501,0.0000000,0.0000000,0.3734776,0.9999947,0.0000000,0.0000000,0.0032592,-0.0764353,-0.0282783,0.0127622,0.0000000,0.0000000,9.8066500,27.0413142
1,1,0.5900,FALL,0.1872578,0.1873715,9.7925870,0.4187062,1.2595194,-0.6574942,18.6426335,-0.2265923,42.0432610,0.0000000,0.0000000,0.3732624,0.9999947,0.0000000,0.0000000,0.0032573,0.0955803,0.1598407,-0.0426654,0.0000000,0.0000000,9.8066500,26.9980311
1,1,0.6000,FALL,0.0737449,-0.0269316,9.8008045,1.0330822,-0.0003180,-0.7624224,19.4537063,-0.0424327,42.6583999,0.0000000,0.0000000,0.3730463,0.9999947,0.0000000,0.0000000,0.0032554,0.0356763,-0.0603159,0.0513996,0.0000000,0.0000000,9.8066500,27.0299027
1,1,0.6100,FALL,-0.0273980,0.1627179,9.9995409,0.4592282,-0.0295197,-3.1148321,19.1198478,0.4613560,42.7815990,0.0000000,0.0000000,0.3728293,0.9999947,0.0000000,0.0000000,0.0032535,-0.0062625,0.0676537,0.1516843,0.0000000,0.0000000,9.8066500,27.0628373
1,1,0.6200,FALL,0.0916018,-0.0443152,9.8597051,0.4971151,1.7422045,-1.7142562,19.4479296,0.6761024,42.5568922,0.0000000,0.0000000,0.3726116,0.9999947,0.0000000,0.0000000,0.0032516,0.0393048,-0.0318408,0.0475496,0.0000000,0.0000000,9.8066500,27.0537168
1,1,0.6300,FALL,-0.0344835,0.0302125,9.7363621,-0.5680484,0.0840580,-2.2044968,19.6372514,-0.2149379,42.8173257,0.0000000,0.0000000,0.3723929,0.9999947,0.0000000,0.0000000,0.0032497,-0.0959689,0.0803017,-0.1096372,0.0000000,0.0000000,9.8066500,27.0636397
1,1,0.6400,FALL,-0.0502741,-0.0920940,9.7729694,0.8040843,0.3642972,-0.3305912,19.8434923,0.0235453,42.3675500,0.0000000,0.0000000,0.3721735,0.9999947,0.0000000,0.0000000,0.0032478,-0.0687819,-0.1744368,-0.0589448,0.0000000,0.0000000,9.8066500,27.0362996
1,1,0.6500,FALL,-0.0138589,0.0512213,9.9709522,0.7899303,1.2571936,-0.0107279,19.2440994,-0.0959294,42.1858506,0.0000000,0.0000000,0.3719532,0.9999947,0.0000000,0.0000000,0.0032459,-0.0349981,0.0474921,0.1218779,0.0000000,0.0000000,9.8066500,26.9955653
1,1,0.6600,FALL,-0.0637333,-0.0105040,9.6133347,0.7661296,1.0443418,0.1106705,19.2334226,0.5907318,42.9666280,0.0000000,0.0000000,0.3717321,0.9999947,0.0000000,0.0000000,0.0032440,-0.0620313,-0.0429370,-0.2093916,0.0000000,0.0000000,9.8066500,27.0261904
1,1,0.6700,FALL,0.0603877,0.0574806,9.8672719,1.1190351,1.2291842,-0.5720288,19.4862975,0.1820010,42.1597422,0.0000000,0.0000000,0.3715101,0.9999947,0.0000000,0.0000000,0.0032420,0.0085285,0.0001287,0.0525950,0.0000000,0.0000000,9.8066500,27.0480141
1,1,0.6800,FALL,0.1295302,-0.0190001,9.7522588,-0.9168262,-0.3354369,-1.7044564,19.3462838,-0.3592189,42.6167321,0.0000000,0.0000000,0.3712873,0.9999948,0.0000000,0.0000000,0.0032401,0.0577841,-0.0122295,-0.1079577,0.0000000,0.0000000,9.8066500,26.9799853
1,1,0.6900,FALL,-0.0688469,-0.0017659,9.6708959,0.3554679,0.6865020,-1.1279335,18.6724221,-0.5121141,42.6581981,0.0000000,0.0000000,0.3710636,0.9999948,0.0000000,0.0000000,0.0032381,-0.0514965,-0.0211348,-0.2124222,0.0000000,0.0000000,9.8066500,26.9821490
1,1,0.7000,FALL,0.1754918,0.1608351,9.5014553,1.0530519,0.6677630,0.2740373,19.1673462,0.7393378,43.1978230,0.0000000,0.0000000,0.3708392,0.9999948,0.0000000,0.0000000,0.0032362,0.1529268,0.1245961,-0.3408392,0.0000000,0.0000000,9.8066500,27.0905561
1,1,0.7100,FALL,0.2588277,0.0415953,9.2953944,-0.0815172,1.1175552,-0.7779009,18.6763599,-0.4642537,42.4285168,0.0000000,0.0000000,0.3706139,0.9999948,0.0000000,0.0000000,0.0032342,0.1827594,0.0629852,-0.4904488,0.0000000,0.0000000,9.8066500,27.0316007
1,1,0.7200,FALL,0.5013202,-0.0041446,9.1227398,-0.3369779,1.7045283,-1.2883354,19.2130477,0.5433507,43.2427055,0.0000000,0.0000000,0.3703877,0.9999948,0.0000000,0.0000000,0.0032322,0.4799716,-0.0429437,-0.7131322,0.0000000,0.0000000,9.8066500,27.0317769
1,1,0.7300,FALL,0.8229048,0.0275829,8.9052044,1.8631999,-0.1547692,-1.6514798,18.8662630,0.1077624,42.7861768,0.0000000,0.0000000,0.3701607,0.9999948,0.0000000,0.0000000,0.0032303,0.7454754,-0.0403120,-0.8957606,0.0000000,0.0000000,9.8066500,27.0549728
1,1,0.7400,FALL,0.9678732,-0.0067395,8.2745938,0.6837038,1.7636510,-1.2590669,18.8669633,0.7663693,42.5798422,0.0000000,0.0000000,0.3699329,0.9999948,0.0000000,0.0000000,0.0032283,0.9247049,0.0137131,-1.6060991,0.0000000,0.0000000,9.8066500,27.0796177
1,1,0.7500,FALL,1.6352225,0.0521544,7.4976303,0.8676947,0.7298292,-1.7706417,18.9812969,-0.0204657,42.3865053,0.0000000,0.0000000,0.3697043,0.9999948,0.0000000,0.0000000,0.0032263,1.6020363,0.1182269,-2.3166157,0.0000000,0.0000000,9.8066500,27.0478358
1,1,0.7600,FALL,2.5327199,-0.0782614,6.6090207,1.1018417,1.6932349,-0.5839813,19.9807840,0.1966829,42.9221333,0.0000000,0.0000000,0.3694748,0.9999948,0.0000000,0.0000000,0.0032243,2.4294742,-0.0905277,-3.2074994,0.0000000,0.0000000,9.8066500,27.0644640
1,1,0.7700,FALL,2.8507808,0.0298070,5.5659602,0.5377970,1.1972463,-1.4158465,19.0452417,-0.0924267,42.6452068,0.0000000,0.0000000,0.3692445,0.9999948,0.0000000,0.0000000,0.0032223,2.8615424,-0.0444862,-4.2994851,0.0000000,0.0000000,9.8066500,27.0473742
1,1,0.7800,FALL,3.8346070,0.0093548,4.1027665,-0.3957916,-0.1996233,-1.0044397,18.9497784,0.5972279,42.6194358,0.0000000,0.0000000,0.3690134,0.9999948,0.0000000,0.0000000,0.0032202,3.7702453,-0.1144735,-5.7525747,0.0000000,0.0000000,9.8066500,27.0682287
1,1,0.7900,FALL,4.6167770,-0.1634898,2.8302518,-0.4121464,2.4297654,-0.2388481,19.1519692,0.3641427,42.5830512,0.0000000,0.0000000,0.3687814,0.9999948,0.0000000,0.0000000,0.0032182,4.6073096,-0.1598343,-6.9507113,0.0000000,0.0000000,9.8066500,27.0257494
1,1,0.8000,FALL,5.6050469,0.0644639,1.2764347,-0.5103335,2.4329800,-0.4217430,19.0751853,0.2645989,42.1262215,0.0000000,0.0000000,0.3685486,0.9999948,0.0000000,0.0000000,0.0032162,5.4601205,0.0682749,-8.5112913,0.0000000,0.0000000,9.8066500,27.0179663
1,1,0.8100,FALL,6.5263213,0.1015448,0.0909422,-0.1826268,1.1835079,-1.2770719,19.0386237,-0.0127317,42.6783497,0.0000000,0.0000000,0.3683150,0.9999948,0.0000000,0.0000000,0.0032141,6.4396588,0.1127370,-9.7338316,0.0000000,0.0000000,9.8066500,27.0533439
1,1,0.8200,FALL,7.3803944,0.0883430,-0.9137620,-0.4286392,1.0008403,-1.3606582,18.6431347,0.4345992,42.1762590,0.0000000,0.0000000,0.3680805,0.9999948,0.0000000,0.0000000,0.0032121,7.3511166,0.0768442,-10.7408005,0.0000000,0.0000000,9.8066500,27.0096081
1,1,0.8300,FALL,7.5631383,-0.0714341,-1.5622890,-0.6498189,1.0565376,-1.3936794,18.8107992,-0.0516125,42.1615410,0.0000000,0.0000000,0.3678453,0.9999948,0.0000000,0.0000000,0.0032100,7.5470178,-0.1472567,-11.4030313,0.0000000,0.0000000,9.8066500,27.0851342
1,1,0.8400,FALL,7.8023059,0.0153558,-1.8793925,216.1381952,1.0217570,-1.7773209,18.7255824,0.0248612,43.0095940,0.0000000,0.0000000,0.3676091,0.9999949,0.0000000,0.0000000,0.0032080,7.8035749,-0.0073753,-11.7482580,0.0000000,0.0000000,9.8066500,27.0827471
1,1,0.8500,FALL,7.6323788,0.5559294,-1.6513727,209.9723932,0.1580219,-1.2746579,19.3956002,2.7442913,42.6537993,3.3322815,0.0000000,0.3673722,0.9995721,0.0290754,0.0000932,0.0032046,7.5810891,0.0048303,-11.5183486,0.0000000,0.5700263,9.7900692,27.0867706
1,1,0.8600,FALL,7.0419877,1.0721685,-0.9021127,198.1867500,0.2087070,-1.2053505,18.7567956,5.0967252,42.6903263,6.4626704,0.0000000,0.3671344,0.9984050,0.0563673,0.0001806,0.0031988,6.9891381,-0.0571471,-10.7296640,0.0000000,1.1037959,9.7443327,27.0670465
1,1,0.8700,FALL,6.5293226,1.6399739,0.0102123,180.5883950,1.8883517,-2.6175469,19.1615792,6.8724715,41.3922962,9.4033985,0.0000000,0.3668959,0.9966298,0.0819676,0.0002624,0.0031910,6.5057249,0.0765633,-9.7060282,-0.0000000,1.6022544,9.6748729,27.0188497
1,1,0.8800,FALL,5.7436350,2.0717232,1.0172069,161.2294117,1.0465633,-0.9090899,19.1021522,8.8828746,41.7829830,12.1659569,0.0000000,0.3666564,0.9943644,0.1059681,0.0003391,0.0031817,5.7436004,-0.0146014,-8.6534790,0.0000000,2.0666928,9.5864052,27.0668513
1,1,0.8900,FALL,4.7325748,2.4870856,2.4314718,138.4541603,1.2944856,-0.0673330,18.6859880,10.6560011,41.2904798,14.7611404,0.0000000,0.3664162,0.9917097,0.1284586,0.0004108,0.0031711,4.6948250,-0.0263433,-7.1222698,-0.0000000,2.4986361,9.4829954,27.0662796
1,1,0.9000,FALL,3.7396105,2.8401454,3.7159493,113.4630277,0.8997761,0.1626353,18.9881439,12.7960915,40.7271877,17.1990897,0.0000000,0.3661751,0.9887525,0.1495267,0.0004778,0.0031596,3.8227955,-0.0475220,-5.6590335,0.0000000,2.8997565,9.3681266,27.0267102
1,1,0.9100,FALL,3.0627493,3.3348445,4.7710872,93.7857203,1.7965637,-1.2098223,19.0621307,13.7739572,40.6411243,19.4893310,0.0000000,0.3659333,0.9855668,0.1692569,0.0005405,0.0031473,3.0491492,0.1188027,-4.4927684,0.0000000,3.2718056,9.2447646,27.0409877
1,1,0.9200,FALL,2.2984670,3.6955284,5.8203577,75.7198055,1.4718982,-1.2049682,19.2611639,15.5055204,39.7118721,21.6408137,0.0000000,0.3656905,0.9822154,0.1877302,0.0005991,0.0031345,2.2606198,0.0619756,-3.3067587,0.0000000,3.6165628,9.1154187,27.0611968
1,1,0.9300,FALL,1.5098418,3.9607338,6.5765185,59.7504799,0.2549525,-1.2711667,19.0362707,17.4485330,39.1421128,23.6619446,0.0000000,0.3654470,0.9787517,0.2050241,0.0006539,0.0031214,1.4882835,0.0325993,-2.4237842,0.0000000,3.9357961,8.9821987,27.0683505
1,1,0.9400,FALL,1.0641544,4.2063896,7.1929884,48.6121779,0.8452804,0.4273642,18.8723436,18.8408965,38.3704693,25.5606214,0.0000000,0.3652027,0.9752205,0.2212123,0.0007050,0.0031080,1.0771239,-0.0034413,-1.6560105,0.0000000,4.2312344,8.8468661,27.1377690
1,1,0.9500,FALL,0.8098851,4.3627187,7.6501245,39.5897594,0.6556118,-0.7804981,19.4899260,19.8373117,37.8390959,27.3442632,0.0000000,0.3649575,0.9716593,0.2363644,0.0007528,0.0030946,0.7207301,-0.1706026,-1.0989047,-0.0000000,4.5045465,8.7108808,27.0373891
1,1,0.9600,FALL,0.3694930,4.6602378,7.9743184,31.4242759,0.1328348,-0.3030538,19.3827752,20.4740194,37.4683723,29.0198396,0.0000000,0.3647115,0.9680994,0.2505463,0.0007974,0.0030812,0.3617842,-0.1791267,-0.6607119,0.0000000,4.7573279,8.5754426,27.0485883
1,1,0.9700,FALL,0.2265365,5.0467421,8.0563425,27.4298911,0.7268907,-1.0291624,18.6373127,20.7055240,37.0694957,30.5938979,0.0000000,0.3644647,0.9645666,0.2638204,0.0008391,0.0030679,0.1627539,-0.0146779,-0.4542186,-0.0000000,4.9910920,8.4415274,27.0438742
1,1,0.9800,FALL,0.0164340,5.2337683,7.9878697,23.3044108,1.1830063,-1.5715565,19.0121620,22.5056625,36.7335043,32.0725889,0.0000000,0.3642170,0.9610820,0.2762448,0.0008780,0.0030547,-0.0595615,0.0161682,-0.3058724,-0.0000000,5.2072649,8.3099204,27.0241445
1,1,0.9900,FALL,0.0727260,5.3999103,8.0257699,20.8818100,0.0461241,-0.3658544,19.8649148,23.8817572,35.8895738,33.4616905,0.0000000,0.3639686,0.9576628,0.2878747,0.0009144,0.0030418,-0.0093405,-0.0184846,-0.1713963,-0.0000000,5.4071839,8.1812436,27.0522636
1,1,1.0000,FALL,0.0512642,5.6991792,8.1235231,19.1598003,0.3005537,-2.0635758,19.0245659,24.3153706,35.5598016,34.7666307,0.0000000,0.3637193,0.9543226,0.2987614,0.0009483,0.0030291,-0.0326922,0.0760849,-0.0023544,0.0000000,5.5920973,8.0559811,27.0593012
1,1,1.0100,FALL,0.0025249,5.7456020,8.0032588,18.6833890,-0.2327115,-1.4477261,19.2062356,24.9126990,34.7858950,35.9925086,0.0000000,0.3634692,0.9510719,0.3089533,0.0009800,0.0030167,0.0055984,-0.0660112,0.1001342,-0.0000000,5.7631669,7.9345001,27.0285715
1,1,1.0200,FALL,0.2454309,5.9562244,7.8222527,17.9606925,0.2038704,-2.6795417,19.6521475,25.6216147,33.7112493,37.1441143,0.0000000,0.3632183,0.9479191,0.3184954,0.0010095,0.0030046,0.2479063,-0.0069917,-0.0491435,0.0000000,5.9214700,7.8170696,27.0482608
1,1,1.0300,FALL,0.0695314,6.1719134,7.7635561,15.6141321,1.8266148,-1.3237375,19.0148306,26.6072119,33.7212249,38.2259477,0.0000000,0.3629665,0.9448701,0.3274302,0.0010371,0.0029929,0.0627351,0.0536913,-0.0247494,-0.0000000,6.0680042,7.7038763,27.0867237
1,1,1.0400,FALL,-0.0660358,6.1136383,7.5693206,14.6135201,0.7675679,-0.1319511,18.6197335,27.0323379,33.3831917,39.2422362,0.0000000,0.3627140,0.9419290,0.3357971,0.0010629,0.0029815,-0.1170586,-0.1229718,-0.0418967,0.0000000,6.2036906,7.5950383,27.0707706
1,1,1.0500,FALL,-0.0141823,6.4159764,7.5392861,14.1392280,1.2469368,-1.7454059,18.9200924,27.5836464,32.5970909,40.1969508,0.0000000,0.3624606,0.9390987,0.3436330,0.0010869,0.0029704,-0.0386202,0.0517182,0.0832626,0.0000000,6.3293790,7.4906172,27.0810674
1,1,1.0600,FALL,0.0073949,6.5690058,7.4048190,13.2732008,0.9768265,0.3831895,18.6934846,27.7822618,31.9632643,41.0938222,0.0000000,0.3622065,0.9363805,0.3509724,0.0011094,0.0029598,-0.0897043,0.0578297,0.0211443,0.0000000,6.4458521,7.3906275,27.1019356
1,1,1.0700,FALL,-0.0850071,6.5008040,7.3124002,13.3523686,0.0289436,-0.1899374,19.2318236,28.2958490,32.1584499,41.9363549,0.0000000,0.3619515,0.9337747,0.3578476,0.0011303,0.0029495,-0.0559656,-0.0370415,0.0799438,0.0000000,6.5538303,7.2950458,27.0697220
1,1,1.0800,FALL,-0.0186166,6.8352395,7.1907080,13.4728462,0.1838062,-1.8038795,19.2992330,28.9870193,31.4828518,42.7278412,0.0000000,0.3616956,0.9312808,0.3642886,0.0011498,0.0029395,-0.0654826,0.1671208,-0.0632818,0.0000000,6.6539758,7.2038178,27.0897899
1,1,1.0900,FALL,-0.0292152,6.7281245,7.3026363,12.8505212,2.7022155,-0.1642366,19.3663235,29.1637281,31.0620515,43.4713737,0.0000000,0.3614390,0.9288975,0.3703236,0.0011681,0.0029299,-0.0543814,-0.1298994,0.0988920,0.0000000,6.7468975,7.1168644,27.0930884
1,1,1.1000,FALL,0.0144705,6.7615477,7.0543595,12.9831134,-0.8005137,-0.9278766,19.5013523,29.6591733,31.3521908,44.1698579,0.0000000,0.3611816,0.9266230,0.3759787,0.0011851,0.0029206,0.0423064,-0.0811786,-0.0498649,-0.0000000,6.8331546,7.0340872,27.0669563
1,1,1.1100,FALL,-0.0313133,6.9990012,7.0336267,10.9817782,-0.1135948,-0.0858547,19.3655435,29.8756540,31.2487429,44.8260230,0.0000000,0.3609233,0.9244549,0.3812784,0.0012009,0.0029117,-0.0441005,0.0706770,0.0732972,0.0000000,6.9132608,6.9553727,27.0485123
1,1,1.1200,FALL,0.0145744,7.0708231,6.9962277,11.6595411,0.5436593,-0.2566446,19.5000441,30.2957988,30.0475659,45.4424331,0.0000000,0.3606643,0.9223906,0.3862457,0.0012157,0.0029031,0.0035064,0.0598897,0.0150100,0.0000000,6.9876879,6.8805961,27.0455497
1,1,1.1300,FALL,-0.0010932,7.0919078,6.7867919,10.3334735,1.3604810,-1.6900795,19.0431860,30.4861217,30.4930226,46.0214968,0.0000000,0.3604044,0.9204270,0.3909019,0.0012294,0.0028949,0.0041921,0.0240990,-0.0837967,0.0000000,7.0568691,6.8096243,27.0442889
1,1,1.1400,FALL,0.0504502,7.1197303,6.7904060,9.9740557,1.0264600,-1.8476370,18.8706029,30.9298974,29.9747605,46.5654768,0.0000000,0.3601437,0.9185610,0.3952668,0.0012423,0.0028869,0.0028871,-0.0253516,-0.0215400,0.0000000,7.1212023,6.7423188,27.0923946
1,1,1.1500,FALL,0.0458152,7.1208791,6.6400671,9.5030689,-0.3021241,-0.3167004,19.1335237,31.0143992,29.4466245,47.0764987,0.0000000,0.3598822,0.9167892,0.3993592,0.0012542,0.0028792,-0.0379567,-0.0953504,-0.0972347,0.0000000,7.1810531,6.6785374,27.0712567
1,1,1.1600,FALL,0.0881391,7.1404540,6.7557346,9.5082412,1.3435750,-2.2266466,19.5000037,31.4481758,29.5082339,47.5565594,0.0000000,0.3596199,0.9151081,0.4031964,0.0012653,0.0028719,0.0667670,-0.0789522,0.0989403,0.0000000,7.2367574,6.6181362,27.0687059
1,1,1.1700,FALL,0.0869442,7.3896496,6.4298049,8.5621322,-0.0111892,-0.5917554,19.5125404,31.5525898,28.6619500,48.0075347,0.0000000,0.3593568,0.9135142,0.4067947,0.0012757,0.0028648,0.0086678,0.0211685,-0.0189610,0.0000000,7.2886241,6.5609712,27.0559351
1,1,1.1800,FALL,0.0509391,7.4009145,6.5841137,8.0036772,1.8961701,-0.8813534,18.9987707,31.6381993,28.6776183,48.4311867,0.0000000,0.3590929,0.9120040,0.4101692,0.0012853,0.0028579,0.0332360,0.0142312,0.1379316,0.0000000,7.3369370,6.5068994,27.0992966
1,1,1.1900,FALL,0.1823711,7.4219207,6.4444366,9.4996120,1.1018144,0.0269715,18.1627698,31.6831828,27.9357612,48.8291710,0.0000000,0.3588282,0.9105740,0.4133342,0.0012943,0.0028514,0.0146546,0.0749383,-0.0583596,0.0000000,7.3819575,6.4557795,27.0783108
1,1,1.2000,FALL,-0.0454714,7.4415604,6.3757249,7.5560820,1.4289415,-1.0936009,19.2817413,32.2652925,27.4436898,49.2030426,0.0000000,0.3585626,0.9092206,0.4163029,0.0013026,0.0028450,-0.0496164,0.0291955,0.0085283,0.0000000,7.4239258,6.4074729,27.0998676
1,1,1.2100,FALL,0.1548143,7.5766423,6.3724215,8.4567331,0.8451259,-1.4175497,18.8873892,32.1072277,28.0482223,49.5542625,0.0000000,0.3582963,0.9079404,0.4190877,0.0013104,0.0028389,0.1354190,0.0861302,0.0191705,0.0000000,7.4630636,6.3618446,27.0437910
1,1,1.2200,FALL,-0.0178112,7.3747838,6.2530806,7.7199618,1.4134829,-0.5424802,19.2324899,32.3279546,28.2202536,49.8842031,0.0000000,0.3580291,0.9067300,0.4217001,0.0013176,0.0028330,-0.0714666,-0.1095364,-0.0495296,0.0000000,7.4995746,6.3187629,27.0513675
1,1,1.2300,FALL,0.1350514,7.5114008,6.3643053,8.0702668,0.1313880,-3.0998282,19.0519874,33.1999396,27.6039737,50.1941536,0.0000000,0.3577612,0.9055860,0.4241512,0.0013242,0.0028273,0.0908349,0.0092271,0.0324303,0.0000000,7.5336470,6.2781005,27.0681762
1,1,1.2400,FALL,0.0596864,7.5306972,6.1458172,6.8695179,0.8376295,-0.8581862,19.4305636,32.4600852,27.4633152,50.4853251,0.0000000,0.3574924,0.9045054,0.4264508,0.0013304,0.0028218,0.0634314,-0.0979356,-0.1048011,-0.0000000,7.5654543,6.2397344,27.0875868
1,1,1.2500,FALL,0.0018959,7.5713044,6.1956753,1.5082699,0.4913467,-0.6276410,19.4867533,32.6138977,27.4964083,50.7588554,0.0000000,0.3572229,0.9034849,0.4286087,0.0013361,0.0028165,0.0017360,-0.0412098,-0.0082096,-0.0000000,7.5951565,6.2035459,27.0880137
1,1,1.2600,FALL,-0.0050883,7.6912915,6.2508079,1.9799451,1.3112757,-0.4910585,18.6530427,32.6883946,27.4041421,51.0158134,0.0000000,0.3569525,0.9025215,0.4306336,0.0013414,0.0028114,-0.0101972,-0.0213973,0.0367575,0.0000000,7.6229015,6.1694212,27.0823310
1,1,1.2700,FALL,0.0222900,7.7104135,6.2430705,1.7180917,1.0648119,-1.8285433,19.1600268,33.0412368,26.5799215,51.2572030,0.0000000,0.3566813,0.9016124,0.4325338,0.0013463,0.0028064,0.0076554,0.0253169,0.0443365,-0.0000000,7.6488258,6.1372509,27.0999552
1,1,1.2800,FALL,0.0308556,7.7145851,6.1063875,1.5710881,0.7922432,-1.3276140,18.6759106,32.7148321,27.8686211,51.4839676,0.0000000,0.3564093,0.9007547,0.4343171,0.0013508,0.0028016,-0.0199419,0.0545488,0.0140756,0.0000000,7.6730558,6.1069305,27.0924887
1,1,1.2900,FALL,-0.0353255,7.7131026,6.0993018,1.4289859,1.2792078,-1.1293929,19.2190481,33.3803583,26.2677472,51.6969933,0.0000000,0.3561366,0.8999457,0.4359909,0.0013550,0.0027969,-0.0139711,0.0549593,-0.0243027,-0.0000000,7.6957082,6.0783599,27.1513494
1,1,1.3000,FALL,0.0664848,7.6635999,6.0417346,1.3383213,0.3063855,-0.4390518,19.2007085,33.5276550,26.5929732,51.8971123,0.0000000,0.3558630,0.8991829,0.4375619,0.0013588,0.0027924,0.1019112,-0.0178234,-0.0705613,-0.0000000,7.7168914,6.0514438,27.0997484
1,1,1.3100,FALL,0.0528427,7.7612291,6.0719676,1.1500329,0.9509781,-0.6261763,19.4357482,33.7081391,26.8885678,52.0851068,0.0000000,0.3555886,0.8984639,0.4390364,0.0013624,0.0027880,0.0531104,0.0014516,0.0217483,0.0000000,7.7367053,6.0260912,27.0867448
1,1,1.3200,FALL,-0.0133120,7.8407189,6.0163713,1.5615114,0.5008451,-1.4978564,18.8527480,33.7163855,26.0446183,52.2617112,0.0000000,0.3553134,0.8977862,0.4404206,0.0013656,0.0027838,0.0205384,0.0090292,0.0045560,0.0000000,7.7552429,6.0022155,27.0724414
1,1,1.3300,FALL,-0.0922869,7.8495101,6.0222802,1.4864817,0.5194895,-1.1896139,18.5057885,33.6371951,27.0202801,52.4276158,0.0000000,0.3550375,0.8971476,0.4417200,0.0013686,0.0027796,-0.0690071,0.0437624,0.0046572,0.0000000,7.7725903,5.9797345,27.0825100
1,1,1.3400,FALL,0.0696666,7.8255223,5.9553430,1.7012102,0.1862973,-1.5895831,19.1808008,33.2543971,26.3420204,52.5834687,0.0000000,0.3547607,0.8965460,0.4429397,0.0013713,0.0027756,0.0331090,-0.0037148,0.0501226,0.0000000,7.7888273,5.9585698,27.0901019
1,1,1.3500,FALL,-0.0060891,7.7920040,5.9636402,0.8248133,1.0546790,-0.7220921,18.7576133,34.1390764,25.4733437,52.7298789,0.0000000,0.3544831,0.8959794,0.4440849,0.0013738,0.0027717,-0.0143551,-0.0418624,-0.0018281,0.0000000,7.8040280,5.9386473,27.0207415
1,1,1.3600,FALL,0.0714031,7.8026515,5.9332336,1.0569511,1.0067385,-0.9652378,19.5552630,33.5791630,25.8224093,52.8674186,0.0000000,0.3542047,0.8954457,0.4451600,0.0013760,0.0027678,-0.0187350,-0.0534175,-0.0347754,0.0000000,7.8182613,5.9198964,27.0728936
1,1,1.3700,FALL,0.0978576,7.8073749,5.9274650,0.8910956,0.7286646,-0.8098123,19.5421171,34.5044424,26.0773152,52.9966251,0.0000000,0.3539256,0.8949432,0.4461693,0.0013780,0.0027641,-0.0396208,-0.0035141,-0.0056371,0.0000000,7.8315913,5.9022506,27.0899083
1,1,1.3800,FALL,0.0280233,7.8755862,5.9285977,0.4713740,0.9755288,-0.7784697,18.9784635,33.8788776,25.8067178,53.1180035,0.0000000,0.3536456,0.8944701,0.4471170,0.0013799,0.0027605,0.0060653,-0.0503193,-0.0123500,0.0000000,7.8440773,5.8856465,27.0655529
1,1,1.3900,FALL,0.0784512,7.9180651,5.9478920,1.0263288,1.0364086,-0.7824237,19.2767690,34.2097895,25.5845750,53.2320279,0.0000000,0.3533648,0.8940248,0.4480069,0.0013815,0.0027569,0.0870963,0.0594291,0.0010205,0.0000000,7.8557748,5.8700244,27.0878201
1,1,1.4000,FALL,-0.0232246,7.8931392,5.9072589,1.3693615,1.2518934,-0.2483249,19.1983386,34.4054840,26.7115177,53.3391439,0.0000000,0.3530833,0.8936056,0.4488424,0.0013830,0.0027534,0.0472237,-0.0430088,-0.0246648,0.0000000,7.8667353,5.8553275,27.0757229
1,1,1.4100,FALL,-0.0116184,7.9201244,5.9007624,0.7962551,1.1290770,-1.0325898,18.2994098,34.2334381,26.3183161,53.4397701,0.0000000,0.3528009,0.8932112,0.4496269,0.0013843,0.0027500,0.0134294,-0.0384509,-0.0490659,0.0000000,7.8770066,5.8415025,27.1035131
1,1,1.4200,FALL,0.0127579,7.8929041,5.9038794,1.4819447,0.9529550,-1.1806280,18.6917530,34.1824522,25.9089309,53.5342996,0.0000000,0.3525178,0.8928400,0.4503636,0.0013855,0.0027467,-0.0264100,0.0041781,0.0253161,0.0000000,7.8866335,5.8284987,27.0423794
1,1,1.4300,FALL,0.0329355,7.9276182,5.8085755,1.1828223,0.6633100,-0.9362118,19.3285796,34.7617553,25.2615320,53.6231019,0.0000000,0.3522339,0.8924907,0.4510553,0.0013865,0.0027434,0.0480691,0.0073955,-0.0307508,0.0000000,7.8956575,5.8162682,27.1140362
1,1,1.4400,FALL,0.1014540,7.9357874,5.8063183,0.7749285,0.9144422,-0.7035897,20.0479131,34.7575037,25.6061911,53.7065240,0.0000000,0.3519491,0.8921621,0.4517050,0.0013873,0.0027401,0.0257011,-0.0019485,-0.0321773,0.0000000,7.9041176,5.8047661,27.0976926
1,1,1.4500,FALL,0.0123245,7.8604314,5.8482820,0.4750472,0.8484551,-1.0595898,19.1708558,34.5075047,25.5684440,53.7848917,0.0000000,0.3516636,0.8918530,0.4523150,0.0013881,0.0027370,-0.0478880,-0.0058715,-0.0171000,0.0000000,7.9120498,5.7939496,27.1073531
1,1,1.4600,FALL,0.0485581,7.9577044,5.7425042,0.9187438,0.7173315,-0.8148705,19.0713765,34.0457765,25.7862041,53.8585114,0.0000000,0.3513773,0.8915622,0.4528879,0.0013887,0.0027338,-0.0257939,0.0318738,-0.0739743,-0.0000000,7.9194880,5.7837786,27.1740199
1,1,1.4700,FALL,0.0244425,7.9998583,5.7878600,0.9690160,0.6759304,-1.3163145,19.0597301,34.3425377,25.4577115,53.9276707,0.0000000,0.3510902,0.8912887,0.4534259,0.0013892,0.0027308,0.0194020,0.0545078,-0.0427201,0.0000000,7.9264635,5.7742151,27.0752934
1,1,1.4800,FALL,0.0591399,7.9514913,5.8117385,0.6288078,0.2592969,-1.0421998,18.8563030,34.8031357,25.7882176,53.9926399,0.0000000,0.3508023,0.8910315,0.4539311,0.0013896,0.0027277,-0.0365886,0.0269499,0.0266595,0.0000000,7.9330060,5.7652234,27.0884090
1,1,1.4900,FALL,-0.0611392,8.0201285,5.7752706,0.6872600,0.6787222,-0.8563927,19.0656500,34.6038195,25.4516381,54.0536727,0.0000000,0.3505136,0.8907896,0.4544057,0.0013899,0.0027248,-0.0626143,-0.0185128,0.0066684,0.0000000,7.9391427,5.7567697,27.1117531
1,1,1.5000,FALL,0.1012209,7.9808674,5.6786698,0.8037627,0.9944304,-1.4810536,19.7154699,34.3639324,24.4480047,54.1110078,0.0000000,0.3502241,0.8905622,0.4548513,0.0013902,0.0027218,0.0166073,0.0317220,0.0121365,0.0000000,7.9448995,5.7488222,27.0860834
1,1,1.5100,FALL,0.0229131,7.9353126,5.7067814,1.1832075,0.6882020,-0.8756183,18.9646390,34.9859937,25.2373489,54.1648691,0.0000000,0.3499339,0.8903483,0.4552698,0.0013903,0.0027189,-0.0046243,0.0063707,-0.0321160,0.0000000,7.9503002,5.7413510,27.0372773
1,1,1.5200,FALL,0.1027364,7.9257276,5.6887298,1.3358212,0.8165563,-1.4998292,18.3311139,34.7198521,25.2772973,54.2154671,0.0000000,0.3496428,0.8901472,0.4556629,0.0013903,0.0027160,-0.0687931,0.0501511,-0.0141396,0.0000000,7.9553673,5.7343278,27.1168565
1,1,1.5300,FALL,0.0554733,7.9784956,5.7762725,1.2199979,0.8474567,-1.1135995,19.3233490,34.4832600,25.5515627,54.2629996,0.0000000,0.3493510,0.8899581,0.4560321,0.0013903,0.0027132,0.0111716,0.0393498,0.0051342,0.0000000,7.9601217,5.7277261,27.1143780
1,1,1.5400,FALL,0.1079352,8.0620345,5.6964889,0.8283502,0.4713250,-0.8511639,19.5093064,34.3863725,25.6600071,54.3076522,0.0000000,0.3490584,0.8897803,0.4563789,0.0013902,0.0027104,0.0463600,-0.0460692,0.0243000,0.0000000,7.9645831,5.7215208,27.1085090
1,1,1.5500,FALL,0.0166403,7.9381096,5.7477487,1.2726095,0.8043359,-1.1590087,19.1236362,34.7487513,25.1402621,54.3495994,0.0000000,0.3487650,0.8896132,0.4567046,0.0013900,0.0027076,-0.0035386,-0.0695911,-0.0761952,0.0000000,7.9687698,5.7156882,27.0493229
1,1,1.5600,FALL,0.0169640,8.0468452,5.6323235,0.1937310,0.8950299,-0.9134921,19.2323849,34.5449532,26.0302491,54.3890052,0.0000000,0.3484708,0.8894561,0.4570105,0.0013898,0.0027048,0.0327254,-0.0234456,-0.0085612,0.0000000,7.9726990,5.7102063,27.1278505
1,1,1.5700,FALL,0.1010563,7.9833572,5.7445842,1.1171740,0.9788665,-1.1011472,18.8872866,34.3470614,25.6484602,54.4260235,0.0000000,0.3481758,0.8893084,0.4572978,0.0013895,0.0027021,0.0415520,0.0025882,0.0194434,-0.0000000,7.9763866,5.7050540,27.0830336
1,1,1.5800,FALL,0.0438946,7.9845461,5.7527116,0.8443264,-0.0589467,-1.0894956,19.1759282,34.5955700,24.7526684,54.4607990,0.0000000,0.3478801,0.8891696,0.4575677,0.0013891,0.0026994,0.0174583,0.0025929,-0.0087804,-0.0000000,7.9798478,5.7002117,27.0932515
1,1,1.5900,FALL,0.1141508,7.9766453,5.6345559,0.5919065,0.9901137,-0.4093356,19.2333951,34.6754377,24.3381942,54.4934675,0.0000000,0.3475835,0.8890392,0.4578211,0.0013887,0.0026967,-0.0199092,-0.0246893,-0.0494423,0.0000000,7.9830966,5.6956609,27.0479648
1,1,1.6000,FALL,0.0737353,8.0203685,5.6971316,0.4129785,0.7194193,-0.6049296,18.6972741,34.5889776,25.3252225,54.5241568,0.0000000,0.3472862,0.8889165,0.4580592,0.0013882,0.0026940,0.0701509,-0.0275516,0.0237468,0.0000000,7.9861462,5.6913841,27.0992321
1,1,1.6100,FALL,0.0518214,8.0347557,5.7817743,0.4738612,0.7390188,-0.1987923,19.1914588,34.7326346,25.2057200,54.5529866,0.0000000,0.3469881,0.8888013,0.4582828,0.0013877,0.0026913,-0.0641417,0.0071757,-0.0345046,-0.0000000,7.9890090,5.6873649,27.0720168
1,1,1.6200,FALL,0.0784514,8.0752654,5.6759636,-0.1652400,0.6479317,-0.4065226,18.8897701,35.0521916,25.3092168,54.5800698,0.0000000,0.3466892,0.8886929,0.4584929,0.0013871,0.0026887,0.0181517,0.0253560,-0.0110036,0.0000000,7.9916965,5.6835879,27.1020831
1,1,1.6300,FALL,0.0687550,7.9651122,5.6525325,-0.2681264,0.6578896,-1.0617994,19.0554619,34.6420459,25.5386067,54.6055121,0.0000000,0.3463896,0.8885911,0.4586902,0.0013865,0.0026861,0.0199900,-0.0449862,-0.0256575,0.0000000,7.9942195,5.6800387,27.0686475
1,1,1.6400,FALL,-0.0122201,7.9852422,5.8490150,1.3954444,0.6805129,-0.9724272,19.4377458,34.8686777,24.1330533,54.6294129,0.0000000,0.3460891,0.8884954,0.4588755,0.0013859,0.0026834,-0.0018438,-0.0020617,-0.0002622,0.0000000,7.9965882,5.6767034,27.0910239
1,1,1.6500,FALL,0.0460566,8.0015640,5.7102198,-0.4154643,0.9157788,0.1713153,18.6360541,34.4684002,24.8498856,54.6518657,0.0000000,0.3457879,0.8884055,0.4590496,0.0013852,0.0026808,0.0399309,-0.0469160,-0.0556558,0.0000000,7.9988121,5.6735693,27.1485493
1,1,1.6600,FALL,0.0630653,8.0082650,5.6685792,0.9376856,1.1517719,-0.8906627,19.6306101,34.6658066,25.2835366,54.6729580,0.0000000,0.3454859,0.8883210,0.4592131,0.0013845,0.0026782,0.0455213,-0.0379816,-0.0228990,0.0000000,8.0009002,5.6706243,27.1024686
1,1,1.6700,FALL,0.0975197,7.9589183,5.7333424,1.0065279,0.2730619,-1.1202580,19.8160356,35.0203024,25.2892323,54.6927725,0.0000000,0.3451831,0.8882416,0.4593667,0.0013838,0.0026757,0.0411406,-0.0843252,0.0528001,-0.0000000,8.0028608,5.6678570,27.1077774
1,1,1.6800,FALL,0.0334997,8.0221897,5.7258278,-0.1066531,1.1982254,-1.4559589,18.9509458,35.1224742,24.5441575,54.7113865,0.0000000,0.3448796,0.8881670,0.4595110,0.0013830,0.0026731,-0.0073063,-0.0153433,-0.0378144,-0.0000000,8.0047017,5.6652568,27.0884511
1,1,1.6900,FALL,0.0402752,8.0294634,5.6569589,0.7687154,0.8540609,-0.7276223,19.7669904,34.8030252,25.3677241,54.7288727,0.0000000,0.3445752,0.8880968,0.4596465,0.0013822,0.0026705,-0.0091910,0.0102497,0.0135118,0.0000000,8.0064303,5.6628136,27.1155285
1,1,1.7000,FALL,0.0575342,8.0551396,5.6730292,0.4309233,0.6421557,-0.5576503,18.9644443,34.7215792,24.8918221,54.7452995,0.0000000,0.3442701,0.8880310,0.4597739,0.0013813,0.0026679,-0.0026156,-0.0166105,-0.0042625,0.0000000,8.0080535,5.6605179,27.1303530
1,1,1.7100,FALL,0.0479694,8.0801259,5.6802768,0.6661024,0.8447970,-0.7619912,18.3998675,34.8335778,25.2323301,54.7607310,0.0000000,0.3439642,0.8879690,0.4598934,0.0013804,0.0026654,-0.0007583,0.0225051,0.0201613,-0.0000000,8.0095778,5.6583609,27.0930783
1,1,1.7200,FALL,0.0981844,8.0444160,5.6931510,0.3667263,0.6413132,-1.4899108,19.7708259,34.4913091,24.3911280,54.7752276,0.0000000,0.3436576,0.8879109,0.4600058,0.0013796,0.0026628,0.0475617,-0.0378325,-0.0134146,0.0000000,8.0110092,5.6563341,27.1200665
1,1,1.7300,FALL,0.0369039,8.0155888,5.6542564,0.0781763,-0.0477798,-0.9439880,18.8458615,34.2735767,25.2243852,54.7888458,0.0000000,0.3433502,0.8878562,0.4601113,0.0013786,0.0026603,-0.0220621,-0.0308923,-0.0010674,-0.0000000,8.0123534,5.6544299,27.1479880
1,1,1.7400,FALL,0.0825809,8.0687731,5.6323606,0.7750603,0.4912480,-0.7467732,19.0947373,34.4288976,25.3167877,54.8016390,0.0000000,0.3430420,0.8878048,0.4602104,0.0013777,0.0026577,-0.0085968,-0.0181664,0.0366748,0.0000000,8.0136157,5.6526407,27.0833608
1,1,1.7500,FALL,-0.0328418,7.9976712,5.6484825,0.4849786,0.0000376,-0.7949842,19.4051508,34.3396184,25.2359964,54.8136571,0.0000000,0.3427330,0.8877566,0.4603035,0.0013767,0.0026552,-0.0686696,0.0636371,-0.0172241,0.0000000,8.0148012,5.6509597,27.1324980
1,1,1.7600,FALL,0.0249001,7.9758035,5.5867608,0.4016652,0.7495438,-0.6320313,19.4161016,34.5307526,24.5583200,54.8249471,0.0000000,0.3424233,0.8877112,0.4603910,0.0013757,0.0026527,-0.0382714,-0.0743952,-0.0377063,-0.0000000,8.0159146,5.6493803,27.1011775
1,1,1.7700,FALL,0.0228988,8.0477543,5.6662614,0.1782827,0.2044270,-1.3335182,19.4243023,35.0350101,25.1443523,54.8355530,0.0000000,0.3421127,0.8876686,0.4604732,0.0013747,0.0026501,-0.0757967,0.0192341,-0.0173610,0.0000000,8.0169602,5.6478964,27.0924327
1,1,1.7800,FALL,0.0026260,8.0385535,5.7155143,0.6374631,0.5410297,-0.2311208,19.5073377,35.1608685,24.7438576,54.8455163,0.0000000,0.3418015,0.8876286,0.4605503,0.0013737,0.0026476,0.0611619,0.0152379,0.0134126,0.0000000,8.0179422,5.6465022,27.1324069
1,1,1.7900,FALL,0.0661394,8.0598947,5.6139288,0.3452628,0.5651133,-0.8992435,19.5264517,34.6019806,23.9943146,54.8548760,0.0000000,0.3414894,0.8875910,0.4606228,0.0013727,0.0026451,0.0138465,0.0191131,0.0431513,0.0000000,8.0188645,5.6451924,27.0865120
1,1,1.8000,FALL,0.1200878,8.0252185,5.7601472,0.1963770,0.5331995,-1.3167403,19.3585341,35.3230469,25.0693627,54.8636686,0.0000000,0.3411766,0.8875556,0.4606910,0.0013716,0.0026426,-0.0175099,0.0418386,0.0271664,0.0000000,8.0197307,5.6439617,27.1198578
1,1,1.8100,FALL,-0.0202643,8.0626920,5.6417439,0.1574650,0.8644126,-1.0625214,18.7142362,34.7270746,24.4578808,54.8719285,0.0000000,0.3408630,0.8875224,0.4607549,0.0013706,0.0026400,-0.0133301,0.0769442,-0.0144193,0.0000000,8.0205443,5.6428055,27.1056581
1,1,1.8200,FALL,0.0520984,8.0569326,5.6333680,0.7856199,1.6877105,-0.3176862,19.0045228,34.4806572,24.4193199,54.8796880,0.0000000,0.3405486,0.8874912,0.4608150,0.0013695,0.0026375,-0.0292198,-0.0406803,-0.0867983,0.0000000,8.0213084,5.6417193,27.1424605
1,1,1.8300,FALL,0.0381129,8.0332767,5.6707119,0.7057682,0.5349007,-1.1573880,19.3006253,34.8104977,25.0252850,54.8869773,0.0000000,0.3402335,0.8874619,0.4608715,0.0013684,0.0026350,-0.0301931,0.0112190,-0.0741469,0.0000000,8.0220261,5.6406987,27.1213628
1,1,1.8400,FALL,0.0055698,8.0301732,5.7311125,0.2412867,0.8184387,-0.6044373,19.2970103,34.6080513,25.2108091,54.8938250,0.0000000,0.3399176,0.8874344,0.4609245,0.0013673,0.0026324,0.0194815,-0.0357996,0.0614752,-0.0000000,8.0227002,5.6397399,27.0729589
1,1,1.8500,FALL,0.0651898,8.0303292,5.6574017,0.6505549,0.1898959,-0.7955644,19.4671510,35.0028468,25.0589327,54.9002578,0.0000000,0.3396010,0.8874085,0.4609743,0.0013661,0.0026299,0.0028359,-0.0853592,0.0217783,0.0000000,8.0233333,5.6388391,27.0912683
1,1,1.8600,FALL,0.0462163,8.1460632,5.6816885,0.5034424,0.8693255,-1.2168014,19.2091363,34.5826753,24.6317498,54.9063009,0.0000000,0.3392836,0.8873842,0.4610211,0.0013650,0.0026274,-0.0452435,0.0353507,0.0044908,0.0000000,8.0239280,5.6379929,27.1349340
1,1,1.8700,FALL,-0.0093432,8.0111970,5.6455281,0.0528323,-0.3355795,-1.3235092,20.1115709,34.8634210,26.0230825,54.9119779,0.0000000,0.3389654,0.8873614,0.4610651,0.0013638,0.0026249,-0.0091720,0.0492658,-0.0346161,-0.0000000,8.0244866,5.6371978,27.1237421
1,1,1.8800,FALL,-0.0329608,8.0743102,5.6639732,0.3001051,0.3770019,-0.5194270,18.8358714,35.1860684,24.7612385,54.9173108,0.0000000,0.3386464,0.8873399,0.4611064,0.0013627,0.0026223,0.0121166,-0.0364731,0.0665337,0.0000000,8.0250112,5.6364509,27.0624044
1,1,1.8900,FALL,0.0501451,8.0364063,5.6933852,-0.1656596,0.7136143,-0.9105418,18.8433481,34.0320525,24.6803993,54.9223207,0.0000000,0.3383267,0.8873198,0.4611452,0.0013615,0.0026198,0.0138765,0.0062233,0.0823589,0.0000000,8.0255041,5.6357492,27.0797836
1,1,1.9000,FALL,0.0814728,8.0890946,5.6025421,0.3517723,0.9091221,-1.2194462,18.8095992,34.6941420,25.0104158,54.9270271,0.0000000,0.3380063,0.8873008,0.4611817,0.0013603,0.0026172,0.0110420,0.0504140,-0.0574249,-0.0000000,8.0259670,5.6350899,27.1745422
1,1,1.9100,FALL,0.1125085,8.0211197,5.6560058,0.2842073,0.9189752,-1.0540087,19.3204415,34.6685859,25.3283698,54.9314483,0.0000000,0.3376851,0.8872831,0.4612159,0.0013591,0.0026147,0.0305531,-0.0031506,0.0206116,0.0000000,8.0264018,5.6344706,27.1822739
1,1,1.9200,FALL,0.0161446,8.0808604,5.6239230,0.3219976,0.7020230,-1.8071177,19.4948411,34.6491265,25.0192703,54.9356016,0.0000000,0.3373631,0.8872663,0.4612481,0.0013579,0.0026122,0.0394596,-0.0317768,-0.0146771,-0.0000000,8.0268102,5.6338888,27.1596315
1,1,1.9300,FALL,0.0115297,8.1254368,5.8132724,-0.2202174,0.0567062,-0.9313988,19.5845769,35.1029868,24.2669741,54.9395033,0.0000000,0.3370403,0.8872506,0.4612783,0.0013567,0.0026096,-0.0323866,0.0428168,0.0511089,0.0000000,8.0271938,5.6333421,27.1494761
1,1,1.9400,FALL,-0.0047507,8.0710354,5.5798198,0.7578336,0.6886288,-0.8554500,19.2710719,34.9934510,25.6024105,54.9431686,0.0000000,0.3367168,0.8872359,0.4613067,0.0013555,0.0026071,-0.0652553,-0.0219067,-0.0477382,-0.0000000,8.0275542,5.6328286,27.1194664
1,1,1.9500,FALL,0.0509777,8.0000243,5.5539834,0.5577198,0.6859133,-0.0069584,18.4322808,35.4180559,25.0837338,54.9466119,0.0000000,0.3363926,0.8872220,0.4613333,0.0013543,0.0026045,0.0196135,0.0042867,-0.1058623,0.0000000,8.0278927,5.6323462,27.1165936
1,1,1.9600,FALL,0.0821370,8.0549722,5.7069299,0.0771814,0.6502027,-1.0619468,19.5072171,34.9940180,24.8189203,54.9498465,0.0000000,0.3360675,0.8872090,0.4613584,0.0013530,0.0026020,-0.0155819,-0.0043692,-0.0092476,0.0000000,8.0282106,5.6318930,27.0890372
1,1,1.9700,FALL,0.0046508,8.0923473,5.6636522,-0.1509664,0.0835455,-1.2615661,18.6139912,34.4191834,24.7135829,54.9528851,0.0000000,0.3357418,0.8871968,0.4613819,0.0013518,0.0025994,0.0005978,0.0350258,-0.0242680,0.0000000,8.0285093,5.6314672,27.0878450
1,1,1.9800,FALL,0.0042510,8.0273051,5.6512305,0.2537562,0.5751434,-0.9722086,19.3213284,34.3492382,25.0655331,54.9557397,0.0000000,0.3354152,0.8871853,0.4614040,0.0013506,0.0025968,-0.0382313,-0.0363772,-0.0075480,-0.0000000,8.0287899,5.6310672,27.1079031
1,1,1.9900,FALL,0.0347959,8.0570928,5.7414382,0.7596178,0.6654550,-2.1228020,19.7800589,34.7060029,24.3901829,54.9584213,0.0000000,0.3350880,0.8871745,0.4614248,0.0013493,0.0025943,0.0176475,0.0041491,0.0414908,0.0000000,8.0290534,5.6306914,27.1006746
2,1,0.0000,SITTING,-1.4002182,0.5657587,9.7453379,-0.6248362,-1.4519458,1.3311158,11.8818912,2.7533164,44.7852909,3.0000000,8.0000000,-0.2095499,0.9972172,0.0262407,0.0696847,-0.0036496,-0.0285751,-0.0124980,-0.0046194,-1.3648219,0.5082456,9.6979035,27.0158649
2,1,0.0100,SITTING,-1.3219181,0.5725536,9.6733806,0.2976625,-1.3232037,-0.0558730,12.8558075,3.3653833,44.9153265,3.0000000,8.0000000,-0.2100607,0.9972172,0.0262410,0.0696846,-0.0036540,0.0335835,0.0488270,-0.0838140,-1.3648219,0.5082456,9.6979035,26.9722905
2,1,0.0200,SITTING,-1.4237425,0.4931974,9.8208092,-0.5052976,-1.2447250,-1.7613197,12.3749927,3.1273093,44.2964075,3.0000000,8.0000000,-0.2105711,0.9972172,0.0262413,0.0696845,-0.0036585,-0.0135138,-0.0636340,0.0789617,-1.3648219,0.5082456,9.6979035,27.0414579
2,1,0.0300,SITTING,-1.2825296,0.5101700,9.5312856,0.1289335,-1.1778290,-0.7101277,12.6437351,3.5239577,44.2803776,3.0000000,8.0000000,-0.2110810,0.9972172,0.0262416,0.0696844,-0.0036629,0.0321884,-0.0265848,-0.1377299,-1.3648219,0.5082456,9.6979035,26.9965107
2,1,0.0400,SITTING,-1.3071711,0.5313113,9.7713035,0.2442016,-0.6123004,-0.0653463,12.3234931,3.5033279,44.1021454,3.0000000,8.0000000,-0.2115904,0.9972171,0.0262419,0.0696842,-0.0036674,0.0719326,0.0442929,-0.0127976,-1.3648219,0.5082456,9.6979035,27.0465283
2,1,0.0500,SITTING,-1.3524031,0.6236946,9.6820097,0.6361850,-0.6458746,-1.4231461,12.5999826,2.9188570,44.0595173,3.0000000,8.0000000,-0.2120993,0.9972171,0.0262422,0.0696841,-0.0036718,0.0284174,0.1215568,-0.0000447,-1.3648219,0.5082456,9.6979035,27.0326625
2,1,0.0600,SITTING,-1.3360637,0.4997131,9.6721958,1.2198718,-2.9438078,0.1775888,12.8559733,3.2328415,43.3046568,3.0000000,8.0000000,-0.2126078,0.9972171,0.0262425,0.0696840,-0.0036762,-0.0396246,-0.0452843,-0.0986208,-1.3648219,0.5082456,9.6979035,26.9829310
2,1,0.0700,SITTING,-1.3821950,0.5871197,9.6244774,-1.0458117,-1.6131807,-0.5948463,12.5323231,3.4949457,44.6087535,3.0000000,8.0000000,-0.2131158,0.9972171,0.0262428,0.0696839,-0.0036806,-0.0683084,0.0320968,-0.0229135,-1.3648219,0.5082456,9.6979035,27.0286528
2,1,0.0800,SITTING,-1.6016223,0.4922063,9.6360869,0.2605193,-1.1064969,0.4408781,12.3706508,3.0267064,44.6705312,3.0000000,8.0000000,-0.2136233,0.9972171,0.0262431,0.0696838,-0.0036850,-0.2616915,-0.0278178,0.0566420,-1.3648219,0.5082456,9.6979035,27.0035523
2,1,0.0900,SITTING,-1.2289549,0.4840570,9.6658011,0.2182255,-1.1222203,-0.4649316,13.2087202,3.5200404,44.6510734,3.0000000,8.0000000,-0.2141303,0.9972171,0.0262434,0.0696837,-0.0036895,0.1428194,-0.0814670,0.0248980,-1.3648219,0.5082456,9.6979035,26.9922878
2,1,0.1000,SITTING,-1.3351600,0.4967217,9.8200539,-0.1699120,-1.6074946,-0.1291323,12.8951818,3.3546058,44.0786222,3.0000000,8.0000000,-0.2146369,0.9972170,0.0262437,0.0696835,-0.0036939,0.0554492,-0.0679406,0.1883606,-1.3648219,0.5082456,9.6979035,27.0575134
2,1,0.1100,SITTING,-1.4143501,0.6999029,9.6058185,-0.4772414,-1.2099958,-0.3072560,12.2874833,3.1136456,44.6279234,3.0000000,8.0000000,-0.2151429,0.9972170,0.0262441,0.0696834,-0.0036983,-0.0776616,0.0923303,-0.0883723,-1.3648219,0.5082456,9.6979035,27.0091466
2,1,0.1200,SITTING,-1.3981149,0.6116029,9.6515279,-0.0547299,-0.8891551,-1.9194065,12.7044858,3.3799120,43.8316326,3.0000000,8.0000000,-0.2156485,0.9972170,0.0262444,0.0696833,-0.0037027,-0.0202719,-0.0180486,-0.0245106,-1.3648219,0.5082456,9.6979035,26.9898044
2,1,0.1300,SITTING,-1.4041571,0.4777635,9.8398455,0.0545319,-1.1436523,-0.9926419,12.1284843,3.2316973,44.5783516,3.0000000,8.0000000,-0.2161536,0.9972170,0.0262447,0.0696832,-0.0037071,-0.0116368,0.0199552,0.1342446,-1.3648219,0.5082456,9.6979035,27.0109293
2,1,0.1400,SITTING,-1.3388435,0.6420487,9.8346308,-1.0883621,-1.6670085,-1.1147687,12.6563167,2.8172474,44.2846112,3.0000000,8.0000000,-0.2166582,0.9972170,0.0262450,0.0696831,-0.0037115,0.0568901,0.0928870,0.1214543,-1.3648219,0.5082456,9.6979035,27.0235180
2,1,0.1500,SITTING,-1.3957698,0.4185367,9.8122895,-0.1290067,-1.6337696,-0.1350455,13.0710241,3.4359789,43.7913911,3.0000000,8.0000000,-0.2171623,0.9972170,0.0262453,0.0696830,-0.0037158,0.0490529,-0.0350782,0.0661441,-1.3648219,0.5082456,9.6979035,26.9483060
2,1,0.1600,SITTING,-1.5460096,0.4485026,9.6252204,1.0474189,-0.1492868,-1.0165666,13.4897207,2.7794723,44.0822352,3.0000000,8.0000000,-0.2176660,0.9972169,0.0262456,0.0696828,-0.0037202,-0.1710967,-0.0681481,-0.0563929,-1.3648219,0.5082456,9.6979035,26.9524838
2,1,0.1700,SITTING,-1.4878656,0.6921184,9.7030437,0.3005373,-1.7391380,-0.8218490,12.5128177,3.5184485,44.2112691,3.0000000,8.0000000,-0.2181691,0.9972169,0.0262459,0.0696827,-0.0037246,-0.1443744,0.0864129,0.0748427,-1.3648219,0.5082456,9.6979035,27.0424883
2,1,0.1800,SITTING,-1.3428961,0.4985446,9.8133879,0.1520280,-0.0547902,-0.9751029,12.8840069,2.9253560,44.1844491,3.0000000,8.0000000,-0.2186718,0.9972169,0.0262462,0.0696826,-0.0037290,0.0437547,-0.0493176,0.0563890,-1.3648219,0.5082456,9.6979035,27.0122070
2,1,0.1900,SITTING,-1.4280546,0.6518280,9.7889667,-0.1916071,-0.7015005,-1.6118468,12.2867144,3.8920330,43.9628216,3.0000000,8.0000000,-0.2191739,0.9972169,0.0262465,0.0696825,-0.0037333,-0.0500773,0.0904897,0.0812681,-1.3648219,0.5082456,9.6979035,27.0550274
2,1,0.2000,SITTING,-1.4629381,0.6278440,9.6302284,0.2263524,-1.4536263,-1.0001660,12.2084525,3.1438782,43.8520256,3.0000000,8.0000000,-0.2196756,0.9972169,0.0262468,0.0696824,-0.0037377,-0.1422928,0.0596743,-0.0288277,-1.3648219,0.5082456,9.6979035,27.0283175
2,1,0.2100,SITTING,-1.4969525,0.5290727,9.6580390,0.7821580,-0.7639471,-0.4109088,12.9488539,3.7663032,44.5498904,3.0000000,8.0000000,-0.2201768,0.9972169,0.0262471,0.0696823,-0.0037421,-0.1379407,-0.0374769,-0.0681667,-1.3648219,0.5082456,9.6979035,26.9769704
2,1,0.2200,SITTING,-1.2931555,0.6247740,9.7537518,-0.3772528,-2.0415306,-0.0074176,12.6785605,3.5374334,44.6918672,3.0000000,8.0000000,-0.2206774,0.9972168,0.0262474,0.0696822,-0.0037464,0.0338960,0.0642486,0.0522236,-1.3648219,0.5082456,9.6979035,27.0132800
2,1,0.2300,SITTING,-1.4244713,0.6098780,9.6953135,0.0118263,0.0717330,-0.4929148,12.8374394,3.2641685,44.0273749,3.0000000,8.0000000,-0.2211776,0.9972168,0.0262477,0.0696820,-0.0037508,-0.0618600,0.0200371,0.0286514,-1.3648219,0.5082456,9.6979035,27.0008565
2,1,0.2400,SITTING,-1.3775930,0.5727908,9.6453320,-0.1594089,-0.9274839,-0.9274795,12.5293355,3.1775315,44.2535839,3.0000000,8.0000000,-0.2216773,0.9972168,0.0262480,0.0696819,-0.0037551,-0.0631877,0.0622421,0.0041522,-1.3648219,0.5082456,9.6979035,27.0521718
2,1,0.2500,SITTING,-1.2367311,0.6017530,9.6944241,0.0437300,0.0077914,-1.2111533,12.9437362,2.8358405,44.6348456,3.0000000,8.0000000,-0.2221765,0.9972168,0.0262483,0.0696818,-0.0037595,0.1419704,0.0455494,-0.0331939,-1.3648219,0.5082456,9.6979035,27.0199746
2,1,0.2600,SITTING,-1.4446715,0.4659371,9.8196948,0.3820788,-2.5155839,-0.1934663,12.3600775,3.3777646,44.2094099,3.0000000,8.0000000,-0.2226752,0.9972168,0.0262486,0.0696817,-0.0037638,-0.0778714,-0.1048361,0.1197074,-1.3648219,0.5082456,9.6979035,27.0223875
2,1,0.2700,SITTING,-1.3147967,0.6505964,9.8007967,-0.4778055,-0.7025101,-1.0787284,13.2997869,3.2484614,43.7422061,3.0000000,8.0000000,-0.2231734,0.9972168,0.0262489,0.0696816,-0.0037682,0.0559087,0.0835968,0.0772425,-1.3648219,0.5082456,9.6979035,27.0342570
2,1,0.2800,SITTING,-1.2786815,0.4506416,9.7886100,0.5515886,-1.1582602,-1.3938380,12.8469152,3.0340221,43.8877687,3.0000000,8.0000000,-0.2236710,0.9972167,0.0262492,0.0696815,-0.0037725,0.0818422,-0.0479403,0.1269059,-1.3648219,0.5082456,9.6979035,26.9983326
2,1,0.2900,SITTING,-1.3933113,0.6425857,9.6331057,0.5190454,1.6347220,-0.9533766,12.0447260,3.6513674,44.1756310,3.0000000,8.0000000,-0.2241682,0.9972167,0.0262495,0.0696814,-0.0037768,-0.0023672,0.0308537,-0.0561044,-1.3648219,0.5082456,9.6979035,27.0315361
2,1,0.3000,SITTING,-1.2485435,0.6014445,9.6815859,0.4805873,-0.8042282,-1.0155159,13.2047948,3.2878751,45.0102385,3.0000000,8.0000000,-0.2246649,0.9972167,0.0262498,0.0696812,-0.0037811,0.0695753,0.0409144,0.0154292,-1.3648219,0.5082456,9.6979035,26.9679172
2,1,0.3100,SITTING,-1.4006691,0.5537189,9.8487587,-1.4725871,-1.4730197,-1.1068001,12.5927828,3.4987827,44.1129637,3.0000000,8.0000000,-0.2251610,0.9972167,0.0262501,0.0696811,-0.0037854,0.0164137,0.0660204,0.1295804,-1.3648219,0.5082456,9.6979035,26.9587765
2,1,0.3200,SITTING,-1.4673912,0.4767959,9.6113147,-0.1383656,-2.0221281,-0.1602913,12.8058489,3.0397561,44.4636967,3.0000000,8.0000000,-0.2256567,0.9972167,0.0262505,0.0696810,-0.0037898,-0.0414495,-0.0796990,-0.0350911,-1.3648219,0.5082456,9.6979035,27.0281866
2,1,0.3300,SITTING,-1.4380189,0.5573921,9.6954421,-0.8433037,-1.9019952,-0.9495114,12.9867560,2.6975595,44.1728388,3.0000000,8.0000000,-0.2261519,0.9972167,0.0262508,0.0696809,-0.0037941,-0.0272335,0.0994339,-0.0148970,-1.3648219,0.5082456,9.6979035,27.0022724
2,1,0.3400,SITTING,-1.3214027,0.6456736,9.6566641,1.0379087,-0.7381325,-0.1564992,12.2839493,3.1788621,44.7661981,3.0000000,8.0000000,-0.2266465,0.9972166,0.0262511,0.0696808,-0.0037984,-0.0009638,0.0777069,-0.0776782,-1.3648219,0.5082456,9.6979035,27.0161949
2,1,0.3500,SITTING,-1.3798238,0.5450536,9.7476469,-0.5205141,-1.5363454,-0.0788076,12.9552516,3.2186446,44.5675202,3.0000000,8.0000000,-0.2271406,0.9972166,0.0262514,0.0696807,-0.0038027,-0.0503516,0.0259328,0.0880228,-1.3648219,0.5082456,9.6979035,27.0224561
2,1,0.3600,SITTING,-1.3024621,0.5425187,9.6838114,1.1229612,-1.5431867,0.4458370,12.8043047,2.6022973,44.7649892,3.0000000,8.0000000,-0.2276343,0.9972166,0.0262517,0.0696806,-0.0038070,0.0071739,0.0698028,-0.0053341,-1.3648219,0.5082456,9.6979035,27.0266656
2,1,0.3700,SITTING,-1.3131405,0.5968799,9.6477656,0.3730008,-1.8519600,-0.5203982,12.9301203,2.9149326,44.2716830,3.0000000,8.0000000,-0.2281274,0.9972166,0.0262520,0.0696804,-0.0038113,0.0022703,0.0369171,-0.0651106,-1.3648219,0.5082456,9.6979035,27.0552113
2,1,0.3800,SITTING,-1.3765980,0.6463706,9.7432010,-0.7797079,-1.7289308,-0.1605945,12.8599477,2.8816477,44.5944317,3.0000000,8.0000000,-0.2286200,0.9972166,0.0262523,0.0696803,-0.0038156,0.0645418,0.1348906,0.0518230,-1.3648219,0.5082456,9.6979035,26.9963289
2,1,0.3900,SITTING,-1.3182814,0.5062125,9.5810965,0.6895482,-0.2354824,-0.3985796,12.8134309,3.1982342,43.8995056,3.0000000,8.0000000,-0.2291121,0.9972166,0.0262526,0.0696802,-0.0038198,0.0371664,0.0089620,-0.0721175,-1.3648219,0.5082456,9.6979035,27.0033913
2,1,0.4000,SITTING,-1.3226084,0.4620277,9.7307845,0.5367350,-1.6051159,-0.6546223,12.7952094,3.2227038,44.2691732,3.0000000,8.0000000,-0.2296036,0.9972165,0.0262529,0.0696801,-0.0038241,0.0551884,-0.0772126,0.0443470,-1.3648219,0.5082456,9.6979035,26.9891959
2,1,0.4100,SITTING,-1.4022512,0.5383898,9.5201894,-0.4697940,-1.9485596,-0.6305069,13.3520358,2.9856149,44.0799949,3.0000000,8.0000000,-0.2300947,0.9972165,0.0262531,0.0696800,-0.0038284,-0.0756920,0.0027654,-0.1159696,-1.3648219,0.5082456,9.6979035,27.0183145
2,1,0.4200,SITTING,-1.3300218,0.5004219,9.7783683,-0.2295711,-1.2059338,-0.7953030,12.8382176,3.6602302,43.8634623,3.0000000,8.0000000,-0.2305852,0.9972165,0.0262534,0.0696799,-0.0038327,0.0466946,0.0344799,0.1640928,-1.3648219,0.5082456,9.6979035,27.0125223
2,1,0.4300,SITTING,-1.4634877,0.4800709,9.7586809,-0.7252537,-1.2225854,0.1368806,12.6462308,3.5788600,44.2797153,3.0000000,8.0000000,-0.2310752,0.9972165,0.0262537,0.0696798,-0.0038369,-0.0943501,-0.0125416,0.0380644,-1.3648219,0.5082456,9.6979035,27.0082242
2,1,0.4400,SITTING,-1.4962989,0.5774647,9.5466088,0.6565846,-2.1766305,0.8679828,12.7477629,2.7180405,44.0186760,3.0000000,8.0000000,-0.2315647,0.9972165,0.0262540,0.0696797,-0.0038412,-0.1275982,0.0029506,-0.1391590,-1.3648219,0.5082456,9.6979035,27.0776825
2,1,0.4500,SITTING,-1.4431088,0.6005397,9.8001697,-0.9559677,-1.0723673,0.0356374,12.8805715,3.4039389,43.9210169,3.0000000,8.0000000,-0.2320537,0.9972165,0.0262543,0.0696795,-0.0038454,-0.0744044,-0.0180631,-0.0246798,-1.3648219,0.5082456,9.6979035,27.0805731
2,1,0.4600,SITTING,-1.2802034,0.4810330,9.6246570,-1.3800908,-1.7364282,-2.3062118,12.3092503,2.8400761,44.2910627,3.0000000,8.0000000,-0.2325421,0.9972165,0.0262546,0.0696794,-0.0038497,0.0810113,-0.0122466,-0.0878959,-1.3648219,0.5082456,9.6979035,27.0437048
2,1,0.4700,SITTING,-1.4766591,0.4910836,9.7273161,1.1810912,-0.6204463,-0.7716684,13.4043794,2.7915035,44.5192127,3.0000000,8.0000000,-0.2330301,0.9972164,0.0262549,0.0696793,-0.0038539,-0.0651772,-0.0579989,-0.0206983,-1.3648219,0.5082456,9.6979035,27.0328435
2,1,0.4800,SITTING,-1.2783401,0.6485091,9.7522548,1.2976926,-0.3302858,0.8651893,12.8684192,2.9417992,45.1284720,3.0000000,8.0000000,-0.2335175,0.9972164,0.0262552,0.0696792,-0.0038582,0.1485115,0.0885474,0.0127562,-1.3648219,0.5082456,9.6979035,27.0016676
2,1,0.4900,SITTING,-1.4538146,0.4158727,9.7685047,0.7700966,-1.3829728,0.5454953,12.9643734,3.2819610,44.4591680,3.0000000,8.0000000,-0.2340043,0.9972164,0.0262555,0.0696791,-0.0038624,-0.1014932,-0.0806289,0.0745468,-1.3648219,0.5082456,9.6979035,27.0690580
2,1,0.5000,SITTING,-1.5591447,0.5211304,9.7317793,-0.0699185,-0.8292780,-0.0461723,13.1708102,3.3852316,44.0683481,3.0000000,8.0000000,-0.2344907,0.9972164,0.0262558,0.0696790,-0.0038666,-0.1355050,-0.0317933,0.0718640,-1.3648219,0.5082456,9.6979035,27.0357770
2,1,0.5100,SITTING,-1.4998366,0.4493896,9.7915845,-0.8245739,-1.4381668,-0.5885181,12.2594437,2.9816529,44.6471664,3.0000000,8.0000000,-0.2349765,0.9972164,0.0262561,0.0696789,-0.0038709,-0.1552511,-0.0759627,0.0933206,-1.3648219,0.5082456,9.6979035,27.0475855
2,1,0.5200,SITTING,-1.4460296,0.6736351,9.6361170,0.0383034,-2.8175636,-0.0179708,12.5681442,3.2354176,43.9822383,3.0000000,8.0000000,-0.2354618,0.9972164,0.0262564,0.0696788,-0.0038751,-0.0393478,0.1209219,-0.0725222,-1.3648219,0.5082456,9.6979035,27.0488767
2,1,0.5300,SITTING,-1.4640515,0.5459188,9.8643300,0.3290049,0.2513538,-2.0179916,12.4357709,2.7929025,44.1976839,3.0000000,8.0000000,-0.2359466,0.9972163,0.0262567,0.0696787,-0.0038793,-0.0600702,0.0387359,0.1114671,-1.3648219,0.5082456,9.6979035,27.0311486
2,1,0.5400,SITTING,-1.2443557,0.3776202,9.6392420,-0.5222459,-0.7046348,-1.3645405,12.3442128,3.1666713,44.7543824,3.0000000,8.0000000,-0.2364308,0.9972163,0.0262570,0.0696785,-0.0038835,0.0831202,-0.1593861,-0.0549686,-1.3648219,0.5082456,9.6979035,27.0370432
2,1,0.5500,SITTING,-1.5313835,0.6674500,9.6435056,-1.0912373,-0.9406924,0.4928211,12.2813904,2.9279816,43.7128142,3.0000000,8.0000000,-0.2369145,0.9972163,0.0262573,0.0696784,-0.0038877,-0.1342905,0.0606923,-0.0572724,-1.3648219,0.5082456,9.6979035,27.0216439
2,1,0.5600,SITTING,-1.3801507,0.4926223,9.6852687,-0.8027943,-2.2880141,-0.6152789,12.6817771,3.5158212,44.3020801,3.0000000,8.0000000,-0.2373977,0.9972163,0.0262576,0.0696783,-0.0038919,-0.0116036,-0.0304186,0.0070100,-1.3648219,0.5082456,9.6979035,27.0311421
2,1,0.5700,SITTING,-1.4368693,0.5871231,9.6954008,-0.0162111,-1.7911563,0.9728531,12.8161972,3.1339645,44.4816003,3.0000000,8.0000000,-0.2378803,0.9972163,0.0262579,0.0696782,-0.0038961,-0.0298783,0.0792044,0.0252283,-1.3648219,0.5082456,9.6979035,27.0391011
2,1,0.5800,SITTING,-1.3450309,0.5976420,9.5951254,-0.4303835,-0.0494257,-0.1614861,12.8788447,2.8806814,44.6176471,3.0000000,8.0000000,-0.2383624,0.9972163,0.0262582,0.0696781,-0.0039003,0.0514804,0.0840543,-0.0979410,-1.3648219,0.5082456,9.6979035,27.0265240
2,1,0.5900,SITTING,-1.5061056,0.5402295,9.7074133,-0.7564457,-1.1895002,-1.1138908,12.1637176,3.6772791,44.2993890,3.0000000,8.0000000,-0.2388440,0.9972162,0.0262585,0.0696780,-0.0039045,-0.0717773,0.0533467,-0.0214481,-1.3648219,0.5082456,9.6979035,27.0239696
2,1,0.6000,SITTING,-1.2813172,0.4727898,9.5873916,-0.7641816,-2.9973552,-1.3105051,12.5780406,2.9541396,44.4877877,3.0000000,8.0000000,-0.2393250,0.9972162,0.0262588,0.0696779,-0.0039087,0.0806031,-0.0220535,-0.0994607,-1.3648219,0.5082456,9.6979035,27.0791039
2,1,0.6100,SITTING,-1.3879488,0.5156077,9.7735834,-0.8971849,-1.8061297,-0.2030530,12.2847804,3.1896480,44.7494204,3.0000000,8.0000000,-0.2398055,0.9972162,0.0262591,0.0696778,-0.0039129,-0.0091298,-0.0091119,0.0835994,-1.3648219,0.5082456,9.6979035,27.0005423
2,1,0.6200,SITTING,-1.4102580,0.6077171,9.5459181,0.0939957,1.2033085,-0.2886573,12.5419011,2.9533573,44.3581861,3.0000000,8.0000000,-0.2402855,0.9972162,0.0262593,0.0696777,-0.0039171,-0.0664140,0.0875444,-0.1303421,-1.3648219,0.5082456,9.6979035,27.0347502
2,1,0.6300,SITTING,-1.3732000,0.4920260,9.6368886,0.6228560,-0.9248017,-0.8073306,12.6882081,3.5112257,44.0705814,3.0000000,8.0000000,-0.2407649,0.9972162,0.0262596,0.0696776,-0.0039212,0.1015554,-0.0843885,0.0004612,-1.3648219,0.5082456,9.6979035,27.0390426
2,1,0.6400,SITTING,-1.3470474,0.5363096,9.6360944,0.1461150,0.1496894,-0.5936110,12.7545862,2.9832309,44.2542449,3.0000000,8.0000000,-0.2412437,0.9972162,0.0262599,0.0696774,-0.0039254,-0.0352107,-0.0088170,-0.0843379,-1.3648219,0.5082456,9.6979035,27.0092118
2,1,0.6500,SITTING,-1.4053341,0.5729554,9.7500317,0.6120304,-2.0421641,-1.5474275,12.8123391,3.8358347,44.7502572,3.0000000,8.0000000,-0.2417221,0.9972161,0.0262602,0.0696773,-0.0039296,-0.0428875,-0.0397621,0.0501445,-1.3648219,0.5082456,9.6979035,27.0201844
2,1,0.6600,SITTING,-1.4586192,0.4821012,9.7270653,-0.4729054,-0.9160325,-0.6447071,12.7446453,3.2964750,44.7331305,3.0000000,8.0000000,-0.2421998,0.9972161,0.0262605,0.0696772,-0.0039337,-0.0269988,-0.0820491,0.0450950,-1.3648219,0.5082456,9.6979035,27.0249157
2,1,0.6700,SITTING,-1.3971178,0.5843767,9.6943857,1.7367882,-1.1552519,-0.6504900,13.1389196,4.1912216,44.0560095,3.0000000,8.0000000,-0.2426771,0.9972161,0.0262608,0.0696771,-0.0039379,-0.0360089,-0.0369171,0.0880848,-1.3648219,0.5082456,9.6979035,27.0212174
2,1,0.6800,SITTING,-1.4311300,0.5654789,9.5654723,0.1164131,-0.4036320,-0.7748089,12.3293891,2.7980723,44.2291761,3.0000000,8.0000000,-0.2431538,0.9972161,0.0262611,0.0696770,-0.0039420,-0.0399471,0.0537193,-0.0797777,-1.3648219,0.5082456,9.6979035,26.9988887
2,1,0.6900,SITTING,-1.2881255,0.6545026,9.6561642,-0.3550579,-1.2114388,0.3196799,12.7098800,3.1630856,43.7783881,3.0000000,8.0000000,-0.2436299,0.9972161,0.0262614,0.0696769,-0.0039462,0.0273273,0.1274846,-0.0449010,-1.3648219,0.5082456,9.6979035,27.0780939
2,1,0.7000,SITTING,-1.4126349,0.4863464,9.7315729,-0.2314920,-3.2559930,-1.0693083,13.2906912,3.3522275,44.4403737,3.0000000,8.0000000,-0.2441055,0.9972161,0.0262617,0.0696768,-0.0039503,-0.0623203,0.0753748,0.0284456,-1.3648219,0.5082456,9.6979035,27.0326585
2,1,0.7100,SITTING,-1.4885113,0.6942388,9.7287689,0.6289177,-1.8330041,-0.2245169,13.4012994,2.9626827,44.5825365,3.0000000,8.0000000,-0.2445805,0.9972160,0.0262620,0.0696767,-0.0039544,-0.0106071,0.1496034,-0.0536871,-1.3648219,0.5082456,9.6979035,27.0724156
2,1,0.7200,SITTING,-1.2529813,0.5043579,9.6729633,-0.0376052,-1.1177139,-0.3414047,12.6762511,2.5134975,44.9624208,3.0000000,8.0000000,-0.2450550,0.9972160,0.0262622,0.0696766,-0.0039586,0.1113850,-0.0941553,-0.0478938,-1.3648219,0.5082456,9.6979035,27.0368801
2,1,0.7300,SITTING,-1.5047072,0.5247467,9.6078560,0.2623330,-1.7627801,0.1540830,12.7868544,3.5955129,44.7227179,3.0000000,8.0000000,-0.2455290,0.9972160,0.0262625,0.0696765,-0.0039627,-0.1656882,0.0036662,-0.0260093,-1.3648219,0.5082456,9.6979035,27.0656190
2,1,0.7400,SITTING,-1.4571900,0.4269274,9.6317813,0.1016134,-0.4318304,0.3312956,12.3842120,3.2101762,43.5400622,3.0000000,8.0000000,-0.2460024,0.9972160,0.0262628,0.0696764,-0.0039668,-0.0808139,-0.0901665,-0.0498657,-1.3648219,0.5082456,9.6979035,27.0596090
2,1,0.7500,SITTING,-1.3882087,0.5472902,9.8492249,-0.8552040,-2.1919963,0.6185126,13.3523517,3.0036080,44.5528088,3.0000000,8.0000000,-0.2464752,0.9972160,0.0262631,0.0696762,-0.0039709,-0.0150689,0.0369013,0.1055003,-1.3648219,0.5082456,9.6979035,27.0391847
2,1,0.7600,SITTING,-1.2607215,0.6362741,9.7742099,-0.5463195,-0.6403386,-0.5124550,12.4471119,3.7291377,43.9970118,3.0000000,8.0000000,-0.2469475,0.9972160,0.0262634,0.0696761,-0.0039750,0.0735756,0.0103975,0.0390866,-1.3648219,0.5082456,9.6979035,27.0283045
2,1,0.7700,SITTING,-1.4971044,0.7105669,9.6451453,0.2262580,-1.4702044,-0.7302079,12.8630643,3.0050632,44.2493015,3.0000000,8.0000000,-0.2474192,0.9972159,0.0262637,0.0696760,-0.0039791,-0.0569705,0.1341784,-0.0406369,-1.3648219,0.5082456,9.6979035,27.0256560
2,1,0.7800,SITTING,-1.3862422,0.6821036,9.6976587,0.9007437,-1.2364191,-0.3219940,12.4884767,3.2579114,44.4482176,3.0000000,8.0000000,-0.2478904,0.9972159,0.0262640,0.0696759,-0.0039832,-0.0728971,0.1306656,-0.0808945,-1.3648219,0.5082456,9.6979035,27.0961561
2,1,0.7900,SITTING,-1.2829413,0.4998209,9.6981435,-1.4966479,-1.1847202,-0.8956852,11.9276331,2.5220421,43.6482970,3.0000000,8.0000000,-0.2483610,0.9972159,0.0262643,0.0696758,-0.0039873,0.0607248,-0.0478184,0.1088435,-1.3648219,0.5082456,9.6979035,27.0896119
2,1,0.8000,SITTING,-1.3257651,0.3851738,9.5834520,-0.0395436,-0.0340080,0.6526702,12.7331670,3.4778464,44.8156902,3.0000000,8.0000000,-0.2488310,0.9972159,0.0262645,0.0696757,-0.0039914,0.0602244,-0.1410928,-0.0936115,-1.3648219,0.5082456,9.6979035,27.0750119
2,1,0.8100,SITTING,-1.4641442,0.4858505,9.7611467,-1.2750783,-0.9945638,-1.2675818,13.1700635,3.4160293,44.2277379,3.0000000,8.0000000,-0.2493005,0.9972159,0.0262648,0.0696756,-0.0039955,-0.1202154,-0.0708259,0.1492173,-1.3648219,0.5082456,9.6979035,27.0963468
2,1,0.8200,SITTING,-1.5007468,0.5275335,9.7232606,-0.4329305,-1.3327845,-0.5737388,12.4142515,3.7827043,44.4610838,3.0000000,8.0000000,-0.2497695,0.9972159,0.0262651,0.0696755,-0.0039996,-0.1096857,0.0433376,0.0229007,-1.3648219,0.5082456,9.6979035,27.0644929
2,1,0.8300,SITTING,-1.1930012,0.3064814,9.6287239,0.4973429,-1.4145758,-1.5821806,11.8183319,3.4710006,44.0750568,3.0000000,8.0000000,-0.2502378,0.9972158,0.0262654,0.0696754,-0.0040037,0.1248432,-0.2126571,-0.0382878,-1.3648219,0.5082456,9.6979035,27.0435234
2,1,0.8400,SITTING,-1.3116115,0.3852964,9.7261477,0.3856608,-1.6084142,-0.9238864,12.7342568,3.1033084,45.0255575,3.0000000,8.0000000,-0.2507056,0.9972158,0.0262657,0.0696753,-0.0040077,-0.0103110,-0.1336169,0.0349869,-1.3648219,0.5082456,9.6979035,27.0498826
2,1,0.8500,SITTING,-1.3684670,0.5647985,9.7546565,0.7671426,-0.4870920,1.1880509,12.8020579,3.3746962,43.9383301,3.0000000,8.0000000,-0.2511729,0.9972158,0.0262660,0.0696752,-0.0040118,-0.0082290,0.0202388,0.1301853,-1.3648219,0.5082456,9.6979035,27.0871718
2,1,0.8600,SITTING,-1.4988574,0.5119354,9.8129451,-0.0401978,-1.6599391,-1.1505948,12.1370671,3.2858520,44.5665703,3.0000000,8.0000000,-0.2516396,0.9972158,0.0262663,0.0696751,-0.0040159,-0.1306530,-0.0826023,0.1260625,-1.3648219,0.5082456,9.6979035,27.0495774
2,1,0.8700,SITTING,-1.4498079,0.7037526,9.7500098,0.2465354,0.4859106,0.0574813,12.0685330,3.4868731,43.7840801,3.0000000,8.0000000,-0.2521057,0.9972158,0.0262665,0.0696750,-0.0040199,-0.0559810,0.0915651,0.0664159,-1.3648219,0.5082456,9.6979035,27.0825656
2,1,0.8800,SITTING,-1.4498862,0.6724258,9.6536112,-0.2551691,-0.3588498,0.9059264,12.7010559,3.3475996,44.2895949,3.0000000,8.0000000,-0.2525712,0.9972158,0.0262668,0.0696748,-0.0040240,-0.0286054,0.1170824,-0.1148761,-1.3648219,0.5082456,9.6979035,27.0710668
2,1,0.8900,SITTING,-1.3818322,0.5021564,9.7687264,-0.1664556,-2.2220540,-0.0715923,11.7795771,3.0312072,44.2711675,3.0000000,8.0000000,-0.2530362,0.9972157,0.0262671,0.0696747,-0.0040280,0.0380717,-0.0525339,0.0159083,-1.3648219,0.5082456,9.6979035,27.0385862
2,1,0.9000,SITTING,-1.3387286,0.3704320,9.5851221,0.4930440,-1.2454328,-1.5138230,12.9970818,3.4018540,44.6974945,3.0000000,8.0000000,-0.2535006,0.9972157,0.0262674,0.0696746,-0.0040321,0.0057152,-0.1329779,-0.1062541,-1.3648219,0.5082456,9.6979035,27.0510938
2,1,0.9100,SITTING,-1.3718048,0.5763837,9.7795169,0.1586311,-0.5092214,-0.6107928,13.2001399,2.7129143,44.6181157,3.0000000,8.0000000,-0.2539644,0.9972157,0.0262677,0.0696745,-0.0040361,0.0442436,0.0188592,-0.0340444,-1.3648219,0.5082456,9.6979035,27.0586507
2,1,0.9200,SITTING,-1.3554867,0.4372070,9.7266778,-0.2873636,-1.8473339,-0.2084206,12.6738737,2.8167165,44.1714031,3.0000000,8.0000000,-0.2544277,0.9972157,0.0262679,0.0696744,-0.0040401,0.0828533,-0.0771350,0.0380029,-1.3648219,0.5082456,9.6979035,27.0255052
2,1,0.9300,SITTING,-1.5333489,0.5238555,9.6737918,0.4232951,-0.7139766,-0.7491725,13.2074767,2.4813546,44.6494094,3.0000000,8.0000000,-0.2548904,0.9972157,0.0262682,0.0696743,-0.0040442,-0.1915837,-0.0387217,-0.0060866,-1.3648219,0.5082456,9.6979035,27.0724885
2,1,0.9400,SITTING,-1.3944979,0.5910342,9.6344583,-1.3367681,-1.5591579,-0.6373487,12.5404837,2.5804317,44.2981026,3.0000000,8.0000000,-0.2553525,0.9972157,0.0262685,0.0696742,-0.0040482,-0.0225573,-0.0101159,-0.0666870,-1.3648219,0.5082456,9.6979035,27.1402026
2,1,0.9500,SITTING,-1.4226021,0.4492997,9.6161780,0.5756432,-1.8287028,-1.1477113,12.6712038,3.7643373,44.2812910,3.0000000,8.0000000,-0.2558141,0.9972156,0.0262688,0.0696741,-0.0040522,-0.0607435,-0.1194317,-0.1392861,-1.3648219,0.5082456,9.6979035,27.1044773
2,1,0.9600,SITTING,-1.3305177,0.5496606,9.6747753,-1.3728083,-1.2127804,-0.4650968,13.0747067,3.2171632,44.5290503,3.0000000,8.0000000,-0.2562750,0.9972156,0.0262691,0.0696740,-0.0040562,0.0257098,0.0312412,0.0462243,-1.3648219,0.5082456,9.6979035,27.0821324
2,1,0.9700,SITTING,-1.4841820,0.4081813,9.6655163,0.9851311,-1.7542237,0.1773374,13.0725640,3.4689766,44.5862570,3.0000000,8.0000000,-0.2567354,0.9972156,0.0262693,0.0696739,-0.0040602,-0.0574901,-0.1517190,0.0021460,-1.3648219,0.5082456,9.6979035,27.0585198
2,1,0.9800,SITTING,-1.5181096,0.6368720,9.6030077,0.3661513,-1.1383561,-0.1563674,12.1798972,3.0001552,44.4264978,3.0000000,8.0000000,-0.2571952,0.9972156,0.0262696,0.0696738,-0.0040642,-0.1752712,0.0826764,-0.0386068,-1.3648219,0.5082456,9.6979035,27.0571794
2,1,0.9900,SITTING,-1.3096288,0.5202991,9.5723129,-1.2759032,-1.9615467,-0.7684452,12.9062466,3.3184545,44.8933784,3.0000000,8.0000000,-0.2576545,0.9972156,0.0262699,0.0696737,-0.0040682,-0.0169333,0.0130120,-0.0408235,-1.3648219,0.5082456,9.6979035,27.0474884
2,1,1.0000,SITTING,-1.4503583,0.5657093,9.5928736,-0.5108613,-0.5224789,-1.4092743,12.7825753,2.8890509,44.5409042,3.0000000,8.0000000,-0.2581131,0.9972156,0.0262702,0.0696736,-0.0040722,-0.0676251,-0.0614975,-0.1203419,-1.3648219,0.5082456,9.6979035,27.0516331
2,1,1.0100,SITTING,-1.2868554,0.6315084,9.8106643,0.5719925,-0.2100497,-1.1868703,12.4627171,2.6903334,44.5415250,3.0000000,8.0000000,-0.2585712,0.9972156,0.0262705,0.0696735,-0.0040762,0.0617238,0.0375416,0.0842371,-1.3648219,0.5082456,9.6979035,27.0757420
2,1,1.0200,SITTING,-1.3591357,0.6688680,9.7469593,-0.2640530,-1.5633069,0.1127013,11.9865335,3.3767934,44.5248027,3.0000000,8.0000000,-0.2590287,0.9972155,0.0262707,0.0696734,-0.0040802,-0.0086652,0.0247741,0.0243358,-1.3648219,0.5082456,9.6979035,27.0555381
2,1,1.0300,SITTING,-1.4481188,0.6303861,9.6867670,-1.8163284,-2.5905714,-0.8589612,12.8667646,3.5027974,44.0721062,3.0000000,8.0000000,-0.2594856,0.9972155,0.0262710,0.0696733,-0.0040842,-0.0910514,0.0611908,0.0159120,-1.3648219,0.5082456,9.6979035,27.1044536
2,1,1.0400,SITTING,-1.4915771,0.5496066,9.8237264,0.9106467,-0.4072475,-0.6907744,12.3800947,3.4724497,43.6028716,3.0000000,8.0000000,-0.2599419,0.9972155,0.0262713,0.0696732,-0.0040881,-0.1355959,0.0236702,0.1248450,-1.3648219,0.5082456,9.6979035,27.0306067
2,1,1.0500,SITTING,-1.4610697,0.5589995,9.7748623,-0.2156037,-2.5380158,-0.1614141,12.5408045,3.7966730,44.3386991,3.0000000,8.0000000,-0.2603977,0.9972155,0.0262716,0.0696731,-0.0040921,-0.1478917,0.0264609,0.0741763,-1.3648219,0.5082456,9.6979035,27.0229312
2,1,1.0600,SITTING,-1.5021172,0.6093715,9.7419849,0.6470535,-1.3645877,-0.9923551,11.7639990,3.4824791,43.8985656,3.0000000,8.0000000,-0.2608528,0.9972155,0.0262719,0.0696729,-0.0040961,-0.1041675,0.0989407,0.0665584,-1.3648219,0.5082456,9.6979035,27.0149582
2,1,1.0700,SITTING,-1.4805174,0.4173393,9.8152518,-0.5629647,-0.1291169,-1.2077857,12.6942890,3.5728899,43.7251318,3.0000000,8.0000000,-0.2613074,0.9972155,0.0262721,0.0696728,-0.0041000,-0.0434681,-0.0787567,0.1049729,-1.3648219,0.5082456,9.6979035,27.0884956
2,1,1.0800,SITTING,-1.4937267,0.5373333,9.7079791,-0.6149619,-0.5359579,-0.9648142,12.8033005,3.2246053,44.8547266,3.0000000,8.0000000,-0.2617614,0.9972154,0.0262724,0.0696727,-0.0041040,-0.0113168,0.0184419,-0.0115459,-1.3648219,0.5082456,9.6979035,27.0378116
2,1,1.0900,SITTING,-1.4486668,0.4500213,9.8591194,-0.1059369,-0.4405128,-0.4664632,12.8165305,3.6013554,44.6580901,3.0000000,8.0000000,-0.2622148,0.9972154,0.0262727,0.0696726,-0.0041079,-0.0856113,-0.0647320,0.1052426,-1.3648219,0.5082456,9.6979035,27.0897889
2,1,1.1000,SITTING,-1.3203691,0.5676870,9.8636816,0.3583581,-2.2917164,-1.0433856,12.0473718,3.5510680,44.4623360,3.0000000,8.0000000,-0.2626676,0.9972154,0.0262730,0.0696725,-0.0041118,-0.0270690,0.0336588,0.1455287,-1.3648219,0.5082456,9.6979035,27.0220729
2,1,1.1100,SITTING,-1.4748403,0.5306700,9.7573775,0.1949779,-0.9034339,-0.7898383,12.6838107,2.7627725,44.6625042,3.0000000,8.0000000,-0.2631198,0.9972154,0.0262732,0.0696724,-0.0041158,-0.1261353,-0.0678288,0.0096515,-1.3648219,0.5082456,9.6979035,27.0474113
2,1,1.1200,SITTING,-1.3868816,0.5987415,9.6519157,-0.4122100,-1.5031460,-0.9642917,12.6917064,2.8703239,44.2986005,3.0000000,8.0000000,-0.2635714,0.9972154,0.0262735,0.0696723,-0.0041197,-0.0152098,0.0703370,-0.1248735,-1.3648219,0.5082456,9.6979035,27.0700968
2,1,1.1300,SITTING,-1.4084036,0.6144229,9.6600615,-0.4753635,-2.2664811,-0.7323673,12.6205562,2.6463067,44.1600687,3.0000000,8.0000000,-0.2640224,0.9972154,0.0262738,0.0696722,-0.0041236,0.0123335,0.0398424,-0.0337778,-1.3648219,0.5082456,9.6979035,27.0783158
2,1,1.1400,SITTING,-1.4335589,0.6747368,9.5115210,0.7800385,-2.5148364,0.0808626,12.4514479,3.7053632,44.8032294,3.0000000,8.0000000,-0.2644729,0.9972153,0.0262741,0.0696721,-0.0041276,-0.0725316,0.0985753,-0.1455790,-1.3648219,0.5082456,9.6979035,27.0799667
2,1,1.1500,SITTING,-1.2999405,0.5488478,9.6821138,0.8276507,-2.2467989,-0.1783389,13.2002426,3.1945077,44.4673890,3.0000000,8.0000000,-0.2649227,0.9972153,0.0262743,0.0696720,-0.0041315,0.0243778,0.0382765,0.0588284,-1.3648219,0.5082456,9.6979035,27.0422816
2,1,1.1600,SITTING,-1.5234646,0.5181565,9.6667377,-0.7233166,-0.2532217,-1.4865853,13.1413665,3.5733077,44.6018960,3.0000000,8.0000000,-0.2653720,0.9972153,0.0262746,0.0696719,-0.0041354,-0.0948049,0.0203421,-0.0443438,-1.3648219,0.5082456,9.6979035,27.0314422
2,1,1.1700,SITTING,-1.3516416,0.6470365,9.8762415,-0.9600753,-2.2976073,0.0272125,12.4497670,2.6691282,44.6157310,3.0000000,8.0000000,-0.2658206,0.9972153,0.0262749,0.0696718,-0.0041393,-0.0377581,0.1594302,0.2451618,-1.3648219,0.5082456,9.6979035,27.0609817
2,1,1.1800,SITTING,-1.3297932,0.7202890,9.8175188,0.8658843,-3.0792436,0.1643818,12.0275356,3.2889389,44.4097289,3.0000000,8.0000000,-0.2662686,0.9972153,0.0262751,0.0696717,-0.0041432,0.0270068,0.1293979,0.0497222,-1.3648219,0.5082456,9.6979035,27.0979330
2,1,1.1900,SITTING,-1.3291356,0.5992248,9.6807114,-0.9690579,-1.4083764,0.2123401,12.7799927,4.0619004,44.1213846,3.0000000,8.0000000,-0.2667161,0.9972153,0.0262754,0.0696716,-0.0041471,0.0061163,0.1068827,-0.0568602,-1.3648219,0.5082456,9.6979035,27.0612366
2,1,1.2000,SITTING,-1.2758256,0.4906544,9.6747912,-0.3997111,-0.6272914,0.2239691,13.1575715,3.1425816,44.7641823,3.0000000,8.0000000,-0.2671629,0.9972152,0.0262757,0.0696715,-0.0041510,-0.0064143,-0.0250096,-0.0043788,-1.3648219,0.5082456,9.6979035,27.1016778
2,1,1.2100,SITTING,-1.4216262,0.6026246,9.7832821,-0.0731367,-1.0828113,-0.6467230,12.9401098,3.7592168,43.8969229,3.0000000,8.0000000,-0.2676092,0.9972152,0.0262760,0.0696714,-0.0041548,-0.1216344,0.0052551,0.0877994,-1.3648219,0.5082456,9.6979035,27.0513681
2,1,1.2200,SITTING,-1.4129445,0.5522750,9.7839614,-1.6891781,-2.1136412,-0.5023664,12.7776008,3.4778982,44.2249962,3.0000000,8.0000000,-0.2680548,0.9972152,0.0262762,0.0696713,-0.0041587,-0.0401937,-0.0789434,0.0459191,-1.3648219,0.5082456,9.6979035,27.0797602
2,1,1.2300,SITTING,-1.3035678,0.6542163,9.5928312,-0.0025833,-1.1089209,-0.0718349,12.3620597,3.7740486,44.1758402,3.0000000,8.0000000,-0.2684999,0.9972152,0.0262765,0.0696712,-0.0041626,0.0771005,0.1260407,-0.0419648,-1.3648219,0.5082456,9.6979035,27.1012334
2,1,1.2400,SITTING,-1.1417335,0.6767276,9.5573018,-1.4963230,-1.3414321,-0.7909533,12.0993381,3.2569633,44.0774550,3.0000000,8.0000000,-0.2689443,0.9972152,0.0262768,0.0696711,-0.0041665,0.2233915,0.1566986,-0.1529519,-1.3648219,0.5082456,9.6979035,27.0757470
2,1,1.2500,SITTING,-1.4718053,0.4441133,9.7581235,-0.4293157,-1.4528621,-0.5031289,12.4695049,2.8726926,44.4691251,3.0000000,8.0000000,-0.2693881,0.9972152,0.0262770,0.0696710,-0.0041703,-0.0992378,-0.1016887,0.0386355,-1.3648219,0.5082456,9.6979035,27.0554957
2,1,1.2600,SITTING,-1.4156528,0.5699624,9.6802373,-1.2572985,-0.8500044,-0.2755229,12.6896666,3.1805243,43.9504757,3.0000000,8.0000000,-0.2698314,0.9972151,0.0262773,0.0696709,-0.0041742,-0.0243585,0.0868815,-0.0859606,-1.3648219,0.5082456,9.6979035,27.0662433
2,1,1.2700,SITTING,-1.3547225,0.4538289,9.7121234,-0.6129533,-1.2517671,-0.6267880,12.9344354,3.0269034,44.1282028,3.0000000,8.0000000,-0.2702740,0.9972151,0.0262776,0.0696708,-0.0041780,-0.0418163,-0.0143760,0.0736416,-1.3648219,0.5082456,9.6979035,27.0518240
2,1,1.2800,SITTING,-1.4125555,0.4311612,9.7347338,-0.0463977,-0.4324101,-0.7987193,12.6851162,3.1754255,44.6383395,3.0000000,8.0000000,-0.2707160,0.9972151,0.0262778,0.0696707,-0.0041819,-0.0899152,-0.1075133,0.0235035,-1.3648219,0.5082456,9.6979035,27.0992194
2,1,1.2900,SITTING,-1.3798250,0.6622998,9.6827159,-1.1366778,-1.3736572,-0.8145829,12.3718905,3.4317896,44.0442389,3.0000000,8.0000000,-0.2711574,0.9972151,0.0262781,0.0696706,-0.0041857,0.0340563,0.0524940,-0.0041431,-1.3648219,0.5082456,9.6979035,27.0988111
2,1,1.3000,SITTING,-1.1243093,0.5122488,9.5927957,0.3555551,-0.4265318,-1.3149936,12.6124689,2.6768848,43.8638060,3.0000000,8.0000000,-0.2715982,0.9972151,0.0262784,0.0696705,-0.0041896,0.1869820,-0.0291685,-0.0844445,-1.3648219,0.5082456,9.6979035,27.1022855
2,1,1.3100,SITTING,-1.4978905,0.3821913,9.6714306,-0.9115313,-0.9803028,-0.7299417,12.7691489,2.8449613,44.5582420,3.0000000,8.0000000,-0.2720384,0.9972151,0.0262787,0.0696704,-0.0041934,-0.0877183,-0.1302759,0.0077429,-1.3648219,0.5082456,9.6979035,27.1362933
2,1,1.3200,SITTING,-1.5453061,0.5128319,9.8030804,0.2523115,-1.4719013,-1.0829025,12.2938680,3.9537443,44.3279918,3.0000000,8.0000000,-0.2724779,0.9972150,0.0262789,0.0696703,-0.0041972,-0.2069010,-0.0313092,0.0441285,-1.3648219,0.5082456,9.6979035,27.0897160
2,1,1.3300,SITTING,-1.4525637,0.6532513,9.7218639,-0.0414346,-1.0452675,-0.5674131,12.2508976,3.0244604,44.4137900,3.0000000,8.0000000,-0.2729169,0.9972150,0.0262792,0.0696702,-0.0042010,-0.0717498,0.0805633,0.0081180,-1.3648219,0.5082456,9.6979035,27.1023275
2,1,1.3400,SITTING,-1.4165369,0.5812201,9.7021579,0.2858840,-0.2025602,-0.9038247,12.9048053,2.6715571,44.0217290,3.0000000,8.0000000,-0.2733552,0.9972150,0.0262795,0.0696701,-0.0042049,-0.0851589,0.0716745,-0.0106245,-1.3648219,0.5082456,9.6979035,27.0774955
2,1,1.3500,SITTING,-1.2416568,0.5068017,9.6846135,-0.7975601,-1.6499128,-0.8546940,12.5773809,2.6597043,44.1306580,3.0000000,8.0000000,-0.2737930,0.9972150,0.0262797,0.0696700,-0.0042087,0.1285692,-0.0262962,-0.0531248,-1.3648219,0.5082456,9.6979035,27.0580272
2,1,1.3600,SITTING,-1.3393130,0.5836109,9.7478873,0.6688185,-2.7010318,0.2167050,12.4890994,3.1149993,43.5319139,3.0000000,8.0000000,-0.2742301,0.9972150,0.0262800,0.0696699,-0.0042125,0.0787425,0.0589422,0.0692634,-1.3648219,0.5082456,9.6979035,27.0873715
2,1,1.3700,SITTING,-1.3745324,0.7496746,9.6886661,0.1791093,-0.6420276,-1.4544984,12.3134802,3.5134219,44.6637481,3.0000000,8.0000000,-0.2746666,0.9972150,0.0262803,0.0696698,-0.0042163,0.0365953,0.2590535,0.0383179,-1.3648219,0.5082456,9.6979035,27.0690669
2,1,1.3800,SITTING,-1.3506756,0.5811123,9.6282067,0.4125804,-0.4647998,-0.1820776,11.6976256,2.7205017,44.6166103,3.0000000,8.0000000,-0.2751024,0.9972150,0.0262805,0.0696697,-0.0042201,0.0303175,0.0417702,-0.0420726,-1.3648219,0.5082456,9.6979035,27.1284053
2,1,1.3900,SITTING,-1.4407039,0.6219338,9.7711002,-0.1764010,0.2444623,-0.1667548,12.4690632,3.6822840,44.2784573,3.0000000,8.0000000,-0.2755377,0.9972149,0.0262808,0.0696696,-0.0042238,0.0186459,0.0965965,0.0369644,-1.3648219,0.5082456,9.6979035,27.0605557
2,1,1.4000,SITTING,-1.5211121,0.6629863,9.5683340,-0.5753726,0.1934944,0.4958691,12.1464596,3.4157969,44.1978946,3.0000000,8.0000000,-0.2759723,0.9972149,0.0262810,0.0696695,-0.0042276,-0.1216996,0.0927142,-0.1193184,-1.3648219,0.5082456,9.6979035,27.0825054
2,1,1.4100,SITTING,-1.2438809,0.4452574,9.7683216,-0.7457301,-0.5506099,0.4888690,13.0256627,3.4088841,44.4046296,3.0000000,8.0000000,-0.2764063,0.9972149,0.0262813,0.0696694,-0.0042314,0.1362815,-0.0408967,0.0725953,-1.3648219,0.5082456,9.6979035,27.0468886
2,1,1.4200,SITTING,-1.3753814,0.4783687,9.6693424,-0.9684550,-0.9170673,-0.9270600,12.2519265,3.5183512,44.1088924,3.0000000,8.0000000,-0.2768397,0.9972149,0.0262816,0.0696693,-0.0042352,-0.0869174,-0.0348986,-0.0133613,-1.3648219,0.5082456,9.6979035,27.0806511
2,1,1.4300,SITTING,-1.5150698,0.6427271,9.5935620,-0.1299853,-1.7903027,-1.2091666,12.6632288,3.2361467,44.3318754,3.0000000,8.0000000,-0.2772725,0.9972149,0.0262818,0.0696692,-0.0042389,-0.1134691,0.0751684,-0.0915685,-1.3648219,0.5082456,9.6979035,27.0362383
2,1,1.4400,SITTING,-1.3676098,0.4433243,9.7626785,-0.2374350,-1.2880255,-1.6991243,12.9079822,2.8316806,44.5815873,3.0000000,8.0000000,-0.2777046,0.9972149,0.0262821,0.0696691,-0.0042427,0.0238489,-0.0453741,0.0985090,-1.3648219,0.5082456,9.6979035,27.0845204
2,1,1.4500,SITTING,-1.3671434,0.5044235,9.6628197,1.1295151,-0.4686848,-0.6479041,12.1187674,3.0900008,44.6748206,3.0000000,8.0000000,-0.2781362,0.9972148,0.0262824,0.0696690,-0.0042465,-0.0152186,0.0058006,-0.0079569,-1.3648219,0.5082456,9.6979035,27.1006890
2,1,1.4600,SITTING,-1.3855834,0.5165718,9.7290906,0.1587136,-1.1346656,-2.0001257,12.8623389,3.5512090,44.3966480,3.0000000,8.0000000,-0.2785671,0.9972148,0.0262826,0.0696689,-0.0042502,0.0046882,0.0037376,0.0471292,-1.3648219,0.5082456,9.6979035,27.0509411
2,1,1.4700,SITTING,-1.5088928,0.7349538,9.6151761,-0.2525773,-1.8814097,-0.2569585,11.9151772,3.4940268,44.2954605,3.0000000,8.0000000,-0.2789973,0.9972148,0.0262829,0.0696688,-0.0042540,-0.1017260,0.1334568,-0.0839653,-1.3648219,0.5082456,9.6979035,27.0734817
2,1,1.4800,SITTING,-1.2893266,0.4567388,9.7128669,-0.9531828,-2.0241164,-1.6715683,12.3715836,3.3086202,45.0821548,3.0000000,8.0000000,-0.2794270,0.9972148,0.0262831,0.0696687,-0.0042577,0.1451131,-0.0353196,-0.0349264,-1.3648219,0.5082456,9.6979035,27.1000338
2,1,1.4900,SITTING,-1.2871899,0.7342664,9.6836380,0.1216827,-1.4082490,-0.4880276,13.1743612,3.3317578,44.4244633,3.0000000,8.0000000,-0.2798560,0.9972148,0.0262834,0.0696686,-0.0042614,0.0182858,0.2399513,0.0039957,-1.3648219,0.5082456,9.6979035,27.1383395
2,1,1.5000,SITTING,-1.3159649,0.5104253,9.7700745,0.8195697,-1.3070148,0.2902746,12.5089301,2.7500026,43.3818255,3.0000000,8.0000000,-0.2802844,0.9972148,0.0262837,0.0696685,-0.0042652,0.0541077,0.0063708,0.0768637,-1.3648219,0.5082456,9.6979035,27.0829346
2,1,1.5100,SITTING,-1.3905041,0.4890071,9.8030051,1.4889297,-1.7208040,0.0976559,12.6784020,3.2199687,44.2745091,3.0000000,8.0000000,-0.2807121,0.9972147,0.0262839,0.0696684,-0.0042689,0.0383869,-0.0533788,0.0868977,-1.3648219,0.5082456,9.6979035,27.1182509
2,1,1.5200,SITTING,-1.2893993,0.4961262,9.6795663,0.1501434,-0.3707300,-0.6945900,12.3650794,2.8606341,44.4123023,3.0000000,8.0000000,-0.2811392,0.9972147,0.0262842,0.0696683,-0.0042726,0.0142723,-0.0521730,-0.0165576,-1.3648219,0.5082456,9.6979035,27.1142231
2,1,1.5300,SITTING,-1.4201252,0.4224169,9.7856160,0.2555696,-0.7309856,0.3475406,12.2143117,3.1263862,44.3948850,3.0000000,8.0000000,-0.2815657,0.9972147,0.0262844,0.0696682,-0.0042763,0.0069192,-0.0885374,0.1239148,-1.3648219,0.5082456,9.6979035,27.0854152
2,1,1.5400,SITTING,-1.4590974,0.4356730,9.6580406,-2.2795196,-1.6518444,-0.2625383,12.7194332,2.7318563,44.5509594,3.0000000,8.0000000,-0.2819916,0.9972147,0.0262847,0.0696681,-0.0042800,-0.0241737,-0.0735098,-0.0438081,-1.3648219,0.5082456,9.6979035,27.1395044
2,1,1.5500,SITTING,-1.3161212,0.6565912,9.7217559,-0.6874806,-1.3940269,-0.9425568,12.8769450,3.0539368,44.7788239,3.0000000,8.0000000,-0.2824168,0.9972147,0.0262850,0.0696680,-0.0042837,0.0266954,0.1137086,0.0252048,-1.3648219,0.5082456,9.6979035,27.1140586
2,1,1.5600,SITTING,-1.3635087,0.6236980,9.7784369,-0.4256703,-1.5282113,-1.3591230,12.8810900,3.1704566,43.7469860,3.0000000,8.0000000,-0.2828414,0.9972147,0.0262852,0.0696679,-0.0042874,-0.0324313,0.0256363,0.0423935,-1.3648219,0.5082456,9.6979035,27.0949488
2,1,1.5700,SITTING,-1.3261244,0.4070587,9.6623269,-0.2136374,-1.1833949,0.4287870,12.7446456,2.8539683,43.6782791,3.0000000,8.0000000,-0.2832653,0.9972146,0.0262855,0.0696678,-0.0042911,0.0602260,-0.1256936,-0.0036207,-1.3648219,0.5082456,9.6979035,27.1304383
2,1,1.5800,SITTING,-1.2672174,0.4110612,9.6145552,-0.0061693,-0.7118682,-0.6435202,12.9006285,3.1337823,44.0049718,3.0000000,8.0000000,-0.2836886,0.9972146,0.0262857,0.0696677,-0.0042948,0.0683287,-0.1299768,-0.0880704,-1.3648219,0.5082456,9.6979035,27.0935276
2,1,1.5900,SITTING,-1.3433433,0.5835587,9.7858363,0.1435350,-0.9615363,-1.4523564,12.7286267,2.9980732,44.5101474,3.0000000,8.0000000,-0.2841113,0.9972146,0.0262860,0.0696676,-0.0042985,0.0163256,0.0640961,-0.0187446,-1.3648219,0.5082456,9.6979035,27.0956314
2,1,1.6000,SITTING,-1.4199459,0.5472885,9.7155584,-1.0583929,0.2670990,0.7711047,13.1205243,3.4003601,43.8378570,3.0000000,8.0000000,-0.2845333,0.9972146,0.0262862,0.0696675,-0.0043021,-0.1173892,0.0805701,0.0139446,-1.3648219,0.5082456,9.6979035,27.0791580
2,1,1.6100,SITTING,-1.3649670,0.6494928,9.7515850,0.9468805,-0.8276829,-0.4480690,12.6606904,3.1772830,44.3817587,3.0000000,8.0000000,-0.2849547,0.9972146,0.0262865,0.0696674,-0.0043058,0.0666760,0.1378297,0.0220173,-1.3648219,0.5082456,9.6979035,27.1013782
2,1,1.6200,SITTING,-1.3759192,0.6353871,9.6206950,0.2563976,-1.6250881,0.7595455,12.9530672,3.0253982,44.8006459,3.0000000,8.0000000,-0.2853755,0.9972146,0.0262868,0.0696673,-0.0043095,-0.0330742,0.1358538,-0.1036085,-1.3648219,0.5082456,9.6979035,27.0686344
2,1,1.6300,SITTING,-1.3964485,0.5282364,9.5956720,0.3312089,-1.4212009,-0.3541829,12.7073653,3.8411989,44.3710865,3.0000000,8.0000000,-0.2857956,0.9972146,0.0262870,0.0696672,-0.0043131,-0.0585581,-0.0760994,-0.0865906,-1.3648219,0.5082456,9.6979035,27.1207459
2,1,1.6400,SITTING,-1.3241293,0.6767102,9.7944639,-1.2079938,-0.0961317,-0.1918373,12.5575812,3.2268460,43.7793954,3.0000000,8.0000000,-0.2862151,0.9972145,0.0262873,0.0696671,-0.0043168,0.0110688,0.1089290,0.0522414,-1.3648219,0.5082456,9.6979035,27.0989667
2,1,1.6500,SITTING,-1.3582177,0.6093052,9.8244957,-1.1222509,-0.3577437,0.2891987,12.5730269,3.6757517,43.7207940,3.0000000,8.0000000,-0.2866339,0.9972145,0.0262875,0.0696670,-0.0043204,0.0406548,0.0706411,0.1719155,-1.3648219,0.5082456,9.6979035,27.0992972
2,1,1.6600,SITTING,-1.3756962,0.5662496,9.7053687,0.2980524,-1.1483673,-0.0888546,12.7135190,3.0235288,44.2375205,3.0000000,8.0000000,-0.2870521,0.9972145,0.0262878,0.0696669,-0.0043240,0.0101781,0.0504257,0.0383884,-1.3648219,0.5082456,9.6979035,27.1225269
2,1,1.6700,SITTING,-1.4850902,0.5705290,9.7401261,0.1022061,-1.4631372,-0.5407551,12.6717418,3.2335887,43.7690958,3.0000000,8.0000000,-0.2874696,0.9972145,0.0262880,0.0696668,-0.0043277,-0.0507899,-0.0170899,0.0036831,-1.3648219,0.5082456,9.6979035,27.0974938
2,1,1.6800,SITTING,-1.3507164,0.5468728,9.8814884,-1.8133884,-1.6494180,-1.4692286,12.2289831,2.9127869,44.2243046,3.0000000,8.0000000,-0.2878865,0.9972145,0.0262883,0.0696667,-0.0043313,-0.0140209,0.0365469,0.2206162,-1.3648219,0.5082456,9.6979035,27.0812673
2,1,1.6900,SITTING,-1.4733716,0.5176807,9.5885279,-0.1783708,-0.7073442,-0.2290727,12.3096316,3.2586487,44.0930055,3.0000000,8.0000000,-0.2883027,0.9972145,0.0262885,0.0696667,-0.0043349,-0.1118183,-0.0464094,-0.0776602,-1.3648219,0.5082456,9.6979035,27.0877165
2,1,1.7000,SITTING,-1.3585454,0.5303283,9.6090604,0.1095868,-1.2372290,0.0687770,12.8729788,2.6891485,44.2818938,3.0000000,8.0000000,-0.2887183,0.9972144,0.0262888,0.0696666,-0.0043385,0.0364002,-0.0265695,-0.1143164,-1.3648219,0.5082456,9.6979035,27.1013894
2,1,1.7100,SITTING,-1.4891153,0.4988372,9.7648263,0.1722227,-1.5521186,0.9173990,12.6043512,3.3781713,43.6325576,3.0000000,8.0000000,-0.2891332,0.9972144,0.0262890,0.0696665,-0.0043422,-0.1528455,-0.0513183,0.0387447,-1.3648219,0.5082456,9.6979035,27.1670307
2,1,1.7200,SITTING,-1.2333498,0.3659824,9.8528947,0.1566678,-2.4781540,-0.8113741,13.0422883,3.3356072,44.5309129,3.0000000,8.0000000,-0.2895475,0.9972144,0.0262893,0.0696664,-0.0043458,0.1141548,-0.0984854,0.1467985,-1.3648219,0.5082456,9.6979035,27.1002239
2,1,1.7300,SITTING,-1.4407508,0.4469710,9.7032368,-0.6654376,-0.5176724,0.1496639,11.5769963,3.5200512,43.4908692,3.0000000,8.0000000,-0.2899612,0.9972144,0.0262895,0.0696663,-0.0043494,-0.0312061,-0.0676729,0.0814821,-1.3648219,0.5082456,9.6979035,27.0488054
2,1,1.7400,SITTING,-1.2540970,0.4571155,9.6742759,0.0301015,-1.7355269,0.2015127,12.6017713,3.4215827,43.9966994,3.0000000,8.0000000,-0.2903742,0.9972144,0.0262898,0.0696662,-0.0043530,0.1752608,-0.0158749,-0.0002378,-1.3648219,0.5082456,9.6979035,27.0827503
2,1,1.7500,SITTING,-1.6078247,0.5646734,9.7298260,0.0897946,-1.1697121,1.4670675,12.9840629,3.0126128,43.9980582,3.0000000,8.0000000,-0.2907865,0.9972144,0.0262901,0.0696661,-0.0043565,-0.1757830,0.0182608,-0.0066991,-1.3648219,0.5082456,9.6979035,27.1416899
2,1,1.7600,SITTING,-1.3999448,0.5392000,9.7836838,-1.3980657,-2.5482530,-0.7655534,12.4939310,3.5224204,44.3234959,3.0000000,8.0000000,-0.2911982,0.9972143,0.0262903,0.0696660,-0.0043601,-0.0850265,-0.0012266,0.0136475,-1.3648219,0.5082456,9.6979035,27.0984285
2,1,1.7700,SITTING,-1.4800286,0.5661239,9.7514422,-0.4383569,-0.3309463,-0.5919110,12.7886705,3.3611241,44.2631127,3.0000000,8.0000000,-0.2916092,0.9972143,0.0262906,0.0696659,-0.0043637,-0.1378650,-0.0178689,0.0161117,-1.3648219,0.5082456,9.6979035,27.1201093
2,1,1.7800,SITTING,-1.4266904,0.6004967,9.7793024,-1.0035000,-0.9830717,-0.0681717,12.7590184,2.9090001,44.6144049,3.0000000,8.0000000,-0.2920195,0.9972143,0.0262908,0.0696658,-0.0043673,-0.0324353,0.1448143,0.0939521,-1.3648219,0.5082456,9.6979035,27.1185369
2,1,1.7900,SITTING,-1.4643210,0.4892866,9.7504529,0.2586064,-1.8307963,-0.0203653,12.5071341,3.4068748,44.0588659,3.0000000,8.0000000,-0.2924293,0.9972143,0.0262910,0.0696657,-0.0043708,-0.0659299,-0.1393179,0.0540198,-1.3648219,0.5082456,9.6979035,27.1856056
2,1,1.8000,SITTING,-1.5531003,0.5639842,9.7048902,-0.1774880,-0.5531391,-0.8167440,12.4503770,3.1437900,44.4075155,3.0000000,8.0000000,-0.2928383,0.9972143,0.0262913,0.0696656,-0.0043744,-0.1207904,0.0440588,-0.0031397,-1.3648219,0.5082456,9.6979035,27.1313863
2,1,1.8100,SITTING,-1.5035147,0.3749099,9.6809956,0.8593369,-0.4492525,-1.5133032,12.7031582,3.4643539,44.2839385,3.0000000,8.0000000,-0.2932467,0.9972143,0.0262915,0.0696655,-0.0043780,-0.1310949,-0.1225683,0.0429500,-1.3648219,0.5082456,9.6979035,27.1025866
2,1,1.8200,SITTING,-1.4020711,0.5141437,9.7456988,-0.0560081,-1.4157647,-0.9656366,12.8981993,3.1270275,44.5228147,3.0000000,8.0000000,-0.2936544,0.9972143,0.0262918,0.0696654,-0.0043815,-0.0213009,0.0346905,0.0190805,-1.3648219,0.5082456,9.6979035,27.0816929
2,1,1.8300,SITTING,-1.2925327,0.6431313,9.7217023,0.2042665,-0.7383097,-0.3657519,12.5730503,2.9838581,44.3275611,3.0000000,8.0000000,-0.2940615,0.9972142,0.0262920,0.0696653,-0.0043850,0.0667892,0.0294558,0.0284910,-1.3648219,0.5082456,9.6979035,27.1459005
2,1,1.8400,SITTING,-1.2500040,0.5225612,9.7117194,-1.1564100,-0.5408412,-0.8580346,12.4523542,3.1249356,44.2013719,3.0000000,8.0000000,-0.2944679,0.9972142,0.0262923,0.0696652,-0.0043886,0.1518921,-0.0516352,0.0886481,-1.3648219,0.5082456,9.6979035,27.1373562
2,1,1.8500,SITTING,-1.3965201,0.5023916,9.7595540,-0.7731951,-1.1595509,-1.1908421,12.4378544,2.8934808,44.8826066,3.0000000,8.0000000,-0.2948737,0.9972142,0.0262925,0.0696651,-0.0043921,-0.0745870,-0.0770399,0.0193546,-1.3648219,0.5082456,9.6979035,27.1089387
2,1,1.8600,SITTING,-1.4230820,0.4913822,9.7066598,0.1988678,-2.1428331,0.2388529,12.4895203,3.1687811,44.1015176,3.0000000,8.0000000,-0.2952787,0.9972142,0.0262928,0.0696651,-0.0043956,-0.0383035,-0.0190752,0.0287984,-1.3648219,0.5082456,9.6979035,27.0935881
2,1,1.8700,SITTING,-1.4761722,0.5231012,9.6538152,-0.3875640,-1.0331953,0.1874129,12.6904386,3.9211587,44.4438840,3.0000000,8.0000000,-0.2956832,0.9972142,0.0262930,0.0696650,-0.0043992,-0.1049658,-0.0376155,-0.0002617,-1.3648219,0.5082456,9.6979035,27.0617650
2,1,1.8800,SITTING,-1.4221176,0.5127574,9.4811473,-1.2587848,-1.7763725,-1.1217652,12.7108494,2.8427015,44.4658767,3.0000000,8.0000000,-0.2960869,0.9972142,0.0262933,0.0696649,-0.0044027,-0.0123660,-0.0680163,-0.2597224,-1.3648219,0.5082456,9.6979035,27.1280202
2,1,1.8900,SITTING,-1.3287927,0.5509542,9.8067104,-0.9829308,-1.9684774,0.3938265,12.9454282,2.9250909,43.9145540,3.0000000,8.0000000,-0.2964900,0.9972141,0.0262935,0.0696648,-0.0044062,-0.0285055,-0.0326004,0.0908838,-1.3648219,0.5082456,9.6979035,27.0421824
2,1,1.9000,SITTING,-1.3728876,0.5058574,9.6305266,0.6728872,-2.0861680,-0.0124752,12.3428202,3.0496634,43.9665823,3.0000000,8.0000000,-0.2968924,0.9972141,0.0262938,0.0696647,-0.0044097,-0.0167090,0.0013971,-0.0294073,-1.3648219,0.5082456,9.6979035,27.0977501
2,1,1.9100,SITTING,-1.2296328,0.5428675,9.6649740,-0.1547837,-1.1029086,-0.9220120,12.3858424,3.0860574,44.6275616,3.0000000,8.0000000,-0.2972942,0.9972141,0.0262940,0.0696646,-0.0044132,0.1700152,-0.0572101,-0.0511885,-1.3648219,0.5082456,9.6979035,27.1487629
2,1,1.9200,SITTING,-1.3293350,0.8295773,9.6221472,-0.8875030,-2.1557865,-0.2766565,13.3924692,2.6068315,43.9559141,3.0000000,8.0000000,-0.2976953,0.9972141,0.0262943,0.0696645,-0.0044167,0.0793345,0.2526420,-0.0766306,-1.3648219,0.5082456,9.6979035,27.1891096
2,1,1.9300,SITTING,-1.2257435,0.4245962,9.7240793,0.3788425,-0.8150659,-1.1009336,12.7909824,2.8324433,43.8877387,3.0000000,8.0000000,-0.2980957,0.9972141,0.0262945,0.0696644,-0.0044202,0.1125512,-0.0622161,0.0802222,-1.3648219,0.5082456,9.6979035,27.1220763
2,1,1.9400,SITTING,-1.4380527,0.5059251,9.7802632,0.2706331,0.8157234,0.7571622,12.9673001,3.0228521,43.6051744,3.0000000,8.0000000,-0.2984954,0.9972141,0.0262947,0.0696643,-0.0044236,-0.0966821,-0.0516053,0.0482762,-1.3648219,0.5082456,9.6979035,27.0833441
2,1,1.9500,SITTING,-1.3577823,0.5871902,9.6936931,0.2917139,-1.3562150,0.2973798,12.6702429,3.3410772,44.1447496,3.0000000,8.0000000,-0.2988945,0.9972141,0.0262950,0.0696642,-0.0044271,0.0076701,0.0397161,0.0674872,-1.3648219,0.5082456,9.6979035,27.0918475
2,1,1.9600,SITTING,-1.3550009,0.5938292,9.7622990,0.8940823,-0.8638840,-0.3034188,13.0162198,3.1303784,44.8970115,3.0000000,8.0000000,-0.2992929,0.9972140,0.0262952,0.0696641,-0.0044306,0.0128650,0.1308882,0.0150571,-1.3648219,0.5082456,9.6979035,27.1394501
2,1,1.9700,SITTING,-1.4099198,0.7111757,9.6188387,-0.6240197,-1.1459664,-1.7683185,12.9255723,3.4508062,44.6091025,3.0000000,8.0000000,-0.2996906,0.9972140,0.0262955,0.0696640,-0.0044340,-0.0170320,0.2090856,-0.1118352,-1.3648219,0.5082456,9.6979035,27.1096213
2,1,1.9800,SITTING,-1.2462258,0.5222435,9.6973282,0.7794883,-1.5600837,-0.5564228,12.5124675,3.4105063,44.3348208,3.0000000,8.0000000,-0.3000877,0.9972140,0.0262957,0.0696639,-0.0044375,0.0671328,-0.0510415,-0.1405805,-1.3648219,0.5082456,9.6979035,27.1577903
2,1,1.9900,SITTING,-1.3983487,0.5658110,9.6602005,2.1862694,0.0855930,-1.7549811,12.1741170,3.3742699,44.2392708,3.0000000,8.0000000,-0.3004840,0.9972140,0.0262959,0.0696639,-0.0044409,-0.0244759,-0.0276253,-0.0023092,-1.3648219,0.5082456,9.6979035,27.1526898
2,1,0.0000,STANDING,-0.3962166,0.0662291,9.9480277,-0.6508611,1.3091555,0.1647327,19.8931416,1.2687337,42.8258706,1.0000000,2.0000000,-0.1592719,0.9998084,0.0087495,0.0174396,-0.0015419,-0.0831306,-0.1734215,0.0909997,-0.3422471,0.1710454,9.7991834,27.0545572
2,1,0.0100,STANDING,-0.4488428,0.2773432,9.9315140,-0.7208110,-0.6227675,1.3391854,20.0305966,0.7597598,43.5537043,1.0000000,2.0000000,-0.1587213,0.9998085,0.0087494,0.0174396,-0.0015371,-0.0143443,0.0446613,0.1161561,-0.3422471,0.1710454,9.7991834,26.9892343
2,1,0.0200,STANDING,-0.2209988,0.0689338,9.9420923,-1.8342694,-1.5466542,0.3000164,19.6278473,1.5145919,42.7567953,1.0000000,2.0000000,-0.1581704,0.9998085,0.0087493,0.0174397,-0.0015323,0.0754283,-0.1711941,0.0951157,-0.3422471,0.1710454,9.7991834,26.9973108
2,1,0.0300,STANDING,-0.6435158,0.1098319,9.7977671,-0.2262070,-0.2943056,0.0423584,19.6494637,1.2547822,43.3313530,1.0000000,2.0000000,-0.1576191,0.9998085,0.0087492,0.0174397,-0.0015275,-0.1852684,0.0087857,-0.0281063,-0.3422471,0.1710454,9.7991834,26.9910592
2,1,0.0400,STANDING,-0.2154594,0.3618324,9.7308740,0.3627964,0.5300173,1.4357135,19.5549060,1.3948335,43.6624752,1.0000000,2.0000000,-0.1570675,0.9998085,0.0087491,0.0174398,-0.0015227,0.1238358,0.1598396,-0.0042280,-0.3422471,0.1710454,9.7991834,27.0010114
2,1,0.0500,STANDING,-0.4213021,0.2288595,9.5139337,-0.5830930,0.5529347,-0.0985876,20.5204371,1.9724313,42.3891229,1.0000000,2.0000000,-0.1565155,0.9998085,0.0087490,0.0174398,-0.0015179,-0.0114227,0.1257313,-0.2135178,-0.3422471,0.1710454,9.7991834,26.9993190
2,1,0.0600,STANDING,-0.3136111,0.1631087,9.9135915,-0.7111231,-0.3596930,1.0520207,20.3267728,1.7176791,43.1100740,1.0000000,2.0000000,-0.1559632,0.9998085,0.0087490,0.0174399,-0.0015131,0.0996358,0.0551777,0.1353316,-0.3422471,0.1710454,9.7991834,27.0058055
2,1,0.0700,STANDING,-0.3400100,0.0221742,9.8443340,-1.4327578,-0.3252285,-0.0283384,19.8263781,1.1372160,43.0018461,1.0000000,2.0000000,-0.1554105,0.9998085,0.0087489,0.0174399,-0.0015083,0.0444142,-0.0995522,0.0653522,-0.3422471,0.1710454,9.7991834,27.0323869
2,1,0.0800,STANDING,-0.3228457,0.2365580,9.5911536,-0.4396246,-0.6584962,1.1971367,20.4435239,1.5570045,42.8820322,1.0000000,2.0000000,-0.1548575,0.9998085,0.0087488,0.0174399,-0.0015034,-0.0080604,0.0247979,-0.2177063,-0.3422471,0.1710454,9.7991834,27.0537899
2,1,0.0900,STANDING,-0.1963503,0.2117086,9.7170723,-0.5414471,-0.8822251,-0.0514038,19.8566502,1.4717740,43.2158896,1.0000000,2.0000000,-0.1543041,0.9998085,0.0087487,0.0174400,-0.0014986,0.1277922,0.0933841,-0.0707750,-0.3422471,0.1710454,9.7991834,27.0145686
2,1,0.1000,STANDING,-0.4120289,0.3307025,9.8356315,-1.6021500,-0.6080933,-1.3812407,19.0723715,1.0618423,43.0811124,1.0000000,2.0000000,-0.1537503,0.9998085,0.0087486,0.0174400,-0.0014938,0.0236518,0.1496006,0.0201181,-0.3422471,0.1710454,9.7991834,26.9723745
2,1,0.1100,STANDING,-0.3624919,0.0987983,9.7253712,-0.2926139,0.1630768,-0.0478161,19.7139445,2.3178731,42.8568296,1.0000000,2.0000000,-0.1531963,0.9998085,0.0087485,0.0174401,-0.0014889,0.0772381,-0.1048466,-0.0701732,-0.3422471,0.1710454,9.7991834,26.9604966
2,1,0.1200,STANDING,-0.6154695,0.2125011,9.5853399,-1.7687644,0.1431002,-0.7767007,19.8278041,0.9940321,43.3799823,1.0000000,2.0000000,-0.1526418,0.9998085,0.0087484,0.0174401,-0.0014841,-0.2377183,0.0691239,-0.1830030,-0.3422471,0.1710454,9.7991834,26.9223251
2,1,0.1300,STANDING,-0.1953766,0.2834425,9.9087630,-1.0754240,0.3258712,-0.0891839,19.9538348,1.8572958,43.1062230,1.0000000,2.0000000,-0.1520871,0.9998085,0.0087484,0.0174401,-0.0014793,0.1362968,0.0268275,0.0601776,-0.3422471,0.1710454,9.7991834,27.0417044
2,1,0.1400,STANDING,-0.3932022,0.1604619,9.6953408,-0.1651849,-1.1278449,0.6853902,19.4965195,1.5968401,43.4939705,1.0000000,2.0000000,-0.1515320,0.9998085,0.0087483,0.0174402,-0.0014744,-0.0392943,-0.0739179,-0.1582820,-0.3422471,0.1710454,9.7991834,27.0093274
2,1,0.1500,STANDING,-0.4401158,0.2530881,9.7925472,-0.7543119,-0.5470751,-1.0483166,19.6211905,1.6897768,42.8436323,1.0000000,2.0000000,-0.1509765,0.9998086,0.0087482,0.0174402,-0.0014696,-0.0452385,0.0498982,0.0521427,-0.3422471,0.1710454,9.7991834,26.9801402
2,1,0.1600,STANDING,-0.3024405,0.1916190,9.7126945,-1.4285095,1.1793968,0.6827268,19.5694770,1.7635157,43.7379831,1.0000000,2.0000000,-0.1504207,0.9998086,0.0087481,0.0174403,-0.0014647,0.0181333,-0.0400379,-0.0216230,-0.3422471,0.1710454,9.7991834,26.9617138
2,1,0.1700,STANDING,-0.3139469,0.1976485,9.8134375,0.0929559,-0.2245240,0.1543135,19.7195726,1.6666220,43.6065644,1.0000000,2.0000000,-0.1498646,0.9998086,0.0087480,0.0174403,-0.0014599,0.1368786,-0.0392693,0.0100327,-0.3422471,0.1710454,9.7991834,27.0602007
2,1,0.1800,STANDING,-0.4654559,0.2539985,9.8635029,-1.8071569,0.0238931,-0.8911077,20.1606415,1.0701773,43.0675725,1.0000000,2.0000000,-0.1493081,0.9998086,0.0087479,0.0174404,-0.0014550,-0.0453050,0.1009032,0.1121834,-0.3422471,0.1710454,9.7991834,27.0174606
2,1,0.1900,STANDING,-0.5015124,0.0206645,9.7519379,-0.5465533,-0.4669363,1.5823860,19.5155930,1.5984543,43.1157334,1.0000000,2.0000000,-0.1487513,0.9998086,0.0087479,0.0174404,-0.0014502,-0.1007117,-0.1486483,0.0271201,-0.3422471,0.1710454,9.7991834,27.0076177
2,1,0.2000,STANDING,-0.4274723,0.1774960,9.9737210,-1.7415404,0.6140436,0.5537434,19.6862900,1.5090346,43.1198140,1.0000000,2.0000000,-0.1481942,0.9998086,0.0087478,0.0174404,-0.0014453,-0.0308479,-0.0164725,0.1577588,-0.3422471,0.1710454,9.7991834,27.0224405
2,1,0.2100,STANDING,-0.4605658,0.1494955,9.7760269,-0.6551872,0.8204127,-0.2643304,19.8061430,1.5838517,44.1280642,1.0000000,2.0000000,-0.1476367,0.9998086,0.0087477,0.0174405,-0.0014404,-0.0713665,-0.0350871,0.0459051,-0.3422471,0.1710454,9.7991834,27.0414365
2,1,0.2200,STANDING,-0.4077267,0.2791862,9.7109070,-1.3588013,-0.0655836,0.4265322,20.0030809,1.7589668,42.9487382,1.0000000,2.0000000,-0.1470789,0.9998086,0.0087476,0.0174405,-0.0014356,-0.0241857,0.1540406,-0.0810338,-0.3422471,0.1710454,9.7991834,27.0470968
2,1,0.2300,STANDING,-0.2853149,0.2143552,9.7898995,-1.5088683,0.8300276,1.1773103,20.5367433,1.5162107,42.8363781,1.0000000,2.0000000,-0.1465208,0.9998086,0.0087475,0.0174406,-0.0014307,0.0968697,0.0541610,0.0157852,-0.3422471,0.1710454,9.7991834,27.0435582
2,1,0.2400,STANDING,-0.3408430,0.1236469,9.8201889,-1.5455118,0.4052628,-0.3164319,20.1293719,1.8605734,43.0101545,1.0000000,2.0000000,-0.1459623,0.9998086,0.0087474,0.0174406,-0.0014258,0.0224365,-0.0447291,0.0205614,-0.3422471,0.1710454,9.7991834,27.0302763
2,1,0.2500,STANDING,-0.3240234,0.2978799,9.8935762,-0.5711062,-0.4430714,0.5246510,20.1533198,2.0333550,43.0581593,1.0000000,2.0000000,-0.1454035,0.9998086,0.0087473,0.0174407,-0.0014209,0.0714719,0.1359345,0.1167484,-0.3422471,0.1710454,9.7991834,27.0332553
2,1,0.2600,STANDING,-0.2263256,-0.0180886,9.9430457,-0.1481092,0.6666773,0.9218359,19.5731469,2.3025057,43.7934382,1.0000000,2.0000000,-0.1448444,0.9998086,0.0087473,0.0174407,-0.0014161,0.1254358,-0.1815402,0.0981238,-0.3422471,0.1710454,9.7991834,27.0255357
2,1,0.2700,STANDING,-0.5141657,0.1376809,9.8588310,0.1142428,-0.1540805,-2.2882272,19.8421793,1.3928616,42.4094629,1.0000000,2.0000000,-0.1442850,0.9998086,0.0087472,0.0174407,-0.0014112,-0.0872070,0.0188532,0.0373465,-0.3422471,0.1710454,9.7991834,26.9851073
2,1,0.2800,STANDING,-0.3228686,0.3469856,9.6448887,-0.0676688,-1.1384893,1.6814168,20.6684970,0.9088293,43.6422834,1.0000000,2.0000000,-0.1437252,0.9998086,0.0087471,0.0174408,-0.0014063,0.0204888,0.1399562,-0.0806761,-0.3422471,0.1710454,9.7991834,27.0169897
2,1,0.2900,STANDING,-0.4776190,0.3037848,9.8485718,-0.9346595,-1.3860462,-0.3198711,19.5793050,1.5881020,43.4527392,1.0000000,2.0000000,-0.1431651,0.9998087,0.0087470,0.0174408,-0.0014014,-0.1140523,0.1468867,0.0304348,-0.3422471,0.1710454,9.7991834,27.0287952
2,1,0.3000,STANDING,-0.4099994,0.0053554,9.7830000,-1.1797967,1.3468389,-0.5302788,20.2568660,1.4098949,43.1620500,1.0000000,2.0000000,-0.1426047,0.9998087,0.0087469,0.0174409,-0.0013965,-0.0802605,-0.1944014,-0.0133288,-0.3422471,0.1710454,9.7991834,27.0042545
2,1,0.3100,STANDING,-0.6115368,0.0443660,10.1407359,1.2502880,0.0585305,2.2366781,19.8635355,1.1346096,42.9854977,1.0000000,2.0000000,-0.1420440,0.9998087,0.0087468,0.0174409,-0.0013916,-0.2237191,-0.1812440,0.2983331,-0.3422471,0.1710454,9.7991834,27.0182733
2,1,0.3200,STANDING,-0.4213180,0.2909227,9.8220865,-0.5442209,1.4204571,-1.7286659,20.3618167,1.6608105,43.4766272,1.0000000,2.0000000,-0.1414829,0.9998087,0.0087467,0.0174410,-0.0013867,-0.0421939,0.1136440,0.0354587,-0.3422471,0.1710454,9.7991834,27.0591402
2,1,0.3300,STANDING,-0.3002920,0.0108995,9.6993765,0.7856129,0.1984504,0.2033590,20.0133734,1.4241334,42.9836094,1.0000000,2.0000000,-0.1409215,0.9998087,0.0087467,0.0174410,-0.0013818,0.0743808,-0.1696385,-0.1375011,-0.3422471,0.1710454,9.7991834,26.9974153
2,1,0.3400,STANDING,-0.4698698,0.3262787,9.8375273,-0.5540538,-0.2287948,0.9902713,19.9429429,1.6466648,43.3051168,1.0000000,2.0000000,-0.1403598,0.9998087,0.0087466,0.0174410,-0.0013769,-0.0600196,0.1794597,0.0626666,-0.3422471,0.1710454,9.7991834,27.0183211
2,1,0.3500,STANDING,-0.3560054,0.3924962,9.8295341,-0.7421785,-0.2874350,-0.1164229,20.3132458,1.7633356,43.3233961,1.0000000,2.0000000,-0.1397978,0.9998087,0.0087465,0.0174411,-0.0013720,0.0301040,0.3030727,0.0514756,-0.3422471,0.1710454,9.7991834,27.0820029
2,1,0.3600,STANDING,-0.1931551,0.2735695,9.8438393,-0.4158601,0.4773640,-0.2313091,20.0996436,1.5358636,43.4176401,1.0000000,2.0000000,-0.1392355,0.9998087,0.0087464,0.0174411,-0.0013671,0.1775584,0.0460661,-0.0135947,-0.3422471,0.1710454,9.7991834,27.0166161
2,1,0.3700,STANDING,-0.4050215,0.3530331,9.7130525,-0.3739052,0.5977919,0.3346241,19.6933250,1.3847929,43.5743666,1.0000000,2.0000000,-0.1386729,0.9998087,0.0087463,0.0174412,-0.0013622,0.0016022,0.2018298,-0.0274219,-0.3422471,0.1710454,9.7991834,27.0257107
2,1,0.3800,STANDING,-0.1754049,0.0859032,9.6688810,-0.4511439,-1.7754090,-0.3549346,19.6022678,1.6129740,43.8052547,1.0000000,2.0000000,-0.1381099,0.9998087,0.0087462,0.0174412,-0.0013573,0.1590111,-0.0290959,-0.1635743,-0.3422471,0.1710454,9.7991834,26.9872625
2,1,0.3900,STANDING,-0.2493793,0.0610346,9.8230757,0.5455602,-0.3727229,1.3671274,19.9048727,1.1743095,43.2970352,1.0000000,2.0000000,-0.1375467,0.9998087,0.0087461,0.0174413,-0.0013524,0.1864402,-0.1149200,-0.0741146,-0.3422471,0.1710454,9.7991834,27.0022858
2,1,0.4000,STANDING,-0.4038622,0.2537233,10.1125109,-0.3449689,-0.3791455,-0.5409386,19.7316086,2.1890786,42.6462837,1.0000000,2.0000000,-0.1369831,0.9998087,0.0087461,0.0174413,-0.0013475,0.0396619,0.0698762,0.3142690,-0.3422471,0.1710454,9.7991834,27.0248560
2,1,0.4100,STANDING,-0.1641677,0.1617776,9.7711417,-0.8311303,-0.5482335,0.9204058,19.4502741,1.4173735,42.8625118,1.0000000,2.0000000,-0.1364192,0.9998087,0.0087460,0.0174413,-0.0013426,0.1971620,0.0184496,0.0067150,-0.3422471,0.1710454,9.7991834,27.0551099
2,1,0.4200,STANDING,-0.3027350,0.1590538,9.7094253,-2.4287774,-1.4620896,0.9738201,20.0399416,1.7635307,43.4791597,1.0000000,2.0000000,-0.1358551,0.9998087,0.0087459,0.0174414,-0.0013376,0.0719051,0.0169972,-0.0797378,-0.3422471,0.1710454,9.7991834,27.0416318
2,1,0.4300,STANDING,-0.5851678,0.2473152,9.8482936,-0.3461497,-0.2373515,0.0805884,19.5241894,1.3838440,43.1730868,1.0000000,2.0000000,-0.1352906,0.9998087,0.0087458,0.0174414,-0.0013327,-0.1221234,0.0822809,0.0765847,-0.3422471,0.1710454,9.7991834,27.0421926
2,1,0.4400,STANDING,-0.3743492,0.2462642,9.7952577,-0.2479914,0.5911235,1.2027975,19.4035432,1.4481687,43.7723569,1.0000000,2.0000000,-0.1347258,0.9998088,0.0087457,0.0174415,-0.0013278,0.0516941,0.0710059,0.0192152,-0.3422471,0.1710454,9.7991834,27.0160928
2,1,0.4500,STANDING,-0.5044526,0.3002657,9.8456970,-0.2675023,-0.7311481,-0.5665682,20.4864072,1.1701627,43.1790857,1.0000000,2.0000000,-0.1341607,0.9998088,0.0087456,0.0174415,-0.0013228,-0.0893765,0.1035622,0.0682923,-0.3422471,0.1710454,9.7991834,27.0339156
2,1,0.4600,STANDING,-0.5824151,0.0618354,9.6588352,-2.1587703,0.2964387,-0.4997125,19.5156151,1.6783565,43.2834290,1.0000000,2.0000000,-0.1335953,0.9998088,0.0087455,0.0174416,-0.0013179,-0.1875758,-0.1311674,-0.0485910,-0.3422471,0.1710454,9.7991834,27.0582023
2,1,0.4700,STANDING,-0.2979597,0.1984582,9.6962135,-1.8682480,-0.1673936,-1.0586698,19.8570959,1.7789429,43.1834349,1.0000000,2.0000000,-0.1330296,0.9998088,0.0087455,0.0174416,-0.0013130,0.1268044,0.0393261,-0.0387911,-0.3422471,0.1710454,9.7991834,27.0408660
2,1,0.4800,STANDING,-0.4099641,0.3310328,9.8979250,-0.3194765,0.7272320,0.2785695,20.3095274,1.8050983,43.4432090,1.0000000,2.0000000,-0.1324636,0.9998088,0.0087454,0.0174416,-0.0013080,0.0034535,0.1582609,0.1228850,-0.3422471,0.1710454,9.7991834,26.9997925
2,1,0.4900,STANDING,-0.2622889,0.0281289,10.0160404,-0.9774786,0.6642004,-0.2788591,20.0816509,1.1227841,43.3422101,1.0000000,2.0000000,-0.1318973,0.9998088,0.0087453,0.0174417,-0.0013031,0.1667602,-0.1672016,0.1508344,-0.3422471,0.1710454,9.7991834,27.0249543
2,1,0.5000,STANDING,-0.3549402,0.2848558,9.9343639,-0.7735638,-0.7572559,-0.0594996,19.6361843,1.5545275,43.1733175,1.0000000,2.0000000,-0.1313307,0.9998088,0.0087452,0.0174417,-0.0012982,0.0215933,0.0120333,0.0979200,-0.3422471,0.1710454,9.7991834,27.0841631
2,1,0.5100,STANDING,-0.3363585,0.2586996,9.8298969,-0.6482180,0.8332221,-0.7514909,20.0368867,1.9094644,43.3033782,1.0000000,2.0000000,-0.1307638,0.9998088,0.0087451,0.0174418,-0.0012932,0.0972971,0.0787110,0.0400861,-0.3422471,0.1710454,9.7991834,27.0900243
2,1,0.5200,STANDING,-0.4622490,0.1707317,9.7532598,-0.1383876,0.3482144,-0.4050165,19.8276662,2.3093883,42.9849760,1.0000000,2.0000000,-0.1301966,0.9998088,0.0087450,0.0174418,-0.0012883,-0.0662468,-0.0120205,0.0427532,-0.3422471,0.1710454,9.7991834,27.0502371
2,1,0.5300,STANDING,-0.3799946,0.1829067,9.8965269,0.0985434,-0.9755097,0.1868861,19.6394203,1.7421392,42.4328063,1.0000000,2.0000000,-0.1296292,0.9998088,0.0087449,0.0174419,-0.0012833,0.0082968,0.0155582,0.0241824,-0.3422471,0.1710454,9.7991834,27.0522457
2,1,0.5400,STANDING,-0.2875423,0.2029708,9.7748120,-0.3181641,-0.3552007,-0.4365426,20.1217082,1.4065943,43.2510585,1.0000000,2.0000000,-0.1290614,0.9998088,0.0087449,0.0174419,-0.0012784,0.1531234,-0.0426299,-0.0306231,-0.3422471,0.1710454,9.7991834,26.9825689
2,1,0.5500,STANDING,-0.4484506,0.1590325,9.7764068,0.0006135,0.2054523,0.5654979,19.5221222,0.8226437,42.7645591,1.0000000,2.0000000,-0.1284934,0.9998088,0.0087448,0.0174419,-0.0012734,-0.0864316,-0.0376040,0.0038723,-0.3422471,0.1710454,9.7991834,27.0718934
2,1,0.5600,STANDING,-0.2788101,-0.0309836,9.7661482,-0.5552168,0.3352478,-0.2586370,19.7705277,1.2097479,43.2005660,1.0000000,2.0000000,-0.1279250,0.9998088,0.0087447,0.0174420,-0.0012684,0.1045613,-0.1495400,-0.0155819,-0.3422471,0.1710454,9.7991834,27.0277912
2,1,0.5700,STANDING,-0.4525634,0.2464953,9.9627928,-1.0291713,0.4671318,-1.9573475,19.8314476,0.9090724,43.4034044,1.0000000,2.0000000,-0.1273564,0.9998088,0.0087446,0.0174420,-0.0012635,-0.0775725,0.0048609,0.1327626,-0.3422471,0.1710454,9.7991834,27.0071098
2,1,0.5800,STANDING,-0.3974193,0.2858778,9.8606235,-2.2999236,-0.5976744,-0.1526891,20.1933223,1.3718501,42.5810951,1.0000000,2.0000000,-0.1267875,0.9998088,0.0087445,0.0174421,-0.0012585,-0.0055831,0.0738759,0.0434177,-0.3422471,0.1710454,9.7991834,27.0533482
2,1,0.5900,STANDING,-0.4650630,0.1430518,9.8041365,-1.8050511,0.1189951,0.6668844,19.9707890,1.8724659,43.4054302,1.0000000,2.0000000,-0.1262183,0.9998088,0.0087444,0.0174421,-0.0012536,-0.0185259,0.0063556,-0.1201251,-0.3422471,0.1710454,9.7991834,27.0610886
2,1,0.6000,STANDING,-0.4179119,0.1233397,9.7977792,-1.6737401,0.1200475,-0.3377170,20.0338348,1.4600488,43.0602179,1.0000000,2.0000000,-0.1256488,0.9998089,0.0087443,0.0174422,-0.0012486,0.0738601,-0.0107242,0.0035899,-0.3422471,0.1710454,9.7991834,27.0027633
2,1,0.6100,STANDING,-0.4651289,0.1445094,9.9568565,-1.1296567,0.3827742,0.9383299,19.3142357,1.3622480,43.4584287,1.0000000,2.0000000,-0.1250790,0.9998089,0.0087443,0.0174422,-0.0012436,-0.0163532,0.0360791,0.0375622,-0.3422471,0.1710454,9.7991834,27.0667958
2,1,0.6200,STANDING,-0.4635895,0.1313707,9.6222149,-0.2206929,-0.8020234,0.5066582,19.9476481,1.8516533,43.4495040,1.0000000,2.0000000,-0.1245089,0.9998089,0.0087442,0.0174423,-0.0012386,-0.0414793,-0.0556784,-0.1026901,-0.3422471,0.1710454,9.7991834,27.0539797
2,1,0.6300,STANDING,-0.5392092,0.0706028,9.8191057,-1.2075669,-1.0301067,1.3256398,20.5390666,1.2264092,43.1194276,1.0000000,2.0000000,-0.1239386,0.9998089,0.0087441,0.0174423,-0.0012337,-0.2184836,-0.1016563,-0.0074677,-0.3422471,0.1710454,9.7991834,27.0485129
2,1,0.6400,STANDING,-0.3651205,0.0095674,9.8010738,-0.8305273,0.5255006,-0.2675762,19.3834396,1.3110096,43.2775040,1.0000000,2.0000000,-0.1233680,0.9998089,0.0087440,0.0174423,-0.0012287,-0.0382456,-0.1578762,-0.0738486,-0.3422471,0.1710454,9.7991834,27.0588211
2,1,0.6500,STANDING,-0.3952378,0.0499909,9.7840302,-2.0537759,0.6643559,-2.5887505,19.9489263,1.3297875,42.9032721,1.0000000,2.0000000,-0.1227971,0.9998089,0.0087439,0.0174424,-0.0012237,0.0084454,-0.1324338,0.0827191,-0.3422471,0.1710454,9.7991834,27.0466264
2,1,0.6600,STANDING,-0.3907063,0.2055563,9.8421905,-1.0871094,-1.1170256,0.2882183,20.1616531,1.2152591,43.2005365,1.0000000,2.0000000,-0.1222259,0.9998089,0.0087438,0.0174424,-0.0012187,0.0468678,-0.0648563,0.0278504,-0.3422471,0.1710454,9.7991834,26.9993498
2,1,0.6700,STANDING,-0.4435871,0.2222795,9.7411248,-1.0122080,0.3613078,1.5850613,20.2898723,0.7811252,43.3462516,1.0000000,2.0000000,-0.1216545,0.9998089,0.0087437,0.0174425,-0.0012137,-0.0521014,0.0021344,0.0007897,-0.3422471,0.1710454,9.7991834,27.0175907
2,1,0.6800,STANDING,-0.3051436,0.3112550,9.6562790,-0.8308046,1.1219909,1.2422556,19.6879211,1.1735433,43.5878060,1.0000000,2.0000000,-0.1210828,0.9998089,0.0087436,0.0174425,-0.0012087,0.0272046,0.1665497,-0.0854009,-0.3422471,0.1710454,9.7991834,27.0128451
2,1,0.6900,STANDING,-0.3826439,0.1322402,9.8449010,-0.5735141,-0.7871926,2.3532981,19.6175839,1.7934800,43.1285682,1.0000000,2.0000000,-0.1205108,0.9998089,0.0087436,0.0174426,-0.0012038,0.1126080,-0.0022047,0.1044637,-0.3422471,0.1710454,9.7991834,27.0467749
2,1,0.7000,STANDING,-0.2070935,0.2013258,9.8066749,0.2146534,1.7539466,-0.5097471,19.7853321,0.5002876,43.4531264,1.0000000,2.0000000,-0.1199386,0.9998089,0.0087435,0.0174426,-0.0011988,0.2072608,0.0501672,0.0620470,-0.3422471,0.1710454,9.7991834,27.0378542
2,1,0.7100,STANDING,-0.4989651,0.0516074,9.6970867,0.2700279,-0.8493924,0.0565137,19.7939599,1.1700779,43.0108142,1.0000000,2.0000000,-0.1193660,0.9998089,0.0087434,0.0174426,-0.0011938,-0.0976155,-0.0731384,-0.0448454,-0.3422471,0.1710454,9.7991834,26.9872120
2,1,0.7200,STANDING,-0.3738247,0.0992150,9.8034110,-0.5860048,-0.0462767,0.9395152,19.3400569,1.4346059,42.3592894,1.0000000,2.0000000,-0.1187932,0.9998089,0.0087433,0.0174427,-0.0011888,0.0066646,-0.0643506,0.0081616,-0.3422471,0.1710454,9.7991834,27.0332409
2,1,0.7300,STANDING,-0.3765308,0.2417787,9.8704558,-0.9296403,-1.2270073,-0.9756000,19.8206285,1.5889564,43.3162164,1.0000000,2.0000000,-0.1182202,0.9998089,0.0087432,0.0174427,-0.0011838,-0.0199278,0.0454876,0.0532029,-0.3422471,0.1710454,9.7991834,27.0320391
2,1,0.7400,STANDING,-0.3134340,0.0196019,9.8506981,-1.5538319,-1.2378059,1.7539331,20.3270060,1.7105772,44.0028210,1.0000000,2.0000000,-0.1176468,0.9998089,0.0087431,0.0174428,-0.0011788,0.0531225,-0.0673565,0.0257248,-0.3422471,0.1710454,9.7991834,27.0249804
2,1,0.7500,STANDING,-0.3044833,0.0670072,9.9444834,-2.6958154,-0.6126376,-0.2441826,20.1213432,1.4913348,42.9268194,1.0000000,2.0000000,-0.1170732,0.9998089,0.0087430,0.0174428,-0.0011738,0.0798219,-0.0345062,0.0611052,-0.3422471,0.1710454,9.7991834,27.0476730
2,1,0.7600,STANDING,-0.3158562,0.2037566,9.9423987,-1.1487728,0.2955189,1.0645590,19.9438953,1.6486114,43.0931724,1.0000000,2.0000000,-0.1164994,0.9998090,0.0087429,0.0174429,-0.0011688,0.0358517,0.0148982,0.2220222,-0.3422471,0.1710454,9.7991834,27.0304270
2,1,0.7700,STANDING,-0.3313719,0.2001830,9.9256696,0.3661685,0.1532301,-0.3298475,19.4552731,1.9057904,43.1523197,1.0000000,2.0000000,-0.1159253,0.9998090,0.0087429,0.0174429,-0.0011637,0.0663882,0.0063027,0.1630417,-0.3422471,0.1710454,9.7991834,27.0510325
2,1,0.7800,STANDING,-0.4324970,0.0797870,9.9086307,1.1937360,-1.6473845,0.7099906,19.7165254,1.1248663,43.4386530,1.0000000,2.0000000,-0.1153509,0.9998090,0.0087428,0.0174430,-0.0011587,-0.0479086,-0.1150713,0.1727503,-0.3422471,0.1710454,9.7991834,27.0057174
2,1,0.7900,STANDING,-0.3578520,0.1308159,9.8918842,0.0682241,-1.2451104,0.4158324,20.0754427,1.3259977,42.8714537,1.0000000,2.0000000,-0.1147762,0.9998090,0.0087427,0.0174430,-0.0011537,0.0402672,-0.1243535,0.1116544,-0.3422471,0.1710454,9.7991834,27.0467892
2,1,0.8000,STANDING,-0.2951926,0.0738058,9.9835831,-0.7092295,-0.4519020,2.1972930,20.2641102,1.2365829,43.2946898,1.0000000,2.0000000,-0.1142013,0.9998090,0.0087426,0.0174430,-0.0011487,0.1325325,-0.0467447,0.2173870,-0.3422471,0.1710454,9.7991834,27.0413876
2,1,0.8100,STANDING,-0.4465044,0.3861586,9.9021261,-1.0300339,0.0564336,1.3446718,19.6328667,1.5141991,43.0927325,1.0000000,2.0000000,-0.1136262,0.9998090,0.0087425,0.0174431,-0.0011437,-0.1107289,0.1999098,0.0432278,-0.3422471,0.1710454,9.7991834,27.0844137
2,1,0.8200,STANDING,-0.4067458,0.1111445,9.8836659,-1.3090029,-1.0060097,1.2434541,20.1438777,1.4905077,43.5538901,1.0000000,2.0000000,-0.1130508,0.9998090,0.0087424,0.0174431,-0.0011387,0.0106550,-0.0227895,0.1013164,-0.3422471,0.1710454,9.7991834,27.0019652
2,1,0.8300,STANDING,-0.4987107,0.2944880,9.7019828,-0.8400407,1.0043126,0.1885084,19.5313546,1.2436657,42.9205552,1.0000000,2.0000000,-0.1124751,0.9998090,0.0087423,0.0174432,-0.0011336,-0.1431077,0.1739606,-0.0374509,-0.3422471,0.1710454,9.7991834,27.0778887
2,1,0.8400,STANDING,-0.4071611,0.1849799,9.7367873,-0.2748493,-1.3989675,0.7002605,20.7103438,1.7433775,43.1492846,1.0000000,2.0000000,-0.1118992,0.9998090,0.0087422,0.0174432,-0.0011286,-0.0079318,-0.0356333,-0.1081938,-0.3422471,0.1710454,9.7991834,27.0537811
2,1,0.8500,STANDING,-0.4932214,0.2108893,10.0079259,-1.9530873,-0.4267439,-0.9261651,19.9641517,1.5567528,43.5376095,1.0000000,2.0000000,-0.1113230,0.9998090,0.0087422,0.0174433,-0.0011236,-0.1477022,0.0012670,0.1630078,-0.3422471,0.1710454,9.7991834,27.0779025
2,1,0.8600,STANDING,-0.4900115,0.2398492,9.8113405,-1.0061228,1.1800116,1.3811956,19.6516607,0.8498006,43.2219164,1.0000000,2.0000000,-0.1107466,0.9998090,0.0087421,0.0174433,-0.0011186,-0.0975700,-0.0005097,0.0074762,-0.3422471,0.1710454,9.7991834,27.0344291
2,1,0.8700,STANDING,-0.4853768,0.1349893,9.6151503,-1.4714171,1.7095141,-0.2454051,20.7136489,1.9898907,43.3675449,1.0000000,2.0000000,-0.1101699,0.9998090,0.0087420,0.0174433,-0.0011135,-0.0731731,0.0065045,-0.2392223,-0.3422471,0.1710454,9.7991834,27.0366397
2,1,0.8800,STANDING,-0.1604531,0.1996959,9.8933417,-1.8601015,-2.4907783,0.2120231,20.2078614,1.5457020,42.6317662,1.0000000,2.0000000,-0.1095930,0.9998090,0.0087419,0.0174434,-0.0011085,0.2126168,-0.0152143,0.1197219,-0.3422471,0.1710454,9.7991834,27.0459286
2,1,0.8900,STANDING,-0.3605044,0.1359265,9.7308111,-1.4119549,-0.6064084,-0.1241589,20.0654224,2.3881713,44.1267905,1.0000000,2.0000000,-0.1090159,0.9998090,0.0087418,0.0174434,-0.0011035,0.0646696,-0.0891431,0.0171166,-0.3422471,0.1710454,9.7991834,27.0097390
2,1,0.9000,STANDING,-0.1116218,0.4218601,9.6820799,-1.3249869,-1.1530042,0.3196978,20.3049263,1.3772548,43.2264766,1.0000000,2.0000000,-0.1084384,0.9998090,0.0087417,0.0174435,-0.0010984,0.2057617,0.2370052,-0.1244857,-0.3422471,0.1710454,9.7991834,27.0181805
2,1,0.9100,STANDING,-0.4227860,0.0329779,9.9572997,0.2570289,0.3917429,0.0615203,19.7838839,1.9044138,43.5805289,1.0000000,2.0000000,-0.1078608,0.9998090,0.0087416,0.0174435,-0.0010934,-0.0362122,-0.1280255,0.1927850,-0.3422471,0.1710454,9.7991834,27.0351784
2,1,0.9200,STANDING,-0.3304006,0.2192909,9.8018568,-1.4220042,-0.1247841,-0.7006574,19.8312651,0.4346760,42.8394145,1.0000000,2.0000000,-0.1072829,0.9998090,0.0087415,0.0174436,-0.0010883,0.0531267,0.0840838,0.0100075,-0.3422471,0.1710454,9.7991834,27.0392062
2,1,0.9300,STANDING,-0.5887564,0.2755374,9.9391554,-0.3434592,-0.4106757,-1.0664061,19.8542298,1.1802343,43.3960780,1.0000000,2.0000000,-0.1067048,0.9998090,0.0087415,0.0174436,-0.0010833,-0.1467378,-0.0026066,0.1252184,-0.3422471,0.1710454,9.7991834,27.0585709
2,1,0.9400,STANDING,-0.4045066,0.4794305,10.0118865,-1.3814393,0.6334704,-0.0447576,20.0260825,1.5483918,43.1100757,1.0000000,2.0000000,-0.1061264,0.9998091,0.0087414,0.0174437,-0.0010782,0.0220406,0.2043161,0.1527757,-0.3422471,0.1710454,9.7991834,27.0808910
2,1,0.9500,STANDING,-0.3976763,0.1885923,9.8038227,-1.5722539,0.6284221,-0.6843783,19.8602200,1.9517411,42.5389483,1.0000000,2.0000000,-0.1055478,0.9998091,0.0087413,0.0174437,-0.0010732,-0.0065084,0.0716482,0.0201095,-0.3422471,0.1710454,9.7991834,27.0550024
2,1,0.9600,STANDING,-0.4171992,0.3096799,9.8243760,-0.8075714,0.6624407,1.0021355,20.2222013,1.0082478,44.3507177,1.0000000,2.0000000,-0.1049689,0.9998091,0.0087412,0.0174437,-0.0010682,-0.0710733,0.1230847,0.0899851,-0.3422471,0.1710454,9.7991834,27.0561839
2,1,0.9700,STANDING,-0.2520791,0.0893272,9.7374847,-2.1258161,0.1635657,0.9935004,19.9162953,0.9228544,43.1328505,1.0000000,2.0000000,-0.1043898,0.9998091,0.0087411,0.0174438,-0.0010631,0.0207516,-0.0330565,-0.0995175,-0.3422471,0.1710454,9.7991834,27.0083306
2,1,0.9800,STANDING,-0.4210505,0.1269694,9.7933145,-2.0003262,-0.2343187,-0.2746503,19.6305275,1.5022239,43.0291907,1.0000000,2.0000000,-0.1038105,0.9998091,0.0087410,0.0174438,-0.0010580,0.0111952,0.0054991,-0.0689423,-0.3422471,0.1710454,9.7991834,27.0589506
2,1,0.9900,STANDING,-0.3364322,0.0988111,9.8068565,-0.5619412,-0.5700175,-0.4951280,20.5908599,1.2758154,42.6538482,1.0000000,2.0000000,-0.1032309,0.9998091,0.0087409,0.0174439,-0.0010530,0.0690172,-0.1011535,-0.0041873,-0.3422471,0.1710454,9.7991834,27.0240066
2,1,1.0000,STANDING,-0.3992807,0.1880662,9.7556090,-0.3696913,-0.2302532,-1.4137510,20.4816485,1.8264684,42.8289203,1.0000000,2.0000000,-0.1026512,0.9998091,0.0087408,0.0174439,-0.0010479,-0.0252119,0.0058981,-0.0971810,-0.3422471,0.1710454,9.7991834,27.0643151
2,1,1.0100,STANDING,-0.4075475,0.3018160,9.9395968,-1.5690001,-0.1191343,0.7658768,20.1331939,1.6600797,43.1581732,1.0000000,2.0000000,-0.1020711,0.9998091,0.0087407,0.0174440,-0.0010429,-0.0626151,0.1060179,0.1389974,-0.3422471,0.1710454,9.7991834,27.0298077
2,1,1.0200,STANDING,-0.3754936,0.0792388,9.6477263,-0.7205584,-0.0205063,0.8771556,20.0826940,1.2414343,43.4293243,1.0000000,2.0000000,-0.1014909,0.9998091,0.0087407,0.0174440,-0.0010378,-0.0695268,-0.1461660,-0.0860243,-0.3422471,0.1710454,9.7991834,27.0694356
2,1,1.0300,STANDING,-0.2419907,0.1496170,9.7431468,0.6505246,-0.4977078,0.8990180,20.1732184,1.2052485,43.6358129,1.0000000,2.0000000,-0.1009104,0.9998091,0.0087406,0.0174441,-0.0010327,0.1844435,-0.0242770,-0.0992207,-0.3422471,0.1710454,9.7991834,27.0603673
2,1,1.0400,STANDING,-0.5006257,0.2351709,9.6694353,-1.7202259,0.8765242,0.8165482,19.6673487,1.3635189,42.0100214,1.0000000,2.0000000,-0.1003297,0.9998091,0.0087405,0.0174441,-0.0010277,-0.1087967,0.0546198,-0.1058041,-0.3422471,0.1710454,9.7991834,27.0689734
2,1,1.0500,STANDING,-0.1769132,0.2726398,9.8289245,-0.8387386,0.8240326,0.0552717,20.2091770,2.0309616,43.4296231,1.0000000,2.0000000,-0.0997488,0.9998091,0.0087404,0.0174441,-0.0010226,0.2237447,0.0911273,0.0053041,-0.3422471,0.1710454,9.7991834,27.0516157
2,1,1.0600,STANDING,-0.6057890,0.2589931,9.7208489,0.6917244,-0.8475601,0.5802982,19.9631588,1.9842791,43.2426868,1.0000000,2.0000000,-0.0991676,0.9998091,0.0087403,0.0174442,-0.0010175,-0.2173289,0.1357265,-0.1070494,-0.3422471,0.1710454,9.7991834,27.0964492
2,1,1.0700,STANDING,-0.5019005,0.1301464,9.8847314,-1.3044873,-0.4502227,-0.3238507,19.8422948,1.6647854,43.7183586,1.0000000,2.0000000,-0.0985862,0.9998091,0.0087402,0.0174442,-0.0010125,-0.0639173,-0.0255242,-0.0147322,-0.3422471,0.1710454,9.7991834,27.0614481
2,1,1.0800,STANDING,-0.4118007,0.1942084,9.8458955,-0.7935506,-0.5635363,0.1763460,19.5952712,2.1491483,43.2904262,1.0000000,2.0000000,-0.0980046,0.9998091,0.0087401,0.0174443,-0.0010074,-0.0627624,-0.0106954,0.0813416,-0.3422471,0.1710454,9.7991834,27.0561160
2,1,1.0900,STANDING,-0.5194208,0.0436980,9.8711806,-0.7166448,0.4631091,0.0237426,19.7206484,1.4951238,42.9550728,1.0000000,2.0000000,-0.0974228,0.9998091,0.0087400,0.0174443,-0.0010023,-0.0466113,-0.1172321,0.0314891,-0.3422471,0.1710454,9.7991834,27.0384556
2,1,1.1000,STANDING,-0.3220735,0.1257005,9.8008650,-0.3073478,0.8625718,0.0281911,19.8932229,1.1622200,43.2339292,1.0000000,2.0000000,-0.0968408,0.9998091,0.0087400,0.0174444,-0.0009972,0.0510828,0.0092402,0.0478674,-0.3422471,0.1710454,9.7991834,27.0570069
2,1,1.1100,STANDING,-0.2905881,0.0538724,10.0127173,1.3230577,-1.4540967,0.7803641,19.3405875,1.5709690,43.4704156,1.0000000,2.0000000,-0.0962585,0.9998091,0.0087399,0.0174444,-0.0009922,0.1007253,-0.1278753,0.2550217,-0.3422471,0.1710454,9.7991834,27.0657699
2,1,1.1200,STANDING,-0.4775021,0.1953131,9.6611745,-1.4775475,1.3201647,-0.8266883,20.1065856,1.4456248,43.0455402,1.0000000,2.0000000,-0.0956760,0.9998091,0.0087398,0.0174445,-0.0009871,-0.0331400,-0.0351185,-0.1046314,-0.3422471,0.1710454,9.7991834,27.0799546
2,1,1.1300,STANDING,-0.4138360,0.2208756,9.6764908,-0.7414428,0.3288928,0.8045871,20.1271022,1.5926993,43.0775991,1.0000000,2.0000000,-0.0950933,0.9998092,0.0087397,0.0174445,-0.0009820,-0.0103480,0.0511447,-0.1008631,-0.3422471,0.1710454,9.7991834,27.0827888
2,1,1.1400,STANDING,-0.4558633,0.3065604,9.9176425,-1.0194719,-1.0578848,0.0223550,20.2333503,1.4203377,42.2909757,1.0000000,2.0000000,-0.0945104,0.9998092,0.0087396,0.0174445,-0.0009769,-0.0271976,0.1421969,0.1392499,-0.3422471,0.1710454,9.7991834,27.1138788
2,1,1.1500,STANDING,-0.4853676,0.1978800,9.6612665,-0.3909888,-0.3607530,-1.7883355,19.7303006,1.6117968,42.7537401,1.0000000,2.0000000,-0.0939273,0.9998092,0.0087395,0.0174446,-0.0009718,-0.1008721,-0.0034814,-0.1686211,-0.3422471,0.1710454,9.7991834,27.0662448
2,1,1.1600,STANDING,-0.2219360,0.1651147,9.7953122,-0.8986202,-1.0730420,0.6193285,19.5921218,1.3211228,42.9484829,1.0000000,2.0000000,-0.0933440,0.9998092,0.0087394,0.0174446,-0.0009667,0.0537126,0.0547653,0.0323481,-0.3422471,0.1710454,9.7991834,27.0890422
2,1,1.1700,STANDING,-0.2818124,0.3403428,9.7206227,-0.8011940,0.0554399,1.3817883,20.2312323,1.5926981,43.3302216,1.0000000,2.0000000,-0.0927604,0.9998092,0.0087393,0.0174447,-0.0009616,0.1123554,0.0901397,-0.0514322,-0.3422471,0.1710454,9.7991834,27.0281127
2,1,1.1800,STANDING,-0.5654769,0.0468261,9.6634632,0.4580646,0.0982896,0.1840777,19.9376502,1.2685011,42.9281914,1.0000000,2.0000000,-0.0921767,0.9998092,0.0087392,0.0174447,-0.0009565,-0.1582761,-0.1410003,-0.1291685,-0.3422471,0.1710454,9.7991834,27.0756358
2,1,1.1900,STANDING,-0.2843688,0.0649700,9.6012058,-0.7095854,0.7167399,1.1395606,19.2783366,1.0955186,43.7784787,1.0000000,2.0000000,-0.0915927,0.9998092,0.0087392,0.0174448,-0.0009514,0.1245642,-0.1453194,-0.1628374,-0.3422471,0.1710454,9.7991834,27.0231064
2,1,1.2000,STANDING,-0.4744034,0.1465815,9.7020968,-0.8935866,-0.3286548,-0.8394133,19.8063818,1.8801202,43.8498979,1.0000000,2.0000000,-0.0910086,0.9998092,0.0087391,0.0174448,-0.0009463,-0.0777666,-0.0658021,-0.0539930,-0.3422471,0.1710454,9.7991834,27.1177982
2,1,1.2100,STANDING,-0.3379453,0.2764048,9.7314262,-1.0738392,1.0563475,-1.6177898,19.9093228,1.0350959,43.3044919,1.0000000,2.0000000,-0.0904242,0.9998092,0.0087390,0.0174449,-0.0009412,0.0757350,0.0180178,-0.0396385,-0.3422471,0.1710454,9.7991834,27.1316967
2,1,1.2200,STANDING,-0.3090280,0.3383089,9.7232640,-0.4200792,1.1276462,-0.2123862,19.3798013,1.4762249,43.9810336,1.0000000,2.0000000,-0.0898396,0.9998092,0.0087389,0.0174449,-0.0009361,0.0962649,0.1595048,-0.1361186,-0.3422471,0.1710454,9.7991834,27.0862187
2,1,1.2300,STANDING,-0.4326837,0.0885705,9.6572064,-1.0658520,0.0702746,1.5823501,19.4533469,1.4175720,43.0839103,1.0000000,2.0000000,-0.0892549,0.9998092,0.0087388,0.0174449,-0.0009310,-0.0834036,-0.0089146,-0.0904533,-0.3422471,0.1710454,9.7991834,27.0475390
2,1,1.2400,STANDING,-0.5016560,0.1858433,9.7759311,0.0931420,-1.5639636,1.4730691,19.7985402,2.0388105,43.3291554,1.0000000,2.0000000,-0.0886699,0.9998092,0.0087387,0.0174450,-0.0009259,-0.1038659,0.0714759,-0.0035196,-0.3422471,0.1710454,9.7991834,27.0615821
2,1,1.2500,STANDING,-0.3924118,0.2601399,9.8142286,-2.0238619,-1.7900843,0.0590608,19.4322655,1.5279990,43.0320807,1.0000000,2.0000000,-0.0880847,0.9998092,0.0087386,0.0174450,-0.0009208,-0.0379252,0.0790288,0.0500785,-0.3422471,0.1710454,9.7991834,27.0593737
2,1,1.2600,STANDING,-0.4323421,0.0556149,9.6810524,-0.2847661,0.4008450,1.4612556,20.0438910,1.1797957,43.4263454,1.0000000,2.0000000,-0.0874994,0.9998092,0.0087385,0.0174451,-0.0009157,-0.0461496,-0.1121506,-0.1209583,-0.3422471,0.1710454,9.7991834,27.0695721
2,1,1.2700,STANDING,-0.3574919,0.2048861,9.7337345,-0.4030291,0.2795132,0.2258352,20.1549099,1.3061833,42.9378437,1.0000000,2.0000000,-0.0869138,0.9998092,0.0087384,0.0174451,-0.0009106,0.0170838,0.0236611,-0.0313990,-0.3422471,0.1710454,9.7991834,27.0470869
2,1,1.2800,STANDING,-0.5377821,0.1081326,9.7177142,-1.6203668,1.6816461,-0.0913593,20.0675409,0.9274278,43.1852145,1.0000000,2.0000000,-0.0863280,0.9998092,0.0087384,0.0174452,-0.0009055,-0.1082716,-0.0549860,-0.1519984,-0.3422471,0.1710454,9.7991834,27.0656654
2,1,1.2900,STANDING,-0.1716126,0.2122259,9.7595047,-0.3592637,-0.2037220,-0.4557396,20.0909781,1.6259703,42.8138931,1.0000000,2.0000000,-0.0857421,0.9998092,0.0087383,0.0174452,-0.0009004,0.2587171,-0.0052926,-0.0432243,-0.3422471,0.1710454,9.7991834,27.0636309
2,1,1.3000,STANDING,-0.3088800,0.1857367,9.9591733,0.4615484,-0.6545529,-0.1937864,19.7387859,1.9013047,43.0243290,1.0000000,2.0000000,-0.0851559,0.9998092,0.0087382,0.0174453,-0.0008953,0.1401285,0.0248808,0.2000413,-0.3422471,0.1710454,9.7991834,27.1120767
2,1,1.3100,STANDING,-0.3244786,0.1644214,9.8428209,-1.2333949,-1.2591517,-0.8844038,19.3903605,1.6138539,42.7745955,1.0000000,2.0000000,-0.0845696,0.9998092,0.0087381,0.0174453,-0.0008902,0.1502798,-0.0416741,0.0828883,-0.3422471,0.1710454,9.7991834,27.0384652
2,1,1.3200,STANDING,-0.4616352,-0.0934695,9.6862917,-1.9995131,-0.0907261,0.1433989,19.2895015,1.6791921,42.8236170,1.0000000,2.0000000,-0.0839830,0.9998092,0.0087380,0.0174453,-0.0008850,-0.0333720,-0.2452515,-0.1092210,-0.3422471,0.1710454,9.7991834,27.1135735
2,1,1.3300,STANDING,-0.4969195,0.2046338,9.7520976,-0.2637534,-0.5380832,0.0994635,20.1068490,1.4201936,43.2440657,1.0000000,2.0000000,-0.0833963,0.9998092,0.0087379,0.0174454,-0.0008799,-0.1142075,0.0521680,-0.0773478,-0.3422471,0.1710454,9.7991834,27.0703760
2,1,1.3400,STANDING,-0.5092746,0.0554064,9.7840677,-1.0397895,-1.0381534,1.9321427,19.5367250,1.7110424,43.9873493,1.0000000,2.0000000,-0.0828094,0.9998093,0.0087378,0.0174454,-0.0008748,-0.1008792,-0.0891767,0.0482518,-0.3422471,0.1710454,9.7991834,27.1203282
2,1,1.3500,STANDING,-0.3593804,0.2203591,9.8273069,-1.9916384,0.3426290,1.3438681,19.5984700,1.2294840,43.8245840,1.0000000,2.0000000,-0.0822223,0.9998093,0.0087377,0.0174455,-0.0008697,0.0824832,0.0551024,0.0197160,-0.3422471,0.1710454,9.7991834,27.1077573
2,1,1.3600,STANDING,-0.3042190,0.3157944,9.9402379,-1.7077531,-0.0649744,0.5287634,20.1081637,1.1829078,42.9003344,1.0000000,2.0000000,-0.0816350,0.9998093,0.0087376,0.0174455,-0.0008646,0.0770728,0.1562564,0.1672161,-0.3422471,0.1710454,9.7991834,27.1071909
2,1,1.3700,STANDING,-0.6649748,0.1805869,9.8476689,-0.5195089,0.7373511,-0.2310248,20.2121354,1.5655138,43.1401965,1.0000000,2.0000000,-0.0810476,0.9998093,0.0087375,0.0174456,-0.0008594,-0.3014327,0.0258302,0.0742696,-0.3422471,0.1710454,9.7991834,27.0769477
2,1,1.3800,STANDING,-0.6084013,0.1301256,9.7840569,0.3191589,-1.0771803,-0.1298295,20.0489550,1.4870873,43.1252082,1.0000000,2.0000000,-0.0804599,0.9998093,0.0087375,0.0174456,-0.0008543,-0.1614800,-0.0572107,-0.0224234,-0.3422471,0.1710454,9.7991834,27.1524679
2,1,1.3900,STANDING,-0.4743311,0.4118728,9.8156911,-2.4033248,-0.1185274,0.6032919,20.3484530,1.8537622,42.4860595,1.0000000,2.0000000,-0.0798721,0.9998093,0.0087374,0.0174457,-0.0008492,-0.1026547,0.2239785,0.0021754,-0.3422471,0.1710454,9.7991834,27.0910703
2,1,1.4000,STANDING,-0.3080752,0.2132204,9.7555730,-0.5149653,0.1978369,0.1806054,20.4478304,1.2209450,43.3479375,1.0000000,2.0000000,-0.0792841,0.9998093,0.0087373,0.0174457,-0.0008441,0.0953852,0.0567519,-0.0865580,-0.3422471,0.1710454,9.7991834,27.1005183
2,1,1.4100,STANDING,-0.2035979,0.1909680,9.8738347,-0.0991367,1.4645099,1.2090539,19.3957682,0.9149817,44.0054192,1.0000000,2.0000000,-0.0786959,0.9998093,0.0087372,0.0174457,-0.0008389,0.1673574,0.0956520,0.0673664,-0.3422471,0.1710454,9.7991834,27.1149013
2,1,1.4200,STANDING,-0.3508522,0.2620779,9.6797740,-0.3115584,-0.0569371,0.5939563,20.1177451,1.3703830,43.6146480,1.0000000,2.0000000,-0.0781076,0.9998093,0.0087371,0.0174458,-0.0008338,-0.0248836,0.0550391,-0.1021500,-0.3422471,0.1710454,9.7991834,27.0765083
2,1,1.4300,STANDING,-0.3212514,0.2625850,9.8646144,-2.1441404,-0.5494612,2.4839419,20.1729142,1.0488443,43.0006819,1.0000000,2.0000000,-0.0775190,0.9998093,0.0087370,0.0174458,-0.0008287,0.0225579,0.1442883,0.0058554,-0.3422471,0.1710454,9.7991834,27.0923812
2,1,1.4400,STANDING,-0.3703519,0.0296794,9.8379174,-1.3400789,0.1542497,0.2758455,19.7933487,1.7836322,43.4909049,1.0000000,2.0000000,-0.0769303,0.9998093,0.0087369,0.0174459,-0.0008235,0.0480163,-0.1675081,0.0870954,-0.3422471,0.1710454,9.7991834,27.0962057
2,1,1.4500,STANDING,-0.4030729,0.0753213,9.8285195,-0.9667989,-0.0291491,-1.9357153,19.9657743,1.7347387,43.5318923,1.0000000,2.0000000,-0.0763414,0.9998093,0.0087368,0.0174459,-0.0008184,-0.0198879,-0.1096537,0.0678487,-0.3422471,0.1710454,9.7991834,27.0717718
2,1,1.4600,STANDING,-0.3806218,0.2298473,9.8319735,-1.9903648,-0.7779132,0.3718860,19.9191603,1.8162462,43.6816371,1.0000000,2.0000000,-0.0757524,0.9998093,0.0087367,0.0174460,-0.0008132,0.0057986,0.0834195,0.0245239,-0.3422471,0.1710454,9.7991834,27.0829842
2,1,1.4700,STANDING,-0.3221690,0.0368343,10.0630883,-0.6813394,-0.1950879,2.0352447,19.8910680,1.5343434,43.4036827,1.0000000,2.0000000,-0.0751631,0.9998093,0.0087367,0.0174460,-0.0008081,0.0113944,-0.0586037,0.2123795,-0.3422471,0.1710454,9.7991834,27.1500266
2,1,1.4800,STANDING,-0.2804539,0.1163614,9.9640017,-0.9460097,0.4432892,0.4386325,19.9112549,1.6680111,42.8197852,1.0000000,2.0000000,-0.0745737,0.9998093,0.0087366,0.0174461,-0.0008030,0.1267914,0.0468317,0.1969658,-0.3422471,0.1710454,9.7991834,27.0846108
2,1,1.4900,STANDING,-0.2475685,0.0288066,9.8134572,1.1291695,-0.0069193,2.0017924,20.0685282,1.1073357,42.9528203,1.0000000,2.0000000,-0.0739842,0.9998093,0.0087365,0.0174461,-0.0007978,0.1152439,-0.1032972,0.0174894,-0.3422471,0.1710454,9.7991834,27.0732150
2,1,1.5000,STANDING,-0.3401359,0.0558747,9.6632190,-1.6030591,0.6466109,0.5045267,20.2219518,2.1427139,42.9256470,1.0000000,2.0000000,-0.0733944,0.9998093,0.0087364,0.0174461,-0.0007927,0.0147225,-0.1925760,-0.0519983,-0.3422471,0.1710454,9.7991834,27.0972481
2,1,1.5100,STANDING,-0.5854570,0.3039275,9.7059088,-0.2055293,-1.5219676,0.4487769,19.2315821,2.3281081,43.0509663,1.0000000,2.0000000,-0.0728046,0.9998093,0.0087363,0.0174462,-0.0007875,-0.1696921,0.1579664,-0.0635669,-0.3422471,0.1710454,9.7991834,27.0741601
2,1,1.5200,STANDING,-0.5732930,0.1548324,9.8189460,-0.6082215,0.3413356,0.7462747,20.1665451,1.9327124,43.4415580,1.0000000,2.0000000,-0.0722145,0.9998093,0.0087362,0.0174462,-0.0007824,-0.2067217,-0.0359059,0.0444661,-0.3422471,0.1710454,9.7991834,27.0753280
2,1,1.5300,STANDING,-0.3872309,0.1990355,9.8297516,-0.4223658,-0.5667743,-0.1595413,19.8583392,1.0362946,43.6681917,1.0000000,2.0000000,-0.0716243,0.9998093,0.0087361,0.0174463,-0.0007772,0.0101977,0.0176764,-0.0149530,-0.3422471,0.1710454,9.7991834,27.0787363
2,1,1.5400,STANDING,-0.3910819,0.0825696,9.8542792,-0.0871376,0.2139598,-0.0623126,19.9442063,0.9221568,43.4126403,1.0000000,2.0000000,-0.0710339,0.9998093,0.0087360,0.0174463,-0.0007721,-0.0467330,-0.0416779,0.0244428,-0.3422471,0.1710454,9.7991834,27.0916468
2,1,1.5500,STANDING,-0.3462110,0.0472059,9.7029701,-1.6730615,-0.6653676,0.3169078,19.4034677,1.3059470,42.8356845,1.0000000,2.0000000,-0.0704433,0.9998093,0.0087359,0.0174464,-0.0007669,0.0390549,-0.1644436,-0.0956371,-0.3422471,0.1710454,9.7991834,27.0572153
2,1,1.5600,STANDING,-0.6495275,0.0328972,9.7015631,-0.4061827,-1.9747491,-0.8387432,19.8444174,1.2971820,43.1421951,1.0000000,2.0000000,-0.0698526,0.9998093,0.0087358,0.0174464,-0.0007618,-0.2113622,-0.1356978,-0.1034946,-0.3422471,0.1710454,9.7991834,27.1366015
2,1,1.5700,STANDING,-0.3725290,0.0247967,9.7621934,-0.8269733,-0.2362651,-0.5652575,20.2319164,0.9187598,43.0678842,1.0000000,2.0000000,-0.0692618,0.9998093,0.0087358,0.0174465,-0.0007566,0.0578183,-0.1809550,-0.1011856,-0.3422471,0.1710454,9.7991834,27.0790518
2,1,1.5800,STANDING,-0.5091078,0.2783250,9.9464841,-1.4793177,-0.4254314,0.0605576,19.6256016,1.2803770,43.8208651,1.0000000,2.0000000,-0.0686708,0.9998094,0.0087357,0.0174465,-0.0007515,-0.0913464,0.0674652,0.2242796,-0.3422471,0.1710454,9.7991834,27.0921792
2,1,1.5900,STANDING,-0.3717120,0.0010119,9.7291363,0.9671949,0.5943537,0.2069577,19.7783038,1.4284297,42.7408472,1.0000000,2.0000000,-0.0680796,0.9998094,0.0087356,0.0174466,-0.0007463,0.0382345,-0.1450025,-0.1446147,-0.3422471,0.1710454,9.7991834,27.1736964
2,1,1.6000,STANDING,-0.2719097,0.0355720,9.7023419,0.0991646,0.1672523,0.1884072,20.0288629,1.7828191,43.1373088,1.0000000,2.0000000,-0.0674883,0.9998094,0.0087355,0.0174466,-0.0007411,0.1356143,-0.1086489,-0.0215030,-0.3422471,0.1710454,9.7991834,27.1196674
2,1,1.6100,STANDING,-0.2726952,0.1373931,9.8165361,-0.6238616,0.3707495,0.8938715,19.4687310,1.2090346,43.3496976,1.0000000,2.0000000,-0.0668968,0.9998094,0.0087354,0.0174466,-0.0007360,0.0452242,-0.0322303,0.0363337,-0.3422471,0.1710454,9.7991834,27.1128417
2,1,1.6200,STANDING,-0.6442510,0.0796679,9.8517068,-0.9102453,-0.3442145,0.1427950,19.7803302,1.8355777,43.4218771,1.0000000,2.0000000,-0.0663052,0.9998094,0.0087353,0.0174467,-0.0007308,-0.2290329,-0.0492042,0.1186000,-0.3422471,0.1710454,9.7991834,27.1288292
2,1,1.6300,STANDING,-0.5756842,0.2485933,9.8410296,-2.3511988,-0.3878344,-0.8925059,19.8603052,1.2828083,43.8389318,1.0000000,2.0000000,-0.0657134,0.9998094,0.0087352,0.0174467,-0.0007256,-0.2057874,0.1213569,-0.0001771,-0.3422471,0.1710454,9.7991834,27.0591299
2,1,1.6400,STANDING,-0.3902406,0.2505118,9.7130996,-0.3565048,0.9633800,-0.1792388,19.7173842,1.4307474,43.5043764,1.0000000,2.0000000,-0.0651215,0.9998094,0.0087351,0.0174468,-0.0007205,-0.0401486,0.0269264,-0.0298864,-0.3422471,0.1710454,9.7991834,27.1064395
2,1,1.6500,STANDING,-0.4711991,0.1934177,9.7759153,-0.8089631,0.0765773,0.4586974,19.8750775,1.5920179,43.9041285,1.0000000,2.0000000,-0.0645294,0.9998094,0.0087350,0.0174468,-0.0007153,-0.0733283,-0.0119004,-0.0201999,-0.3422471,0.1710454,9.7991834,27.1736275
2,1,1.6600,STANDING,-0.4477358,0.3489140,9.9304134,-0.1996346,0.5440916,1.4914007,19.3335232,1.3327183,43.2868082,1.0000000,2.0000000,-0.0639372,0.9998094,0.0087349,0.0174469,-0.0007102,-0.0868771,0.1033387,0.0839661,-0.3422471,0.1710454,9.7991834,27.1247569
2,1,1.6700,STANDING,-0.4041506,0.2558903,9.9574563,0.4118126,-0.6842551,0.1737804,20.3007453,1.4147188,43.6034626,1.0000000,2.0000000,-0.0633448,0.9998094,0.0087349,0.0174469,-0.0007050,0.0138920,0.0754158,0.0889861,-0.3422471,0.1710454,9.7991834,27.1036870
2,1,1.6800,STANDING,-0.3706465,0.2452173,9.9198468,-0.0714576,1.1424209,1.0881925,19.6801316,1.2899124,43.1154906,1.0000000,2.0000000,-0.0627523,0.9998094,0.0087348,0.0174470,-0.0006998,0.0777037,0.0527526,0.1759965,-0.3422471,0.1710454,9.7991834,27.0772524
2,1,1.6900,STANDING,-0.5421243,0.2040821,9.7191264,0.3905468,0.6829955,2.0023261,19.8068536,1.0416131,43.5298359,1.0000000,2.0000000,-0.0621597,0.9998094,0.0087347,0.0174470,-0.0006946,-0.1710528,0.0660728,-0.1294605,-0.3422471,0.1710454,9.7991834,27.1019500
2,1,1.7000,STANDING,-0.4495369,0.2886101,9.6866219,0.1796778,-1.9773931,-0.1059767,19.9643470,2.0023497,43.0509759,1.0000000,2.0000000,-0.0615669,0.9998094,0.0087346,0.0174471,-0.0006895,0.0055818,0.1163011,-0.1318424,-0.3422471,0.1710454,9.7991834,27.0849410
2,1,1.7100,STANDING,-0.3391053,0.3751186,9.7270226,-0.7739117,-1.5403020,1.0304864,19.9918703,1.8209345,43.4433740,1.0000000,2.0000000,-0.0609740,0.9998094,0.0087345,0.0174471,-0.0006843,0.0865809,0.2045449,-0.0575198,-0.3422471,0.1710454,9.7991834,27.0776983
2,1,1.7200,STANDING,-0.2592302,0.2627273,9.8981059,-0.0217380,0.0832892,1.5807179,19.2572048,1.6890020,44.0853836,1.0000000,2.0000000,-0.0603809,0.9998094,0.0087344,0.0174471,-0.0006791,0.1562612,0.0985928,0.0909070,-0.3422471,0.1710454,9.7991834,27.0916477
2,1,1.7300,STANDING,-0.2796303,0.2865888,9.9023110,-0.8702716,-0.2425456,-1.2191763,19.5089859,1.4184343,43.6838354,1.0000000,2.0000000,-0.0597878,0.9998094,0.0087343,0.0174472,-0.0006739,0.1283079,0.0615777,0.1266402,-0.3422471,0.1710454,9.7991834,27.1239296
2,1,1.7400,STANDING,-0.4938906,0.1489571,9.7258174,0.2668520,-1.3171067,-1.4701949,19.9358210,1.2076214,43.1745627,1.0000000,2.0000000,-0.0591944,0.9998094,0.0087342,0.0174472,-0.0006688,-0.1045947,0.0506824,-0.1718663,-0.3422471,0.1710454,9.7991834,27.1483952
2,1,1.7500,STANDING,-0.5893411,0.2068226,10.0240453,-1.1763376,0.8269923,-0.9200140,19.1073215,1.1895618,43.5444461,1.0000000,2.0000000,-0.0586010,0.9998094,0.0087341,0.0174473,-0.0006636,-0.2088387,0.0833056,0.2415871,-0.3422471,0.1710454,9.7991834,27.1040789
2,1,1.7600,STANDING,-0.4017046,0.2472388,9.8478015,-1.5923057,1.1664515,-0.9593416,19.4458497,1.4809728,43.3359665,1.0000000,2.0000000,-0.0580074,0.9998094,0.0087340,0.0174473,-0.0006584,-0.0598560,0.0978279,0.0805951,-0.3422471,0.1710454,9.7991834,27.0887969
2,1,1.7700,STANDING,-0.4217633,0.3294749,9.7420484,-1.5004329,1.2725797,-0.4760679,19.8219909,0.6297415,42.9139790,1.0000000,2.0000000,-0.0574137,0.9998094,0.0087339,0.0174474,-0.0006532,0.0064076,0.0978440,-0.0448721,-0.3422471,0.1710454,9.7991834,27.1092695
2,1,1.7800,STANDING,-0.3062186,0.1258249,9.9448660,-0.8909445,-0.4498616,1.5986120,20.1386440,1.1601996,42.8108969,1.0000000,2.0000000,-0.0568198,0.9998094,0.0087339,0.0174474,-0.0006481,0.0967843,-0.1193959,0.1627983,-0.3422471,0.1710454,9.7991834,27.1217789
2,1,1.7900,STANDING,-0.4428101,0.0451412,9.8932402,-1.2782935,-0.7094966,-2.4032263,19.8362713,1.6239402,42.9061141,1.0000000,2.0000000,-0.0562258,0.9998094,0.0087338,0.0174475,-0.0006429,-0.0507287,-0.1792228,0.0413899,-0.3422471,0.1710454,9.7991834,27.0968347
2,1,1.8000,STANDING,-0.4284903,0.3569665,9.8301181,-0.4972741,0.5255619,0.3864436,19.6790981,2.2646403,43.1094940,1.0000000,2.0000000,-0.0556317,0.9998094,0.0087337,0.0174475,-0.0006377,-0.0000690,0.1612699,0.0313501,-0.3422471,0.1710454,9.7991834,27.1484773
2,1,1.8100,STANDING,-0.2001842,0.1395933,9.7061275,-1.3157584,-1.1180249,0.4682551,19.8779444,1.2916487,42.8731631,1.0000000,2.0000000,-0.0550375,0.9998094,0.0087336,0.0174475,-0.0006325,0.1332987,-0.0473033,-0.0758582,-0.3422471,0.1710454,9.7991834,27.1182915
2,1,1.8200,STANDING,-0.2579734,0.0366399,9.8945177,-0.9477938,-1.4304153,-0.0757077,20.0756611,1.7679999,43.2111729,1.0000000,2.0000000,-0.0544431,0.9998094,0.0087335,0.0174476,-0.0006273,0.0998535,-0.0908192,0.1481495,-0.3422471,0.1710454,9.7991834,27.1459954
2,1,1.8300,STANDING,-0.2902102,0.1135238,10.1157620,0.5996718,-0.6443947,2.9315830,20.1013272,1.1117467,43.0072044,1.0000000,2.0000000,-0.0538487,0.9998094,0.0087334,0.0174476,-0.0006221,0.0158842,-0.0347185,0.2905093,-0.3422471,0.1710454,9.7991834,27.1503228
2,1,1.8400,STANDING,-0.1647797,0.1884343,9.8117531,-0.2848929,-0.0654911,-0.3844091,20.0574173,1.1531368,43.1561011,1.0000000,2.0000000,-0.0532541,0.9998094,0.0087333,0.0174477,-0.0006169,0.2550539,0.0534073,-0.0459637,-0.3422471,0.1710454,9.7991834,27.0745015
2,1,1.8500,STANDING,-0.4938424,0.1106574,9.7091316,-2.2659973,1.2776285,-0.5190784,19.8628034,1.2361163,43.4803859,1.0000000,2.0000000,-0.0526593,0.9998094,0.0087332,0.0174477,-0.0006118,-0.0389136,0.0170294,-0.0990873,-0.3422471,0.1710454,9.7991834,27.1461446
2,1,1.8600,STANDING,-0.3768358,0.0614730,9.6378654,-0.5804865,-1.8332765,0.5411417,19.8645616,0.5809479,43.7035288,1.0000000,2.0000000,-0.0520645,0.9998095,0.0087331,0.0174478,-0.0006066,-0.0452627,-0.1044256,-0.1344516,-0.3422471,0.1710454,9.7991834,27.1487068
2,1,1.8700,STANDING,-0.2524383,0.1021505,9.7979317,-0.7959364,-1.0312963,1.5412223,20.6542640,2.2344516,42.9151727,1.0000000,2.0000000,-0.0514695,0.9998095,0.0087330,0.0174478,-0.0006014,0.1191397,-0.0873513,-0.0212752,-0.3422471,0.1710454,9.7991834,27.1303331
2,1,1.8800,STANDING,-0.4243179,0.4081565,9.7094484,1.3871131,1.8712405,1.1435119,19.5285751,1.9883395,43.9294888,1.0000000,2.0000000,-0.0508745,0.9998095,0.0087330,0.0174479,-0.0005962,0.0398916,0.2622702,-0.0534642,-0.3422471,0.1710454,9.7991834,27.1561965
2,1,1.8900,STANDING,-0.5085627,0.0239648,9.8683602,-1.1891399,0.9199879,2.5270398,19.8358064,0.9705220,43.2294146,1.0000000,2.0000000,-0.0502793,0.9998095,0.0087329,0.0174479,-0.0005910,-0.1285963,-0.0901869,0.1332716,-0.3422471,0.1710454,9.7991834,27.0759308
2,1,1.9000,STANDING,-0.3915336,-0.0321853,9.8608250,-0.5576992,-0.8935364,-0.1155136,20.0224418,1.6889842,43.3672533,1.0000000,2.0000000,-0.0496840,0.9998095,0.0087328,0.0174480,-0.0005858,-0.0056819,-0.1490107,0.0254965,-0.3422471,0.1710454,9.7991834,27.1437268
2,1,1.9100,STANDING,-0.3385486,0.0309559,10.0177237,-0.9120096,0.3694233,0.1792908,19.7911919,1.4435530,43.1501932,1.0000000,2.0000000,-0.0490886,0.9998095,0.0087327,0.0174480,-0.0005806,0.0030051,-0.0781446,0.2470037,-0.3422471,0.1710454,9.7991834,27.1976597
2,1,1.9200,STANDING,-0.5123497,0.0474232,10.0036267,-1.4404071,0.4816901,-0.3767795,19.7007350,1.6628924,42.9600566,1.0000000,2.0000000,-0.0484931,0.9998095,0.0087326,0.0174480,-0.0005754,-0.1350440,-0.0667545,0.1519086,-0.3422471,0.1710454,9.7991834,27.1576238
2,1,1.9300,STANDING,-0.3788281,0.2523835,9.6716289,-1.0281796,-0.6698367,-0.1200916,19.8384175,1.6783367,43.8826922,1.0000000,2.0000000,-0.0478974,0.9998095,0.0087325,0.0174481,-0.0005702,0.0676992,0.0773885,-0.1470756,-0.3422471,0.1710454,9.7991834,27.1022010
2,1,1.9400,STANDING,-0.4245253,0.1989045,10.0373279,-1.7035575,1.2590536,0.5089339,20.1258677,1.1603217,43.0992708,1.0000000,2.0000000,-0.0473017,0.9998095,0.0087324,0.0174481,-0.0005650,-0.0063504,0.0180719,0.1955342,-0.3422471,0.1710454,9.7991834,27.0806174
2,1,1.9500,STANDING,-0.3186845,0.1420283,9.7574514,0.3545153,0.8406954,0.4578878,20.2252407,1.6432579,43.0987443,1.0000000,2.0000000,-0.0467059,0.9998095,0.0087323,0.0174482,-0.0005598,0.1534720,0.0548614,-0.0701918,-0.3422471,0.1710454,9.7991834,27.1235811
2,1,1.9600,STANDING,-0.3125012,0.3357235,9.8093652,-1.0419075,0.0351559,0.7070296,20.1695659,1.5557224,43.4646066,1.0000000,2.0000000,-0.0461099,0.9998095,0.0087322,0.0174482,-0.0005546,0.0642068,0.1690905,-0.0873176,-0.3422471,0.1710454,9.7991834,27.1118129
2,1,1.9700,STANDING,-0.4063506,0.3633987,9.6631276,-0.0778097,-1.0834385,-0.0248311,19.9637219,1.7306870,43.3696199,1.0000000,2.0000000,-0.0455139,0.9998095,0.0087321,0.0174483,-0.0005494,0.0191288,0.0778766,-0.0843104,-0.3422471,0.1710454,9.7991834,27.1583573
2,1,1.9800,STANDING,-0.2997634,0.0834860,9.5177342,-1.3912099,-0.3506004,-1.4344169,19.9714016,1.6371482,43.0183503,1.0000000,2.0000000,-0.0449177,0.9998095,0.0087320,0.0174483,-0.0005442,0.0891309,-0.0656348,-0.2454669,-0.3422471,0.1710454,9.7991834,27.1306159
2,1,1.9900,STANDING,-0.4544770,0.3419813,9.6484317,-0.5376358,-0.5969148,-0.0915098,19.5233710,1.7224827,43.1758779,1.0000000,2.0000000,-0.0443214,0.9998095,0.0087320,0.0174484,-0.0005390,0.0175638,0.1465487,-0.1233756,-0.3422471,0.1710454,9.7991834,27.1189198
2,1,0.0000,LYING,-0.6593228,9.4836801,1.9794951,-0.2479502,-1.4315235,-0.1896527,17.9535648,41.8299071,9.5652622,78.0000000,4.0000000,0.0214272,0.7766766,0.6289319,0.0272396,-0.0218177,0.0316491,-0.1222284,-0.1059590,-0.6840773,9.5689847,2.0339505,26.9711352
2,1,0.0100,LYING,-0.6446284,9.4482874,2.0071157,-1.0414593,-0.2792494,0.9804655,17.7030331,42.4470797,9.8380424,78.0000000,4.0000000,0.0208280,0.7766765,0.6289321,0.0272363,-0.0218218,-0.0060212,-0.0688863,0.0015377,-0.6840773,9.5689847,2.0339505,26.9773612
2,1,0.0200,LYING,-0.6419982,9.4338404,2.0842619,-0.0130891,-0.0458943,0.5642624,17.7384835,42.5607840,9.2107664,78.0000000,4.0000000,0.0202288,0.7766764,0.6289322,0.0272330,-0.0218259,-0.0104903,-0.0584451,-0.0022488,-0.6840773,9.5689847,2.0339505,27.0207177
2,1,0.0300,LYING,-0.6956893,9.5037102,1.9375197,-0.2334116,1.2562643,0.5206955,18.1370413,42.5995461,9.2555216,78.0000000,4.0000000,0.0196296,0.7766763,0.6289324,0.0272297,-0.0218299,-0.0569282,-0.0217970,-0.0749486,-0.6840773,9.5689847,2.0339505,26.9952896
2,1,0.0400,LYING,-0.5947136,9.5055179,2.0486868,0.8782973,0.1725276,1.3056159,17.5193781,42.6331159,9.2137018,78.0000000,4.0000000,0.0190303,0.7766762,0.6289325,0.0272265,-0.0218340,0.0591983,-0.0557079,0.0244265,-0.6840773,9.5689847,2.0339505,26.9638110
2,1,0.0500,LYING,-0.5958426,9.5115858,2.1488736,0.1722430,0.3733495,0.6327803,18.1636499,41.6789199,10.0348424,78.0000000,4.0000000,0.0184309,0.7766761,0.6289327,0.0272232,-0.0218380,0.0756545,0.0077425,0.1070432,-0.6840773,9.5689847,2.0339505,26.9794240
2,1,0.0600,LYING,-0.5462589,9.6984398,2.0281385,-0.2370958,-0.0287598,0.8872756,18.1600598,41.6258362,10.0460926,78.0000000,4.0000000,0.0178315,0.7766760,0.6289328,0.0272199,-0.0218421,0.0755054,0.1491604,0.0000309,-0.6840773,9.5689847,2.0339505,26.9513618
2,1,0.0700,LYING,-0.6543031,9.5231166,2.0163115,-0.1269566,0.1232179,0.7379499,17.5789766,42.4353707,9.5037099,78.0000000,4.0000000,0.0172321,0.7766758,0.6289329,0.0272166,-0.0218462,0.0181235,-0.0132320,-0.0010647,-0.6840773,9.5689847,2.0339505,27.0065910
2,1,0.0800,LYING,-0.6398148,9.5147572,2.0054428,-0.6560247,0.8752233,1.0794370,17.2318967,42.2918133,8.9591949,78.0000000,4.0000000,0.0166327,0.7766757,0.6289331,0.0272133,-0.0218502,-0.0090955,-0.0644980,0.0200221,-0.6840773,9.5689847,2.0339505,26.9877200
2,1,0.0900,LYING,-0.6871554,9.4561110,1.9567635,0.2244919,-0.7159191,0.1061273,18.5527075,41.7806421,9.5898301,78.0000000,4.0000000,0.0160332,0.7766756,0.6289332,0.0272100,-0.0218543,-0.0635162,-0.0461074,-0.0012684,-0.6840773,9.5689847,2.0339505,27.0296544
2,1,0.1000,LYING,-0.6980364,9.4587443,2.1130991,-0.1972633,0.4208334,1.2867848,17.6686010,42.1180488,8.9615783,78.0000000,4.0000000,0.0154336,0.7766755,0.6289334,0.0272067,-0.0218584,0.0402419,-0.0738421,0.0666757,-0.6840773,9.5689847,2.0339505,27.0074848
2,1,0.1100,LYING,-0.6087388,9.5464923,2.0893441,-0.6245992,0.0041705,0.4267934,17.9184690,41.9413063,9.4635729,78.0000000,4.0000000,0.0148341,0.7766754,0.6289335,0.0272034,-0.0218624,0.0726188,0.0258371,0.0701420,-0.6840773,9.5689847,2.0339505,27.0331711
2,1,0.1200,LYING,-0.6159153,9.5561117,2.0152077,0.4120789,0.2356150,0.2252592,17.7663592,41.9422800,9.2886196,78.0000000,4.0000000,0.0142345,0.7766753,0.6289337,0.0272001,-0.0218665,-0.0049908,0.0453536,-0.0043753,-0.6840773,9.5689847,2.0339505,26.9812461
2,1,0.1300,LYING,-0.6901841,9.5795294,1.9890032,0.4120958,-0.3984754,0.6520894,17.7731033,42.2054570,10.1794710,78.0000000,4.0000000,0.0136348,0.7766752,0.6289338,0.0271968,-0.0218706,-0.0718268,0.0550990,-0.1170424,-0.6840773,9.5689847,2.0339505,26.9600008
2,1,0.1400,LYING,-0.6206356,9.5280960,1.9803948,0.3853644,1.5215555,-0.5068531,18.1194132,42.4691432,9.1498885,78.0000000,4.0000000,0.0130352,0.7766750,0.6289339,0.0271935,-0.0218746,0.0623661,0.0313242,-0.0360153,-0.6840773,9.5689847,2.0339505,26.9493753
2,1,0.1500,LYING,-0.8161463,9.5314179,1.9866012,1.3189690,-0.7127288,-0.4254905,18.0714719,43.0021236,9.8373534,78.0000000,4.0000000,0.0124355,0.7766749,0.6289341,0.0271903,-0.0218787,-0.1369424,0.0263284,-0.0075720,-0.6840773,9.5689847,2.0339505,26.9962528
2,1,0.1600,LYING,-0.6046159,9.6340213,2.1147156,-0.1625322,-0.4325661,0.9511012,18.3274005,42.0911205,9.4182019,78.0000000,4.0000000,0.0118357,0.7766748,0.6289342,0.0271870,-0.0218827,0.0323966,0.0998236,0.0575266,-0.6840773,9.5689847,2.0339505,26.9914593
2,1,0.1700,LYING,-0.5803924,9.5336655,2.0476297,0.8693153,0.4081358,1.2308394,17.9555236,42.6044514,9.5119325,78.0000000,4.0000000,0.0112360,0.7766747,0.6289344,0.0271837,-0.0218868,0.0908530,-0.0054668,0.0179884,-0.6840773,9.5689847,2.0339505,27.0108759
2,1,0.1800,LYING,-0.5853664,9.5889719,2.0037200,0.2692277,-0.8379878,0.5960788,17.7189154,42.5640941,9.6476181,78.0000000,4.0000000,0.0106362,0.7766746,0.6289345,0.0271804,-0.0218909,0.0285155,-0.0612309,-0.0523248,-0.6840773,9.5689847,2.0339505,27.0702683
2,1,0.1900,LYING,-0.7110365,9.4177852,1.9660829,0.7208415,0.4548911,0.8449427,18.1061902,42.2984494,9.1719783,78.0000000,4.0000000,0.0100364,0.7766745,0.6289346,0.0271771,-0.0218949,-0.1032587,-0.0927390,-0.0146652,-0.6840773,9.5689847,2.0339505,27.0092671
2,1,0.2000,LYING,-0.6422952,9.5842850,2.0469205,-0.0540727,-0.1354932,0.4680653,17.9977984,42.6121940,9.5810368,78.0000000,4.0000000,0.0094366,0.7766744,0.6289348,0.0271738,-0.0218990,0.0449322,-0.0015771,-0.0127289,-0.6840773,9.5689847,2.0339505,27.0617177
2,1,0.2100,LYING,-0.7289756,9.4175784,1.8795583,0.0341377,1.0630912,0.6761691,18.0764775,42.1546799,9.8973858,78.0000000,4.0000000,0.0088367,0.7766742,0.6289349,0.0271705,-0.0219031,-0.0759492,-0.0639496,-0.1480832,-0.6840773,9.5689847,2.0339505,27.0347678
2,1,0.2200,LYING,-0.7087508,9.5338006,1.9304366,-0.4082592,-0.2577640,0.4321540,18.2594905,42.5116803,9.9823415,78.0000000,4.0000000,0.0082369,0.7766741,0.6289351,0.0271672,-0.0219071,-0.0371304,0.0108594,-0.0798315,-0.6840773,9.5689847,2.0339505,27.0335719
2,1,0.2300,LYING,-0.6695979,9.5203619,2.0021625,0.6668614,0.2371683,0.0387716,18.1096040,42.4067502,9.7646062,78.0000000,4.0000000,0.0076370,0.7766740,0.6289352,0.0271639,-0.0219112,-0.0624959,-0.0298170,-0.0206647,-0.6840773,9.5689847,2.0339505,27.0070609
2,1,0.2400,LYING,-0.6589346,9.5623082,2.0061433,-0.1026638,0.7747132,0.8547064,17.9229319,42.3332733,9.2835336,78.0000000,4.0000000,0.0070371,0.7766739,0.6289354,0.0271606,-0.0219153,0.0367763,-0.0586533,-0.0397260,-0.6840773,9.5689847,2.0339505,27.0510727
2,1,0.2500,LYING,-0.7415173,9.5618007,1.9927893,-0.1552287,-0.1422676,-0.2638582,17.8949430,42.4464352,9.3707320,78.0000000,4.0000000,0.0064372,0.7766738,0.6289355,0.0271573,-0.0219193,-0.0847192,0.0345001,-0.0318042,-0.6840773,9.5689847,2.0339505,27.0541970
2,1,0.2600,LYING,-0.6552421,9.5900968,1.9740103,0.5735512,0.5703603,0.5005036,17.6517355,42.2788465,9.7247687,78.0000000,4.0000000,0.0058373,0.7766737,0.6289356,0.0271540,-0.0219234,0.0258556,-0.0116649,-0.0085310,-0.6840773,9.5689847,2.0339505,27.0003567
2,1,0.2700,LYING,-0.6173342,9.4706777,2.0273589,-0.3253960,0.7190843,0.1045069,16.9354640,42.2507236,9.9850881,78.0000000,4.0000000,0.0052373,0.7766735,0.6289358,0.0271507,-0.0219275,0.1111478,-0.0588725,0.0341470,-0.6840773,9.5689847,2.0339505,26.9767481
2,1,0.2800,LYING,-0.7467244,9.5723308,2.0357487,0.1714826,0.1556536,1.5873309,17.9056108,42.9984079,9.5838108,78.0000000,4.0000000,0.0046374,0.7766734,0.6289359,0.0271475,-0.0219315,-0.1532067,0.0052370,-0.0156321,-0.6840773,9.5689847,2.0339505,27.0030072
2,1,0.2900,LYING,-0.6940141,9.6542775,1.8894911,0.3788421,0.2279570,1.7552042,18.0354164,41.9731458,10.4062170,78.0000000,4.0000000,0.0040374,0.7766733,0.6289361,0.0271442,-0.0219356,0.0478859,0.0489113,-0.1220303,-0.6840773,9.5689847,2.0339505,27.0712622
2,1,0.3000,LYING,-0.6208586,9.5907606,1.9740530,0.2344103,1.3025355,1.1461456,17.7655284,41.7881086,9.5308291,78.0000000,4.0000000,0.0034374,0.7766732,0.6289362,0.0271409,-0.0219397,0.0604311,0.0028052,-0.0689205,-0.6840773,9.5689847,2.0339505,27.0244105
2,1,0.3100,LYING,-0.5982742,9.4275985,1.9832575,-0.4266206,-0.0367625,0.3232806,17.5781745,42.1127833,9.2184539,78.0000000,4.0000000,0.0028374,0.7766731,0.6289364,0.0271376,-0.0219437,0.0746537,-0.0583315,-0.0334499,-0.6840773,9.5689847,2.0339505,27.0432399
2,1,0.3200,LYING,-0.5200107,9.5059628,2.0494343,0.5962625,0.9415589,0.7372582,18.3990946,42.4921687,9.2341056,78.0000000,4.0000000,0.0022374,0.7766730,0.6289365,0.0271343,-0.0219478,0.1124569,-0.0511673,-0.0201780,-0.6840773,9.5689847,2.0339505,27.0152298
2,1,0.3300,LYING,-0.5819538,9.5458089,1.9085938,0.4448382,0.0088879,0.3175916,17.7491494,41.7003907,10.2055162,78.0000000,4.0000000,0.0016375,0.7766729,0.6289366,0.0271310,-0.0219519,0.0821151,-0.0615228,-0.0816651,-0.6840773,9.5689847,2.0339505,26.9499254
2,1,0.3400,LYING,-0.7176223,9.4587280,2.0397341,0.3146469,1.7702419,-0.1953724,17.3887484,41.8131303,9.7441345,78.0000000,4.0000000,0.0010375,0.7766727,0.6289368,0.0271277,-0.0219559,-0.0222354,-0.0208956,-0.0002629,-0.6840773,9.5689847,2.0339505,27.0413619
2,1,0.3500,LYING,-0.6444310,9.5528669,2.0536101,-0.1534900,-0.1988735,0.5204302,18.4768135,43.1278953,9.6714875,78.0000000,4.0000000,0.0004375,0.7766726,0.6289369,0.0271244,-0.0219600,-0.0847513,-0.0194898,0.0074097,-0.6840773,9.5689847,2.0339505,27.0106894
2,1,0.3600,LYING,-0.6319470,9.6575097,1.9796941,0.4645140,0.2678734,0.2457093,18.6789928,42.2896774,9.3857366,78.0000000,4.0000000,-0.0001625,0.7766725,0.6289371,0.0271211,-0.0219641,0.0529006,0.0937417,0.0291867,-0.6840773,9.5689847,2.0339505,26.9919542
2,1,0.3700,LYING,-0.6682145,9.5213113,2.1455531,0.6328192,0.3055452,1.0553119,18.1084085,42.0361740,9.3132277,78.0000000,4.0000000,-0.0007625,0.7766724,0.6289372,0.0271178,-0.0219681,0.0063545,-0.0419218,0.1002645,-0.6840773,9.5689847,2.0339505,27.0324627
2,1,0.3800,LYING,-0.5779169,9.5950352,2.0092882,1.1156901,0.5399370,-0.4982581,18.0990663,42.1973870,10.1406592,78.0000000,4.0000000,-0.0013625,0.7766723,0.6289373,0.0271145,-0.0219722,-0.0000060,0.0519498,-0.0417203,-0.6840773,9.5689847,2.0339505,27.0405042
2,1,0.3900,LYING,-0.7269654,9.4502754,2.0378401,-0.6113686,0.9152199,2.1880182,18.3923173,41.8868304,9.1482353,78.0000000,4.0000000,-0.0019625,0.7766722,0.6289375,0.0271112,-0.0219763,-0.0664072,-0.1512987,0.0113796,-0.6840773,9.5689847,2.0339505,27.0194261
2,1,0.4000,LYING,-0.7790989,9.4428846,2.1349827,-0.1857416,-0.3001531,0.8345062,17.2852074,42.5738744,9.5415294,78.0000000,4.0000000,-0.0025625,0.7766721,0.6289376,0.0271079,-0.0219803,-0.1102383,-0.0907284,0.1131241,-0.6840773,9.5689847,2.0339505,27.0719224
2,1,0.4100,LYING,-0.6577366,9.5695983,2.0664701,0.0965461,1.6129116,0.4601830,17.8379642,42.1723512,10.0797962,78.0000000,4.0000000,-0.0031625,0.7766719,0.6289378,0.0271046,-0.0219844,0.0304599,0.0391635,-0.0319113,-0.6840773,9.5689847,2.0339505,27.0174511
2,1,0.4200,LYING,-0.7236362,9.6383473,2.1353457,0.5583697,0.7393713,0.3066736,17.9960930,42.2080916,10.0261580,78.0000000,4.0000000,-0.0037625,0.7766718,0.6289379,0.0271014,-0.0219885,-0.0550670,0.1097764,0.0870673,-0.6840773,9.5689847,2.0339505,27.0129351
2,1,0.4300,LYING,-0.6086977,9.5391630,2.0396478,-1.0361246,0.3719831,1.3291679,17.7086040,42.7476487,9.6122708,78.0000000,4.0000000,-0.0043625,0.7766717,0.6289381,0.0270981,-0.0219925,0.0534438,0.0424619,0.0308456,-0.6840773,9.5689847,2.0339505,27.0435681
2,1,0.4400,LYING,-0.5661418,9.5446409,2.0697300,0.0551267,0.9686707,0.9485104,17.9453789,41.8533821,10.1647975,78.0000000,4.0000000,-0.0049624,0.7766716,0.6289382,0.0270948,-0.0219966,0.0669241,-0.0099834,0.0258875,-0.6840773,9.5689847,2.0339505,27.0406837
2,1,0.4500,LYING,-0.6714018,9.6545096,2.0175648,-1.3897311,0.3894465,0.7680668,17.7591274,42.1063775,10.1628580,78.0000000,4.0000000,-0.0055624,0.7766715,0.6289383,0.0270915,-0.0220007,-0.0244917,0.0764214,-0.0094046,-0.6840773,9.5689847,2.0339505,27.1085914
2,1,0.4600,LYING,-0.6716972,9.6223080,2.1001755,-0.0061300,0.4419086,2.0831296,18.3272899,41.8199697,9.9612762,78.0000000,4.0000000,-0.0061623,0.7766714,0.6289385,0.0270882,-0.0220047,-0.0437944,0.0732997,0.0158940,-0.6840773,9.5689847,2.0339505,27.0217150
2,1,0.4700,LYING,-0.6947351,9.5709711,2.0396123,0.5887544,-0.0170918,0.4337147,17.5744794,42.0411526,9.4782179,78.0000000,4.0000000,-0.0067622,0.7766712,0.6289386,0.0270849,-0.0220088,-0.0303538,-0.0203479,-0.0893577,-0.6840773,9.5689847,2.0339505,27.0171391
2,1,0.4800,LYING,-0.6865163,9.5716279,2.0317635,0.2406572,1.8222807,0.7220301,17.5454703,42.4556517,9.8312674,78.0000000,4.0000000,-0.0073621,0.7766711,0.6289388,0.0270816,-0.0220129,-0.0620067,0.0280888,0.0045589,-0.6840773,9.5689847,2.0339505,27.0918760
2,1,0.4900,LYING,-0.5621199,9.5543653,2.1297097,0.3517182,0.6258536,0.7446913,17.6074801,42.5480812,9.9682111,78.0000000,4.0000000,-0.0079620,0.7766710,0.6289389,0.0270783,-0.0220169,0.1048645,-0.0021230,0.0698639,-0.6840773,9.5689847,2.0339505,27.0727101
2,1,0.5000,LYING,-0.6700088,9.6072948,2.0158580,0.7374501,0.1892212,1.6524654,17.5220107,42.1304055,9.8610669,78.0000000,4.0000000,-0.0085619,0.7766709,0.6289391,0.0270750,-0.0220210,0.0819407,0.0022952,-0.0109877,-0.6840773,9.5689847,2.0339505,27.0344621
2,1,0.5100,LYING,-0.6750470,9.5414685,2.0696937,-0.6428664,0.6702801,0.7792615,17.2307965,42.2844216,10.2097439,78.0000000,4.0000000,-0.0091617,0.7766708,0.6289392,0.0270717,-0.0220251,0.0221777,-0.0540527,0.0627197,-0.6840773,9.5689847,2.0339505,27.0521772
2,1,0.5200,LYING,-0.6239127,9.4937653,2.0244302,-0.7848052,0.6264720,0.6311404,17.8965976,42.5127101,9.6304876,78.0000000,4.0000000,-0.0097616,0.7766707,0.6289393,0.0270684,-0.0220291,0.1202812,-0.0852164,-0.0110843,-0.6840773,9.5689847,2.0339505,26.9900785
2,1,0.5300,LYING,-0.7014687,9.5192614,2.0886889,0.2846729,0.6969833,0.5091466,17.7886168,41.9923806,9.9669465,78.0000000,4.0000000,-0.0103614,0.7766706,0.6289395,0.0270651,-0.0220332,-0.0221313,-0.0203921,0.0352882,-0.6840773,9.5689847,2.0339505,26.9851942
2,1,0.5400,LYING,-0.7164241,9.6349201,1.9571564,0.2066490,0.4904077,1.2326466,17.5997076,42.1197714,10.3225278,78.0000000,4.0000000,-0.0109612,0.7766704,0.6289396,0.0270618,-0.0220373,-0.0384910,0.1206757,0.0239621,-0.6840773,9.5689847,2.0339505,27.0205359
2,1,0.5500,LYING,-0.6305792,9.5153200,2.1863742,0.2248795,1.0115973,0.2518297,17.4413558,41.9520726,9.6157878,78.0000000,4.0000000,-0.0115609,0.7766703,0.6289398,0.0270586,-0.0220413,0.0437250,-0.0173543,0.1229507,-0.6840773,9.5689847,2.0339505,26.9977615
2,1,0.5600,LYING,-0.6661757,9.5987707,1.9652098,-0.4001258,0.2576928,0.7555403,17.9104667,42.5735823,9.3854785,78.0000000,4.0000000,-0.0121607,0.7766702,0.6289399,0.0270553,-0.0220454,-0.0527128,0.0670137,-0.0726141,-0.6840773,9.5689847,2.0339505,26.9922780
2,1,0.5700,LYING,-0.7164693,9.4566968,2.0379881,-0.0670093,0.8674098,0.4139791,17.5703856,42.4739132,9.5505729,78.0000000,4.0000000,-0.0127604,0.7766701,0.6289400,0.0270520,-0.0220495,-0.0263232,-0.0590376,-0.0343461,-0.6840773,9.5689847,2.0339505,27.0439668
2,1,0.5800,LYING,-0.6785111,9.4692832,1.9788659,-0.5356322,0.3171014,0.4940133,18.2069711,41.4993371,9.8245027,78.0000000,4.0000000,-0.0133601,0.7766700,0.6289402,0.0270487,-0.0220535,0.0223534,-0.0801509,-0.1037666,-0.6840773,9.5689847,2.0339505,27.0688394
2,1,0.5900,LYING,-0.5744598,9.4920400,2.0769244,0.6635133,-0.0539867,0.3800848,17.3772640,42.3635179,10.3422031,78.0000000,4.0000000,-0.0139597,0.7766699,0.6289403,0.0270454,-0.0220576,0.0825811,-0.0847750,0.0507672,-0.6840773,9.5689847,2.0339505,27.0597981
2,1,0.6000,LYING,-0.6513338,9.5363987,2.2219149,-0.5436313,-1.2826797,1.3392403,17.9958170,42.8832422,9.8609381,78.0000000,4.0000000,-0.0145593,0.7766697,0.6289405,0.0270421,-0.0220616,-0.0214388,-0.0055870,0.1653381,-0.6840773,9.5689847,2.0339505,27.0126574
2,1,0.6100,LYING,-0.6874539,9.3693510,1.9383892,-0.2093450,0.6745840,0.4630915,17.1355380,41.8975423,9.8884100,78.0000000,4.0000000,-0.0151589,0.7766696,0.6289406,0.0270388,-0.0220657,0.0075568,-0.0574903,-0.0429223,-0.6840773,9.5689847,2.0339505,27.0600022
2,1,0.6200,LYING,-0.6005685,9.4619743,1.9502991,-0.7470916,0.8237928,0.4838969,17.9615435,42.4525133,9.7416131,78.0000000,4.0000000,-0.0157585,0.7766695,0.6289407,0.0270355,-0.0220698,0.0044574,-0.0114326,-0.0815561,-0.6840773,9.5689847,2.0339505,27.0377927
2,1,0.6300,LYING,-0.6753637,9.6101853,1.8773046,-0.0936635,1.0315397,1.3669050,18.2080416,42.5918408,9.4686863,78.0000000,4.0000000,-0.0163580,0.7766694,0.6289409,0.0270322,-0.0220738,0.0569169,-0.0740800,-0.1399386,-0.6840773,9.5689847,2.0339505,27.0605920
2,1,0.6400,LYING,-0.6543792,9.5333138,2.0020839,-1.2145212,0.4063298,1.3953320,17.9415646,42.2243224,9.8624623,78.0000000,4.0000000,-0.0169575,0.7766693,0.6289410,0.0270289,-0.0220779,-0.0313265,-0.0336381,-0.0704097,-0.6840773,9.5689847,2.0339505,27.0343790
2,1,0.6500,LYING,-0.6638573,9.5619697,2.0910871,0.2153752,-0.7261276,0.4183685,17.7677612,42.4475209,9.8118563,78.0000000,4.0000000,-0.0175569,0.7766692,0.6289412,0.0270256,-0.0220820,0.0105252,-0.0341013,0.0742427,-0.6840773,9.5689847,2.0339505,27.0156256
2,1,0.6600,LYING,-0.8062640,9.6801125,2.0632401,-0.7754260,-0.0160829,0.5227315,18.1652854,42.0346105,9.5508605,78.0000000,4.0000000,-0.0181563,0.7766691,0.6289413,0.0270224,-0.0220860,-0.1033194,0.0408979,-0.0047901,-0.6840773,9.5689847,2.0339505,27.0558096
2,1,0.6700,LYING,-0.7042458,9.5672385,2.0166593,0.5941382,0.5466413,0.0454540,18.4024657,42.4024086,9.9992120,78.0000000,4.0000000,-0.0187557,0.7766689,0.6289415,0.0270191,-0.0220901,-0.0162107,-0.0034560,0.0235549,-0.6840773,9.5689847,2.0339505,27.0845898
2,1,0.6800,LYING,-0.6423925,9.5460600,2.1311462,0.2482077,0.8777250,0.9605303,17.6395704,42.2528345,9.9357347,78.0000000,4.0000000,-0.0193550,0.7766688,0.6289416,0.0270158,-0.0220941,-0.0167216,-0.0082129,0.0856215,-0.6840773,9.5689847,2.0339505,26.9913655
2,1,0.6900,LYING,-0.7248477,9.4813372,1.9845547,-0.3778437,0.2396853,0.9731200,18.3455899,41.9858542,9.5148184,78.0000000,4.0000000,-0.0199543,0.7766687,0.6289417,0.0270125,-0.0220982,0.0191614,-0.0561689,0.0362625,-0.6840773,9.5689847,2.0339505,27.0664465
2,1,0.7000,LYING,-0.7260884,9.5671199,2.1467420,0.4398377,-0.1924017,1.2340178,17.6599567,42.4867644,9.9425612,78.0000000,4.0000000,-0.0205535,0.7766686,0.6289419,0.0270092,-0.0221023,-0.0273626,0.0617542,0.1797202,-0.6840773,9.5689847,2.0339505,27.0329973
2,1,0.7100,LYING,-0.6635282,9.5912369,2.0512418,-0.2208724,0.1830242,0.7006827,17.9599598,42.0158119,9.4840730,78.0000000,4.0000000,-0.0211527,0.7766685,0.6289420,0.0270059,-0.0221063,-0.0076186,0.0064175,-0.0002362,-0.6840773,9.5689847,2.0339505,27.0704102
2,1,0.7200,LYING,-0.6191448,9.6194406,2.0815590,0.4061403,0.9907994,1.0379427,17.9681794,41.7098511,9.8228822,78.0000000,4.0000000,-0.0217518,0.7766684,0.6289422,0.0270026,-0.0221104,0.0152000,0.0832113,0.0548225,-0.6840773,9.5689847,2.0339505,27.0787260
2,1,0.7300,LYING,-0.7735214,9.6056807,2.1342098,-0.4159638,0.1776992,0.4582958,17.7206876,42.5667782,10.2908783,78.0000000,4.0000000,-0.0223509,0.7766682,0.6289423,0.0269993,-0.0221145,-0.1017086,0.0742246,0.0879416,-0.6840773,9.5689847,2.0339505,27.0018221
2,1,0.7400,LYING,-0.7599095,9.5833495,2.0147085,0.5191344,0.7936920,1.5978781,17.7666529,42.5306203,10.0654473,78.0000000,4.0000000,-0.0229499,0.7766681,0.6289424,0.0269960,-0.0221185,0.0105480,0.0328417,0.0462233,-0.6840773,9.5689847,2.0339505,27.0363884
2,1,0.7500,LYING,-0.6139550,9.5406712,2.0932485,-0.6038509,0.9636567,0.7149543,17.8944068,41.9477199,9.4714486,78.0000000,4.0000000,-0.0235489,0.7766680,0.6289426,0.0269928,-0.0221226,0.0236349,-0.0504020,0.0950088,-0.6840773,9.5689847,2.0339505,27.0580091
2,1,0.7600,LYING,-0.6992241,9.5647252,2.0553313,0.2440236,-0.4119846,0.7398105,17.6193446,42.2473330,9.5380469,78.0000000,4.0000000,-0.0241478,0.7766679,0.6289427,0.0269895,-0.0221266,-0.0345263,-0.0075331,0.0987164,-0.6840773,9.5689847,2.0339505,27.0818992
2,1,0.7700,LYING,-0.6849209,9.5463723,2.1146869,-0.2774747,0.1504804,0.0498614,17.4738297,42.0298017,9.1517918,78.0000000,4.0000000,-0.0247467,0.7766678,0.6289429,0.0269862,-0.0221307,-0.0363971,0.0249624,0.0111180,-0.6840773,9.5689847,2.0339505,26.9838140
2,1,0.7800,LYING,-0.7299562,9.6097130,2.0392201,-1.2266628,1.3797509,0.6586124,17.6736300,42.1042007,9.8877089,78.0000000,4.0000000,-0.0253455,0.7766677,0.6289430,0.0269829,-0.0221348,-0.0313389,0.0002852,0.0541135,-0.6840773,9.5689847,2.0339505,27.0271661
2,1,0.7900,LYING,-0.6796129,9.4827410,2.0433060,0.1820067,0.0332929,-0.0256238,17.8829474,41.8286717,10.0689160,78.0000000,4.0000000,-0.0259443,0.7766676,0.6289432,0.0269796,-0.0221388,-0.0088513,-0.0183287,0.0045410,-0.6840773,9.5689847,2.0339505,27.0139544
2,1,0.8000,LYING,-0.6752303,9.5757154,2.0841300,-0.3126318,0.2052294,1.0038929,17.7195585,42.3376489,9.4003177,78.0000000,4.0000000,-0.0265430,0.7766674,0.6289433,0.0269763,-0.0221429,-0.0007993,-0.0006575,0.0289988,-0.6840773,9.5689847,2.0339505,27.0449246
2,1,0.8100,LYING,-0.7898101,9.6130535,1.9851092,0.1166841,-0.3552329,0.3696460,17.0942852,42.3452838,10.2588392,78.0000000,4.0000000,-0.0271417,0.7766673,0.6289434,0.0269730,-0.0221469,-0.1689843,0.0808726,-0.0338003,-0.6840773,9.5689847,2.0339505,27.0775431
2,1,0.8200,LYING,-0.7003538,9.4595591,2.0080969,0.6883469,1.0485843,0.4186313,18.1320759,41.7964412,9.3296543,78.0000000,4.0000000,-0.0277403,0.7766672,0.6289436,0.0269697,-0.0221510,-0.0056494,-0.0553586,-0.0387353,-0.6840773,9.5689847,2.0339505,27.0591887
2,1,0.8300,LYING,-0.7523998,9.5318582,2.0347425,0.0294337,0.1294086,0.5339649,17.8792401,41.9062078,9.4654561,78.0000000,4.0000000,-0.0283388,0.7766671,0.6289437,0.0269665,-0.0221550,-0.0532108,0.0498724,0.0286466,-0.6840773,9.5689847,2.0339505,27.0307367
2,1,0.8400,LYING,-0.6582469,9.5509481,1.8598244,1.2881820,1.8748484,1.5773434,18.3091136,42.3734561,9.4046769,78.0000000,4.0000000,-0.0289372,0.7766670,0.6289439,0.0269632,-0.0221591,-0.0829211,-0.0434338,-0.1402425,-0.6840773,9.5689847,2.0339505,27.0195918
2,1,0.8500,LYING,-0.6650504,9.4946903,2.0687980,-0.7152424,0.4884290,0.4795756,17.9456896,41.8914324,8.8509728,78.0000000,4.0000000,-0.0295356,0.7766669,0.6289440,0.0269599,-0.0221631,0.0144476,-0.0596880,0.0100885,-0.6840773,9.5689847,2.0339505,27.0253518
2,1,0.8600,LYING,-0.6500449,9.5870715,1.9581116,-0.9239786,0.5508801,0.6871061,18.8712010,42.9984664,9.8601840,78.0000000,4.0000000,-0.0301340,0.7766667,0.6289441,0.0269566,-0.0221672,0.0519825,0.0282185,-0.0117155,-0.6840773,9.5689847,2.0339505,27.0387446
2,1,0.8700,LYING,-0.7152015,9.6354144,2.0173001,0.0380450,2.2030062,0.1022935,17.5582744,42.2640860,9.0613134,78.0000000,4.0000000,-0.0307322,0.7766666,0.6289443,0.0269533,-0.0221713,-0.0530866,0.0976721,-0.0129927,-0.6840773,9.5689847,2.0339505,27.0180178
2,1,0.8800,LYING,-0.5701132,9.5373593,2.0472730,-0.9198834,-0.6888855,1.0017381,18.1741404,41.6545544,9.3603967,78.0000000,4.0000000,-0.0313304,0.7766665,0.6289444,0.0269500,-0.0221753,0.0716084,0.0070601,-0.0492954,-0.6840773,9.5689847,2.0339505,27.0269065
2,1,0.8900,LYING,-0.5336782,9.4995177,2.0185285,-0.4714751,1.0016492,1.2014902,17.6148589,41.7836752,10.6358941,78.0000000,4.0000000,-0.0319285,0.7766664,0.6289446,0.0269468,-0.0221794,0.1120359,-0.0292305,-0.0323570,-0.6840773,9.5689847,2.0339505,27.0633389
2,1,0.9000,LYING,-0.7429924,9.5892931,2.0111491,-0.5316812,-0.0058595,-0.2943426,17.4994567,42.4515699,10.1297632,78.0000000,4.0000000,-0.0325266,0.7766663,0.6289447,0.0269435,-0.0221834,-0.0746924,0.0547488,0.0428488,-0.6840773,9.5689847,2.0339505,26.9975322
2,1,0.9100,LYING,-0.7829521,9.5336251,2.0379628,-0.2264556,0.9956623,0.1082396,18.2284516,42.1714027,9.4478906,78.0000000,4.0000000,-0.0331246,0.7766662,0.6289448,0.0269402,-0.0221875,-0.0373406,-0.0480213,0.0384881,-0.6840773,9.5689847,2.0339505,27.0495786
2,1,0.9200,LYING,-0.8798722,9.4779419,1.9688507,-0.0875733,0.1619514,0.1041099,18.2016895,41.8851349,9.2094901,78.0000000,4.0000000,-0.0337225,0.7766660,0.6289450,0.0269369,-0.0221915,-0.1171651,-0.0812062,-0.0717576,-0.6840773,9.5689847,2.0339505,27.0558547
2,1,0.9300,LYING,-0.7112171,9.5576916,1.9767775,0.7070977,-0.1808770,0.2264343,17.5731139,41.7603989,10.6168286,78.0000000,4.0000000,-0.0343203,0.7766659,0.6289451,0.0269336,-0.0221956,-0.0026567,-0.0867708,-0.0805660,-0.6840773,9.5689847,2.0339505,27.0628316
2,1,0.9400,LYING,-0.7628146,9.6110122,2.1736954,-0.3618660,0.1434413,0.1802123,17.9899070,41.9937829,9.3403665,78.0000000,4.0000000,-0.0349180,0.7766658,0.6289453,0.0269304,-0.0221996,-0.0383129,0.0294335,0.0930950,-0.6840773,9.5689847,2.0339505,27.0630063
2,1,0.9500,LYING,-0.7139266,9.4423763,2.0590059,0.2745693,0.0966885,-0.6588600,18.4231587,41.9159690,9.2673486,78.0000000,4.0000000,-0.0355157,0.7766657,0.6289454,0.0269271,-0.0222037,-0.0211805,-0.0933144,0.0064217,-0.6840773,9.5689847,2.0339505,27.0961069
2,1,0.9600,LYING,-0.6586282,9.5677089,2.0392904,0.8326307,0.0300475,1.4967600,17.5679566,42.6802066,9.8930257,78.0000000,4.0000000,-0.0361133,0.7766656,0.6289455,0.0269238,-0.0222077,0.0042634,-0.0026566,0.0066926,-0.6840773,9.5689847,2.0339505,27.0636647
2,1,0.9700,LYING,-0.6249831,9.3754769,1.9722720,0.2960554,-0.0012287,-0.5420014,18.1058247,42.1363303,9.8230892,78.0000000,4.0000000,-0.0367108,0.7766655,0.6289457,0.0269205,-0.0222118,0.0411033,-0.1199627,-0.0857008,-0.6840773,9.5689847,2.0339505,27.0797716
2,1,0.9800,LYING,-0.6616937,9.5466443,2.0275986,0.4247290,0.0350183,0.9235284,17.8437262,42.3296587,9.8772970,78.0000000,4.0000000,-0.0373082,0.7766654,0.6289458,0.0269172,-0.0222158,0.0231521,-0.0137465,0.0254086,-0.6840773,9.5689847,2.0339505,27.0006037
2,1,0.9900,LYING,-0.7639615,9.6147402,2.0240695,-0.5628420,0.3638025,1.4862516,18.2771492,41.7328831,10.0589415,78.0000000,4.0000000,-0.0379056,0.7766652,0.6289460,0.0269140,-0.0222199,-0.0708830,0.0356561,-0.0380922,-0.6840773,9.5689847,2.0339505,27.0873980
2,1,1.0000,LYING,-0.7511580,9.6835814,2.0089965,0.6559915,1.1602609,-0.0501748,17.9339691,42.4555234,9.5980532,78.0000000,4.0000000,-0.0385028,0.7766651,0.6289461,0.0269107,-0.0222239,-0.1028380,0.1170749,-0.0480469,-0.6840773,9.5689847,2.0339505,27.0665547
2,1,1.0100,LYING,-0.6886533,9.6136422,1.9955346,0.5645174,-0.2010198,0.5877774,18.3066580,42.4110380,9.4638062,78.0000000,4.0000000,-0.0391000,0.7766650,0.6289462,0.0269074,-0.0222280,-0.0484905,0.0639891,-0.0067066,-0.6840773,9.5689847,2.0339505,27.0604321
2,1,1.0200,LYING,-0.7160738,9.6261556,1.9427148,0.1367954,0.3867497,0.1801692,17.3802298,42.2053242,10.2288751,78.0000000,4.0000000,-0.0396971,0.7766649,0.6289464,0.0269041,-0.0222320,0.0058902,0.0996084,-0.0762151,-0.6840773,9.5689847,2.0339505,27.0870802
2,1,1.0300,LYING,-0.6685613,9.4404335,2.1509727,-1.1328915,-0.2916489,1.4273394,17.5179192,41.5670780,9.7145452,78.0000000,4.0000000,-0.0402941,0.7766648,0.6289465,0.0269008,-0.0222361,-0.0114843,-0.0806371,0.0802531,-0.6840773,9.5689847,2.0339505,27.0957856
2,1,1.0400,LYING,-0.6008652,9.5503814,2.2553025,0.3021850,0.4402912,0.3817700,17.4493891,42.2996748,10.2629993,78.0000000,4.0000000,-0.0408910,0.7766647,0.6289467,0.0268976,-0.0222401,0.0310335,-0.0574669,0.1626658,-0.6840773,9.5689847,2.0339505,27.0611354
2,1,1.0500,LYING,-0.6618088,9.5777760,1.9691709,-0.2520224,-0.6038302,1.2701150,17.9996988,42.7038691,9.7851539,78.0000000,4.0000000,-0.0414878,0.7766645,0.6289468,0.0268943,-0.0222442,0.0388898,0.0398964,-0.0892926,-0.6840773,9.5689847,2.0339505,27.0385669
2,1,1.0600,LYING,-0.6527882,9.5057093,2.0309048,0.6200044,-0.5206834,1.9801404,17.9662998,42.3730003,9.8107786,78.0000000,4.0000000,-0.0420845,0.7766644,0.6289469,0.0268910,-0.0222482,-0.0124919,-0.0417159,-0.0010813,-0.6840773,9.5689847,2.0339505,27.0729565
2,1,1.0700,LYING,-0.7552845,9.4622369,2.0927475,-0.3221242,0.6687832,0.9601252,17.6887584,41.9689401,9.3269855,78.0000000,4.0000000,-0.0426811,0.7766643,0.6289471,0.0268877,-0.0222522,-0.0186645,-0.0209589,0.0535482,-0.6840773,9.5689847,2.0339505,27.1132055
2,1,1.0800,LYING,-0.7577397,9.5353906,2.0811417,0.3050803,0.7718099,0.7337349,17.9340221,41.9764535,9.4032780,78.0000000,4.0000000,-0.0432777,0.7766642,0.6289472,0.0268845,-0.0222563,-0.0371683,0.0509641,0.0142204,-0.6840773,9.5689847,2.0339505,27.1172838
2,1,1.0900,LYING,-0.5574730,9.5765302,1.9683344,-0.4279202,0.4520430,0.3639057,17.9740944,41.6729708,9.4838921,78.0000000,4.0000000,-0.0438741,0.7766641,0.6289474,0.0268812,-0.0222603,0.0843410,0.0524526,-0.0905880,-0.6840773,9.5689847,2.0339505,27.0275019
2,1,1.1000,LYING,-0.6787262,9.5017554,2.0531957,0.0704746,0.0487237,0.6702606,17.4327351,42.2932200,9.7268603,78.0000000,4.0000000,-0.0444704,0.7766640,0.6289475,0.0268779,-0.0222644,0.0083746,-0.0657249,0.0669301,-0.6840773,9.5689847,2.0339505,27.0333616
2,1,1.1100,LYING,-0.7861321,9.6754947,2.1551632,-0.4501855,0.4414156,1.4501482,18.0279256,41.3746663,9.8872344,78.0000000,4.0000000,-0.0450666,0.7766638,0.6289476,0.0268747,-0.0222684,-0.1345258,0.1206944,0.1362745,-0.6840773,9.5689847,2.0339505,27.0456230
2,1,1.1200,LYING,-0.7647975,9.5850476,1.9874303,0.0477965,0.7955661,0.7510384,18.2048758,41.7037680,9.5197479,78.0000000,4.0000000,-0.0456628,0.7766637,0.6289478,0.0268714,-0.0222725,-0.0553729,0.0237179,-0.0841016,-0.6840773,9.5689847,2.0339505,27.0532903
2,1,1.1300,LYING,-0.6279418,9.6067667,1.9895107,-1.6365676,0.8278388,0.5731520,17.8628368,41.4937821,9.5339110,78.0000000,4.0000000,-0.0462588,0.7766636,0.6289479,0.0268681,-0.0222765,0.0239413,0.0604349,-0.0789123,-0.6840773,9.5689847,2.0339505,27.0484035
2,1,1.1400,LYING,-0.8621828,9.5633045,2.0328692,0.1497315,0.4858071,-0.0165233,18.3134612,42.3628333,10.1164392,78.0000000,4.0000000,-0.0468547,0.7766635,0.6289481,0.0268648,-0.0222805,-0.0985293,0.0442020,0.0132620,-0.6840773,9.5689847,2.0339505,27.0689182
2,1,1.1500,LYING,-0.6247068,9.6898885,2.0915865,-0.5500475,-0.3037246,1.5416448,18.5780379,42.4128470,9.4761426,78.0000000,4.0000000,-0.0474505,0.7766634,0.6289482,0.0268616,-0.0222846,0.0473017,0.1221689,0.0731546,-0.6840773,9.5689847,2.0339505,27.0437746
2,1,1.1600,LYING,-0.6575888,9.6093630,2.0179106,0.9004050,0.0301115,0.0153478,18.7733046,41.5980522,9.4087376,78.0000000,4.0000000,-0.0480463,0.7766633,0.6289483,0.0268583,-0.0222886,0.0593378,0.0835850,-0.0670510,-0.6840773,9.5689847,2.0339505,27.0896598
2,1,1.1700,LYING,-0.6256467,9.6514771,2.0195665,-0.4017910,0.6059820,0.6388822,17.5188800,42.0327635,9.7623601,78.0000000,4.0000000,-0.0486419,0.7766632,0.6289485,0.0268550,-0.0222926,-0.0742579,0.0634731,-0.0456636,-0.6840773,9.5689847,2.0339505,27.0672188
2,1,1.1800,LYING,-0.6374849,9.4533043,2.1104093,-0.5778399,0.3442633,1.7060944,17.8505257,41.9878049,9.0127063,78.0000000,4.0000000,-0.0492373,0.7766630,0.6289486,0.0268518,-0.0222967,-0.0058951,-0.0577984,0.0617905,-0.6840773,9.5689847,2.0339505,27.0733947
2,1,1.1900,LYING,-0.6456229,9.6119578,1.9736870,-0.1293488,-0.2951708,0.4959236,18.0403804,42.2593780,10.1987063,78.0000000,4.0000000,-0.0498327,0.7766629,0.6289488,0.0268485,-0.0223007,0.0035705,0.0560406,-0.1114507,-0.6840773,9.5689847,2.0339505,27.1098246
2,1,1.2000,LYING,-0.5489656,9.6205188,1.9600503,0.2543878,0.6240755,1.2093653,18.3480712,41.9395342,9.4997198,78.0000000,4.0000000,-0.0504280,0.7766628,0.6289489,0.0268452,-0.0223048,0.0859733,0.0610208,-0.0755579,-0.6840773,9.5689847,2.0339505,27.1133525
2,1,1.2100,LYING,-0.6224846,9.5247632,2.1213310,-0.4224992,-0.3299138,1.1029906,18.2859668,42.3946956,10.3417650,78.0000000,4.0000000,-0.0510232,0.7766627,0.6289490,0.0268420,-0.0223088,0.0590998,0.0009956,0.0769985,-0.6840773,9.5689847,2.0339505,27.1107437
2,1,1.2200,LYING,-0.8720642,9.6435111,2.0175150,0.6345176,1.1462850,0.2722780,18.2548121,42.3062765,9.8971494,78.0000000,4.0000000,-0.0516182,0.7766626,0.6289492,0.0268387,-0.0223128,-0.2063022,0.1516987,0.0174856,-0.6840773,9.5689847,2.0339505,27.0670564
2,1,1.2300,LYING,-0.7829742,9.5260560,2.1405179,0.2936378,0.2935721,0.1114355,18.1533367,41.9161939,10.1470707,78.0000000,4.0000000,-0.0522131,0.7766625,0.6289493,0.0268354,-0.0223168,-0.0558194,-0.0684235,0.1290268,-0.6840773,9.5689847,2.0339505,27.0993786
2,1,1.2400,LYING,-0.6729042,9.5861529,1.9490726,-1.0167848,1.0999204,1.0710221,17.0467187,42.9011677,9.3498055,78.0000000,4.0000000,-0.0528079,0.7766623,0.6289495,0.0268322,-0.0223209,0.0407453,-0.0227676,-0.0199977,-0.6840773,9.5689847,2.0339505,27.1173197
2,1,1.2500,LYING,-0.8215051,9.5087330,2.1900098,0.2157872,0.9748335,0.5766425,17.6380752,42.3682158,9.4345299,78.0000000,4.0000000,-0.0534026,0.7766622,0.6289496,0.0268289,-0.0223249,-0.0105189,-0.0546691,0.1322089,-0.6840773,9.5689847,2.0339505,27.0452603
2,1,1.2600,LYING,-0.7162725,9.7247595,2.0404643,0.7360820,0.1200781,0.4622393,17.4217785,42.1358596,9.7896206,78.0000000,4.0000000,-0.0539972,0.7766621,0.6289497,0.0268256,-0.0223289,-0.0495132,0.1849075,-0.0179414,-0.6840773,9.5689847,2.0339505,27.0700068
2,1,1.2700,LYING,-0.6212544,9.4409406,2.0489865,0.5303322,1.3769127,0.4878367,18.2841136,41.9519510,9.2025729,78.0000000,4.0000000,-0.0545916,0.7766620,0.6289499,0.0268224,-0.0223330,0.0224316,-0.1326538,0.0050301,-0.6840773,9.5689847,2.0339505,27.0155792
2,1,1.2800,LYING,-0.5854753,9.5865069,2.1506765,-1.0459352,-0.1678996,0.8083553,18.1038962,41.9051855,9.3776323,78.0000000,4.0000000,-0.0551860,0.7766619,0.6289500,0.0268191,-0.0223370,0.1140139,0.0192797,0.0714413,-0.6840773,9.5689847,2.0339505,27.0453333
2,1,1.2900,LYING,-0.5924940,9.5470787,2.0182940,1.0360266,-0.3384518,0.4243877,18.5177632,42.5918647,9.7884671,78.0000000,4.0000000,-0.0557802,0.7766618,0.6289502,0.0268158,-0.0223410,0.0848463,-0.0443339,0.0026657,-0.6840773,9.5689847,2.0339505,27.0595159
2,1,1.3000,LYING,-0.7114776,9.5947836,2.1200659,-1.0768493,0.8109935,0.7073684,17.8603674,42.3429923,9.9349818,78.0000000,4.0000000,-0.0563742,0.7766616,0.6289503,0.0268126,-0.0223451,-0.0643412,0.0257646,0.0485913,-0.6840773,9.5689847,2.0339505,27.1593081
2,1,1.3100,LYING,-0.6617241,9.5383205,2.0071189,0.8536103,0.1591728,0.8329586,17.7662207,42.4048603,10.3336355,78.0000000,4.0000000,-0.0569682,0.7766615,0.6289504,0.0268093,-0.0223491,-0.0229810,-0.0467625,0.0041458,-0.6840773,9.5689847,2.0339505,27.0852111
2,1,1.3200,LYING,-0.6217868,9.5333892,2.0976069,0.0040719,0.0321465,0.1723019,18.1589904,42.2034023,9.2826071,78.0000000,4.0000000,-0.0575620,0.7766614,0.6289506,0.0268061,-0.0223531,0.0492735,-0.0249700,0.0437018,-0.6840773,9.5689847,2.0339505,27.0625716
2,1,1.3300,LYING,-0.5367654,9.4642958,1.9524656,-0.2578257,0.1678087,0.1941961,17.2930011,42.5537125,9.6494750,78.0000000,4.0000000,-0.0581557,0.7766613,0.6289507,0.0268028,-0.0223571,0.0653056,-0.0315903,-0.0916854,-0.6840773,9.5689847,2.0339505,27.0897861
2,1,1.3400,LYING,-0.7318704,9.5175757,2.0218584,0.0443963,0.9276116,0.3298435,18.0074177,41.8405749,9.5070521,78.0000000,4.0000000,-0.0587492,0.7766612,0.6289508,0.0267996,-0.0223611,0.0434483,-0.0234913,-0.0374469,-0.6840773,9.5689847,2.0339505,27.0850362
2,1,1.3500,LYING,-0.7353754,9.6011614,2.0777473,-0.8293864,-0.7115047,0.5786584,17.8703160,41.8954396,9.9830982,78.0000000,4.0000000,-0.0593427,0.7766611,0.6289510,0.0267963,-0.0223652,-0.0292439,0.0055294,-0.0213192,-0.6840773,9.5689847,2.0339505,27.1236295
2,1,1.3600,LYING,-0.5643917,9.4416232,2.1823120,0.4342353,-0.3632555,0.6481816,17.7916447,41.6471491,9.8153531,78.0000000,4.0000000,-0.0599360,0.7766610,0.6289511,0.0267930,-0.0223692,0.0268627,-0.0614083,0.0247003,-0.6840773,9.5689847,2.0339505,27.0259194
2,1,1.3700,LYING,-0.7328579,9.6067993,2.0678755,0.1384570,0.4000110,0.7462305,18.0967116,42.5042794,9.7138115,78.0000000,4.0000000,-0.0605291,0.7766608,0.6289513,0.0267898,-0.0223732,0.0026329,0.0431022,0.0438468,-0.6840773,9.5689847,2.0339505,27.0579483
2,1,1.3800,LYING,-0.7142888,9.5149913,1.9706806,0.5832040,-0.1506193,0.8855444,18.2322273,41.8543666,9.7510400,78.0000000,4.0000000,-0.0611221,0.7766607,0.6289514,0.0267865,-0.0223772,-0.0124514,0.0454210,-0.1200498,-0.6840773,9.5689847,2.0339505,27.0973051
2,1,1.3900,LYING,-0.6049153,9.5254160,2.0660140,-0.6909006,1.5378357,0.6603156,17.1800178,41.9891906,10.2276623,78.0000000,4.0000000,-0.0617150,0.7766606,0.6289515,0.0267833,-0.0223813,0.0677741,0.0458560,-0.0256219,-0.6840773,9.5689847,2.0339505,27.1335992
2,1,1.4000,LYING,-0.5294471,9.4977858,2.0998134,0.8367005,0.7906613,1.4276381,18.4196357,42.6857012,10.0751864,78.0000000,4.0000000,-0.0623078,0.7766605,0.6289517,0.0267800,-0.0223853,0.1645993,-0.0158914,0.0160571,-0.6840773,9.5689847,2.0339505,27.0378429
2,1,1.4100,LYING,-0.6031958,9.5670385,1.9497134,0.2400683,-0.1421808,1.3373369,17.9101429,42.5898333,9.8578541,78.0000000,4.0000000,-0.0629004,0.7766604,0.6289518,0.0267768,-0.0223893,0.0449246,0.0283820,-0.0662522,-0.6840773,9.5689847,2.0339505,27.0036690
2,1,1.4200,LYING,-0.6635188,9.4946112,1.9057958,-0.1445102,0.5596235,0.9479878,18.2215281,42.7279765,9.3206575,78.0000000,4.0000000,-0.0634928,0.7766603,0.6289520,0.0267735,-0.0223933,0.0007788,-0.0884362,-0.0570881,-0.6840773,9.5689847,2.0339505,27.0743999
2,1,1.4300,LYING,-0.7335902,9.5250670,2.0686594,-0.5688054,-0.7642689,0.7593728,17.8904242,42.5089694,9.9747139,78.0000000,4.0000000,-0.0640852,0.7766601,0.6289521,0.0267703,-0.0223973,-0.0311649,-0.0194394,0.0186339,-0.6840773,9.5689847,2.0339505,27.0773035
2,1,1.4400,LYING,-0.7943433,9.5283271,2.0650083,0.2473909,0.2827904,0.1294813,17.5993490,42.2410607,9.3643346,78.0000000,4.0000000,-0.0646773,0.7766600,0.6289522,0.0267670,-0.0224013,-0.1114472,-0.0036405,0.0393620,-0.6840773,9.5689847,2.0339505,27.0481972
2,1,1.4500,LYING,-0.7525590,9.6114041,2.0611082,-1.0679899,0.6950177,1.3786377,17.1936177,41.7430992,9.6520533,78.0000000,4.0000000,-0.0652694,0.7766599,0.6289524,0.0267638,-0.0224053,-0.0575276,0.0913830,0.0216423,-0.6840773,9.5689847,2.0339505,27.0889871
2,1,1.4600,LYING,-0.5957575,9.5868227,2.0490332,-0.3570708,-0.2308700,1.2093759,17.6206743,42.0680030,9.9272865,78.0000000,4.0000000,-0.0658613,0.7766598,0.6289525,0.0267605,-0.0224094,0.0325089,0.0848728,-0.0664705,-0.6840773,9.5689847,2.0339505,27.0864458
2,1,1.4700,LYING,-0.6777072,9.5396540,2.1008641,0.3320722,-0.0759492,1.1711166,17.8752658,42.1926640,10.8066877,78.0000000,4.0000000,-0.0664530,0.7766597,0.6289526,0.0267573,-0.0224134,-0.0205318,-0.0440946,0.1012149,-0.6840773,9.5689847,2.0339505,27.1304075
2,1,1.4800,LYING,-0.7073410,9.5979231,2.1308888,-0.1104972,-0.0166065,0.4780790,18.2077140,42.0825442,9.5765798,78.0000000,4.0000000,-0.0670446,0.7766596,0.6289528,0.0267540,-0.0224174,-0.0277041,0.0123079,0.0488865,-0.6840773,9.5689847,2.0339505,27.0802215
2,1,1.4900,LYING,-0.7046505,9.4954931,1.9628185,-0.9741291,0.1217898,1.8405767,17.9152088,41.9716489,9.7833490,78.0000000,4.0000000,-0.0676360,0.7766594,0.6289529,0.0267508,-0.0224214,-0.0324964,-0.0524751,-0.0885206,-0.6840773,9.5689847,2.0339505,27.1101105
2,1,1.5000,LYING,-0.7152956,9.5576653,2.0573697,-0.3887594,0.7073477,1.5989096,17.7597864,42.4351866,9.3429833,78.0000000,4.0000000,-0.0682273,0.7766593,0.6289531,0.0267475,-0.0224254,-0.0292817,0.0263821,0.0396092,-0.6840773,9.5689847,2.0339505,27.0664828
2,1,1.5100,LYING,-0.7508866,9.5489267,1.9957276,-0.4865716,-0.7202798,-0.3652044,17.9868658,42.2489344,10.0402224,78.0000000,4.0000000,-0.0688184,0.7766592,0.6289532,0.0267443,-0.0224294,-0.0343792,0.0244356,0.0152758,-0.6840773,9.5689847,2.0339505,27.0889475
2,1,1.5200,LYING,-0.6565226,9.6512612,2.1429392,0.3237881,-0.2770996,-0.4016709,18.3294806,42.6087024,8.6671652,78.0000000,4.0000000,-0.0694094,0.7766591,0.6289533,0.0267410,-0.0224334,-0.0856675,0.1307919,0.0999945,-0.6840773,9.5689847,2.0339505,27.0597556
2,1,1.5300,LYING,-0.6523058,9.6220576,2.0604165,-0.6316861,0.6878222,1.0909973,18.0518336,42.0258455,9.7643185,78.0000000,4.0000000,-0.0700002,0.7766590,0.6289535,0.0267378,-0.0224374,0.0014702,0.1380074,0.0630841,-0.6840773,9.5689847,2.0339505,27.0590949
2,1,1.5400,LYING,-0.7105004,9.4867314,2.1447846,0.5708235,0.1993854,1.6990390,18.0918932,42.4342205,9.4593885,78.0000000,4.0000000,-0.0705909,0.7766589,0.6289536,0.0267346,-0.0224414,-0.0996150,-0.0730591,0.0791764,-0.6840773,9.5689847,2.0339505,27.0719156
2,1,1.5500,LYING,-0.7737976,9.4001768,2.0542646,0.7519042,0.6941807,0.5742874,17.6388526,42.6017267,10.2109348,78.0000000,4.0000000,-0.0711814,0.7766588,0.6289538,0.0267313,-0.0224454,-0.0917941,-0.0912635,-0.0009238,-0.6840773,9.5689847,2.0339505,27.1072182
2,1,1.5600,LYING,-0.7623402,9.5192494,2.1283902,0.3985598,0.8239213,0.3123074,17.2708622,42.7548224,10.0152712,78.0000000,4.0000000,-0.0717717,0.7766586,0.6289539,0.0267281,-0.0224494,-0.1127204,0.0444327,0.0752753,-0.6840773,9.5689847,2.0339505,27.0457330
2,1,1.5700,LYING,-0.7109730,9.4487560,2.0231805,0.0477232,-0.2886388,0.9257942,17.2415056,42.6960451,9.6582088,78.0000000,4.0000000,-0.0723619,0.7766585,0.6289540,0.0267248,-0.0224534,-0.0275433,-0.0356702,-0.0826266,-0.6840773,9.5689847,2.0339505,27.0590297
2,1,1.5800,LYING,-0.5850085,9.5066884,2.1097024,0.4443762,1.0109953,0.4054077,17.0206073,41.9204672,9.7825286,78.0000000,4.0000000,-0.0729519,0.7766584,0.6289542,0.0267216,-0.0224574,0.0034082,0.0116162,-0.0100063,-0.6840773,9.5689847,2.0339505,27.1177148
2,1,1.5900,LYING,-0.6627343,9.6887238,2.0017125,-0.3011397,-0.9940799,0.1426583,17.4750601,42.3391628,9.7916336,78.0000000,4.0000000,-0.0735418,0.7766583,0.6289543,0.0267184,-0.0224614,0.0163622,0.0912184,-0.0664901,-0.6840773,9.5689847,2.0339505,27.0677011
2,1,1.6000,LYING,-0.6239877,9.5514880,2.0409622,0.0769168,0.2405707,0.3945386,17.7468812,42.6810247,10.1371643,78.0000000,4.0000000,-0.0741315,0.7766582,0.6289544,0.0267151,-0.0224654,0.0974721,0.0672544,0.0338401,-0.6840773,9.5689847,2.0339505,27.1220953
2,1,1.6100,LYING,-0.6690527,9.4951925,1.9155113,-0.2938679,-0.2502308,0.4463245,17.7853554,42.3541238,9.0048934,78.0000000,4.0000000,-0.0747210,0.7766581,0.6289546,0.0267119,-0.0224694,0.0743778,-0.0088442,-0.0535893,-0.6840773,9.5689847,2.0339505,27.1144918
2,1,1.6200,LYING,-0.8338626,9.5245048,2.0813612,-0.7101626,-0.1709786,0.1277617,17.6753857,42.4444647,9.2055784,78.0000000,4.0000000,-0.0753104,0.7766579,0.6289547,0.0267087,-0.0224734,-0.1294136,-0.0352743,0.0290607,-0.6840773,9.5689847,2.0339505,27.0976662
2,1,1.6300,LYING,-0.6630452,9.5501329,2.0440021,-0.1844958,1.0079335,0.6484995,18.2865019,41.8808675,9.7458150,78.0000000,4.0000000,-0.0758995,0.7766578,0.6289549,0.0267054,-0.0224774,-0.0022724,-0.0284134,-0.0076399,-0.6840773,9.5689847,2.0339505,27.1043986
2,1,1.6400,LYING,-0.6786438,9.5381414,2.0226316,0.3011948,-0.2182425,0.4207804,18.3271724,42.1515414,9.4725834,78.0000000,4.0000000,-0.0764886,0.7766577,0.6289550,0.0267022,-0.0224814,-0.0348503,-0.0253258,-0.0296481,-0.6840773,9.5689847,2.0339505,27.1104846
2,1,1.6500,LYING,-0.6919421,9.5316708,1.9592437,-1.6762175,0.0323920,-0.4253099,17.3217057,42.3743671,9.4378124,78.0000000,4.0000000,-0.0770774,0.7766576,0.6289551,0.0266990,-0.0224854,-0.0162658,0.0153630,-0.0521048,-0.6840773,9.5689847,2.0339505,27.1318290
2,1,1.6600,LYING,-0.6741350,9.4847113,1.8713918,-1.0954553,0.3662383,0.4039535,17.8165649,41.8234725,9.9405173,78.0000000,4.0000000,-0.0776661,0.7766575,0.6289553,0.0266957,-0.0224894,-0.0239940,-0.0631263,-0.1677018,-0.6840773,9.5689847,2.0339505,27.1703872
2,1,1.6700,LYING,-0.8102720,9.4606648,1.9881428,-1.1780447,0.1232873,1.0479940,17.3854075,41.6508514,10.1253210,78.0000000,4.0000000,-0.0782546,0.7766574,0.6289554,0.0266925,-0.0224933,-0.1155594,-0.0533742,0.0016582,-0.6840773,9.5689847,2.0339505,27.0969467
2,1,1.6800,LYING,-0.6744244,9.3952833,2.0831181,-0.5722264,0.0027871,0.1729008,17.7797783,42.1252532,9.4077066,78.0000000,4.0000000,-0.0788429,0.7766573,0.6289555,0.0266893,-0.0224973,-0.0139654,-0.0937403,-0.0159094,-0.6840773,9.5689847,2.0339505,27.0935503
2,1,1.6900,LYING,-0.5825188,9.5601154,2.0613926,-1.0102869,1.1261344,1.0729942,17.7852257,42.7097933,9.4189016,78.0000000,4.0000000,-0.0794310,0.7766571,0.6289557,0.0266860,-0.0225013,0.1106411,0.0048514,0.1160533,-0.6840773,9.5689847,2.0339505,27.1022992
2,1,1.7000,LYING,-0.7113593,9.5941503,2.1366295,0.4507588,0.9250477,1.1059085,17.0693376,42.4317431,10.1146246,78.0000000,4.0000000,-0.0800190,0.7766570,0.6289558,0.0266828,-0.0225053,0.0137569,-0.0092258,0.0899842,-0.6840773,9.5689847,2.0339505,27.0579253
2,1,1.7100,LYING,-0.6940932,9.6486927,1.9775463,0.3814295,0.6484444,0.7816267,18.1387517,41.7158603,9.5896500,78.0000000,4.0000000,-0.0806068,0.7766569,0.6289559,0.0266796,-0.0225093,-0.0391771,0.0241217,-0.0885168,-0.6840773,9.5689847,2.0339505,27.1095644
2,1,1.7200,LYING,-0.6482907,9.7170714,2.0816052,-0.4196678,0.2699537,0.9620826,17.8818068,42.6107353,9.1398778,78.0000000,4.0000000,-0.0811944,0.7766568,0.6289561,0.0266764,-0.0225133,-0.0177318,0.1678281,-0.0281476,-0.6840773,9.5689847,2.0339505,27.0912068
2,1,1.7300,LYING,-0.6528044,9.5414513,2.1449159,-0.1802599,0.7548748,1.3142559,18.2517444,42.2025550,9.7483741,78.0000000,4.0000000,-0.0817818,0.7766567,0.6289562,0.0266731,-0.0225173,0.0499559,0.0771927,0.0124521,-0.6840773,9.5689847,2.0339505,27.1581950
2,1,1.7400,LYING,-0.7169090,9.5662047,2.0935472,0.0158066,1.3615107,1.7874866,17.9429011,42.1569002,9.5823852,78.0000000,4.0000000,-0.0823690,0.7766566,0.6289564,0.0266699,-0.0225212,-0.0352733,0.0670706,0.0140026,-0.6840773,9.5689847,2.0339505,27.0993289
2,1,1.7500,LYING,-0.6691355,9.5252018,1.9628219,1.0969488,0.3370586,0.8867648,17.3528876,41.6518822,10.0224082,78.0000000,4.0000000,-0.0829561,0.7766564,0.6289565,0.0266667,-0.0225252,0.0412455,-0.0009417,-0.0582668,-0.6840773,9.5689847,2.0339505,27.1337186
2,1,1.7600,LYING,-0.6706692,9.4144537,1.9884393,-1.0328703,1.1957648,-0.1357532,18.1598204,42.4269951,9.4033459,78.0000000,4.0000000,-0.0835429,0.7766563,0.6289566,0.0266635,-0.0225292,0.0124962,-0.0877851,-0.0444104,-0.6840773,9.5689847,2.0339505,27.1465078
2,1,1.7700,LYING,-0.6118260,9.5314592,2.0358748,-0.2422411,1.3552764,1.0592553,17.9121473,42.3666959,9.7205984,78.0000000,4.0000000,-0.0841296,0.7766562,0.6289568,0.0266602,-0.0225332,0.0219707,0.0129366,-0.0322200,-0.6840773,9.5689847,2.0339505,27.1423331
2,1,1.7800,LYING,-0.6872688,9.5861777,1.9094689,0.2162708,0.2723353,1.1274981,17.9820593,41.6293067,9.4570065,78.0000000,4.0000000,-0.0847161,0.7766561,0.6289569,0.0266570,-0.0225371,-0.0247366,0.1029241,-0.1147440,-0.6840773,9.5689847,2.0339505,27.1482952
2,1,1.7900,LYING,-0.7494550,9.6572105,2.0446152,-0.4875851,-0.1337221,0.9764803,17.9916101,42.7003639,9.8917146,78.0000000,4.0000000,-0.0853024,0.7766560,0.6289570,0.0266538,-0.0225411,-0.1065459,0.0650028,0.0350110,-0.6840773,9.5689847,2.0339505,27.1038389
2,1,1.8000,LYING,-0.5705521,9.5371589,1.9049095,0.7706236,0.5627631,0.0418866,18.4904976,42.2118974,10.0470765,78.0000000,4.0000000,-0.0858885,0.7766559,0.6289572,0.0266506,-0.0225451,0.1065354,0.0302588,-0.1030301,-0.6840773,9.5689847,2.0339505,27.1224750
2,1,1.8100,LYING,-0.6067565,9.6050967,1.9805917,-0.3465411,0.9479145,1.5362387,17.4952479,42.0991336,9.2554329,78.0000000,4.0000000,-0.0864744,0.7766558,0.6289573,0.0266474,-0.0225491,0.0430639,-0.0033939,-0.0757126,-0.6840773,9.5689847,2.0339505,27.1632868
2,1,1.8200,LYING,-0.5368478,9.5049779,2.0692299,-0.8885233,0.6458063,0.1766209,17.8501593,42.3759253,9.8472249,78.0000000,4.0000000,-0.0870601,0.7766556,0.6289575,0.0266442,-0.0225530,0.1280261,-0.1092800,0.1338622,-0.6840773,9.5689847,2.0339505,27.1295133
2,1,1.8300,LYING,-0.6512131,9.5155613,2.0047670,-0.5107449,-0.1847305,-0.2415064,18.0278708,42.0580921,9.7627513,78.0000000,4.0000000,-0.0876456,0.7766555,0.6289576,0.0266410,-0.0225570,0.0165974,-0.0006681,-0.0519362,-0.6840773,9.5689847,2.0339505,27.1312455
2,1,1.8400,LYING,-0.5801468,9.6216195,2.0136069,0.3785434,0.2579112,-0.1215004,18.1099356,42.0541702,9.7505560,78.0000000,4.0000000,-0.0882309,0.7766554,0.6289577,0.0266377,-0.0225610,0.0314892,0.1003477,-0.0072428,-0.6840773,9.5689847,2.0339505,27.0893011
2,1,1.8500,LYING,-0.6618573,9.5070721,2.0510061,-0.3854940,-0.1430397,-0.8596079,18.3877613,42.3107096,10.0616264,78.0000000,4.0000000,-0.0888161,0.7766553,0.6289579,0.0266345,-0.0225649,0.0623818,-0.1005659,-0.0116688,-0.6840773,9.5689847,2.0339505,27.0556473
2,1,1.8600,LYING,-0.6747890,9.5308723,2.1138518,-0.7230084,0.5685070,1.1819631,17.2893999,43.0006539,9.5566777,78.0000000,4.0000000,-0.0894010,0.7766552,0.6289580,0.0266313,-0.0225689,0.0042390,0.0201684,0.0847063,-0.6840773,9.5689847,2.0339505,27.0875108
2,1,1.8700,LYING,-0.6186147,9.4582960,2.0499178,0.1368002,0.4109823,1.2516343,17.6522865,42.8657246,9.6424524,78.0000000,4.0000000,-0.0899857,0.7766551,0.6289581,0.0266281,-0.0225729,0.0109901,-0.0672532,0.0847399,-0.6840773,9.5689847,2.0339505,27.0668481
2,1,1.8800,LYING,-0.7603996,9.4834939,1.9712306,0.7182485,-0.1516655,1.0068059,17.7715922,42.1272665,9.0787347,78.0000000,4.0000000,-0.0905702,0.7766549,0.6289583,0.0266249,-0.0225768,-0.0798148,-0.0108312,-0.0146944,-0.6840773,9.5689847,2.0339505,27.1396960
2,1,1.8900,LYING,-0.8101629,9.4350977,1.9237339,0.0816144,0.7376300,1.1517550,17.3899914,41.9135170,9.6023974,78.0000000,4.0000000,-0.0911545,0.7766548,0.6289584,0.0266217,-0.0225808,-0.0965134,-0.0463773,-0.1009813,-0.6840773,9.5689847,2.0339505,27.1238235
2,1,1.9000,LYING,-0.6935359,9.6361018,2.0128953,-0.7723386,0.7520466,1.5422316,17.7027981,41.8165412,9.9243480,78.0000000,4.0000000,-0.0917386,0.7766547,0.6289585,0.0266185,-0.0225847,-0.0161140,0.0804099,0.0722128,-0.6840773,9.5689847,2.0339505,27.1074760
2,1,1.9100,LYING,-0.6667220,9.5799360,1.9869608,-1.2769216,-0.2629564,-0.0622110,18.2264487,42.1289312,9.9394771,78.0000000,4.0000000,-0.0923225,0.7766546,0.6289587,0.0266153,-0.0225887,0.0337792,-0.0064365,-0.0331096,-0.6840773,9.5689847,2.0339505,27.0264020
2,1,1.9200,LYING,-0.6824783,9.5716272,2.0487993,-0.5022761,-0.1366570,-0.3408799,17.2398087,41.9070013,9.7526437,78.0000000,4.0000000,-0.0929062,0.7766545,0.6289588,0.0266121,-0.0225927,0.0300684,0.0246335,0.0267627,-0.6840773,9.5689847,2.0339505,27.1375596
2,1,1.9300,LYING,-0.6906609,9.4498334,2.0022881,-0.2448629,-0.2347211,1.0056833,18.0657093,41.6215549,9.8227313,78.0000000,4.0000000,-0.0934897,0.7766544,0.6289589,0.0266089,-0.0225966,0.0211991,-0.1182476,-0.0491651,-0.6840773,9.5689847,2.0339505,27.0925392
2,1,1.9400,LYING,-0.6395252,9.5774400,2.0004094,0.6716074,0.1985985,1.4470910,17.6080565,41.8232663,9.7252133,78.0000000,4.0000000,-0.0940730,0.7766543,0.6289591,0.0266057,-0.0226006,-0.0134866,-0.0339982,-0.0854964,-0.6840773,9.5689847,2.0339505,27.1011764
2,1,1.9500,LYING,-0.6777603,9.5568453,2.0068747,1.1261313,0.5478364,-0.2464778,18.0990768,42.8921713,9.9641826,78.0000000,4.0000000,-0.0946561,0.7766541,0.6289592,0.0266025,-0.0226045,0.1385883,-0.0089841,-0.0370156,-0.6840773,9.5689847,2.0339505,27.1317853
2,1,1.9600,LYING,-0.6055483,9.5167228,2.0824517,-0.2039285,0.6927469,1.1425544,17.9293954,41.7639257,9.2968150,78.0000000,4.0000000,-0.0952389,0.7766540,0.6289594,0.0265993,-0.0226085,0.0728516,-0.0330959,0.0155745,-0.6840773,9.5689847,2.0339505,27.0951758
2,1,1.9700,LYING,-0.6517476,9.5362555,2.0386015,0.1960828,1.7046371,0.1905699,17.6229988,42.2752862,9.8294087,78.0000000,4.0000000,-0.0958216,0.7766539,0.6289595,0.0265961,-0.0226124,-0.0040270,0.0200248,-0.0477644,-0.6840773,9.5689847,2.0339505,27.1609957
2,1,1.9800,LYING,-0.6631265,9.4031243,2.1223215,0.6987589,0.1050702,0.5206586,18.1111212,42.8815177,9.7256722,78.0000000,4.0000000,-0.0964040,0.7766538,0.6289596,0.0265929,-0.0226164,-0.0008026,-0.0478379,0.0414036,-0.6840773,9.5689847,2.0339505,27.1320856
2,1,1.9900,LYING,-0.7181107,9.5405977,2.0667514,0.6945817,0.9031601,1.0325320,18.3613031,42.1328513,10.0884794,78.0000000,4.0000000,-0.0969862,0.7766537,0.6289598,0.0265897,-0.0226203,-0.0256573,-0.0272052,0.0893137,-0.6840773,9.5689847,2.0339505,27.1485290
2,1,0.0000,WALKING,-0.2171161,0.2386777,9.3337628,0.0181286,-2.6079391,2.9121444,21.6356543,-0.8314209,41.9160571,0.0000000,0.0000000,-0.0662280,0.9999998,0.0000000,0.0000000,-0.0005779,-0.1835971,0.2207030,-0.4834293,0.0000000,0.0000000,9.8066500,26.9814601
2,1,0.0100,WALKING,-0.2756653,0.2409953,9.2870516,0.3556358,-4.1128733,5.3546212,21.6038780,-1.2171171,41.6263804,0.0000000,0.0000000,-0.0668196,0.9999998,0.0000000,0.0000000,-0.0005831,-0.3243334,0.3209377,-0.4631735,0.0000000,0.0000000,9.8066500,27.0260465
2,1,0.0200,WALKING,-0.4558362,0.3105805,9.3382733,0.5161909,-6.4388795,6.2628789,21.7791053,-0.1227752,41.5176803,0.0000000,0.0000000,-0.0674111,0.9999998,0.0000000,0.0000000,-0.0005883,-0.4162753,0.3115198,-0.4535127,0.0000000,0.0000000,9.8066500,27.0044226
2,1,0.0300,WALKING,-0.6054981,0.2164284,9.3612212,0.1950934,-8.1593572,7.3397066,21.7927959,-0.5619660,41.0119847,0.0000000,0.0000000,-0.0680025,0.9999998,0.0000000,0.0000000,-0.0005934,-0.4823639,0.2738319,-0.4243059,0.0000000,0.0000000,9.8066500,26.9928552
2,1,0.0400,WALKING,-0.6851993,0.2756879,9.4332607,0.1646381,-9.4853888,8.2508614,21.7431383,-0.1592408,41.0892676,0.0000000,0.0000000,-0.0685937,0.9999998,0.0000000,0.0000000,-0.0005986,-0.6851967,0.2436653,-0.4517536,0.0000000,0.0000000,9.8066500,27.0173916
2,1,0.0500,WALKING,-0.7480288,0.1863570,9.4375555,0.0712724,-11.5595134,9.1200724,21.3733817,-0.4938324,41.9037928,0.0000000,0.0000000,-0.0691847,0.9999998,0.0000000,0.0000000,-0.0006038,-0.7990788,0.2512982,-0.3771579,0.0000000,0.0000000,9.8066500,27.0238612
2,1,0.0600,WALKING,-0.8353668,0.1170895,9.5114221,0.4744018,-12.3717208,8.1619814,21.6726572,-0.8312989,41.7359287,0.0000000,0.0000000,-0.0697756,0.9999998,0.0000000,0.0000000,-0.0006089,-0.8671343,0.1875204,-0.3517598,0.0000000,0.0000000,9.8066500,27.0582925
2,1,0.0700,WALKING,-0.9685765,0.1767184,9.5297635,0.1986457,-13.6470659,7.8529387,21.0049180,-0.8381478,41.1865350,0.0000000,0.0000000,-0.0703663,0.9999998,0.0000000,0.0000000,-0.0006141,-0.9564414,0.1523754,-0.2823337,0.0000000,0.0000000,9.8066500,26.9787975
2,1,0.0800,WALKING,-1.0002255,0.0773279,9.5552008,0.2039488,-15.1803873,7.3604790,21.7261682,-0.1761588,41.0506705,0.0000000,0.0000000,-0.0709569,0.9999998,0.0000000,0.0000000,-0.0006192,-0.9879286,0.1008180,-0.2827822,0.0000000,0.0000000,9.8066500,26.9917126
2,1,0.0900,WALKING,-1.1592620,-0.0010831,9.6385302,0.6288382,-15.9891734,6.3040994,22.1606799,-0.3844379,41.2838698,0.0000000,0.0000000,-0.0715473,0.9999998,0.0000000,0.0000000,-0.0006244,-1.0651897,0.0123399,-0.1509557,0.0000000,0.0000000,9.8066500,27.0641304
2,1,0.1000,WALKING,-1.1640021,-0.0511085,9.6540995,0.7472448,-16.1695746,4.5413944,21.9642646,-0.2464085,41.4305457,0.0000000,0.0000000,-0.0721375,0.9999998,0.0000000,0.0000000,-0.0006295,-1.1309295,-0.0892399,-0.1368068,0.0000000,0.0000000,9.8066500,26.9653143
2,1,0.1100,WALKING,-1.1269076,-0.1743361,9.7036610,-0.1569827,-16.9308743,3.3468736,21.8835023,-0.9632766,41.3501993,0.0000000,0.0000000,-0.0727276,0.9999998,0.0000000,0.0000000,-0.0006347,-1.1504462,-0.0805377,-0.0818993,0.0000000,0.0000000,9.8066500,27.0448020
2,1,0.1200,WALKING,-1.2087399,-0.1971676,9.7310743,0.8821736,-16.6602846,1.1326802,20.8591449,0.0054804,40.7835521,0.0000000,0.0000000,-0.0733175,0.9999998,0.0000000,0.0000000,-0.0006398,-1.1152729,-0.1669030,-0.0026978,0.0000000,0.0000000,9.8066500,27.0201766
2,1,0.1300,WALKING,-1.1631621,-0.1751562,9.7714682,-0.1731724,-16.9442998,-0.5671921,22.1096613,-0.2972445,41.1266792,0.0000000,0.0000000,-0.0739073,0.9999998,0.0000000,0.0000000,-0.0006450,-1.1497062,-0.2098954,0.0425477,0.0000000,0.0000000,9.8066500,27.0123224
2,1,0.1400,WALKING,-1.1769495,-0.2477921,9.8840033,-0.3462486,-16.2330551,-2.9415999,21.0706673,-0.1094505,40.8782959,0.0000000,0.0000000,-0.0744968,0.9999998,0.0000000,0.0000000,-0.0006501,-1.1254665,-0.2541865,0.0697736,0.0000000,0.0000000,9.8066500,27.0099128
2,1,0.1500,WALKING,-1.1335736,-0.3327251,9.9634741,-0.1613215,-16.5631561,-4.0091016,22.1723969,-0.1430035,41.1618872,0.0000000,0.0000000,-0.0750863,0.9999998,0.0000000,0.0000000,-0.0006553,-1.1101108,-0.3015533,0.1756956,0.0000000,0.0000000,9.8066500,26.9896776
2,1,0.1600,WALKING,-1.0571281,-0.2667382,10.0616751,0.0820387,-15.7166823,-5.0947429,22.3262651,-0.3475377,41.4081570,0.0000000,0.0000000,-0.0756755,0.9999998,0.0000000,0.0000000,-0.0006604,-1.0113144,-0.3076843,0.1822625,0.0000000,0.0000000,9.8066500,27.0389296
2,1,0.1700,WALKING,-0.9823208,-0.3156351,9.9948340,0.4156514,-14.7772068,-6.0923794,22.0892629,-0.7668176,41.1285513,0.0000000,0.0000000,-0.0762646,0.9999998,0.0000000,0.0000000,-0.0006655,-1.0106316,-0.2614621,0.2432936,0.0000000,0.0000000,9.8066500,27.0461398
2,1,0.1800,WALKING,-0.9519542,-0.2781866,10.1145125,0.5173658,-13.5693652,-6.9374571,21.6351966,0.0505392,41.2490725,0.0000000,0.0000000,-0.0768535,0.9999998,0.0000000,0.0000000,-0.0006707,-0.9602729,-0.2479964,0.2906304,0.0000000,0.0000000,9.8066500,27.0387821
2,1,0.1900,WALKING,-0.8501194,-0.3093774,10.2136003,0.2525652,-11.7958758,-7.8699841,21.6560676,-0.6409989,41.7829571,0.0000000,0.0000000,-0.0774422,0.9999998,0.0000000,0.0000000,-0.0006758,-0.8122185,-0.2864796,0.3353385,0.0000000,0.0000000,9.8066500,27.0282892
2,1,0.2000,WALKING,-0.7758898,-0.2407295,10.1635219,0.3194290,-10.4471342,-7.0008659,21.1017897,-0.1304728,40.9493187,0.0000000,0.0000000,-0.0780308,0.9999998,0.0000000,0.0000000,-0.0006809,-0.7451665,-0.2002085,0.3831156,0.0000000,0.0000000,9.8066500,27.0654627
2,1,0.2100,WALKING,-0.6384808,-0.1606797,10.2981184,-0.2346619,-9.3866393,-6.3803703,21.3290801,-0.0972869,41.3827267,0.0000000,0.0000000,-0.0786192,0.9999998,0.0000000,0.0000000,-0.0006861,-0.6528834,-0.1406640,0.4003050,0.0000000,0.0000000,9.8066500,27.0290894
2,1,0.2200,WALKING,-0.5788102,-0.0882396,10.2561423,0.0635107,-6.9260960,-5.7913993,20.6221498,-0.3345574,41.1938237,0.0000000,0.0000000,-0.0792074,0.9999998,0.0000000,0.0000000,-0.0006912,-0.5578620,-0.0652695,0.4730503,0.0000000,0.0000000,9.8066500,27.0077897
2,1,0.2300,WALKING,-0.4755803,-0.0025983,10.3136691,0.3510658,-5.7817606,-5.0011842,21.1021538,-0.3366004,41.1782182,0.0000000,0.0000000,-0.0797954,0.9999998,0.0000000,0.0000000,-0.0006963,-0.4418679,-0.0348596,0.4654889,0.0000000,0.0000000,9.8066500,27.0452668
2,1,0.2400,WALKING,-0.3127301,0.0197002,10.3374931,-0.1897598,-4.1454099,-3.1220194,21.5428460,-0.6558447,41.8553175,0.0000000,0.0000000,-0.0803833,0.9999998,0.0000000,0.0000000,-0.0007015,-0.3450143,0.0024257,0.5169846,0.0000000,0.0000000,9.8066500,26.9833463
2,1,0.2500,WALKING,-0.2223543,0.1029581,10.2922757,0.2228441,-1.5790818,-1.7954104,21.4172145,-0.3738700,41.8003937,0.0000000,0.0000000,-0.0809709,0.9999998,0.0000000,0.0000000,-0.0007066,-0.1386134,0.1003598,0.5095483,0.0000000,0.0000000,9.8066500,26.9656603
2,1,0.2600,WALKING,-0.0419470,0.2315026,10.3137821,-0.0408088,0.3600033,-0.5426227,22.0656797,-0.1399140,41.2967852,0.0000000,0.0000000,-0.0815584,0.9999997,0.0000000,0.0000000,-0.0007117,-0.0308263,0.2119332,0.5363270,0.0000000,0.0000000,9.8066500,27.0241158
2,1,0.2700,WALKING,0.0782262,0.2037431,10.2746620,0.0887511,2.3162423,2.1888294,21.5004636,-0.5243516,40.8484611,0.0000000,0.0000000,-0.0821457,0.9999997,0.0000000,0.0000000,-0.0007169,0.1442700,0.2478803,0.5112801,0.0000000,0.0000000,9.8066500,27.0524357
2,1,0.2800,WALKING,0.2159545,0.2199395,10.3897267,0.7763440,4.4716405,3.1249833,21.1936108,-0.8739897,41.5391268,0.0000000,0.0000000,-0.0827328,0.9999997,0.0000000,0.0000000,-0.0007220,0.2439074,0.2680910,0.4861256,0.0000000,0.0000000,9.8066500,26.9688230
2,1,0.2900,WALKING,0.3832132,0.2607082,10.2442614,-0.5795078,6.1787574,5.4794710,21.8876377,0.0651902,41.3212414,0.0000000,0.0000000,-0.0833198,0.9999997,0.0000000,0.0000000,-0.0007271,0.3293085,0.2749654,0.5100221,0.0000000,0.0000000,9.8066500,27.0302851
2,1,0.3000,WALKING,0.5146019,0.3011058,10.2852377,0.5519074,8.7123104,6.4408443,21.5597987,-0.8365564,40.9570128,0.0000000,0.0000000,-0.0839065,0.9999997,0.0000000,0.0000000,-0.0007322,0.4184654,0.3253083,0.4969880,0.0000000,0.0000000,9.8066500,26.9842934
2,1,0.3100,WALKING,0.6362001,0.2695524,10.2727717,0.0937597,9.7567264,7.3336579,20.9358180,-0.2969060,41.1916949,0.0000000,0.0000000,-0.0844931,0.9999997,0.0000000,0.0000000,-0.0007373,0.6112375,0.2875453,0.4206400,0.0000000,0.0000000,9.8066500,26.9836006
2,1,0.3200,WALKING,0.7406867,0.3398142,10.2162117,0.2035045,11.5167311,7.9457908,22.0591364,-0.6847352,41.5845601,0.0000000,0.0000000,-0.0850794,0.9999997,0.0000000,0.0000000,-0.0007425,0.6841949,0.2951714,0.4112293,0.0000000,0.0000000,9.8066500,26.9961864
2,1,0.3300,WALKING,0.7314291,0.2125690,10.2139248,-0.2246651,13.9330606,8.6307433,21.9923517,-0.6855925,41.3310887,0.0000000,0.0000000,-0.0856656,0.9999997,0.0000000,0.0000000,-0.0007476,0.8383331,0.2126585,0.3736446,0.0000000,0.0000000,9.8066500,26.9979586
2,1,0.3400,WALKING,0.8538028,0.1803642,10.1163873,-0.7735341,14.0317142,8.2270497,21.5074890,-0.1670158,40.9459928,0.0000000,0.0000000,-0.0862516,0.9999997,0.0000000,0.0000000,-0.0007527,0.9002405,0.1989799,0.3430463,0.0000000,0.0000000,9.8066500,26.9755273
2,1,0.3500,WALKING,0.9250357,0.1453232,10.0401108,0.1289227,16.7179984,7.9674157,21.1379724,-0.4810440,41.2378274,0.0000000,0.0000000,-0.0868374,0.9999997,0.0000000,0.0000000,-0.0007578,0.9164322,0.1274663,0.2610404,0.0000000,0.0000000,9.8066500,26.9816914
2,1,0.3600,WALKING,0.9989480,0.1135103,9.9985931,-0.0902589,16.1438524,7.0807324,20.9197417,-0.2373515,41.3101264,0.0000000,0.0000000,-0.0874230,0.9999997,0.0000000,0.0000000,-0.0007629,1.0480838,0.0844977,0.2407368,0.0000000,0.0000000,9.8066500,26.9925033
2,1,0.3700,WALKING,1.1499179,-0.0682696,10.0217283,-0.6373217,17.7678838,5.0641945,21.3964225,-0.6835443,41.1340808,0.0000000,0.0000000,-0.0880084,0.9999997,0.0000000,0.0000000,-0.0007680,1.0669762,-0.0091012,0.1912632,0.0000000,0.0000000,9.8066500,27.0416474
2,1,0.3800,WALKING,1.0415550,-0.0726930,9.8366904,0.1078690,18.2937256,4.4368080,21.9919970,-0.5104775,41.1664181,0.0000000,0.0000000,-0.0885936,0.9999997,0.0000000,0.0000000,-0.0007731,1.1285793,-0.0530418,0.1179071,0.0000000,0.0000000,9.8066500,27.0231082
2,1,0.3900,WALKING,1.0773818,-0.1793416,9.9045508,0.1670711,18.1586851,3.0222768,21.6166058,-0.9545297,41.8133092,0.0000000,0.0000000,-0.0891786,0.9999997,0.0000000,0.0000000,-0.0007782,1.1207919,-0.1464513,0.0532057,0.0000000,0.0000000,9.8066500,27.0133934
2,1,0.4000,WALKING,1.1049196,-0.1799284,9.8116402,0.0172635,18.8464055,0.7643039,21.6293847,-0.8588715,41.0505583,0.0000000,0.0000000,-0.0897634,0.9999997,0.0000000,0.0000000,-0.0007833,1.1522654,-0.1817485,-0.0249319,0.0000000,0.0000000,9.8066500,27.0659687
2,1,0.4100,WALKING,1.1305348,-0.2372992,9.8105207,0.6272236,19.0319264,-1.1142088,21.9108163,-0.5029794,40.8578988,0.0000000,0.0000000,-0.0903480,0.9999997,0.0000000,0.0000000,-0.0007884,1.1604918,-0.2001893,-0.0441751,0.0000000,0.0000000,9.8066500,27.0161123
2,1,0.4200,WALKING,1.1012662,-0.2827234,9.7131365,-0.4267572,18.6236209,-2.6933106,21.5114842,-0.6103239,41.0299529,0.0000000,0.0000000,-0.0909324,0.9999997,0.0000000,0.0000000,-0.0007935,1.1597650,-0.2440069,-0.1206183,0.0000000,0.0000000,9.8066500,27.0146509
2,1,0.4300,WALKING,1.0885872,-0.2655058,9.6139517,1.0348476,18.4410540,-4.1930939,22.0677757,-0.2239761,41.2711995,0.0000000,0.0000000,-0.0915165,0.9999997,0.0000000,0.0000000,-0.0007986,1.1324166,-0.2723271,-0.1535527,0.0000000,0.0000000,9.8066500,27.0256151
2,1,0.4400,WALKING,1.0621938,-0.2857461,9.5957890,-0.0482505,17.3813270,-4.8966804,21.8256409,-0.5608372,41.3019180,0.0000000,0.0000000,-0.0921005,0.9999997,0.0000000,0.0000000,-0.0008037,1.0632250,-0.2999015,-0.1717755,0.0000000,0.0000000,9.8066500,27.0363876
2,1,0.4500,WALKING,0.9768505,-0.3254582,9.4937191,0.6547848,16.1035596,-6.6677522,21.6740611,-0.3376720,42.0508994,0.0000000,0.0000000,-0.0926843,0.9999997,0.0000000,0.0000000,-0.0008088,0.9913573,-0.2956198,-0.2925055,0.0000000,0.0000000,9.8066500,27.0542616
2,1,0.4600,WALKING,0.8820686,-0.2840552,9.4923930,-0.1732075,15.0442399,-7.0049213,21.7781631,-0.2404039,41.2351523,0.0000000,0.0000000,-0.0932679,0.9999997,0.0000000,0.0000000,-0.0008139,0.9331766,-0.2942890,-0.3088242,0.0000000,0.0000000,9.8066500,26.9842691
2,1,0.4700,WALKING,0.8229863,-0.2522422,9.4160832,-0.5443717,14.0082857,-7.5615497,21.9978847,-0.4125179,41.8157780,0.0000000,0.0000000,-0.0938512,0.9999997,0.0000000,0.0000000,-0.0008190,0.8460004,-0.2242671,-0.3552300,0.0000000,0.0000000,9.8066500,27.0328112
2,1,0.4800,WALKING,0.7175199,-0.1957755,9.4068428,0.2213881,12.3476970,-7.0785265,21.4019235,-0.3967539,41.2551754,0.0000000,0.0000000,-0.0944344,0.9999997,0.0000000,0.0000000,-0.0008241,0.7716916,-0.2166750,-0.3959435,0.0000000,0.0000000,9.8066500,27.0061820
2,1,0.4900,WALKING,0.5392088,-0.1026818,9.2696506,0.1303300,10.7340124,-6.2331121,21.4300846,-0.5679349,41.2935148,0.0000000,0.0000000,-0.0950173,0.9999997,0.0000000,0.0000000,-0.0008292,0.6678568,-0.0822361,-0.4653578,0.0000000,0.0000000,9.8066500,27.0643929
2,1,0.5000,WALKING,0.5465487,-0.0874618,9.3255711,-0.3256103,8.4993629,-5.6994702,21.8054994,-0.7332727,41.3460115,0.0000000,0.0000000,-0.0956000,0.9999997,0.0000000,0.0000000,-0.0008343,0.5072291,-0.0918591,-0.4483675,0.0000000,0.0000000,9.8066500,27.0245512
2,1,0.5100,WALKING,0.3524447,0.0465064,9.3730435,0.6730432,7.1521429,-4.4096867,21.3995335,-0.7557827,42.1229588,0.0000000,0.0000000,-0.0961825,0.9999996,0.0000000,0.0000000,-0.0008394,0.3570335,0.0333868,-0.4942891,0.0000000,0.0000000,9.8066500,27.0640432
2,1,0.5200,WALKING,0.2706729,0.0500653,9.2826952,-0.2527428,5.0854502,-2.6365438,21.4497772,-0.3251780,40.4967264,0.0000000,0.0000000,-0.0967648,0.9999996,0.0000000,0.0000000,-0.0008444,0.3152750,0.0731100,-0.4986840,0.0000000,0.0000000,9.8066500,27.0214520
2,1,0.5300,WALKING,0.1488720,0.0992844,9.2793032,0.0802521,2.6528749,-1.4814440,21.7016190,-0.7076577,41.1525902,0.0000000,0.0000000,-0.0973469,0.9999996,0.0000000,0.0000000,-0.0008495,0.1194123,0.1020270,-0.4963899,0.0000000,0.0000000,9.8066500,27.0552892
2,1,0.5400,WALKING,0.0309024,0.1705063,9.2921464,0.9064613,0.8806690,0.4434228,21.0203933,-0.7248861,41.7784770,0.0000000,0.0000000,-0.0979287,0.9999996,0.0000000,0.0000000,-0.0008546,0.0001215,0.1852368,-0.5389766,0.0000000,0.0000000,9.8066500,27.0345222
2,1,0.5500,WALKING,-0.1763712,0.2614136,9.3042181,0.5642654,-0.3338675,2.2997410,22.1748830,0.4832950,41.9311079,0.0000000,0.0000000,-0.0985104,0.9999996,0.0000000,0.0000000,-0.0008597,-0.1560810,0.1759831,-0.5148441,0.0000000,0.0000000,9.8066500,26.9885526
2,1,0.5600,WALKING,-0.2809273,0.1615277,9.3137936,0.0241441,-2.8166144,4.0826313,20.8226644,0.1242459,41.3450396,0.0000000,0.0000000,-0.0990918,0.9999996,0.0000000,0.0000000,-0.0008647,-0.2109526,0.3046865,-0.4734079,0.0000000,0.0000000,9.8066500,27.0649542
2,1,0.5700,WALKING,-0.3643029,0.2940540,9.2548544,0.6032490,-5.3758345,5.9097049,21.6612744,-0.4274696,40.8518301,0.0000000,0.0000000,-0.0996730,0.9999996,0.0000000,0.0000000,-0.0008698,-0.3822155,0.3060676,-0.5183832,0.0000000,0.0000000,9.8066500,27.0065713
2,1,0.5800,WALKING,-0.5285321,0.2957763,9.3479369,0.4340595,-6.7727612,6.8338399,21.7486419,-0.8896121,41.1521158,0.0000000,0.0000000,-0.1002539,0.9999996,0.0000000,0.0000000,-0.0008749,-0.4969237,0.2762323,-0.4546005,0.0000000,0.0000000,9.8066500,27.0457999
2,1,0.5900,WALKING,-0.6590599,0.1972547,9.3464661,0.0237400,-8.6289504,7.5673633,22.0175998,-0.7215579,41.0271027,0.0000000,0.0000000,-0.1008347,0.9999996,0.0000000,0.0000000,-0.0008799,-0.6101847,0.2320060,-0.4101333,0.0000000,0.0000000,9.8066500,27.0430530
2,1,0.6000,WALKING,-0.7630253,0.2068149,9.3869515,0.2051584,-9.9092265,9.0718777,21.9358945,-0.5078974,41.6352694,0.0000000,0.0000000,-0.1014152,0.9999996,0.0000000,0.0000000,-0.0008850,-0.7370686,0.3177248,-0.3949386,0.0000000,0.0000000,9.8066500,27.0562924
2,1,0.6100,WALKING,-0.8747234,0.1819550,9.4905840,0.5309925,-12.0738406,8.8444149,21.2444207,-0.8029608,41.6164460,0.0000000,0.0000000,-0.1019954,0.9999996,0.0000000,0.0000000,-0.0008901,-0.8241816,0.1986268,-0.3999821,0.0000000,0.0000000,9.8066500,26.9889394
2,1,0.6200,WALKING,-0.8349611,0.1573717,9.4453403,-0.1442428,-13.3143381,8.2142442,21.7851497,-0.3658116,40.6737459,0.0000000,0.0000000,-0.1025755,0.9999996,0.0000000,0.0000000,-0.0008951,-0.8916166,0.2209590,-0.2861218,0.0000000,0.0000000,9.8066500,27.0782253
2,1,0.6300,WALKING,-0.9571178,0.0386692,9.5694466,0.5289474,-13.9873791,7.8509768,21.8548331,-0.3246947,41.2190761,0.0000000,0.0000000,-0.1031553,0.9999996,0.0000000,0.0000000,-0.0009002,-0.9669732,0.1205384,-0.2997264,0.0000000,0.0000000,9.8066500,27.0474924
2,1,0.6400,WALKING,-0.9960360,0.0575744,9.6139035,0.0039329,-15.8342904,7.3927133,21.2885331,0.1959050,41.1233259,0.0000000,0.0000000,-0.1037349,0.9999996,0.0000000,0.0000000,-0.0009053,-1.0409897,0.0755209,-0.2255787,0.0000000,0.0000000,9.8066500,27.0808979
2,1,0.6500,WALKING,-1.1238298,-0.0162406,9.6479086,0.0266403,-16.3420136,5.6332861,22.1948936,-0.3566496,41.3410478,0.0000000,0.0000000,-0.1043143,0.9999996,0.0000000,0.0000000,-0.0009103,-1.1068543,0.0129571,-0.1397153,0.0000000,0.0000000,9.8066500,27.0286156
2,1,0.6600,WALKING,-1.0930390,-0.0846626,9.6727762,0.1681959,-16.3055302,3.8467113,21.6420122,-0.4961672,41.2193728,0.0000000,0.0000000,-0.1048934,0.9999996,0.0000000,0.0000000,-0.0009154,-1.1035704,-0.0466547,-0.1811742,0.0000000,0.0000000,9.8066500,27.1013269
2,1,0.6700,WALKING,-1.2037725,-0.2028654,9.7990711,-0.7570657,-16.9400104,1.4608569,22.0418243,0.1047516,41.4870703,0.0000000,0.0000000,-0.1054723,0.9999996,0.0000000,0.0000000,-0.0009204,-1.1492760,-0.1309691,-0.0261500,0.0000000,0.0000000,9.8066500,27.0441103
2,1,0.6800,WALKING,-1.1615801,-0.2156760,9.7870427,0.2513524,-16.7970817,1.5136855,21.6457269,-0.0516708,41.8516282,0.0000000,0.0000000,-0.1060509,0.9999996,0.0000000,0.0000000,-0.0009255,-1.1502432,-0.1568873,0.0420028,0.0000000,0.0000000,9.8066500,27.0377564
2,1,0.6900,WALKING,-1.1787295,-0.2674460,9.8883282,0.3487338,-17.0488525,-1.0612797,22.2129288,-0.5821802,41.8117858,0.0000000,0.0000000,-0.1066293,0.9999996,0.0000000,0.0000000,-0.0009305,-1.1591033,-0.2179939,0.0625834,0.0000000,0.0000000,9.8066500,27.0818024
2,1,0.7000,WALKING,-1.1587234,-0.2787569,9.9566890,0.6578792,-16.8293439,-2.8821746,21.8521293,-0.1186200,41.6616218,0.0000000,0.0000000,-0.1072075,0.9999996,0.0000000,0.0000000,-0.0009356,-1.1580598,-0.2875751,0.1186785,0.0000000,0.0000000,9.8066500,27.0558248
2,1,0.7100,WALKING,-1.0767220,-0.3172639,9.9762996,-0.0367260,-16.0108230,-4.2524542,21.5344261,-0.3581545,41.9907671,0.0000000,0.0000000,-0.1077854,0.9999996,0.0000000,0.0000000,-0.0009406,-1.1171156,-0.3045719,0.1970498,0.0000000,0.0000000,9.8066500,27.0946350
2,1,0.7200,WALKING,-1.0422464,-0.2826531,10.0903056,0.5999369,-15.7852523,-6.3209361,21.4961628,-0.1647207,41.7938879,0.0000000,0.0000000,-0.1083631,0.9999996,0.0000000,0.0000000,-0.0009456,-1.0556273,-0.2649963,0.2569716,0.0000000,0.0000000,9.8066500,27.0469011
2,1,0.7300,WALKING,-0.9538175,-0.3312566,10.0664868,0.3071654,-14.4083655,-6.5709614,21.5808106,-0.6066822,41.1452610,0.0000000,0.0000000,-0.1089405,0.9999995,0.0000000,0.0000000,-0.0009507,-0.9573390,-0.2278035,0.2504891,0.0000000,0.0000000,9.8066500,27.0187474
2,1,0.7400,WALKING,-0.9281887,-0.2703589,10.2091502,-0.9626125,-12.8498270,-7.0716453,22.1135172,-0.3902572,41.6243369,0.0000000,0.0000000,-0.1095177,0.9999995,0.0000000,0.0000000,-0.0009557,-0.8696135,-0.2222434,0.3500592,0.0000000,0.0000000,9.8066500,27.0702924
2,1,0.7500,WALKING,-0.8280390,-0.2229428,10.1655670,-0.0967649,-12.0615457,-7.0982152,21.3371084,-0.5557483,41.5290261,0.0000000,0.0000000,-0.1100947,0.9999995,0.0000000,0.0000000,-0.0009608,-0.8184758,-0.2308593,0.4027240,0.0000000,0.0000000,9.8066500,27.0565078
2,1,0.7600,WALKING,-0.6652738,-0.2242827,10.2126940,0.3168163,-9.8399380,-6.8902256,21.8577962,-0.6053411,41.8233654,0.0000000,0.0000000,-0.1106714,0.9999995,0.0000000,0.0000000,-0.0009658,-0.6534915,-0.1695664,0.4129074,0.0000000,0.0000000,9.8066500,27.0410616
2,1,0.7700,WALKING,-0.6306638,-0.1469863,10.2759741,0.2763329,-8.5543825,-6.7870636,21.5621392,-0.0090645,41.3746273,0.0000000,0.0000000,-0.1112478,0.9999995,0.0000000,0.0000000,-0.0009708,-0.5896530,-0.0834340,0.4017718,0.0000000,0.0000000,9.8066500,27.0363732
2,1,0.7800,WALKING,-0.4876261,-0.0586808,10.2690262,0.1389515,-6.1707002,-5.5917642,22.0553352,-0.3854541,40.9742484,0.0000000,0.0000000,-0.1118240,0.9999995,0.0000000,0.0000000,-0.0009758,-0.4757702,-0.0504921,0.4557187,0.0000000,0.0000000,9.8066500,27.0181813
2,1,0.7900,WALKING,-0.4117364,-0.0240339,10.2497067,-0.2246270,-4.6456485,-4.4394825,20.7560874,-0.7459173,41.1754434,0.0000000,0.0000000,-0.1124000,0.9999995,0.0000000,0.0000000,-0.0009809,-0.3546976,0.0420786,0.5307412,0.0000000,0.0000000,9.8066500,27.0967283
2,1,0.8000,WALKING,-0.2985951,0.1372396,10.3568622,-0.1635345,-3.3654873,-2.8152345,21.8840115,-0.1682190,41.6682171,0.0000000,0.0000000,-0.1129757,0.9999995,0.0000000,0.0000000,-0.0009859,-0.2451016,0.0728875,0.5259073,0.0000000,0.0000000,9.8066500,27.0192870
2,1,0.8100,WALKING,-0.0753854,0.1303153,10.3121648,0.4548836,0.1005964,-0.7970871,21.9371714,-0.5994610,41.6947288,0.0000000,0.0000000,-0.1135511,0.9999995,0.0000000,0.0000000,-0.0009909,-0.1217892,0.1287024,0.4796227,0.0000000,0.0000000,9.8066500,27.0133716
2,1,0.8200,WALKING,0.0455875,0.1460267,10.3692982,0.7779145,0.8383556,0.7228238,21.3478177,-0.3176936,41.3351119,0.0000000,0.0000000,-0.1141263,0.9999995,0.0000000,0.0000000,-0.0009959,-0.0047874,0.2120031,0.5230891,0.0000000,0.0000000,9.8066500,27.0270952
2,1,0.8300,WALKING,0.1546944,0.1872801,10.2694996,0.4502269,3.5329501,2.5888407,21.8820835,-0.2860304,41.6121828,0.0000000,0.0000000,-0.1147013,0.9999995,0.0000000,0.0000000,-0.0010010,0.1829148,0.2576728,0.5572508,0.0000000,0.0000000,9.8066500,27.0615576
2,1,0.8400,WALKING,0.2161644,0.1964864,10.2706834,0.5740552,5.4569738,4.9856717,21.9154941,-0.2944412,41.4823520,0.0000000,0.0000000,-0.1152759,0.9999995,0.0000000,0.0000000,-0.0010060,0.2990872,0.2804013,0.5083534,0.0000000,0.0000000,9.8066500,27.0940976
2,1,0.8500,WALKING,0.3828601,0.2832536,10.2555631,0.0838525,7.1381424,6.0961235,21.1050770,-0.3686416,41.4098926,0.0000000,0.0000000,-0.1158503,0.9999995,0.0000000,0.0000000,-0.0010110,0.4206613,0.2719936,0.4914008,0.0000000,0.0000000,9.8066500,27.0374150
2,1,0.8600,WALKING,0.5020216,0.2507686,10.2452052,0.4798623,9.0298938,7.2259319,21.0867927,0.0989503,41.4780055,0.0000000,0.0000000,-0.1164245,0.9999995,0.0000000,0.0000000,-0.0010160,0.5192752,0.2803588,0.4672102,0.0000000,0.0000000,9.8066500,27.0769826
2,1,0.8700,WALKING,0.7199837,0.2613479,10.2677679,0.3356275,11.0706917,7.9699717,22.3181184,0.1259753,40.9662358,0.0000000,0.0000000,-0.1169984,0.9999995,0.0000000,0.0000000,-0.0010210,0.6052753,0.3031899,0.4791531,0.0000000,0.0000000,9.8066500,27.0571953
2,1,0.8800,WALKING,0.7448865,0.2033927,10.2077734,0.3857110,12.6531429,9.2285799,21.4120454,0.0863733,41.9214564,0.0000000,0.0000000,-0.1175720,0.9999995,0.0000000,0.0000000,-0.0010260,0.7330606,0.2592634,0.3865627,0.0000000,0.0000000,9.8066500,27.0603168
2,1,0.8900,WALKING,0.7912799,0.2001760,10.2251430,0.1554683,14.0792809,8.7689470,22.1601248,-0.9778018,41.5506739,0.0000000,0.0000000,-0.1181454,0.9999995,0.0000000,0.0000000,-0.0010310,0.8244093,0.1799114,0.3417324,0.0000000,0.0000000,9.8066500,27.0424207
2,1,0.9000,WALKING,0.9033287,0.1549581,10.0933946,-0.1370806,15.7753972,8.9132752,21.4699680,-0.1140889,41.2127686,0.0000000,0.0000000,-0.1187185,0.9999995,0.0000000,0.0000000,-0.0010360,0.9343819,0.1565825,0.3001372,0.0000000,0.0000000,9.8066500,27.0737088
2,1,0.9100,WALKING,0.9094444,0.0969536,10.1194199,0.0274887,16.2232121,8.0579915,21.5707713,-0.0961610,40.9957312,0.0000000,0.0000000,-0.1192913,0.9999995,0.0000000,0.0000000,-0.0010410,0.9940815,0.0977893,0.2789383,0.0000000,0.0000000,9.8066500,27.0741550
2,1,0.9200,WALKING,1.1313777,0.0720556,10.0213219,0.0935501,17.5207255,6.4011351,21.5900477,-0.1160097,40.7617566,0.0000000,0.0000000,-0.1198639,0.9999995,0.0000000,0.0000000,-0.0010460,0.9898469,0.0469697,0.2045371,0.0000000,0.0000000,9.8066500,27.0608233
2,1,0.9300,WALKING,1.1221706,-0.0618712,9.9829027,-0.3317101,18.3846183,5.5565055,21.5954408,-1.0126708,41.3535613,0.0000000,0.0000000,-0.1204362,0.9999994,0.0000000,0.0000000,-0.0010510,1.1435807,-0.0352279,0.1903746,0.0000000,0.0000000,9.8066500,27.0136694
2,1,0.9400,WALKING,1.1618068,-0.1024358,9.9316151,0.2434924,18.2790559,2.9751887,21.3203301,-0.3913343,41.6129871,0.0000000,0.0000000,-0.1210082,0.9999994,0.0000000,0.0000000,-0.0010560,1.1409209,-0.0699628,0.0968985,0.0000000,0.0000000,9.8066500,27.0436901
2,1,0.9500,WALKING,1.1454486,-0.2195095,9.8354895,0.5528118,19.5529517,1.7022878,21.5790160,-0.5854229,41.4824936,0.0000000,0.0000000,-0.1215799,0.9999994,0.0000000,0.0000000,-0.0010610,1.1586518,-0.1409094,0.0418547,0.0000000,0.0000000,9.8066500,27.0834844
2,1,0.9600,WALKING,1.1564499,-0.1871551,9.8015397,0.2508836,19.5267278,0.1768426,20.9986305,-1.0469978,41.3141541,0.0000000,0.0000000,-0.1221514,0.9999994,0.0000000,0.0000000,-0.0010660,1.1915194,-0.2373454,-0.0110975,0.0000000,0.0000000,9.8066500,26.9924380
2,1,0.9700,WALKING,1.0857168,-0.2086527,9.8016880,0.0764633,18.5981643,-1.5855097,21.9209857,0.1124852,40.6354548,0.0000000,0.0000000,-0.1227226,0.9999994,0.0000000,0.0000000,-0.0010710,1.1404074,-0.2542444,-0.0191450,0.0000000,0.0000000,9.8066500,27.0445393
2,1,0.9800,WALKING,1.1076320,-0.3118602,9.6048154,0.0494695,18.0406632,-2.4977672,21.7038012,-0.3367377,41.0914936,0.0000000,0.0000000,-0.1232935,0.9999994,0.0000000,0.0000000,-0.0010759,1.0707162,-0.2801235,-0.1246822,0.0000000,0.0000000,9.8066500,27.0980293
2,1,0.9900,WALKING,1.0311696,-0.3400418,9.5728552,0.4767463,17.4182038,-4.2906520,20.9998244,0.0332024,41.5917894,0.0000000,0.0000000,-0.1238642,0.9999994,0.0000000,0.0000000,-0.0010809,1.0746402,-0.2670602,-0.1633229,0.0000000,0.0000000,9.8066500,27.0922447
2,1,1.0000,WALKING,1.0343583,-0.2970477,9.5614364,0.6239932,17.1837781,-5.8180778,22.2008015,-0.3814711,41.4153658,0.0000000,0.0000000,-0.1244346,0.9999994,0.0000000,0.0000000,-0.0010859,1.0184196,-0.2608699,-0.2350126,0.0000000,0.0000000,9.8066500,27.0160868
2,1,1.0100,WALKING,0.9639832,-0.2878617,9.5540444,-0.2948106,15.6259024,-7.1377745,21.2147437,0.1229646,41.7333183,0.0000000,0.0000000,-0.1250046,0.9999994,0.0000000,0.0000000,-0.0010909,0.9493092,-0.2628121,-0.2716892,0.0000000,0.0000000,9.8066500,27.0411627
2,1,1.0200,WALKING,0.8910211,-0.2571434,9.5339398,-0.2923841,14.9976035,-7.4085246,21.3889089,-0.3257032,41.5323235,0.0000000,0.0000000,-0.1255745,0.9999994,0.0000000,0.0000000,-0.0010958,0.8707153,-0.2566783,-0.3669240,0.0000000,0.0000000,9.8066500,27.1007317
2,1,1.0300,WALKING,0.7340980,-0.1850107,9.3465650,0.6472668,12.3981187,-7.5704697,21.5822162,0.0230287,41.1459542,0.0000000,0.0000000,-0.1261440,0.9999994,0.0000000,0.0000000,-0.0011008,0.8160792,-0.2488740,-0.3455858,0.0000000,0.0000000,9.8066500,27.0935900
2,1,1.0400,WALKING,0.6855790,-0.1546564,9.3793504,-0.4597924,11.4228199,-6.8202026,21.8353370,-0.7660458,41.3884695,0.0000000,0.0000000,-0.1267132,0.9999994,0.0000000,0.0000000,-0.0011058,0.6609723,-0.1480717,-0.4533434,0.0000000,0.0000000,9.8066500,27.0227805
2,1,1.0500,WALKING,0.6007783,-0.1421725,9.3323099,-0.0558823,10.0594268,-6.0921720,22.7822489,0.2134688,41.0563273,0.0000000,0.0000000,-0.1272822,0.9999994,0.0000000,0.0000000,-0.0011107,0.5469780,-0.1008004,-0.4278852,0.0000000,0.0000000,9.8066500,27.0200028
2,1,1.0600,WALKING,0.4986536,-0.0633304,9.3075796,0.4522545,7.7908230,-5.2956868,21.7534085,-0.5016714,41.2621689,0.0000000,0.0000000,-0.1278508,0.9999994,0.0000000,0.0000000,-0.0011157,0.4672201,-0.0305407,-0.4879262,0.0000000,0.0000000,9.8066500,27.0586910
2,1,1.0700,WALKING,0.2970790,-0.0223506,9.3453272,0.0483937,6.4148721,-3.5230504,21.8612714,-0.9252834,41.5294018,0.0000000,0.0000000,-0.1284192,0.9999994,0.0000000,0.0000000,-0.0011207,0.3181199,0.0495052,-0.5216160,0.0000000,0.0000000,9.8066500,27.0387236
2,1,1.0800,WALKING,0.1243901,0.0386449,9.2799115,-0.3299711,4.0821896,-2.3092560,21.7163078,-0.5472194,41.2051103,0.0000000,0.0000000,-0.1289873,0.9999994,0.0000000,0.0000000,-0.0011256,0.2218661,0.0926188,-0.4904575,0.0000000,0.0000000,9.8066500,27.0537438
2,1,1.0900,WALKING,0.0732204,0.1256279,9.3698754,0.1933033,2.4178317,-0.2411741,21.6515063,-0.4488350,41.6171498,0.0000000,0.0000000,-0.1295551,0.9999994,0.0000000,0.0000000,-0.0011306,0.0701601,0.1586592,-0.5584311,0.0000000,0.0000000,9.8066500,27.0271053
2,1,1.1000,WALKING,-0.0408472,0.1941488,9.2819140,0.4816253,0.4393784,1.8463657,21.2689069,-0.7219242,41.1154981,0.0000000,0.0000000,-0.1301226,0.9999994,0.0000000,0.0000000,-0.0011355,-0.0025917,0.2037622,-0.4655091,0.0000000,0.0000000,9.8066500,27.0701499
2,1,1.1100,WALKING,-0.1560827,0.2175080,9.2640991,0.1970282,-1.8436050,2.5623696,22.1396261,-0.1851559,42.0238183,0.0000000,0.0000000,-0.1306899,0.9999993,0.0000000,0.0000000,-0.0011405,-0.2230759,0.2742491,-0.4939486,0.0000000,0.0000000,9.8066500,27.0560605
2,1,1.1200,WALKING,-0.3031844,0.2441820,9.2877485,0.7790896,-3.7512854,4.9133452,21.2759410,-0.2760094,41.6038258,0.0000000,0.0000000,-0.1312568,0.9999993,0.0000000,0.0000000,-0.0011454,-0.2664022,0.1820693,-0.4694942,0.0000000,0.0000000,9.8066500,27.0748638
2,1,1.1300,WALKING,-0.4698803,0.2225002,9.3176063,0.6454496,-5.6390151,5.8598989,20.8233745,-0.2289283,41.9000793,0.0000000,0.0000000,-0.1318234,0.9999993,0.0000000,0.0000000,-0.0011504,-0.4235087,0.2776795,-0.4410450,0.0000000,0.0000000,9.8066500,27.0395903
2,1,1.1400,WALKING,-0.5657142,0.2543750,9.3774601,0.3151965,-7.1261629,6.5948569,21.7309602,-1.2044023,41.4303334,0.0000000,0.0000000,-0.1323897,0.9999993,0.0000000,0.0000000,-0.0011553,-0.5247953,0.2774884,-0.4606004,0.0000000,0.0000000,9.8066500,27.0565086
2,1,1.1500,WALKING,-0.6457503,0.2989158,9.3362586,-0.2516695,-9.4502701,8.1966992,21.5106824,0.3885283,41.2727031,0.0000000,0.0000000,-0.1329558,0.9999993,0.0000000,0.0000000,-0.0011603,-0.6545993,0.2659935,-0.4607931,0.0000000,0.0000000,9.8066500,27.0768031
2,1,1.1600,WALKING,-0.7510991,0.2510074,9.4151070,-0.1017059,-10.7485880,9.2681300,21.6706085,0.1085356,41.9093778,0.0000000,0.0000000,-0.1335215,0.9999993,0.0000000,0.0000000,-0.0011652,-0.7534918,0.2762935,-0.3822408,0.0000000,0.0000000,9.8066500,27.0665899
2,1,1.1700,WALKING,-0.9313508,0.1451101,9.4487192,-0.2022085,-12.9051037,8.4579986,21.6393935,-0.7779680,41.2400280,0.0000000,0.0000000,-0.1340869,0.9999993,0.0000000,0.0000000,-0.0011701,-0.8818230,0.1933300,-0.3496204,0.0000000,0.0000000,9.8066500,27.0784752
2,1,1.1800,WALKING,-0.9573724,0.1408614,9.5208699,-0.0346326,-14.0324814,7.6575932,21.8558366,-0.7251263,41.1155300,0.0000000,0.0000000,-0.1346521,0.9999993,0.0000000,0.0000000,-0.0011751,-0.9604732,0.1813568,-0.3042466,0.0000000,0.0000000,9.8066500,27.0323558
2,1,1.1900,WALKING,-1.0140311,0.0524250,9.5276243,0.0151516,-14.4018322,7.0401810,22.0284010,-0.1967507,41.3437624,0.0000000,0.0000000,-0.1352169,0.9999993,0.0000000,0.0000000,-0.0011800,-1.0115689,0.1053855,-0.2070758,0.0000000,0.0000000,9.8066500,27.0708860
2,1,1.2000,WALKING,-1.0765080,-0.0232804,9.5797897,0.3580298,-15.8671343,6.9596897,21.1344923,-0.3410592,41.0001337,0.0000000,0.0000000,-0.1357814,0.9999993,0.0000000,0.0000000,-0.0011849,-1.0354390,0.0365200,-0.2186944,0.0000000,0.0000000,9.8066500,27.0354768
2,1,1.2100,WALKING,-1.1498490,-0.0857729,9.6848994,0.0985648,-16.7595855,5.1382231,21.2869651,-0.4077751,40.7463433,0.0000000,0.0000000,-0.1363457,0.9999993,0.0000000,0.0000000,-0.0011898,-1.0623591,-0.0773596,-0.1490007,0.0000000,0.0000000,9.8066500,27.0820209
2,1,1.2200,WALKING,-1.1528656,-0.0595653,9.6748524,-0.4298364,-17.1138825,3.4222108,21.5599475,-0.3470378,41.3029744,0.0000000,0.0000000,-0.1369096,0.9999993,0.0000000,0.0000000,-0.0011948,-1.0991908,-0.1372294,-0.1028101,0.0000000,0.0000000,9.8066500,27.0510857
2,1,1.2300,WALKING,-1.1766512,-0.1836354,9.7848860,0.0443800,-16.6885421,1.4229126,21.6339082,-1.0468669,41.5103444,0.0000000,0.0000000,-0.1374732,0.9999993,0.0000000,0.0000000,-0.0011997,-1.1298931,-0.1887913,-0.0223019,0.0000000,0.0000000,9.8066500,27.0488162
2,1,1.2400,WALKING,-1.1024325,-0.1923466,9.8155949,-0.1046006,-16.8330206,-0.6616489,21.9593765,-0.2501135,41.3639992,0.0000000,0.0000000,-0.1380365,0.9999993,0.0000000,0.0000000,-0.0012046,-1.0952093,-0.2200578,0.0130073,0.0000000,0.0000000,9.8066500,27.0852477
2,1,1.2500,WALKING,-1.1568454,-0.3085940,9.9163466,0.1364526,-16.7050748,-2.0469872,22.1524489,0.0325331,41.5620552,0.0000000,0.0000000,-0.1385995,0.9999993,0.0000000,0.0000000,-0.0012095,-1.1507051,-0.2244160,0.1061305,0.0000000,0.0000000,9.8066500,27.0714829
2,1,1.2600,WALKING,-1.1111470,-0.3607107,9.9108859,-0.0302560,-16.9228629,-3.9469232,21.8440386,-0.4838861,41.2538971,0.0000000,0.0000000,-0.1391621,0.9999993,0.0000000,0.0000000,-0.0012144,-1.1355718,-0.2454128,0.1796077,0.0000000,0.0000000,9.8066500,27.0415074
2,1,1.2700,WALKING,-1.0852627,-0.3032752,10.0358979,-0.2463968,-15.9753314,-5.3099144,21.7919492,-0.3690226,41.6556557,0.0000000,0.0000000,-0.1397245,0.9999993,0.0000000,0.0000000,-0.0012193,-1.1235300,-0.3207846,0.1912402,0.0000000,0.0000000,9.8066500,27.0490402
2,1,1.2800,WALKING,-1.0398775,-0.3266547,10.0601194,-0.3751639,-14.8653587,-6.1720888,21.2368134,-0.5696850,41.2092186,0.0000000,0.0000000,-0.1402865,0.9999993,0.0000000,0.0000000,-0.0012242,-1.0007573,-0.2891875,0.2706498,0.0000000,0.0000000,9.8066500,27.0915199
2,1,1.2900,WALKING,-0.9649773,-0.2716945,10.1229011,0.3999587,-13.5660155,-7.1341245,21.1250589,-0.0541047,40.9406975,0.0000000,0.0000000,-0.1408483,0.9999992,0.0000000,0.0000000,-0.0012291,-0.9055047,-0.2768502,0.2815241,0.0000000,0.0000000,9.8066500,27.0813305
2,1,1.3000,WALKING,-0.8521186,-0.2590347,10.1760714,0.7744639,-12.3486019,-8.0620920,21.3673391,0.0085253,41.3259270,0.0000000,0.0000000,-0.1414097,0.9999992,0.0000000,0.0000000,-0.0012340,-0.8797004,-0.2360229,0.3348309,0.0000000,0.0000000,9.8066500,27.0882101
2,1,1.3100,WALKING,-0.7194056,-0.2229045,10.2072117,-0.0528267,-10.9601067,-7.1550061,21.6395390,-0.6109098,40.7685752,0.0000000,0.0000000,-0.1419708,0.9999992,0.0000000,0.0000000,-0.0012389,-0.7928651,-0.1176886,0.3863651,0.0000000,0.0000000,9.8066500,27.1247613
2,1,1.3200,WALKING,-0.7067007,-0.1721348,10.2459415,-0.2082013,-9.7942169,-7.0825492,21.1545800,0.0379452,41.0703549,0.0000000,0.0000000,-0.1425316,0.9999992,0.0000000,0.0000000,-0.0012438,-0.6779505,-0.1272387,0.3706142,0.0000000,0.0000000,9.8066500,27.1101274
2,1,1.3300,WALKING,-0.6325350,-0.1072221,10.2537646,0.1246286,-7.5815269,-6.0327625,21.6111616,-0.2942022,41.7811662,0.0000000,0.0000000,-0.1430920,0.9999992,0.0000000,0.0000000,-0.0012487,-0.5655572,-0.0712580,0.4881803,0.0000000,0.0000000,9.8066500,27.1561663
2,1,1.3400,WALKING,-0.4546840,-0.0036754,10.2195334,-0.1539462,-6.1673193,-4.4992676,20.9949466,0.1232322,41.6244101,0.0000000,0.0000000,-0.1436521,0.9999992,0.0000000,0.0000000,-0.0012536,-0.4094751,-0.0470771,0.4936229,0.0000000,0.0000000,9.8066500,27.0681938
2,1,1.3500,WALKING,-0.3115926,0.0324699,10.3249229,0.3581126,-4.2883749,-3.3369493,21.5449332,-0.6571543,41.2278294,0.0000000,0.0000000,-0.1442120,0.9999992,0.0000000,0.0000000,-0.0012585,-0.3164797,0.0993833,0.5017407,0.0000000,0.0000000,9.8066500,27.0555041
2,1,1.3600,WALKING,-0.2552524,0.0952971,10.3022295,-0.0475174,-2.4152878,-1.7068495,21.7354086,-0.0940636,41.8656891,0.0000000,0.0000000,-0.1447714,0.9999992,0.0000000,0.0000000,-0.0012634,-0.2186316,0.1269821,0.5076311,0.0000000,0.0000000,9.8066500,27.1080893
2,1,1.3700,WALKING,-0.0805058,0.1351391,10.3009322,0.0400318,-0.1663094,-0.6179349,21.9070016,-0.3815891,41.3181871,0.0000000,0.0000000,-0.1453306,0.9999992,0.0000000,0.0000000,-0.0012682,-0.0207016,0.1478922,0.4593319,0.0000000,0.0000000,9.8066500,27.1146541
2,1,1.3800,WALKING,0.0874202,0.2105125,10.3695121,-0.1739861,2.2335819,1.5002890,21.4200349,-0.4426988,41.4980501,0.0000000,0.0000000,-0.1458894,0.9999992,0.0000000,0.0000000,-0.0012731,0.0564881,0.2515301,0.5297361,0.0000000,0.0000000,9.8066500,27.0551771
2,1,1.3900,WALKING,0.2267909,0.2363071,10.3328164,0.5667473,4.0954551,3.6926248,21.6876689,-0.7502812,41.3283037,0.0000000,0.0000000,-0.1464479,0.9999992,0.0000000,0.0000000,-0.0012780,0.2160887,0.2228328,0.5044549,0.0000000,0.0000000,9.8066500,27.1264829
2,1,1.4000,WALKING,0.3532496,0.2730619,10.3265592,0.2325381,5.9234750,5.5923439,21.9524515,-0.2334275,41.7661552,0.0000000,0.0000000,-0.1470061,0.9999992,0.0000000,0.0000000,-0.0012829,0.3261784,0.2852827,0.4781656,0.0000000,0.0000000,9.8066500,27.1436345
2,1,1.4100,WALKING,0.5169605,0.3246777,10.2339760,0.1308302,7.2702032,6.6174954,21.9143977,0.1196647,40.4072021,0.0000000,0.0000000,-0.1475640,0.9999992,0.0000000,0.0000000,-0.0012877,0.5112097,0.3274488,0.4811025,0.0000000,0.0000000,9.8066500,27.0248422
2,1,1.4200,WALKING,0.5519446,0.2726285,10.2472500,0.6285825,9.8251197,6.7100184,22.0693036,-0.5485444,41.5397778,0.0000000,0.0000000,-0.1481215,0.9999992,0.0000000,0.0000000,-0.0012926,0.5286132,0.2930531,0.4559555,0.0000000,0.0000000,9.8066500,27.1059661
2,1,1.4300,WALKING,0.6838461,0.2244888,10.1610052,-0.2243497,10.8824324,8.8770452,21.7371854,-0.2308380,40.6852373,0.0000000,0.0000000,-0.1486787,0.9999992,0.0000000,0.0000000,-0.0012975,0.6468040,0.3124887,0.4586691,0.0000000,0.0000000,9.8066500,27.0276540
2,1,1.4400,WALKING,0.7411334,0.1520693,10.2195985,-0.5786757,12.6894817,8.4743931,21.2632577,-0.3022629,40.9689715,0.0000000,0.0000000,-0.1492355,0.9999992,0.0000000,0.0000000,-0.0013023,0.8110311,0.1930026,0.3641149,0.0000000,0.0000000,9.8066500,27.0952087
2,1,1.4500,WALKING,0.8417281,0.2234239,10.1162847,0.0132643,14.3538198,9.1490267,21.5766433,-0.5663397,41.5929004,0.0000000,0.0000000,-0.1497920,0.9999991,0.0000000,0.0000000,-0.0013072,0.8603663,0.1576378,0.3554323,0.0000000,0.0000000,9.8066500,27.0805657
2,1,1.4600,WALKING,0.9922979,0.1073546,10.1227269,0.1360354,16.3133978,7.8168475,21.3447304,-0.6470410,41.3074171,0.0000000,0.0000000,-0.1503482,0.9999991,0.0000000,0.0000000,-0.0013120,0.9778133,0.0801947,0.3029946,0.0000000,0.0000000,9.8066500,27.0896826
2,1,1.4700,WALKING,1.0151364,0.0353027,10.0726576,-0.3457828,16.5079188,6.7659188,21.5577667,-0.2686327,40.7600661,0.0000000,0.0000000,-0.1509040,0.9999991,0.0000000,0.0000000,-0.0013169,1.0299366,0.0862283,0.2169920,0.0000000,0.0000000,9.8066500,27.0656541
2,1,1.4800,WALKING,1.0667162,-0.0180375,10.0696801,0.3570531,17.7923720,6.1595892,21.7079472,-0.6147979,41.1520587,0.0000000,0.0000000,-0.1514595,0.9999991,0.0000000,0.0000000,-0.0013217,1.1138646,-0.0118525,0.2006984,0.0000000,0.0000000,9.8066500,27.0531222
2,1,1.4900,WALKING,1.0416894,-0.0476500,9.9470946,-0.1794962,18.0159167,4.1811816,21.3105456,0.5266098,40.9519609,0.0000000,0.0000000,-0.1520147,0.9999991,0.0000000,0.0000000,-0.0013266,1.0905688,-0.0471048,0.1422018,0.0000000,0.0000000,9.8066500,27.0792656
2,1,1.5000,WALKING,1.1656466,-0.0660195,9.8647293,-0.0038689,18.3151436,2.9396632,21.4927146,-0.2668798,41.1562803,0.0000000,0.0000000,-0.1525695,0.9999991,0.0000000,0.0000000,-0.0013314,1.1935831,-0.1469431,0.0590951,0.0000000,0.0000000,9.8066500,27.0999770
2,1,1.5100,WALKING,1.1136401,-0.1772217,9.8332453,-0.1322691,19.3617346,0.7638107,21.6500577,-0.2374226,41.6794030,0.0000000,0.0000000,-0.1531239,0.9999991,0.0000000,0.0000000,-0.0013363,1.1710380,-0.1699441,-0.0094522,0.0000000,0.0000000,9.8066500,27.0681876
2,1,1.5200,WALKING,1.1122336,-0.2282171,9.7169017,-0.2935885,18.4308002,-0.2775965,21.8860600,-1.1173895,41.1752580,0.0000000,0.0000000,-0.1536781,0.9999991,0.0000000,0.0000000,-0.0013411,1.1542778,-0.2229601,-0.0520602,0.0000000,0.0000000,9.8066500,27.0949787
2,1,1.5300,WALKING,1.1430906,-0.2859787,9.6995652,0.6664276,18.5649212,-3.3659343,21.0556559,0.0241204,41.7422193,0.0000000,0.0000000,-0.1542318,0.9999991,0.0000000,0.0000000,-0.0013459,1.1415277,-0.2477718,-0.1138190,0.0000000,0.0000000,9.8066500,27.0842818
2,1,1.5400,WALKING,1.1614454,-0.3168625,9.6256289,-0.5789349,18.3081530,-4.2156149,21.5403828,-0.1880054,41.2928307,0.0000000,0.0000000,-0.1547853,0.9999991,0.0000000,0.0000000,-0.0013508,1.0956861,-0.2459165,-0.1599387,0.0000000,0.0000000,9.8066500,27.1042731
2,1,1.5500,WALKING,1.0035105,-0.3347051,9.6190284,0.4591058,17.0301601,-5.5588052,22.0425381,-0.3345569,41.5382714,0.0000000,0.0000000,-0.1553384,0.9999991,0.0000000,0.0000000,-0.0013556,1.0612579,-0.2890973,-0.1897415,0.0000000,0.0000000,9.8066500,27.0887468
2,1,1.5600,WALKING,0.9919260,-0.3394763,9.5821039,0.1456225,16.8171849,-6.1905834,21.8179281,-0.3570491,41.5135581,0.0000000,0.0000000,-0.1558911,0.9999991,0.0000000,0.0000000,-0.0013604,0.9560080,-0.2613650,-0.2656335,0.0000000,0.0000000,9.8066500,27.0400274
2,1,1.5700,WALKING,0.9000151,-0.2731498,9.4236384,-0.3138102,15.5963526,-6.8399172,21.5067840,-0.1394450,41.7682582,0.0000000,0.0000000,-0.1564435,0.9999991,0.0000000,0.0000000,-0.0013652,0.9133197,-0.2183368,-0.3432176,0.0000000,0.0000000,9.8066500,27.1190301
2,1,1.5800,WALKING,0.7771718,-0.2288311,9.4828842,0.6428674,13.6150243,-7.4185518,21.5601335,-0.6289162,41.1956137,0.0000000,0.0000000,-0.1569955,0.9999991,0.0000000,0.0000000,-0.0013700,0.8573853,-0.2307991,-0.3488789,0.0000000,0.0000000,9.8066500,27.0621428
2,1,1.5900,WALKING,0.7859544,-0.2011204,9.3972884,0.5426895,12.2601121,-7.0676208,21.5295168,0.0429507,40.9141285,0.0000000,0.0000000,-0.1575472,0.9999991,0.0000000,0.0000000,-0.0013749,0.7556525,-0.1663441,-0.3699315,0.0000000,0.0000000,9.8066500,27.1072852
2,1,1.6000,WALKING,0.6183508,-0.1943137,9.3657855,-0.2541902,11.0032874,-6.8244849,21.5031036,-0.2741095,41.2239154,0.0000000,0.0000000,-0.1580985,0.9999990,0.0000000,0.0000000,-0.0013797,0.6201088,-0.1235496,-0.4387330,0.0000000,0.0000000,9.8066500,27.1064084
2,1,1.6100,WALKING,0.6096648,-0.0831678,9.4272369,0.4334731,9.0835788,-6.1979028,21.1673364,-0.6579591,40.8313235,0.0000000,0.0000000,-0.1586495,0.9999990,0.0000000,0.0000000,-0.0013845,0.5031315,-0.0263070,-0.4925236,0.0000000,0.0000000,9.8066500,27.1204349
2,1,1.6200,WALKING,0.3927603,-0.0261163,9.3117064,-0.2988156,7.1367210,-4.3464785,21.3040185,-1.1568935,41.3051052,0.0000000,0.0000000,-0.1592001,0.9999990,0.0000000,0.0000000,-0.0013893,0.3407403,-0.0249973,-0.4851677,0.0000000,0.0000000,9.8066500,27.0821537
2,1,1.6300,WALKING,0.2748333,0.0654195,9.2904589,0.3401159,4.6682551,-3.5874271,22.3054992,-0.8837564,41.2750252,0.0000000,0.0000000,-0.1597503,0.9999990,0.0000000,0.0000000,-0.0013941,0.3108241,0.0516681,-0.4840156,0.0000000,0.0000000,9.8066500,27.1273381
2,1,1.6400,WALKING,0.1391800,0.1280823,9.2914272,-0.2232112,3.5552151,-1.3340949,21.9398385,-0.3353714,41.2632445,0.0000000,0.0000000,-0.1603002,0.9999990,0.0000000,0.0000000,-0.0013989,0.1502258,0.1354061,-0.5170270,0.0000000,0.0000000,9.8066500,27.1297719
2,1,1.6500,WALKING,0.0084926,0.1344408,9.3151284,0.2970778,0.6744273,0.1878120,21.6402674,-0.7673045,41.3344013,0.0000000,0.0000000,-0.1608498,0.9999990,0.0000000,0.0000000,-0.0014037,0.0596799,0.1753113,-0.5326989,0.0000000,0.0000000,9.8066500,27.1392566
2,1,1.6600,WALKING,-0.0862634,0.2027775,9.2398921,0.4160422,-0.3929550,2.3917502,21.6479337,-0.3824379,40.9355295,0.0000000,0.0000000,-0.1613989,0.9999990,0.0000000,0.0000000,-0.0014085,-0.0606774,0.1720909,-0.5271587,0.0000000,0.0000000,9.8066500,27.1068777
2,1,1.6700,WALKING,-0.2674624,0.2063461,9.2567372,-0.0876711,-2.8766722,3.6854702,21.0672827,0.2767232,41.4127307,0.0000000,0.0000000,-0.1619477,0.9999990,0.0000000,0.0000000,-0.0014133,-0.2374856,0.2849636,-0.5352309,0.0000000,0.0000000,9.8066500,27.1284533
2,1,1.6800,WALKING,-0.3943086,0.3010131,9.2986146,0.9744190,-5.1085037,5.4989172,21.6136613,-0.3200629,41.0276250,0.0000000,0.0000000,-0.1624962,0.9999990,0.0000000,0.0000000,-0.0014180,-0.3666628,0.2714618,-0.4983803,0.0000000,0.0000000,9.8066500,27.0917220
2,1,1.6900,WALKING,-0.4451602,0.2722927,9.2949798,-0.2988993,-6.4323391,6.8425111,22.4208779,-0.8529551,41.5757482,0.0000000,0.0000000,-0.1630443,0.9999990,0.0000000,0.0000000,-0.0014228,-0.4685339,0.3007904,-0.4883012,0.0000000,0.0000000,9.8066500,27.0999650
2,1,1.7000,WALKING,-0.5918251,0.2496026,9.3388208,0.2554693,-7.9109177,6.9703017,21.6070484,-0.0901780,41.0803800,0.0000000,0.0000000,-0.1635920,0.9999990,0.0000000,0.0000000,-0.0014276,-0.6260684,0.2769604,-0.4318044,0.0000000,0.0000000,9.8066500,27.0869054
2,1,1.7100,WALKING,-0.6437180,0.2355542,9.3512230,0.1444368,-10.2636535,8.7821687,21.5973646,-0.2617039,41.3865504,0.0000000,0.0000000,-0.1641393,0.9999990,0.0000000,0.0000000,-0.0014324,-0.7064431,0.2444154,-0.4549769,0.0000000,0.0000000,9.8066500,27.0916806
2,1,1.7200,WALKING,-0.8117136,0.2310516,9.4124158,-0.1037713,-11.9222937,8.3716131,21.6067557,-0.0569950,41.7285501,0.0000000,0.0000000,-0.1646863,0.9999990,0.0000000,0.0000000,-0.0014372,-0.8386807,0.2278806,-0.3458851,0.0000000,0.0000000,9.8066500,27.1077486
2,1,1.7300,WALKING,-0.9468700,0.1135568,9.5202120,0.2337668,-12.9086730,8.4231075,21.7705832,-0.4073212,41.6266433,0.0000000,0.0000000,-0.1652329,0.9999990,0.0000000,0.0000000,-0.0014419,-0.9021033,0.2163582,-0.3139784,0.0000000,0.0000000,9.8066500,27.0819754
2,1,1.7400,WALKING,-1.0257870,0.0963380,9.5716177,-0.5675365,-14.2781356,8.1297295,21.9807893,-1.0510019,41.4612635,0.0000000,0.0000000,-0.1657791,0.9999990,0.0000000,0.0000000,-0.0014467,-1.0043322,0.1095152,-0.3170917,0.0000000,0.0000000,9.8066500,27.1109595
2,1,1.7500,WALKING,-1.0135129,0.0664885,9.5814781,0.0033646,-15.3090436,6.5220911,21.1860533,-0.8169060,40.9583523,0.0000000,0.0000000,-0.1663250,0.9999989,0.0000000,0.0000000,-0.0014515,-0.9974252,0.0612214,-0.2192139,0.0000000,0.0000000,9.8066500,27.0976102
2,1,1.7600,WALKING,-1.1201301,-0.0415943,9.6257181,0.2346542,-16.2247297,6.2590639,21.5242647,-0.1307809,41.2891051,0.0000000,0.0000000,-0.1668704,0.9999989,0.0000000,0.0000000,-0.0014562,-1.1358466,-0.0273340,-0.1657864,0.0000000,0.0000000,9.8066500,27.1144283
2,1,1.7700,WALKING,-1.1234742,-0.0792026,9.7645704,0.2747623,-16.6683174,5.1177407,21.9454572,0.1259674,41.7263845,0.0000000,0.0000000,-0.1674156,0.9999989,0.0000000,0.0000000,-0.0014610,-1.1444219,-0.0908725,-0.1099402,0.0000000,0.0000000,9.8066500,27.1256710
2,1,1.7800,WALKING,-1.1850548,-0.1879549,9.7256779,-0.1349043,-17.1977158,2.7620895,21.8779537,-0.7836000,41.1647290,0.0000000,0.0000000,-0.1679603,0.9999989,0.0000000,0.0000000,-0.0014657,-1.1371512,-0.0884736,-0.0463137,0.0000000,0.0000000,9.8066500,27.1263393
2,1,1.7900,WALKING,-1.1722678,-0.2048277,9.7859538,0.8269427,-17.1418556,0.6404081,21.6552081,-0.8325079,41.3129426,0.0000000,0.0000000,-0.1685046,0.9999989,0.0000000,0.0000000,-0.0014705,-1.1235076,-0.2111806,-0.0211470,0.0000000,0.0000000,9.8066500,27.1356685
2,1,1.8000,WALKING,-1.1247397,-0.2821135,9.8570602,-0.1175503,-16.4558563,-1.1091076,21.5849934,-0.5784066,41.7807509,0.0000000,0.0000000,-0.1690486,0.9999989,0.0000000,0.0000000,-0.0014752,-1.1368051,-0.1827614,0.0841904,0.0000000,0.0000000,9.8066500,27.1202341
2,1,1.8100,WALKING,-1.1428749,-0.2860380,9.9170201,0.2571816,-16.3094308,-1.7794902,21.8975728,-0.1192267,40.8453020,0.0000000,0.0000000,-0.1695922,0.9999989,0.0000000,0.0000000,-0.0014800,-1.0584156,-0.2758289,0.1225233,0.0000000,0.0000000,9.8066500,27.0976684
2,1,1.8200,WALKING,-1.0667819,-0.3582556,10.0088239,0.0595273,-16.4689517,-4.6112254,22.1093287,-0.2080690,40.8567210,0.0000000,0.0000000,-0.1701354,0.9999989,0.0000000,0.0000000,-0.0014847,-1.1108061,-0.2884046,0.2034198,0.0000000,0.0000000,9.8066500,27.0980340
2,1,1.8300,WALKING,-1.0948537,-0.3864282,10.0157566,0.6303591,-15.9164231,-5.1788373,22.3116959,-0.4353040,41.7930677,0.0000000,0.0000000,-0.1706782,0.9999989,0.0000000,0.0000000,-0.0014894,-1.1100415,-0.2691389,0.2152740,0.0000000,0.0000000,9.8066500,27.1263421
2,1,1.8400,WALKING,-0.9962801,-0.2692917,10.0936440,0.1258732,-14.2640830,-7.0240107,22.0432629,0.0454932,41.4824917,0.0000000,0.0000000,-0.1712207,0.9999989,0.0000000,0.0000000,-0.0014942,-0.9918724,-0.2643598,0.2859602,0.0000000,0.0000000,9.8066500,27.1147665
2,1,1.8500,WALKING,-0.9217572,-0.2667960,10.1350477,0.9234164,-13.4771873,-7.1008639,21.5529958,-0.6169969,41.4513045,0.0000000,0.0000000,-0.1717628,0.9999989,0.0000000,0.0000000,-0.0014989,-0.8747991,-0.2765762,0.2883837,0.0000000,0.0000000,9.8066500,27.1264095
2,1,1.8600,WALKING,-0.8686923,-0.2095974,10.1822425,0.0513948,-12.2571673,-7.7341598,21.5771241,-0.1699070,40.9401085,0.0000000,0.0000000,-0.1723044,0.9999989,0.0000000,0.0000000,-0.0015036,-0.7980543,-0.1978938,0.3532300,0.0000000,0.0000000,9.8066500,27.0851939
2,1,1.8700,WALKING,-0.7548457,-0.2100968,10.2283569,0.4042167,-10.8737870,-7.0140049,22.1747594,-0.5520801,41.2457373,0.0000000,0.0000000,-0.1728457,0.9999989,0.0000000,0.0000000,-0.0015084,-0.7001012,-0.2147594,0.4129402,0.0000000,0.0000000,9.8066500,27.1160266
2,1,1.8800,WALKING,-0.5973452,-0.0728569,10.2731874,0.3369205,-8.1792546,-7.5928937,21.3945922,-0.5289618,41.2836763,0.0000000,0.0000000,-0.1733866,0.9999989,0.0000000,0.0000000,-0.0015131,-0.6161281,-0.1817654,0.4173191,0.0000000,0.0000000,9.8066500,27.0645262
2,1,1.8900,WALKING,-0.5453064,-0.1173326,10.3123468,-0.1026673,-7.0406849,-5.3235089,22.2286017,-0.9375480,41.2803351,0.0000000,0.0000000,-0.1739271,0.9999988,0.0000000,0.0000000,-0.0015178,-0.5331597,-0.1079842,0.4755838,0.0000000,0.0000000,9.8066500,27.1184717
2,1,1.9000,WALKING,-0.4141331,-0.0003205,10.2814706,0.4482634,-5.4537079,-4.5899884,22.0605086,-0.7273850,40.9651897,0.0000000,0.0000000,-0.1744672,0.9999988,0.0000000,0.0000000,-0.0015225,-0.4044562,0.0529567,0.4866221,0.0000000,0.0000000,9.8066500,27.1042167
2,1,1.9100,WALKING,-0.2921673,-0.0023753,10.2989374,0.0881337,-2.8349776,-3.0304905,21.6305251,-0.0918218,41.1439729,0.0000000,0.0000000,-0.1750070,0.9999988,0.0000000,0.0000000,-0.0015272,-0.2862936,0.1144771,0.4963900,0.0000000,0.0000000,9.8066500,27.1393745
2,1,1.9200,WALKING,-0.1777761,0.1510326,10.3092200,0.0127169,-1.1449286,-0.6186629,21.7122851,-0.0951416,41.0726960,0.0000000,0.0000000,-0.1755463,0.9999988,0.0000000,0.0000000,-0.0015319,-0.1570004,0.1429186,0.5192318,0.0000000,0.0000000,9.8066500,27.1522702
2,1,1.9300,WALKING,0.0423842,0.1470693,10.3395953,0.6178273,0.8602007,0.5241394,21.7411950,0.1118613,41.4259719,0.0000000,0.0000000,-0.1760852,0.9999988,0.0000000,0.0000000,-0.0015366,0.0119554,0.1559559,0.5484633,0.0000000,0.0000000,9.8066500,27.1127468
2,1,1.9400,WALKING,0.0827261,0.2286341,10.2464151,0.6981015,3.7067728,2.9966346,21.5493959,-0.1136734,41.5057069,0.0000000,0.0000000,-0.1766238,0.9999988,0.0000000,0.0000000,-0.0015413,0.1753678,0.2579174,0.4907130,0.0000000,0.0000000,9.8066500,27.0883641
2,1,1.9500,WALKING,0.2055114,0.2279489,10.2938992,0.5190926,4.9818758,4.2468440,21.5276015,-1.0587765,41.6941967,0.0000000,0.0000000,-0.1771619,0.9999988,0.0000000,0.0000000,-0.0015460,0.2690464,0.2900875,0.5078990,0.0000000,0.0000000,9.8066500,27.1470874
2,1,1.9600,WALKING,0.4010890,0.2717675,10.2589230,0.6648278,6.8722768,6.0357380,21.1284395,-0.0084448,41.2390369,0.0000000,0.0000000,-0.1776996,0.9999988,0.0000000,0.0000000,-0.0015507,0.3767968,0.2926367,0.4988074,0.0000000,0.0000000,9.8066500,27.0955618
2,1,1.9700,WALKING,0.4208715,0.2744432,10.3019486,0.1641065,9.0699876,7.2206320,21.6100398,-0.1769808,41.0601667,0.0000000,0.0000000,-0.1782370,0.9999988,0.0000000,0.0000000,-0.0015554,0.4984382,0.2646581,0.4490431,0.0000000,0.0000000,9.8066500,27.1839393
2,1,1.9800,WALKING,0.6011737,0.2476454,10.2446990,0.5605879,10.4723422,8.2144986,21.2516046,-0.1003543,41.4119059,0.0000000,0.0000000,-0.1787739,0.9999988,0.0000000,0.0000000,-0.0015601,0.5898403,0.3065437,0.4362108,0.0000000,0.0000000,9.8066500,27.1374039
2,1,1.9900,WALKING,0.6846204,0.2207227,10.1857050,-0.2719378,12.2542223,8.4962231,21.7495167,-0.3348425,40.9059077,0.0000000,0.0000000,-0.1793105,0.9999988,0.0000000,0.0000000,-0.0015648,0.7567367,0.2808296,0.3906265,0.0000000,0.0000000,9.8066500,27.1162401
2,1,0.0000,RUNNING,1.4073491,0.5878926,10.8135825,-1.2697141,18.1332311,7.1713400,19.8574361,0.7581577,42.2616761,0.0000000,0.0000000,0.2222837,0.9999981,0.0000000,0.0000000,0.0019398,1.4106865,0.5608035,0.9585980,0.0000000,0.0000000,9.8066500,26.9617974
2,1,0.0100,RUNNING,1.6944617,0.5337544,10.6622148,-1.0954542,23.0774494,7.5427178,20.0384306,1.0578046,42.1390862,0.0000000,0.0000000,0.2227823,0.9999981,0.0000000,0.0000000,0.0019441,1.7766949,0.4631402,0.8188676,0.0000000,0.0000000,9.8066500,27.0349736
2,1,0.0200,RUNNING,2.0921970,0.3008199,10.4548987,-0.9207362,28.1615690,7.5262858,20.2101296,1.4733020,41.6861271,0.0000000,0.0000000,0.2232804,0.9999981,0.0000000,0.0000000,0.0019485,2.0650232,0.3613528,0.6939536,0.0000000,0.0000000,9.8066500,26.9745275
2,1,0.0300,RUNNING,2.2636445,0.0738696,10.2292827,-1.3290478,30.3940637,6.0475419,19.3019596,1.1236195,42.2105214,0.0000000,0.0000000,0.2237779,0.9999981,0.0000000,0.0000000,0.0019528,2.2894594,0.0972130,0.4845783,0.0000000,0.0000000,9.8066500,27.0092109
2,1,0.0400,RUNNING,2.4504462,-0.1786504,10.0857599,-1.1074014,32.1384990,3.1137414,19.7308082,0.4309669,42.1228329,0.0000000,0.0000000,0.2242750,0.9999981,0.0000000,0.0000000,0.0019572,2.4855937,-0.1612951,0.2811403,0.0000000,0.0000000,9.8066500,27.0396953
2,1,0.0500,RUNNING,2.4466502,-0.3698805,9.8739599,-0.6524306,33.6829997,0.9510396,19.5054254,1.2049815,42.0671250,0.0000000,0.0000000,0.2247716,0.9999981,0.0000000,0.0000000,0.0019615,2.4909402,-0.4115033,0.0280265,0.0000000,0.0000000,9.8066500,27.0497300
2,1,0.0600,RUNNING,2.5026844,-0.5859003,9.6839640,-0.8892930,33.2075389,-2.1670698,19.0665118,0.7194430,42.5238830,0.0000000,0.0000000,0.2252676,0.9999981,0.0000000,0.0000000,0.0019658,2.5302412,-0.5323158,-0.1857166,0.0000000,0.0000000,9.8066500,27.0308833
2,1,0.0700,RUNNING,2.2762450,-0.6249459,9.4204512,-0.8761276,31.2886316,-4.5244422,19.7915248,0.3290037,41.8263458,0.0000000,0.0000000,0.2257632,0.9999981,0.0000000,0.0000000,0.0019702,2.4115833,-0.5830009,-0.3780607,0.0000000,0.0000000,9.8066500,27.0394788
2,1,0.0800,RUNNING,2.1301894,-0.6711711,9.2635194,-0.9796761,29.2388961,-7.2188594,19.3087512,0.4393665,42.0774891,0.0000000,0.0000000,0.2262582,0.9999981,0.0000000,0.0000000,0.0019745,2.2123125,-0.6375270,-0.5438064,0.0000000,0.0000000,9.8066500,26.9406488
2,1,0.0900,RUNNING,1.8598926,-0.5034445,9.0538129,-1.0946851,25.1990443,-8.0073296,19.6353408,0.4640515,42.5303501,0.0000000,0.0000000,0.2267528,0.9999980,0.0000000,0.0000000,0.0019788,1.8808891,-0.5388854,-0.7326572,0.0000000,0.0000000,9.8066500,27.0131915
2,1,0.1000,RUNNING,1.5434072,-0.3551445,8.9515110,-0.8325036,20.6955903,-7.6052825,19.8288366,1.0076109,42.0231147,0.0000000,0.0000000,0.2272468,0.9999980,0.0000000,0.0000000,0.0019831,1.6009825,-0.3898333,-0.9099990,0.0000000,0.0000000,9.8066500,26.9870753
2,1,0.1100,RUNNING,1.0974865,-0.1278293,8.8504935,-1.6748078,14.8408448,-6.1721699,19.9792318,0.2141689,42.1696341,0.0000000,0.0000000,0.2277403,0.9999980,0.0000000,0.0000000,0.0019874,1.1211170,-0.1612976,-1.0490249,0.0000000,0.0000000,9.8066500,27.0334011
2,1,0.1200,RUNNING,0.7071064,0.1264751,8.6834979,-1.1243353,8.7760623,-3.3856748,19.9733996,0.4032151,42.5113557,0.0000000,0.0000000,0.2282333,0.9999980,0.0000000,0.0000000,0.0019917,0.7187696,0.0557335,-1.0420206,0.0000000,0.0000000,9.8066500,26.9563886
2,1,0.1300,RUNNING,0.2097414,0.3202688,8.6505940,-0.3014393,2.0229510,-1.3147267,19.4612290,0.6436530,42.3951406,0.0000000,0.0000000,0.2287258,0.9999980,0.0000000,0.0000000,0.0019960,0.2359064,0.3083076,-1.1596955,0.0000000,0.0000000,9.8066500,26.9806150
2,1,0.1400,RUNNING,-0.2314807,0.4140455,8.6702625,-0.9118067,-4.2743385,1.4069010,19.4957065,0.7444506,41.7526537,0.0000000,0.0000000,0.2292178,0.9999980,0.0000000,0.0000000,0.0020003,-0.2545912,0.4817172,-1.1361021,0.0000000,0.0000000,9.8066500,27.0279874
2,1,0.1500,RUNNING,-0.7048428,0.5953738,8.7162262,-1.2344104,-11.0862051,4.2927344,19.4073279,0.9060138,41.3452365,0.0000000,0.0000000,0.2297092,0.9999980,0.0000000,0.0000000,0.0020046,-0.7127718,0.5807479,-1.0914932,0.0000000,0.0000000,9.8066500,27.0400771
2,1,0.1600,RUNNING,-1.1448988,0.6412638,8.7853214,-1.4361597,-16.9534923,6.3953431,19.3484064,1.1282371,41.9492315,0.0000000,0.0000000,0.2302002,0.9999980,0.0000000,0.0000000,0.0020089,-1.1729795,0.6526991,-1.0095913,0.0000000,0.0000000,9.8066500,27.0267387
2,1,0.1700,RUNNING,-1.5291058,0.5844444,8.8666032,-1.6670095,-22.5664534,8.3474926,19.9922654,0.8121948,42.3368561,0.0000000,0.0000000,0.2306906,0.9999980,0.0000000,0.0000000,0.0020132,-1.5287711,0.5345895,-0.9051768,0.0000000,0.0000000,9.8066500,26.9291468
2,1,0.1800,RUNNING,-1.8758022,0.4897670,9.0738705,-1.2153918,-27.9022472,8.3133725,20.7492426,0.8441151,41.6889162,0.0000000,0.0000000,0.2311805,0.9999980,0.0000000,0.0000000,0.0020174,-1.9082832,0.4116538,-0.7383304,0.0000000,0.0000000,9.8066500,26.9831203
2,1,0.1900,RUNNING,-2.1247582,0.2501137,9.2380512,-1.0193926,-31.2831570,6.9879623,19.3649096,0.9755818,42.1824969,0.0000000,0.0000000,0.2316699,0.9999980,0.0000000,0.0000000,0.0020217,-2.2235775,0.1973241,-0.5540839,0.0000000,0.0000000,9.8066500,26.9992834
2,1,0.2000,RUNNING,-2.3674468,0.0269154,9.3497255,-1.4531407,-34.2017721,5.0152313,19.3901488,1.5322201,41.9013560,0.0000000,0.0000000,0.2321587,0.9999979,0.0000000,0.0000000,0.0020260,-2.3478431,0.0196594,-0.4150804,0.0000000,0.0000000,9.8066500,27.0294034
2,1,0.2100,RUNNING,-2.5118744,-0.2129477,9.6173029,-1.1450485,-35.8182361,2.4885984,20.2155889,0.1490507,42.0172448,0.0000000,0.0000000,0.2326471,0.9999979,0.0000000,0.0000000,0.0020302,-2.4710876,-0.2658551,-0.2005512,0.0000000,0.0000000,9.8066500,26.9922424
2,1,0.2200,RUNNING,-2.5467694,-0.4353143,9.9059075,-1.5396652,-35.8199147,-0.3857717,19.6301662,0.6577559,42.2693445,0.0000000,0.0000000,0.2331349,0.9999979,0.0000000,0.0000000,0.0020345,-2.5127043,-0.4273707,0.0034345,0.0000000,0.0000000,9.8066500,27.0046848
2,1,0.2300,RUNNING,-2.5107610,-0.6046388,10.0699985,-0.9061955,-35.4232921,-2.9493194,20.0482905,1.1811622,41.9968026,0.0000000,0.0000000,0.2336222,0.9999979,0.0000000,0.0000000,0.0020387,-2.4079053,-0.5449177,0.2352495,0.0000000,0.0000000,9.8066500,26.9545653
2,1,0.2400,RUNNING,-2.4177437,-0.6628232,10.2206737,-1.1476189,-33.9310927,-5.5682913,20.0334417,0.4349589,41.7947320,0.0000000,0.0000000,0.2341089,0.9999979,0.0000000,0.0000000,0.0020430,-2.2991336,-0.6402339,0.4620722,0.0000000,0.0000000,9.8066500,27.0064253
2,1,0.2500,RUNNING,-2.1287980,-0.6176609,10.3950343,-1.2228209,-30.2600602,-7.0511664,19.5639312,1.0863921,42.0712806,0.0000000,0.0000000,0.2345952,0.9999979,0.0000000,0.0000000,0.0020472,-2.1067903,-0.5969236,0.6281753,0.0000000,0.0000000,9.8066500,27.0332589
2,1,0.2600,RUNNING,-1.8450157,-0.4600676,10.6135120,-1.2932332,-26.8070198,-8.1291152,19.8265337,0.9320734,41.8322316,0.0000000,0.0000000,0.2350809,0.9999979,0.0000000,0.0000000,0.0020515,-1.8002709,-0.4900999,0.8114775,0.0000000,0.0000000,9.8066500,26.9963442
2,1,0.2700,RUNNING,-1.4454569,-0.2853254,10.7634625,-0.7521988,-21.5161779,-7.5436800,19.8986454,1.4447809,42.3891233,0.0000000,0.0000000,0.2355661,0.9999979,0.0000000,0.0000000,0.0020557,-1.4821007,-0.3226502,0.9300460,0.0000000,0.0000000,9.8066500,26.9538592
2,1,0.2800,RUNNING,-0.9718679,-0.0693511,10.8269285,-1.0737581,-15.7819551,-5.9422643,20.0988250,0.9148427,42.1314497,0.0000000,0.0000000,0.2360507,0.9999979,0.0000000,0.0000000,0.0020599,-1.0325601,-0.0258469,1.0145657,0.0000000,0.0000000,9.8066500,26.9847245
2,1,0.2900,RUNNING,-0.6217697,0.1413026,10.9108158,-1.1194597,-9.5149825,-2.7776887,19.9211073,0.5441438,42.1905360,0.0000000,0.0000000,0.2365348,0.9999979,0.0000000,0.0000000,0.0020642,-0.5867724,0.1713071,1.0954009,0.0000000,0.0000000,9.8066500,26.9616196
2,1,0.3000,RUNNING,-0.1004870,0.3246045,10.9787190,-0.6737383,-3.1057469,-0.6811940,19.3960543,0.8465724,42.6344998,0.0000000,0.0000000,0.2370184,0.9999979,0.0000000,0.0000000,0.0020684,-0.1018039,0.4015714,1.1333834,0.0000000,0.0000000,9.8066500,27.0110876
2,1,0.3100,RUNNING,0.3330695,0.5909186,10.9429858,-1.1238173,3.6419154,2.0422852,19.6984268,1.6977101,41.7773615,0.0000000,0.0000000,0.2375015,0.9999979,0.0000000,0.0000000,0.0020726,0.3590386,0.4822643,1.1037310,0.0000000,0.0000000,9.8066500,27.0259293
2,1,0.3200,RUNNING,0.8236822,0.6043753,10.8789430,-0.9166915,10.6804191,5.3083014,20.0159157,0.9658113,42.2180127,0.0000000,0.0000000,0.2379840,0.9999978,0.0000000,0.0000000,0.0020768,0.8765150,0.6241408,1.0602765,0.0000000,0.0000000,9.8066500,26.9996370
2,1,0.3300,RUNNING,1.2358539,0.6049397,10.7573406,-1.1943633,15.9328192,7.2498644,19.8816634,0.5357619,41.5986729,0.0000000,0.0000000,0.2384660,0.9999978,0.0000000,0.0000000,0.0020810,1.2807251,0.5796883,0.9697212,0.0000000,0.0000000,9.8066500,26.9901083
2,1,0.3400,RUNNING,1.6305175,0.5438180,10.6670547,-0.9372914,21.4052871,7.8669113,20.0701440,0.4742015,42.7887935,0.0000000,0.0000000,0.2389474,0.9999978,0.0000000,0.0000000,0.0020852,1.6295835,0.4981054,0.8832719,0.0000000,0.0000000,9.8066500,26.9997831
2,1,0.3500,RUNNING,1.9336464,0.3860801,10.5333352,-0.5788661,26.5360965,7.3140786,19.8003844,0.9127271,42.1821665,0.0000000,0.0000000,0.2394283,0.9999978,0.0000000,0.0000000,0.0020894,2.0100848,0.4154319,0.6846614,0.0000000,0.0000000,9.8066500,27.0554486
2,1,0.3600,RUNNING,2.2542436,0.1936506,10.3409502,-1.6627962,29.6760311,6.3201235,20.1482089,1.2248871,42.3599978,0.0000000,0.0000000,0.2399087,0.9999978,0.0000000,0.0000000,0.0020936,2.2168340,0.1731694,0.5043972,0.0000000,0.0000000,9.8066500,27.0298046
2,1,0.3700,RUNNING,2.4470649,-0.0604050,10.0868730,-0.7642271,32.0116986,4.2813338,19.2787713,0.9693282,42.4149475,0.0000000,0.0000000,0.2403886,0.9999978,0.0000000,0.0000000,0.0020978,2.4141177,-0.0405273,0.3137371,0.0000000,0.0000000,9.8066500,27.0071770
2,1,0.3800,RUNNING,2.5055780,-0.3374912,9.9765992,-0.7280908,33.4100274,1.3233219,19.3485877,1.0986392,42.3429859,0.0000000,0.0000000,0.2408678,0.9999978,0.0000000,0.0000000,0.0021020,2.5141542,-0.2947604,0.0971129,0.0000000,0.0000000,9.8066500,27.0605283
2,1,0.3900,RUNNING,2.5645709,-0.4955388,9.6728769,-1.2021537,33.4114373,-1.7892996,19.4295565,0.7296370,42.5055318,0.0000000,0.0000000,0.2413466,0.9999978,0.0000000,0.0000000,0.0021061,2.4812231,-0.4622472,-0.1087828,0.0000000,0.0000000,9.8066500,27.0357626
2,1,0.4000,RUNNING,2.4185490,-0.5645603,9.4543142,-0.9810864,32.5454726,-4.3558474,20.4329988,0.3831226,41.9328360,0.0000000,0.0000000,0.2418248,0.9999978,0.0000000,0.0000000,0.0021103,2.4118502,-0.6061782,-0.3139461,0.0000000,0.0000000,9.8066500,27.0072712
2,1,0.4100,RUNNING,2.2485751,-0.6163781,9.2992817,-1.0360596,30.2520586,-6.2459312,19.3784587,1.3342795,41.8851634,0.0000000,0.0000000,0.2423025,0.9999978,0.0000000,0.0000000,0.0021145,2.2884671,-0.6205298,-0.4863769,0.0000000,0.0000000,9.8066500,27.0230208
2,1,0.4200,RUNNING,1.9904981,-0.5912327,9.0965642,-0.9718442,26.6745980,-7.5964224,19.4683598,0.9081051,41.9801185,0.0000000,0.0000000,0.2427796,0.9999978,0.0000000,0.0000000,0.0021186,2.0429695,-0.5987440,-0.6576940,0.0000000,0.0000000,9.8066500,27.0735465
2,1,0.4300,RUNNING,1.6260896,-0.3786917,8.9614389,-1.0877953,21.7041479,-8.0175698,19.3558321,0.4825950,42.2458990,0.0000000,0.0000000,0.2432562,0.9999977,0.0000000,0.0000000,0.0021228,1.7220519,-0.4316036,-0.8608326,0.0000000,0.0000000,9.8066500,27.0163129
2,1,0.4400,RUNNING,1.2809515,-0.2772430,8.8622754,-0.8592817,15.8932045,-7.1722880,19.5767073,0.9530926,42.4113753,0.0000000,0.0000000,0.2437322,0.9999977,0.0000000,0.0000000,0.0021270,1.3154433,-0.1737764,-0.9366589,0.0000000,0.0000000,9.8066500,27.0647505
2,1,0.4500,RUNNING,0.7900555,0.0161581,8.7282555,-0.9894783,10.8332665,-5.4130835,19.4085123,0.8226210,42.1303878,0.0000000,0.0000000,0.2442077,0.9999977,0.0000000,0.0000000,0.0021311,0.8390852,-0.0511959,-1.0223284,0.0000000,0.0000000,9.8066500,27.0086364
2,1,0.4600,RUNNING,0.4492786,0.2317590,8.6928300,-1.0732599,4.1968941,-2.7833439,20.2096309,1.0827777,41.6785494,0.0000000,0.0000000,0.2446826,0.9999977,0.0000000,0.0000000,0.0021353,0.3998765,0.2436339,-1.0924381,0.0000000,0.0000000,9.8066500,27.0370418
2,1,0.4700,RUNNING,-0.0578357,0.4479055,8.6813194,-1.4379913,-2.5014978,0.2797167,19.7643422,0.3903113,42.6590776,0.0000000,0.0000000,0.2451570,0.9999977,0.0000000,0.0000000,0.0021394,-0.0628708,0.4261796,-1.1000972,0.0000000,0.0000000,9.8066500,27.0272166
2,1,0.4800,RUNNING,-0.5796546,0.5891567,8.7211566,-0.9977538,-8.9237183,2.9394082,19.4121121,1.0451125,42.3929358,0.0000000,0.0000000,0.2456308,0.9999977,0.0000000,0.0000000,0.0021435,-0.4885640,0.5266570,-1.1212918,0.0000000,0.0000000,9.8066500,27.0083281
2,1,0.4900,RUNNING,-0.9646151,0.5962142,8.8341515,-0.5045507,-15.2336180,5.1075962,19.4859490,0.3293429,41.9675290,0.0000000,0.0000000,0.2461040,0.9999977,0.0000000,0.0000000,0.0021477,-0.9491860,0.6327683,-1.0364012,0.0000000,0.0000000,9.8066500,26.9949691
2,1,0.5000,RUNNING,-1.4187526,0.6048665,8.8584088,-1.2226699,-20.0817720,7.7665899,20.1067047,1.0561351,42.5887809,0.0000000,0.0000000,0.2465768,0.9999977,0.0000000,0.0000000,0.0021518,-1.4196071,0.5798202,-0.9049942,0.0000000,0.0000000,9.8066500,27.0525253
2,1,0.5100,RUNNING,-1.8050621,0.5223034,8.9544808,-0.7964654,-26.0771591,6.8672677,19.2458960,0.8008066,42.2493286,0.0000000,0.0000000,0.2470489,0.9999977,0.0000000,0.0000000,0.0021559,-1.7520437,0.4906594,-0.8011151,0.0000000,0.0000000,9.8066500,27.0647008
2,1,0.5200,RUNNING,-2.1100283,0.2728885,9.1821389,-0.8165512,-30.2797689,6.9765374,19.4429986,0.5160127,41.9584442,0.0000000,0.0000000,0.2475205,0.9999977,0.0000000,0.0000000,0.0021600,-2.0721996,0.2746068,-0.6392208,0.0000000,0.0000000,9.8066500,27.0857090
2,1,0.5300,RUNNING,-2.3175056,0.0767352,9.3748057,-0.9056504,-33.3599237,5.9027552,19.1703169,1.4560584,42.3735060,0.0000000,0.0000000,0.2479916,0.9999977,0.0000000,0.0000000,0.0021641,-2.2923429,0.0595925,-0.4317621,0.0000000,0.0000000,9.8066500,27.0958377
2,1,0.5400,RUNNING,-2.4586019,-0.1957301,9.6491840,-1.5535005,-36.0968698,3.7800037,19.4846564,1.5548125,42.4027913,0.0000000,0.0000000,0.2484621,0.9999976,0.0000000,0.0000000,0.0021682,-2.4801524,-0.1917152,-0.2626530,0.0000000,0.0000000,9.8066500,27.0454117
2,1,0.5500,RUNNING,-2.5429059,-0.3354517,9.7414363,-1.1159181,-35.7506008,0.7746777,19.6927108,1.2235079,42.2162341,0.0000000,0.0000000,0.2489320,0.9999976,0.0000000,0.0000000,0.0021723,-2.5120627,-0.3566526,-0.0462337,0.0000000,0.0000000,9.8066500,27.0598520
2,1,0.5600,RUNNING,-2.4972846,-0.4820192,9.9137744,-0.8522886,-36.4409721,-3.0042639,19.2392450,1.1510982,42.2662562,0.0000000,0.0000000,0.2494014,0.9999976,0.0000000,0.0000000,0.0021764,-2.5373587,-0.5201377,0.1495508,0.0000000,0.0000000,9.8066500,27.0999124
2,1,0.5700,RUNNING,-2.4179064,-0.6251105,10.1803037,-1.4028490,-33.7212562,-4.9005241,19.8858678,0.8332900,41.6975048,0.0000000,0.0000000,0.2498702,0.9999976,0.0000000,0.0000000,0.0021805,-2.3671124,-0.6072453,0.3701171,0.0000000,0.0000000,9.8066500,27.0445381
2,1,0.5800,RUNNING,-2.1866641,-0.6071220,10.3923812,-0.7577669,-30.9420459,-6.5923531,19.4971840,0.6743484,41.0930974,0.0000000,0.0000000,0.2503384,0.9999976,0.0000000,0.0000000,0.0021846,-2.1644768,-0.6504622,0.5951951,0.0000000,0.0000000,9.8066500,27.0595188
2,1,0.5900,RUNNING,-1.9261231,-0.5814377,10.6318674,-0.5876188,-28.0234105,-8.1622499,19.5121269,-0.1778963,42.7782854,0.0000000,0.0000000,0.2508061,0.9999976,0.0000000,0.0000000,0.0021887,-1.9263234,-0.5443035,0.7168891,0.0000000,0.0000000,9.8066500,26.9917052
2,1,0.6000,RUNNING,-1.5846111,-0.2808643,10.7397661,-1.1917822,-22.8024047,-7.6517049,19.6137581,0.9109781,42.3910606,0.0000000,0.0000000,0.2512733,0.9999976,0.0000000,0.0000000,0.0021928,-1.5779021,-0.3568195,0.9103616,0.0000000,0.0000000,9.8066500,27.0602925
2,1,0.6100,RUNNING,-1.1948529,-0.1761540,10.7726520,-0.9699664,-16.9885641,-6.8416736,18.7054568,0.8098716,41.8476427,0.0000000,0.0000000,0.2517398,0.9999976,0.0000000,0.0000000,0.0021968,-1.1562530,-0.1195214,0.9932353,0.0000000,0.0000000,9.8066500,27.0717545
2,1,0.6200,RUNNING,-0.7244859,0.1104369,10.8372537,-1.1259470,-11.1083668,-4.9647177,19.1474318,0.9636909,41.7717439,0.0000000,0.0000000,0.2522058,0.9999976,0.0000000,0.0000000,0.0022009,-0.7152974,0.0580058,1.1146987,0.0000000,0.0000000,9.8066500,27.0847012
2,1,0.6300,RUNNING,-0.3034203,0.3283737,10.9879313,-1.0605038,-4.0314037,-1.5946174,19.6316720,0.4995162,42.1562199,0.0000000,0.0000000,0.2526712,0.9999976,0.0000000,0.0000000,0.0022050,-0.3142513,0.2844272,1.1427691,0.0000000,0.0000000,9.8066500,27.0472112
2,1,0.6400,RUNNING,0.1480640,0.5065717,10.9150535,-0.6660391,1.0807858,1.4903889,19.8369219,0.3283003,42.6194645,0.0000000,0.0000000,0.2531361,0.9999976,0.0000000,0.0000000,0.0022090,0.2460319,0.4611996,1.2042026,0.0000000,0.0000000,9.8066500,27.0744720
2,1,0.6500,RUNNING,0.6705013,0.6018952,10.8568986,-0.8311872,7.9101887,3.9454606,19.5748343,0.8506153,41.2933919,0.0000000,0.0000000,0.2536004,0.9999976,0.0000000,0.0000000,0.0022131,0.7177162,0.5749014,1.0894600,0.0000000,0.0000000,9.8066500,27.0819279
2,1,0.6600,RUNNING,1.0967479,0.5810989,10.8265286,-1.4631064,14.1942885,6.4249878,19.2207742,0.8072448,42.2581705,0.0000000,0.0000000,0.2540641,0.9999975,0.0000000,0.0000000,0.0022171,1.1388099,0.6384724,1.0475274,0.0000000,0.0000000,9.8066500,27.0451425
2,1,0.6700,RUNNING,1.5316742,0.5597257,10.6954687,-1.8094830,19.0224175,8.0489601,19.3274071,0.7283070,41.7329927,0.0000000,0.0000000,0.2545272,0.9999975,0.0000000,0.0000000,0.0022212,1.5104100,0.5675010,0.8929076,0.0000000,0.0000000,9.8066500,27.0192999
2,1,0.6800,RUNNING,1.8609054,0.4490750,10.6020222,-0.4324871,24.2721528,7.6920916,19.7599328,0.3405529,41.7779017,0.0000000,0.0000000,0.2549898,0.9999975,0.0000000,0.0000000,0.0022252,1.8313235,0.4502044,0.7687130,0.0000000,0.0000000,9.8066500,27.0152273
2,1,0.6900,RUNNING,2.1196640,0.2228603,10.4144816,-1.0243579,28.2814527,6.7245520,19.7940787,0.3903523,42.1305800,0.0000000,0.0000000,0.2554518,0.9999975,0.0000000,0.0000000,0.0022292,2.1629870,0.2234920,0.5754447,0.0000000,0.0000000,9.8066500,27.0354946
2,1,0.7000,RUNNING,2.2847988,0.0214955,10.1647086,-0.9425087,31.4970945,5.8142095,19.8874767,0.5770076,41.2405155,0.0000000,0.0000000,0.2559132,0.9999975,0.0000000,0.0000000,0.0022333,2.3752321,-0.0368082,0.4219569,0.0000000,0.0000000,9.8066500,27.1142387
2,1,0.7100,RUNNING,2.5031856,-0.2666268,9.9387408,-0.7924076,33.2990950,2.5925236,20.1026640,0.6997739,41.8432587,0.0000000,0.0000000,0.2563740,0.9999975,0.0000000,0.0000000,0.0022373,2.4740978,-0.2310670,0.1582555,0.0000000,0.0000000,9.8066500,27.0057852
2,1,0.7200,RUNNING,2.5304173,-0.3374222,9.8628864,-0.9855683,33.0043979,-0.2807059,19.2771330,0.3097039,41.9394565,0.0000000,0.0000000,0.2568343,0.9999975,0.0000000,0.0000000,0.0022413,2.5105765,-0.4275349,-0.0087188,0.0000000,0.0000000,9.8066500,27.0454972
2,1,0.7300,RUNNING,2.4491763,-0.5923756,9.5620145,-1.0209291,32.9878601,-4.2094273,19.9357370,0.7982908,41.8544627,0.0000000,0.0000000,0.2572940,0.9999975,0.0000000,0.0000000,0.0022453,2.4743532,-0.5897168,-0.2300505,0.0000000,0.0000000,9.8066500,27.0571438
2,1,0.7400,RUNNING,2.2271538,-0.6400440,9.4265541,-0.7532273,30.9872095,-6.5218883,19.7409051,0.4346728,41.7957636,0.0000000,0.0000000,0.2577531,0.9999975,0.0000000,0.0000000,0.0022493,2.3061744,-0.6221882,-0.4477117,0.0000000,0.0000000,9.8066500,27.1000854
2,1,0.7500,RUNNING,2.0829743,-0.6250925,9.2177898,-1.3354344,27.3096578,-7.2783768,19.8528326,0.2171532,41.5430651,0.0000000,0.0000000,0.2582116,0.9999975,0.0000000,0.0000000,0.0022533,2.0744767,-0.5992159,-0.6399139,0.0000000,0.0000000,9.8066500,27.0291899
2,1,0.7600,RUNNING,1.7732472,-0.5681884,9.0076111,-0.7425232,22.8190026,-7.5322115,19.7438145,0.6314701,42.3370934,0.0000000,0.0000000,0.2586696,0.9999975,0.0000000,0.0000000,0.0022573,1.8002120,-0.5098504,-0.8041228,0.0000000,0.0000000,9.8066500,27.0520424
2,1,0.7700,RUNNING,1.4389050,-0.3158038,8.8617484,-0.9640996,18.5084429,-8.2339517,20.4771532,0.8956914,42.3824712,0.0000000,0.0000000,0.2591270,0.9999974,0.0000000,0.0000000,0.0022613,1.4355818,-0.2788386,-0.9057448,0.0000000,0.0000000,9.8066500,27.0656206
2,1,0.7800,RUNNING,0.9943863,-0.0585564,8.8193314,-1.2956578,12.6638673,-5.4692703,19.4014201,0.6333543,42.4661565,0.0000000,0.0000000,0.2595838,0.9999974,0.0000000,0.0000000,0.0022653,1.0017266,-0.0971475,-1.0465748,0.0000000,0.0000000,9.8066500,27.0415107
2,1,0.7900,RUNNING,0.5748374,0.1214611,8.7096049,-1.2285020,6.3490080,-3.2043268,20.3666343,0.8075826,42.5423617,0.0000000,0.0000000,0.2600400,0.9999974,0.0000000,0.0000000,0.0022693,0.5788657,0.2086542,-1.1147192,0.0000000,0.0000000,9.8066500,27.0682375
2,1,0.8000,RUNNING,0.0991473,0.3258170,8.6797193,-1.6962934,-0.4888175,-0.0292134,19.5168304,1.1366421,42.3646949,0.0000000,0.0000000,0.2604956,0.9999974,0.0000000,0.0000000,0.0022733,0.1022305,0.3707158,-1.1463215,0.0000000,0.0000000,9.8066500,27.0316592
2,1,0.8100,RUNNING,-0.4294450,0.5770948,8.6936145,-1.3596319,-6.6711922,2.4180304,19.5917375,0.8181367,42.9103863,0.0000000,0.0000000,0.2609506,0.9999974,0.0000000,0.0000000,0.0022772,-0.3673960,0.5377973,-1.1130022,0.0000000,0.0000000,9.8066500,26.9833494
2,1,0.8200,RUNNING,-0.8252577,0.6194947,8.7331000,-1.3460892,-12.9282394,5.2477468,19.2418657,0.7743998,42.0123848,0.0000000,0.0000000,0.2614050,0.9999974,0.0000000,0.0000000,0.0022812,-0.8175067,0.6171610,-1.0707230,0.0000000,0.0000000,9.8066500,27.0690638
2,1,0.8300,RUNNING,-1.2548772,0.6346057,8.8655311,-1.6509701,-19.8058763,6.6213562,19.2744794,0.7855593,41.8870251,0.0000000,0.0000000,0.2618589,0.9999974,0.0000000,0.0000000,0.0022851,-1.2233173,0.6266583,-0.9851170,0.0000000,0.0000000,9.8066500,26.9977097
2,1,0.8400,RUNNING,-1.6824623,0.5452692,8.9578395,-1.1899054,-23.8720508,7.4798715,20.0707065,1.3992031,42.2433588,0.0000000,0.0000000,0.2623122,0.9999974,0.0000000,0.0000000,0.0022891,-1.6729072,0.5050737,-0.8005807,0.0000000,0.0000000,9.8066500,27.0839355
2,1,0.8500,RUNNING,-1.9896541,0.3886925,9.0928204,-1.4843675,-29.4529496,7.9070131,19.9560807,0.7692144,42.5865913,0.0000000,0.0000000,0.2627648,0.9999974,0.0000000,0.0000000,0.0022931,-1.9946375,0.3809186,-0.6561500,0.0000000,0.0000000,9.8066500,27.0873904
2,1,0.8600,RUNNING,-2.2640501,0.1883696,9.2562073,-1.3544033,-32.2637930,6.9440807,19.5737037,0.5426431,42.1644844,0.0000000,0.0000000,0.2632169,0.9999974,0.0000000,0.0000000,0.0022970,-2.2161221,0.1059064,-0.5531090,0.0000000,0.0000000,9.8066500,27.0176077
2,1,0.8700,RUNNING,-2.4238344,-0.1125712,9.4933623,-1.1972799,-34.6023275,4.1404745,20.0658578,0.6073259,41.8817025,0.0000000,0.0000000,0.2636684,0.9999974,0.0000000,0.0000000,0.0023009,-2.4193297,-0.0846644,-0.3281169,0.0000000,0.0000000,9.8066500,27.0234943
2,1,0.8800,RUNNING,-2.5736984,-0.3206240,9.6267182,-1.2174568,-35.9173664,1.4468540,19.8234956,1.2017581,42.0376863,0.0000000,0.0000000,0.2641193,0.9999973,0.0000000,0.0000000,0.0023049,-2.5092326,-0.2766926,-0.0810995,0.0000000,0.0000000,9.8066500,27.0380878
2,1,0.8900,RUNNING,-2.5084386,-0.4920142,9.8761352,-0.7846685,-35.6866525,-1.2821849,20.0847328,0.6675153,41.9262619,0.0000000,0.0000000,0.2645696,0.9999973,0.0000000,0.0000000,0.0023088,-2.5083300,-0.4887099,0.1041269,0.0000000,0.0000000,9.8066500,27.0665953
2,1,0.9000,RUNNING,-2.4550062,-0.5967577,10.1656959,-0.9813490,-34.2782779,-3.9600360,19.3837860,1.0827919,41.9824555,0.0000000,0.0000000,0.2650193,0.9999973,0.0000000,0.0000000,0.0023127,-2.4032920,-0.5973028,0.2996976,0.0000000,0.0000000,9.8066500,27.0126300
2,1,0.9100,RUNNING,-2.2249353,-0.6486138,10.3109602,-0.9976460,-32.7974658,-6.4478011,19.5021785,0.6207932,42.1453156,0.0000000,0.0000000,0.2654684,0.9999973,0.0000000,0.0000000,0.0023166,-2.3134802,-0.6301980,0.4898322,0.0000000,0.0000000,9.8066500,27.0496847
2,1,0.9200,RUNNING,-2.0085515,-0.6083386,10.4655082,-1.0123070,-29.1799158,-7.6815252,20.5899403,0.1400569,41.9673860,0.0000000,0.0000000,0.2659170,0.9999973,0.0000000,0.0000000,0.0023206,-2.0184729,-0.5647937,0.6941721,0.0000000,0.0000000,9.8066500,27.0695611
2,1,0.9300,RUNNING,-1.6281130,-0.4076996,10.6672498,-1.3186132,-25.1297608,-8.5989659,20.1577956,0.8811865,42.5055494,0.0000000,0.0000000,0.2663649,0.9999973,0.0000000,0.0000000,0.0023245,-1.6555603,-0.4503363,0.8779493,0.0000000,0.0000000,9.8066500,27.0773441
2,1,0.9400,RUNNING,-1.3533825,-0.2632746,10.8398580,-0.8313478,-19.4955267,-6.8431896,19.4843238,0.9573192,41.6562469,0.0000000,0.0000000,0.2668122,0.9999973,0.0000000,0.0000000,0.0023284,-1.2879794,-0.2238431,1.0014261,0.0000000,0.0000000,9.8066500,27.0710202
2,1,0.9500,RUNNING,-0.8165754,-0.0411351,10.9320186,-1.1710837,-13.8460468,-5.2519150,19.7805817,1.2019902,41.9623326,0.0000000,0.0000000,0.2672589,0.9999973,0.0000000,0.0000000,0.0023323,-0.8533080,0.0033627,1.0472054,0.0000000,0.0000000,9.8066500,27.0428951
2,1,0.9600,RUNNING,-0.4199275,0.2361494,10.9816173,-0.8575284,-7.3167488,-2.3557746,19.6425127,0.9777350,42.1125842,0.0000000,0.0000000,0.2677050,0.9999973,0.0000000,0.0000000,0.0023362,-0.4083950,0.2266273,1.0849334,0.0000000,0.0000000,9.8066500,27.1083072
2,1,0.9700,RUNNING,0.0388513,0.3953546,10.9279918,-1.6142909,-0.3850686,0.1197802,19.4152033,1.2422064,41.0959893,0.0000000,0.0000000,0.2681505,0.9999973,0.0000000,0.0000000,0.0023401,0.0106357,0.3938511,1.1280203,0.0000000,0.0000000,9.8066500,27.0671470
2,1,0.9800,RUNNING,0.5512199,0.5229401,10.9098359,-1.1681328,5.8302339,3.9027129,19.7240510,1.3755576,41.8404842,0.0000000,0.0000000,0.2685955,0.9999973,0.0000000,0.0000000,0.0023439,0.4892093,0.6156300,1.1102188,0.0000000,0.0000000,9.8066500,27.0585859
2,1,0.9900,RUNNING,0.9267134,0.6858999,10.8567795,-0.9123581,12.6390070,5.6536537,20.0825775,1.3579009,42.4540925,0.0000000,0.0000000,0.2690398,0.9999972,0.0000000,0.0000000,0.0023478,1.0106690,0.6510835,1.0460699,0.0000000,0.0000000,9.8066500,27.0881329
2,1,1.0000,RUNNING,1.4017276,0.5611907,10.7545664,-0.9384732,18.0144173,7.4763784,19.8939709,0.6728546,42.7390424,0.0000000,0.0000000,0.2694835,0.9999972,0.0000000,0.0000000,0.0023517,1.4061552,0.5973018,0.9993109,0.0000000,0.0000000,9.8066500,27.1058639
2,1,1.0100,RUNNING,1.7495269,0.4644198,10.6037868,-1.3194833,23.3214404,7.7016197,19.6126315,0.4739990,42.2871000,0.0000000,0.0000000,0.2699266,0.9999972,0.0000000,0.0000000,0.0023556,1.7790156,0.4450526,0.8211408,0.0000000,0.0000000,9.8066500,27.0644797
2,1,1.0200,RUNNING,2.0591383,0.3250755,10.4845287,-1.3386940,27.1274857,7.8056692,19.2292225,1.0491112,42.3781734,0.0000000,0.0000000,0.2703690,0.9999972,0.0000000,0.0000000,0.0023594,2.0488599,0.2516830,0.6450916,0.0000000,0.0000000,9.8066500,27.0550246
2,1,1.0300,RUNNING,2.3330344,0.0667736,10.3015280,-0.8581692,30.6313409,6.1364912,19.9924787,1.0914808,41.2943748,0.0000000,0.0000000,0.2708109,0.9999972,0.0000000,0.0000000,0.0023633,2.3578126,0.0649828,0.4785113,0.0000000,0.0000000,9.8066500,27.1057610
2,1,1.0400,RUNNING,2.4328328,-0.1586092,10.0488536,-1.0920653,32.7305496,3.3481056,19.1265386,1.0408444,42.4384875,0.0000000,0.0000000,0.2712522,0.9999972,0.0000000,0.0000000,0.0023671,2.4795479,-0.1500275,0.2497906,0.0000000,0.0000000,9.8066500,27.0656010
2,1,1.0500,RUNNING,2.4923112,-0.3691993,9.8217565,-1.1657102,33.4596085,0.1467319,19.3656041,1.2914780,42.0057141,0.0000000,0.0000000,0.2716929,0.9999972,0.0000000,0.0000000,0.0023710,2.5093888,-0.3733635,0.0555870,0.0000000,0.0000000,9.8066500,27.0432773
2,1,1.0600,RUNNING,2.4482491,-0.4984013,9.6027600,-1.2651749,32.6138829,-2.5784300,20.5661766,0.8804893,41.9987284,0.0000000,0.0000000,0.2721329,0.9999972,0.0000000,0.0000000,0.0023748,2.4823700,-0.5447121,-0.1851496,0.0000000,0.0000000,9.8066500,27.0595898
2,1,1.0700,RUNNING,2.3456936,-0.6479013,9.4049090,-1.3303767,31.9035104,-4.4876926,19.6089525,1.0329147,41.7782121,0.0000000,0.0000000,0.2725723,0.9999972,0.0000000,0.0000000,0.0023786,2.4072639,-0.6190888,-0.3763467,0.0000000,0.0000000,9.8066500,27.0533112
2,1,1.0800,RUNNING,2.2126143,-0.7111846,9.2356449,-0.8854188,28.6207502,-7.0500242,20.0320963,0.5842058,42.2668872,0.0000000,0.0000000,0.2730112,0.9999972,0.0000000,0.0000000,0.0023825,2.1440071,-0.6277477,-0.5624048,0.0000000,0.0000000,9.8066500,27.0743444
2,1,1.0900,RUNNING,1.9407042,-0.5583855,9.0441765,-1.8058430,24.8567886,-8.0010988,19.5842428,0.5433599,42.5888462,0.0000000,0.0000000,0.2734494,0.9999972,0.0000000,0.0000000,0.0023863,1.9296795,-0.5525957,-0.7534082,0.0000000,0.0000000,9.8066500,27.0509041
2,1,1.1000,RUNNING,1.5691918,-0.4065895,8.8905192,-1.3113639,20.2955256,-7.9220469,19.8711749,1.1655625,42.1445617,0.0000000,0.0000000,0.2738870,0.9999971,0.0000000,0.0000000,0.0023901,1.6119373,-0.2905614,-0.8778206,0.0000000,0.0000000,9.8066500,27.0357325
2,1,1.1100,RUNNING,1.1027712,-0.2203221,8.7429800,-1.2742610,15.2778643,-6.8478089,19.6390969,0.9457673,41.5226049,0.0000000,0.0000000,0.2743239,0.9999971,0.0000000,0.0000000,0.0023939,1.1871041,-0.1720142,-0.9870010,0.0000000,0.0000000,9.8066500,27.0349476
2,1,1.1200,RUNNING,0.6561008,0.0701448,8.7603779,-0.8587481,8.3092527,-4.4503011,20.3466867,0.8660394,42.2840419,0.0000000,0.0000000,0.2747603,0.9999971,0.0000000,0.0000000,0.0023977,0.7317556,0.0815747,-1.0947454,0.0000000,0.0000000,9.8066500,27.1280648
2,1,1.1300,RUNNING,0.1930755,0.3437831,8.6706692,-1.5836644,2.3912575,-1.9218799,20.1180853,1.2034617,42.0624746,0.0000000,0.0000000,0.2751960,0.9999971,0.0000000,0.0000000,0.0024015,0.2502253,0.2647449,-1.0513691,0.0000000,0.0000000,9.8066500,27.1120628
2,1,1.1400,RUNNING,-0.2545398,0.4731833,8.6947288,-1.4032907,-4.6826923,1.4118683,19.4565057,0.5378519,42.1547519,0.0000000,0.0000000,0.2756312,0.9999971,0.0000000,0.0000000,0.0024053,-0.2317412,0.4818019,-1.1394187,0.0000000,0.0000000,9.8066500,27.1225847
2,1,1.1500,RUNNING,-0.6869854,0.5717557,8.7269673,-1.1660789,-10.7276839,3.7849056,19.4343771,0.3297337,41.9252698,0.0000000,0.0000000,0.2760657,0.9999971,0.0000000,0.0000000,0.0024091,-0.6813386,0.5730749,-1.1152118,0.0000000,0.0000000,9.8066500,27.1108696
2,1,1.1600,RUNNING,-1.2091714,0.6496056,8.8627078,-0.8954534,-17.1532670,6.6249495,19.2333938,0.5849436,41.7936435,0.0000000,0.0000000,0.2764995,0.9999971,0.0000000,0.0000000,0.0024129,-1.1637407,0.6242073,-0.9981848,0.0000000,0.0000000,9.8066500,27.1103512
2,1,1.1700,RUNNING,-1.4970025,0.6074748,8.9340164,-0.5961743,-22.8365823,8.2051052,19.3632949,0.0573949,42.1367518,0.0000000,0.0000000,0.2769328,0.9999971,0.0000000,0.0000000,0.0024167,-1.4845716,0.5998621,-0.8545023,0.0000000,0.0000000,9.8066500,27.0673054
2,1,1.1800,RUNNING,-1.9704920,0.4864345,9.0952782,-1.4641063,-27.4013828,7.7222265,20.0282032,0.7431185,42.4491941,0.0000000,0.0000000,0.2773654,0.9999971,0.0000000,0.0000000,0.0024205,-1.8984084,0.4239009,-0.7756336,0.0000000,0.0000000,9.8066500,27.0820943
2,1,1.1900,RUNNING,-2.2192129,0.2551974,9.2254497,-1.1716229,-31.5467495,7.4156725,19.9250424,1.0553480,42.2911110,0.0000000,0.0000000,0.2777975,0.9999971,0.0000000,0.0000000,0.0024242,-2.1878212,0.2475959,-0.5968938,0.0000000,0.0000000,9.8066500,27.0051316
2,1,1.2000,RUNNING,-2.3048265,-0.0065098,9.3921749,-0.6594564,-34.3229831,4.9443164,18.9908473,0.9973081,42.2900137,0.0000000,0.0000000,0.2782288,0.9999971,0.0000000,0.0000000,0.0024280,-2.3294810,0.0320060,-0.3916539,0.0000000,0.0000000,9.8066500,27.0749186
2,1,1.2100,RUNNING,-2.5114472,-0.2400585,9.5752074,-1.5533609,-35.8316227,2.6108479,19.6957119,0.7869488,42.5504255,0.0000000,0.0000000,0.2786596,0.9999970,0.0000000,0.0000000,0.0024318,-2.4723890,-0.2187025,-0.2071714,0.0000000,0.0000000,9.8066500,27.0638678
2,1,1.2200,RUNNING,-2.5924819,-0.3944408,9.8802848,-1.1737177,-36.4300362,-0.6769893,19.8954160,0.5625746,41.9099073,0.0000000,0.0000000,0.2790897,0.9999970,0.0000000,0.0000000,0.0024355,-2.5185629,-0.4519791,0.0505022,0.0000000,0.0000000,9.8066500,27.0777601
2,1,1.2300,RUNNING,-2.4945985,-0.6252803,10.0587317,-1.3599403,-34.7682605,-3.2142515,20.0109834,0.4142739,42.6549131,0.0000000,0.0000000,0.2795192,0.9999970,0.0000000,0.0000000,0.0024393,-2.4328936,-0.5936869,0.2256742,0.0000000,0.0000000,9.8066500,27.0384995
2,1,1.2400,RUNNING,-2.3594695,-0.6311094,10.2739440,-0.9154190,-33.6709548,-5.8209711,19.8905777,0.7721583,42.5429335,0.0000000,0.0000000,0.2799481,0.9999970,0.0000000,0.0000000,0.0024430,-2.3082341,-0.6583134,0.4665832,0.0000000,0.0000000,9.8066500,27.0566857
2,1,1.2500,RUNNING,-2.1151998,-0.5813715,10.4050809,-1.4326094,-30.6791622,-7.5229628,18.9851784,0.1505076,42.4697086,0.0000000,0.0000000,0.2803764,0.9999970,0.0000000,0.0000000,0.0024467,-2.1182689,-0.5910249,0.6486530,0.0000000,0.0000000,9.8066500,27.1125008
2,1,1.2600,RUNNING,-1.8596605,-0.4517817,10.5681223,-1.2757939,-26.2883514,-8.5412782,19.6554669,0.7641299,42.0107023,0.0000000,0.0000000,0.2808040,0.9999970,0.0000000,0.0000000,0.0024505,-1.8182962,-0.4866981,0.8048122,0.0000000,0.0000000,9.8066500,27.1253786
2,1,1.2700,RUNNING,-1.4344783,-0.3180863,10.8002573,-0.8244503,-21.2530385,-7.2532984,19.9262571,0.4318276,41.6786798,0.0000000,0.0000000,0.2812310,0.9999970,0.0000000,0.0000000,0.0024542,-1.4969467,-0.3276538,0.9516211,0.0000000,0.0000000,9.8066500,27.1022211
2,1,1.2800,RUNNING,-1.0646125,-0.0796223,10.8685097,-1.6222373,-15.8888417,-5.6790085,20.4029806,0.9995557,42.4088655,0.0000000,0.0000000,0.2816573,0.9999970,0.0000000,0.0000000,0.0024579,-1.0528075,-0.0725967,1.0467455,0.0000000,0.0000000,9.8066500,27.0333062
2,1,1.2900,RUNNING,-0.6117709,0.1450931,10.9435374,-1.5862387,-8.9217264,-3.7269224,19.4759625,0.8984112,42.3459543,0.0000000,0.0000000,0.2820830,0.9999970,0.0000000,0.0000000,0.0024616,-0.5565586,0.1329828,1.0783489,0.0000000,0.0000000,9.8066500,27.1100212
2,1,1.3000,RUNNING,-0.1254317,0.4054289,10.9169190,-1.2796301,-3.3795267,-0.0903002,19.4954899,1.0214894,42.0316834,0.0000000,0.0000000,0.2825081,0.9999970,0.0000000,0.0000000,0.0024653,-0.0844325,0.3752168,1.1211412,0.0000000,0.0000000,9.8066500,27.1344839
2,1,1.3100,RUNNING,0.3289370,0.5486753,10.9695562,-1.2856671,3.5312761,2.3463781,19.5885916,1.6066694,41.2409367,0.0000000,0.0000000,0.2829326,0.9999970,0.0000000,0.0000000,0.0024690,0.4031100,0.4998203,1.1280629,0.0000000,0.0000000,9.8066500,27.0695392
2,1,1.3200,RUNNING,0.8577125,0.6017585,10.9077968,-1.4477541,10.3216848,5.3479633,19.4422710,0.6655507,42.1066812,0.0000000,0.0000000,0.2833564,0.9999969,0.0000000,0.0000000,0.0024727,0.7994618,0.6019521,1.0685487,0.0000000,0.0000000,9.8066500,27.0965570
2,1,1.3300,RUNNING,1.2455367,0.5773865,10.7627045,-1.3883003,15.9168555,7.0697922,19.5429898,1.2982660,42.0349639,0.0000000,0.0000000,0.2837795,0.9999969,0.0000000,0.0000000,0.0024764,1.2659383,0.6721630,0.9845751,0.0000000,0.0000000,9.8066500,27.0433874
2,1,1.3400,RUNNING,1.6577479,0.5418888,10.6236933,-0.6790538,21.6444017,7.5998747,20.2530573,0.6222876,41.7994096,0.0000000,0.0000000,0.2842021,0.9999969,0.0000000,0.0000000,0.0024801,1.6941841,0.5111464,0.8653820,0.0000000,0.0000000,9.8066500,27.0334926
2,1,1.3500,RUNNING,1.9488592,0.4147712,10.5693493,-0.7267105,26.1123390,7.4390781,19.7510439,1.1825535,42.1083497,0.0000000,0.0000000,0.2846240,0.9999969,0.0000000,0.0000000,0.0024838,1.9806919,0.3471458,0.7126459,0.0000000,0.0000000,9.8066500,27.0868652
2,1,1.3600,RUNNING,2.2076314,0.1215044,10.2769449,-0.3859599,29.0525052,6.0433330,19.2502882,0.9719198,41.6815615,0.0000000,0.0000000,0.2850452,0.9999969,0.0000000,0.0000000,0.0024875,2.2476167,0.1765589,0.5212912,0.0000000,0.0000000,9.8066500,27.0763543
2,1,1.3700,RUNNING,2.4169632,-0.0848897,10.1524133,-1.5321363,32.8386825,4.3144216,19.6778490,0.6494167,42.2968499,0.0000000,0.0000000,0.2854658,0.9999969,0.0000000,0.0000000,0.0024912,2.4106473,-0.0961285,0.3038091,0.0000000,0.0000000,9.8066500,27.0869017
2,1,1.3800,RUNNING,2.5654560,-0.3452388,9.8831787,-1.8609615,33.5394812,1.4363027,19.4318927,1.2314360,41.5690108,0.0000000,0.0000000,0.2858858,0.9999969,0.0000000,0.0000000,0.0024948,2.5093956,-0.2777163,0.1540447,0.0000000,0.0000000,9.8066500,27.0912228
2,1,1.3900,RUNNING,2.5966390,-0.4983208,9.7245914,-0.7816310,33.7641113,-0.9218357,19.4214463,1.1546477,41.4533513,0.0000000,0.0000000,0.2863051,0.9999969,0.0000000,0.0000000,0.0024985,2.5270265,-0.5043846,-0.0850662,0.0000000,0.0000000,9.8066500,27.0860621
2,1,1.4000,RUNNING,2.3978316,-0.6088228,9.4820076,-0.8154467,33.2224871,-3.7993188,19.2462667,0.8227122,41.7590509,0.0000000,0.0000000,0.2867238,0.9999969,0.0000000,0.0000000,0.0025021,2.4239609,-0.6273056,-0.3255375,0.0000000,0.0000000,9.8066500,27.0897726
2,1,1.4100,RUNNING,2.2274205,-0.6298292,9.3167644,-1.0041995,30.4855515,-6.4278833,19.5155105,0.3236411,42.1236107,0.0000000,0.0000000,0.2871419,0.9999969,0.0000000,0.0000000,0.0025058,2.2897677,-0.6089612,-0.4925351,0.0000000,0.0000000,9.8066500,27.0566926
2,1,1.4200,RUNNING,2.0118798,-0.6050490,9.1164705,-1.0068459,26.7572422,-7.8998250,19.6193579,0.1096860,42.1289985,0.0000000,0.0000000,0.2875593,0.9999969,0.0000000,0.0000000,0.0025094,2.0427323,-0.6027827,-0.6964359,0.0000000,0.0000000,9.8066500,27.1068253
2,1,1.4300,RUNNING,1.6572157,-0.4733692,8.9793543,-1.2811776,21.5179780,-7.8132862,19.0768849,0.8674903,41.7966132,0.0000000,0.0000000,0.2879760,0.9999968,0.0000000,0.0000000,0.0025131,1.6726443,-0.4191844,-0.8345961,0.0000000,0.0000000,9.8066500,27.1105508
2,1,1.4400,RUNNING,1.3161581,-0.2275149,8.8129940,-0.5129629,16.6469472,-6.8481716,19.7683545,0.9147062,41.8763537,0.0000000,0.0000000,0.2883921,0.9999968,0.0000000,0.0000000,0.0025167,1.3197006,-0.2594499,-1.0298964,0.0000000,0.0000000,9.8066500,27.0801877
2,1,1.4500,RUNNING,0.8063765,-0.0566989,8.7480123,-1.2505215,9.9986598,-5.4331679,19.7007643,0.8173944,41.7934149,0.0000000,0.0000000,0.2888076,0.9999968,0.0000000,0.0000000,0.0025203,0.8542388,-0.0113150,-1.0964103,0.0000000,0.0000000,9.8066500,27.0571132
2,1,1.4600,RUNNING,0.3758271,0.2014889,8.7307521,-1.1433110,4.2909995,-2.2730889,19.3394582,1.4062962,41.8378482,0.0000000,0.0000000,0.2892224,0.9999968,0.0000000,0.0000000,0.0025239,0.3898985,0.2425012,-1.1501713,0.0000000,0.0000000,9.8066500,27.1162828
2,1,1.4700,RUNNING,-0.0845139,0.3928351,8.6857031,-1.8045421,-2.2922871,0.4074136,19.7901016,0.7941696,41.4402008,0.0000000,0.0000000,0.2896365,0.9999968,0.0000000,0.0000000,0.0025276,-0.0902473,0.4387545,-1.1408449,0.0000000,0.0000000,9.8066500,27.1144719
2,1,1.4800,RUNNING,-0.5790352,0.5708149,8.7288179,-1.2725376,-8.3173565,3.4075385,19.6153236,1.0422906,41.7879325,0.0000000,0.0000000,0.2900500,0.9999968,0.0000000,0.0000000,0.0025312,-0.5461933,0.5424647,-1.1333580,0.0000000,0.0000000,9.8066500,27.0914880
2,1,1.4900,RUNNING,-1.0329495,0.6040761,8.7888162,-1.4947473,-15.0367833,5.6420436,19.5886096,0.7153084,42.5402771,0.0000000,0.0000000,0.2904628,0.9999968,0.0000000,0.0000000,0.0025348,-1.0155306,0.6825891,-1.0064652,0.0000000,0.0000000,9.8066500,27.0828641
2,1,1.5000,RUNNING,-1.4600330,0.5971591,8.9028543,-0.4807685,-20.7751487,7.5451799,19.5422273,-0.2381881,42.0220110,0.0000000,0.0000000,0.2908750,0.9999968,0.0000000,0.0000000,0.0025384,-1.4016720,0.6071479,-0.9183688,0.0000000,0.0000000,9.8066500,27.0704387
2,1,1.5100,RUNNING,-1.8332727,0.5164722,9.0068288,-1.1931428,-26.6225651,7.3090844,19.3424320,1.2138685,42.6151200,0.0000000,0.0000000,0.2912866,0.9999968,0.0000000,0.0000000,0.0025420,-1.8022153,0.4781473,-0.7969819,0.0000000,0.0000000,9.8066500,27.0827077
2,1,1.5200,RUNNING,-2.1291302,0.3092399,9.1353490,-1.2171232,-29.8064067,7.7091327,19.0969797,0.7889950,42.1849317,0.0000000,0.0000000,0.2916974,0.9999968,0.0000000,0.0000000,0.0025455,-2.0461232,0.2823977,-0.6516483,0.0000000,0.0000000,9.8066500,27.0526103
2,1,1.5300,RUNNING,-2.3618098,0.1132385,9.3461467,-1.1776111,-33.1302969,5.4857587,20.6822826,0.8602567,42.1498256,0.0000000,0.0000000,0.2921077,0.9999968,0.0000000,0.0000000,0.0025491,-2.2931678,0.0821357,-0.4546761,0.0000000,0.0000000,9.8066500,27.0920737
2,1,1.5400,RUNNING,-2.4547886,-0.1454520,9.5464159,-1.1428751,-35.3438637,3.0028163,19.2309184,0.8603082,42.0982391,0.0000000,0.0000000,0.2925172,0.9999967,0.0000000,0.0000000,0.0025527,-2.5062206,-0.1467775,-0.2393987,0.0000000,0.0000000,9.8066500,27.0821629
2,1,1.5500,RUNNING,-2.5652441,-0.3966007,9.8056582,-1.4137864,-36.8818971,0.9968647,19.4282718,1.2643700,41.9992477,0.0000000,0.0000000,0.2929261,0.9999967,0.0000000,0.0000000,0.0025563,-2.5390547,-0.3481976,-0.0746933,0.0000000,0.0000000,9.8066500,27.1265670
2,1,1.5600,RUNNING,-2.5056898,-0.5250584,9.9975721,-0.7977892,-36.4298560,-2.4988721,19.9950796,0.6959991,41.9167217,0.0000000,0.0000000,0.2933344,0.9999967,0.0000000,0.0000000,0.0025598,-2.4731678,-0.4971806,0.1782817,0.0000000,0.0000000,9.8066500,27.0797534
2,1,1.5700,RUNNING,-2.4157925,-0.6578350,10.1646630,-1.0592472,-33.7927548,-4.9916362,20.2765440,1.0896151,42.2571322,0.0000000,0.0000000,0.2937420,0.9999967,0.0000000,0.0000000,0.0025634,-2.4324392,-0.5763382,0.3870694,0.0000000,0.0000000,9.8066500,27.0737949
2,1,1.5800,RUNNING,-2.2180601,-0.6695145,10.3764970,-0.7522979,-31.2879973,-7.3473515,19.8326072,1.5763222,42.2214177,0.0000000,0.0000000,0.2941489,0.9999967,0.0000000,0.0000000,0.0025669,-2.1875679,-0.6007636,0.6012967,0.0000000,0.0000000,9.8066500,27.1168020
2,1,1.5900,RUNNING,-1.9377041,-0.5569462,10.4960198,-1.1734275,-28.0902511,-7.7290317,19.7139929,0.3924422,42.5412886,0.0000000,0.0000000,0.2945552,0.9999967,0.0000000,0.0000000,0.0025705,-1.8846762,-0.5587380,0.7469820,0.0000000,0.0000000,9.8066500,27.0447125
2,1,1.6000,RUNNING,-1.5957370,-0.3430575,10.7485439,-0.9512256,-23.0965322,-7.8386259,19.8699009,0.4290700,41.6952841,0.0000000,0.0000000,0.2949608,0.9999967,0.0000000,0.0000000,0.0025740,-1.5945442,-0.3922886,0.8434079,0.0000000,0.0000000,9.8066500,27.0862609
2,1,1.6100,RUNNING,-1.2559107,-0.2101880,10.8347954,-1.3806399,-17.3989311,-6.0294387,19.6434368,1.1425107,42.2433926,0.0000000,0.0000000,0.2953657,0.9999967,0.0000000,0.0000000,0.0025775,-1.1531496,-0.1548839,1.0351421,0.0000000,0.0000000,9.8066500,27.1551472
2,1,1.6200,RUNNING,-0.7462083,0.1116641,10.9094599,-1.7452529,-11.3691072,-4.5441406,20.0116434,1.0781226,42.5209295,0.0000000,0.0000000,0.2957700,0.9999967,0.0000000,0.0000000,0.0025811,-0.7073283,0.1154836,1.0703743,0.0000000,0.0000000,9.8066500,27.0598124
2,1,1.6300,RUNNING,-0.2281189,0.2873293,10.9386774,-1.3403423,-5.4053078,-1.7839916,19.8813152,0.4227886,42.3820168,0.0000000,0.0000000,0.2961736,0.9999967,0.0000000,0.0000000,0.0025846,-0.2973036,0.2894034,1.1297100,0.0000000,0.0000000,9.8066500,27.1003873
2,1,1.6400,RUNNING,0.2083443,0.4674406,10.9624779,-0.7395665,1.3808303,1.1426911,20.2158894,0.5926317,41.6040398,0.0000000,0.0000000,0.2965766,0.9999967,0.0000000,0.0000000,0.0025881,0.2161346,0.4988546,1.1405277,0.0000000,0.0000000,9.8066500,27.0548429
2,1,1.6500,RUNNING,0.7385873,0.5959136,10.9764455,-1.0640034,8.2413259,3.8173820,19.6331442,0.6342689,41.9083515,0.0000000,0.0000000,0.2969788,0.9999966,0.0000000,0.0000000,0.0025916,0.6922628,0.5859491,1.1010771,0.0000000,0.0000000,9.8066500,27.0678550
2,1,1.6600,RUNNING,1.1423674,0.6789428,10.8124667,-0.7645466,14.3624780,6.1241171,19.2312888,0.7588830,41.3917701,0.0000000,0.0000000,0.2973804,0.9999966,0.0000000,0.0000000,0.0025951,1.1674484,0.6304796,1.0521929,0.0000000,0.0000000,9.8066500,27.0955680
2,1,1.6700,RUNNING,1.4768614,0.5808784,10.7609400,-0.9631538,19.6451359,7.0576033,19.5354651,0.7950351,41.8125099,0.0000000,0.0000000,0.2977814,0.9999966,0.0000000,0.0000000,0.0025986,1.5295508,0.5959549,0.9270238,0.0000000,0.0000000,9.8066500,27.1018775
2,1,1.6800,RUNNING,1.8825710,0.4687702,10.5803467,-1.0053020,24.1040646,7.8888180,19.8757001,1.3283477,42.3274689,0.0000000,0.0000000,0.2981817,0.9999966,0.0000000,0.0000000,0.0026021,1.8529426,0.4275912,0.7959304,0.0000000,0.0000000,9.8066500,27.1115656
2,1,1.6900,RUNNING,2.0858879,0.2933261,10.3285235,-1.4257991,28.4246691,6.3886788,19.4569572,1.5157777,41.9788629,0.0000000,0.0000000,0.2985813,0.9999966,0.0000000,0.0000000,0.0026056,2.1616736,0.1873660,0.6018594,0.0000000,0.0000000,9.8066500,27.0746691
2,1,1.7000,RUNNING,2.3647894,0.0036280,10.1156679,-1.3343715,31.3779596,5.1183171,20.1208877,0.9867727,42.0071110,0.0000000,0.0000000,0.2989802,0.9999966,0.0000000,0.0000000,0.0026091,2.3663749,0.0070587,0.3751217,0.0000000,0.0000000,9.8066500,27.0705819
2,1,1.7100,RUNNING,2.4479809,-0.2722646,10.0086498,-0.5671870,33.1939273,2.1791878,19.1274657,0.8052786,41.6946463,0.0000000,0.0000000,0.2993784,0.9999966,0.0000000,0.0000000,0.0026126,2.5305854,-0.2134500,0.1974002,0.0000000,0.0000000,9.8066500,27.1403319
2,1,1.7200,RUNNING,2.4956743,-0.4277615,9.7622518,-0.2989808,33.4206231,-0.3411730,19.9303925,0.7965529,42.0016990,0.0000000,0.0000000,0.2997760,0.9999966,0.0000000,0.0000000,0.0026160,2.5473258,-0.4451029,-0.0396758,0.0000000,0.0000000,9.8066500,27.1017185
2,1,1.7300,RUNNING,2.4048582,-0.5788707,9.6028504,-1.0056459,32.9845261,-3.4413038,19.0723675,0.7854414,42.6645100,0.0000000,0.0000000,0.3001729,0.9999966,0.0000000,0.0000000,0.0026195,2.5102281,-0.6096567,-0.2476263,0.0000000,0.0000000,9.8066500,27.0793312
2,1,1.7400,RUNNING,2.3016786,-0.6070474,9.4209252,-0.3464923,31.4156131,-5.9714528,19.5098748,0.8580811,41.8841163,0.0000000,0.0000000,0.3005691,0.9999966,0.0000000,0.0000000,0.0026230,2.3475635,-0.6335445,-0.4330789,0.0000000,0.0000000,9.8066500,27.0923906
2,1,1.7500,RUNNING,2.0801730,-0.5666989,9.1696484,-1.3238698,27.4400876,-7.0075706,19.8401012,0.0534932,42.3346334,0.0000000,0.0000000,0.3009647,0.9999966,0.0000000,0.0000000,0.0026264,2.0873183,-0.5504386,-0.6320917,0.0000000,0.0000000,9.8066500,27.0861958
2,1,1.7600,RUNNING,1.7413161,-0.4845947,9.0066115,-1.5496351,22.4889476,-8.3311821,19.7376662,1.5444391,42.4467598,0.0000000,0.0000000,0.3013596,0.9999965,0.0000000,0.0000000,0.0026299,1.7935249,-0.4983379,-0.8405441,0.0000000,0.0000000,9.8066500,27.0996050
2,1,1.7700,RUNNING,1.4413842,-0.3217500,8.8749261,-1.1005570,18.1212451,-7.3990271,19.7431203,0.9445145,41.9168617,0.0000000,0.0000000,0.3017538,0.9999965,0.0000000,0.0000000,0.0026333,1.4625579,-0.3092865,-0.9194561,0.0000000,0.0000000,9.8066500,27.1059410
2,1,1.7800,RUNNING,0.9919030,-0.0809555,8.8069904,-0.8949676,12.5671557,-5.8242146,20.1230428,0.9581336,42.7413872,0.0000000,0.0000000,0.3021473,0.9999965,0.0000000,0.0000000,0.0026367,0.9617803,-0.0692709,-1.0349793,0.0000000,0.0000000,9.8066500,27.1276298
2,1,1.7900,RUNNING,0.5413838,0.1274431,8.7187037,-0.5934386,6.2977909,-3.5447531,19.6930651,1.2245255,41.8875241,0.0000000,0.0000000,0.3025401,0.9999965,0.0000000,0.0000000,0.0026402,0.5863773,0.1738763,-1.0882069,0.0000000,0.0000000,9.8066500,27.0748431
2,1,1.8000,RUNNING,0.1142059,0.3649356,8.6725738,-1.4624710,-0.5369585,-0.6157510,20.2419681,0.9137364,42.1858168,0.0000000,0.0000000,0.3029323,0.9999965,0.0000000,0.0000000,0.0026436,0.1275038,0.3992972,-1.1242172,0.0000000,0.0000000,9.8066500,27.1183532
2,1,1.8100,RUNNING,-0.4751156,0.5560288,8.6746553,-1.3851207,-6.3831183,2.0885726,19.1531308,0.7762726,41.5811778,0.0000000,0.0000000,0.3033238,0.9999965,0.0000000,0.0000000,0.0026470,-0.3524684,0.5426022,-1.1544628,0.0000000,0.0000000,9.8066500,27.1079425
2,1,1.8200,RUNNING,-0.8332516,0.5843489,8.7267115,-0.7823578,-13.1202524,4.8423838,19.8042832,1.1808053,42.1408277,0.0000000,0.0000000,0.3037146,0.9999965,0.0000000,0.0000000,0.0026504,-0.8684764,0.6321711,-1.0741155,0.0000000,0.0000000,9.8066500,27.0839241
2,1,1.8300,RUNNING,-1.3188330,0.5983153,8.7964109,-1.5477097,-18.7859220,7.5331426,19.2169014,1.0606178,42.0876369,0.0000000,0.0000000,0.3041047,0.9999965,0.0000000,0.0000000,0.0026538,-1.2711912,0.6414295,-0.9684974,0.0000000,0.0000000,9.8066500,27.1181243
2,1,1.8400,RUNNING,-1.6537172,0.5898098,9.0003988,-0.8237534,-24.2380755,7.9047972,19.8603666,0.5783205,42.4411377,0.0000000,0.0000000,0.3044941,0.9999965,0.0000000,0.0000000,0.0026572,-1.6434672,0.5886958,-0.8698534,0.0000000,0.0000000,9.8066500,27.1181465
2,1,1.8500,RUNNING,-2.0553354,0.3267308,9.1225247,-0.9493526,-28.6503640,7.6159391,19.4754436,0.1762536,42.0494288,0.0000000,0.0000000,0.3048829,0.9999965,0.0000000,0.0000000,0.0026606,-1.9894602,0.3981149,-0.7191898,0.0000000,0.0000000,9.8066500,27.1420413
2,1,1.8600,RUNNING,-2.2241539,0.1977933,9.3477191,-0.9788611,-32.8385471,6.7309817,19.8656243,1.2497062,42.5384953,0.0000000,0.0000000,0.3052709,0.9999965,0.0000000,0.0000000,0.0026640,-2.2113065,0.1640803,-0.5534460,0.0000000,0.0000000,9.8066500,27.1274465
2,1,1.8700,RUNNING,-2.3831334,-0.0321322,9.4201440,-1.0909946,-34.6824873,4.8746167,19.2636349,0.8948397,42.3730750,0.0000000,0.0000000,0.3056583,0.9999964,0.0000000,0.0000000,0.0026674,-2.4264468,-0.0769677,-0.3175692,0.0000000,0.0000000,9.8066500,27.1348960
2,1,1.8800,RUNNING,-2.5392253,-0.3127869,9.7729081,-1.1354819,-36.1961519,1.7883996,19.4496179,0.1146515,42.5312434,0.0000000,0.0000000,0.3060450,0.9999964,0.0000000,0.0000000,0.0026707,-2.5289818,-0.2944914,-0.1397441,0.0000000,0.0000000,9.8066500,27.1659961
2,1,1.8900,RUNNING,-2.4689312,-0.4954145,9.8799685,-0.7401999,-36.2598627,-1.7267511,19.5996820,0.7211603,41.8714003,0.0000000,0.0000000,0.3064310,0.9999964,0.0000000,0.0000000,0.0026741,-2.5084963,-0.4655239,0.0898054,0.0000000,0.0000000,9.8066500,27.0917565
2,1,1.9000,RUNNING,-2.4921689,-0.5743085,10.1275716,-0.8752615,-34.8787573,-4.0705239,19.6112041,0.8632704,41.5997127,0.0000000,0.0000000,0.3068163,0.9999964,0.0000000,0.0000000,0.0026775,-2.3999048,-0.6313602,0.3530552,0.0000000,0.0000000,9.8066500,27.1333936
2,1,1.9100,RUNNING,-2.2973303,-0.6552644,10.3856614,-1.2029962,-32.4285583,-6.2017195,19.9653778,0.8621531,42.1457951,0.0000000,0.0000000,0.3072009,0.9999964,0.0000000,0.0000000,0.0026808,-2.2524612,-0.6486863,0.4692498,0.0000000,0.0000000,9.8066500,27.1418773
2,1,1.9200,RUNNING,-2.0230790,-0.5323694,10.4382943,-0.7570505,-30.0382687,-8.1736924,20.3592349,0.9719196,41.9655387,0.0000000,0.0000000,0.3075848,0.9999964,0.0000000,0.0000000,0.0026842,-2.0025555,-0.5470178,0.6979928,0.0000000,0.0000000,9.8066500,27.1040093
2,1,1.9300,RUNNING,-1.7216863,-0.3799937,10.7239379,-1.4483073,-24.2947756,-7.9168130,20.1720468,1.7511832,41.8475608,0.0000000,0.0000000,0.3079680,0.9999964,0.0000000,0.0000000,0.0026875,-1.7031956,-0.4450846,0.8359837,0.0000000,0.0000000,9.8066500,27.1066015
2,1,1.9400,RUNNING,-1.2945717,-0.2175312,10.7466679,-1.1511743,-19.1854301,-7.1671267,19.3683080,1.2171905,41.6120574,0.0000000,0.0000000,0.3083506,0.9999964,0.0000000,0.0000000,0.0026909,-1.3037430,-0.2103277,0.9565436,0.0000000,0.0000000,9.8066500,27.1583814
2,1,1.9500,RUNNING,-0.8589116,-0.0244630,10.9254746,-1.1794961,-13.9498316,-4.9741841,19.8571383,1.6073834,42.2771542,0.0000000,0.0000000,0.3087324,0.9999964,0.0000000,0.0000000,0.0026942,-0.8954364,0.0116418,1.0166316,0.0000000,0.0000000,9.8066500,27.1044157
2,1,1.9600,RUNNING,-0.4489507,0.2252271,10.8804457,-1.2667815,-7.3919045,-2.5151669,19.9040547,0.6059937,41.8000475,0.0000000,0.0000000,0.3091136,0.9999964,0.0000000,0.0000000,0.0026975,-0.3999400,0.2316283,1.1504441,0.0000000,0.0000000,9.8066500,27.1436284
2,1,1.9700,RUNNING,0.0021410,0.4231167,10.9416468,-0.7699617,-0.3213740,0.7217550,19.7810919,0.9470980,41.8499911,0.0000000,0.0000000,0.3094940,0.9999964,0.0000000,0.0000000,0.0027008,0.0238878,0.4499070,1.1164943,0.0000000,0.0000000,9.8066500,27.1294941
2,1,1.9800,RUNNING,0.4465520,0.5726884,10.9202979,-1.1720234,6.2814778,3.3492024,19.7221802,0.7425486,42.2588753,0.0000000,0.0000000,0.3098738,0.9999963,0.0000000,0.0000000,0.0027042,0.5226152,0.5948832,1.1291080,0.0000000,0.0000000,9.8066500,27.0938129
2,1,1.9900,RUNNING,0.9289626,0.6427016,10.8631121,-1.2464674,12.6610362,5.4844848,19.6485074,0.8760819,41.8246578,0.0000000,0.0000000,0.3102528,0.9999963,0.0000000,0.0000000,0.0027075,0.9997710,0.7019462,1.0533412,0.0000000,0.0000000,9.8066500,27.1302227
2,1,0.0000,STAIRS,-0.0151738,0.3179204,9.1095259,-0.2464276,-4.0721881,3.3914428,20.9981552,-0.3969878,40.7268915,0.0000000,-1.4115923,-0.0705796,0.9999239,-0.0000076,-0.0123182,-0.0006159,-0.2892393,0.3047382,-0.6382616,0.2415813,0.0000000,9.8036739,27.0069505
2,1,0.0100,STAIRS,-0.1075173,0.4057569,9.1290036,-0.3874781,-6.6763200,4.1796020,20.4901365,0.5610390,40.1317095,0.0000000,-2.1947613,-0.0711701,0.9998164,-0.0000119,-0.0191517,-0.0006210,-0.4166437,0.3759599,-0.6826343,0.3755598,0.0000000,9.7994561,26.9390338
2,1,0.0200,STAIRS,-0.0484474,0.3986431,9.1828397,0.4077631,-8.8959424,5.0114622,21.2133562,0.2935917,40.1800074,0.0000000,-2.9557677,-0.0717605,0.9996672,-0.0000162,-0.0257911,-0.0006260,-0.5703982,0.3663929,-0.6123854,0.5056799,0.0000000,9.7936036,27.0070422
2,1,0.0300,STAIRS,-0.1205954,0.4518921,9.2497134,0.4556818,-11.6656281,5.7100440,22.4961574,-0.2222390,39.2651101,0.0000000,-3.6869269,-0.0723507,0.9994822,-0.0000203,-0.0321689,-0.0006311,-0.6835826,0.3379975,-0.6026590,0.6306128,0.0000000,9.7863533,27.0115218
2,1,0.0400,STAIRS,-0.1160678,0.3717027,9.2536413,-0.0137803,-13.1449143,6.1343456,22.9573447,0.3893132,39.6357662,0.0000000,-4.3808556,-0.0729407,0.9992691,-0.0000243,-0.0382209,-0.0006361,-0.8454463,0.3499912,-0.5673660,0.7490895,0.0000000,9.7779982,27.0065874
2,1,0.0500,STAIRS,-0.0712218,0.3937807,9.3017357,-0.4096413,-15.2287791,7.1804247,23.1379587,0.2094732,39.4571934,0.0000000,-5.0305466,-0.0735305,0.9990364,-0.0000282,-0.0438857,-0.0006411,-0.9198625,0.3236026,-0.5125918,0.8599141,0.0000000,9.7688757,26.9795056
2,1,0.0600,STAIRS,-0.1375499,0.2606062,9.2749254,0.0206313,-17.1165216,7.1473089,23.8622190,-0.8594672,38.7385476,0.0000000,-5.6294392,-0.0741202,0.9987933,-0.0000318,-0.0491064,-0.0006460,-1.0228331,0.2745530,-0.4772732,0.9619759,0.0000000,9.7593538,27.0316383
2,1,0.0700,STAIRS,-0.1301888,0.1885258,9.3088253,-0.1087809,-19.5794043,7.7331293,24.1389226,-0.0707851,39.0878131,0.0000000,-6.1714860,-0.0747097,0.9985499,-0.0000351,-0.0538303,-0.0006510,-1.1903211,0.2706394,-0.4094249,1.0542599,0.0000000,9.7498164,27.0268033
2,1,0.0800,STAIRS,-0.1254460,0.2158166,9.3355437,0.0668041,-21.0168601,6.8058154,23.7450196,-0.1702130,38.4026142,0.0000000,-6.6512134,-0.0752991,0.9983158,-0.0000381,-0.0580102,-0.0006560,-1.2357363,0.1613880,-0.3729185,1.1358555,0.0000000,9.7406476,27.0015824
2,1,0.0900,STAIRS,-0.0812288,0.1356207,9.3702809,-0.0676728,-21.9448161,6.5743464,24.7476282,0.0869228,37.5431315,0.0000000,-7.0637770,-0.0758883,0.9981004,-0.0000408,-0.0616040,-0.0006610,-1.2992899,0.0733296,-0.2988614,1.2059639,0.0000000,9.7322164,26.9922193
2,1,0.1000,STAIRS,-0.1480500,-0.0028383,9.4818480,0.5166619,-23.1622830,5.6411178,24.6926410,0.0883868,37.9550315,0.0000000,-7.4050108,-0.0764773,0.9979126,-0.0000431,-0.0645759,-0.0006660,-1.3563900,0.0586184,-0.2438478,1.2639038,0.0000000,9.7248615,27.0037354
2,1,0.1100,STAIRS,-0.1511033,-0.0188100,9.5498777,-0.2940332,-23.6590014,3.7029584,25.3824738,-0.4328826,37.7334557,0.0000000,-7.6714691,-0.0770662,0.9977597,-0.0000450,-0.0668962,-0.0006710,-1.4362414,-0.0054869,-0.1704644,1.3091162,0.0000000,9.7188785,27.0385514
2,1,0.1200,STAIRS,-0.1736941,-0.0832622,9.5572833,-0.1164367,-23.7464126,2.4581693,25.6573301,-0.4947915,37.1325516,0.0000000,-7.8604612,-0.0776548,0.9976480,-0.0000464,-0.0685417,-0.0006761,-1.4635727,-0.1166963,-0.1189001,1.3411671,0.0000000,9.7145075,26.9846834
2,1,0.1300,STAIRS,-0.1591766,-0.1113516,9.7080547,0.4699760,-24.7351184,0.5034858,25.6315636,-0.6671342,37.7833676,0.0000000,-7.9700785,-0.0782433,0.9975820,-0.0000475,-0.0694960,-0.0006812,-1.5054506,-0.1782225,-0.0714320,1.3597502,-0.0000000,9.7119238,27.0280791
2,1,0.1400,STAIRS,-0.1895901,-0.1923994,9.7534783,-0.2113562,-24.9068971,-0.6428438,25.2425011,-0.4302145,37.5408003,0.0000000,-7.9992143,-0.0788316,0.9975643,-0.0000480,-0.0697496,-0.0006863,-1.4950830,-0.2347703,-0.0084659,1.3646887,0.0000000,9.7112311,26.9931085
2,1,0.1500,STAIRS,-0.1788396,-0.2827739,9.8533849,-0.3197733,-24.7199688,-2.4969811,25.1857715,-0.0404059,37.4197048,0.0000000,-7.9475743,-0.0794198,0.9975956,-0.0000480,-0.0693001,-0.0006914,-1.4972227,-0.2734139,0.1135613,1.3559356,0.0000000,9.7124571,26.9857493
2,1,0.1600,STAIRS,-0.1722406,-0.2862998,9.8154627,-0.1763914,-24.2630279,-3.5062614,25.4655380,-0.9666788,38.7894802,0.0000000,-7.8156800,-0.0800078,0.9976747,-0.0000476,-0.0681518,-0.0006966,-1.4828852,-0.3552057,0.1597445,1.3335740,0.0000000,9.7155527,27.0158756
2,1,0.1700,STAIRS,-0.1064094,-0.3498891,9.9283193,-0.0662563,-24.0064779,-5.1746714,25.7279718,-0.3859416,38.2840849,0.0000000,-7.6048632,-0.0805955,0.9977984,-0.0000466,-0.0663162,-0.0007018,-1.4154575,-0.3923823,0.2023519,1.2978172,0.0000000,9.7203938,26.9812331
2,1,0.1800,STAIRS,-0.1069821,-0.3590872,10.0419927,-0.4059905,-21.8300033,-5.6925178,25.1125675,-0.0358566,37.4518549,0.0000000,-7.3172528,-0.0811831,0.9979617,-0.0000452,-0.0638117,-0.0007070,-1.3743660,-0.3953016,0.2606507,1.2490071,0.0000000,9.7267860,26.9787705
2,1,0.1900,STAIRS,-0.1543649,-0.3575638,10.0708673,0.0543866,-21.7643469,-7.0920388,24.4778734,0.0775530,38.1073232,0.0000000,-6.9557529,-0.0817706,0.9981580,-0.0000433,-0.0606631,-0.0007123,-1.2413926,-0.4025484,0.3466995,1.1876128,0.0000000,9.7344728,27.0457103
2,1,0.2000,STAIRS,-0.0824776,-0.3378943,10.1426649,0.1482397,-19.5243386,-7.3365351,24.2963439,-0.1726808,38.2208878,0.0000000,-6.5240142,-0.0823578,0.9983795,-0.0000409,-0.0569020,-0.0007175,-1.1774647,-0.3716918,0.4359239,1.1142280,-0.0000000,9.7431453,26.9930152
2,1,0.2100,STAIRS,-0.1373029,-0.2642475,10.2027213,0.3082103,-19.0364066,-8.5441642,24.3373622,-1.0572838,38.1082978,0.0000000,-6.0263961,-0.0829449,0.9986172,-0.0000380,-0.0525660,-0.0007228,-1.0966880,-0.3020059,0.4345858,1.0295671,0.0000000,9.7524549,27.0256255
2,1,0.2200,STAIRS,-0.1627862,-0.2095866,10.2176063,-0.0398541,-17.1349271,-8.3562588,23.3374480,-0.3312567,39.1125631,0.0000000,-5.4679237,-0.0835317,0.9988615,-0.0000348,-0.0476985,-0.0007281,-1.0771931,-0.2354341,0.5035465,0.9344608,0.0000000,9.7620268,27.0001541
2,1,0.2300,STAIRS,-0.0454290,-0.2208021,10.3234865,0.0187491,-15.1453170,-7.6389957,22.9326414,-1.5585844,38.8280400,0.0000000,-4.8542364,-0.0841184,0.9991026,-0.0000311,-0.0423485,-0.0007334,-0.8817234,-0.2191403,0.5439966,0.8298494,-0.0000000,9.7714755,27.0281905
2,1,0.2400,STAIRS,-0.1420299,-0.1077349,10.3791204,0.4271781,-13.3234746,-7.7885565,23.2385688,-0.1587623,39.0155192,0.0000000,-4.1915312,-0.0847049,0.9993308,-0.0000270,-0.0365698,-0.0007387,-0.7604422,-0.1336088,0.5796821,0.7167757,0.0000000,9.7804201,27.0215899
2,1,0.2500,STAIRS,-0.0079462,-0.0337456,10.3947467,-0.1519813,-10.2231043,-6.5368560,22.0010210,-0.5114455,39.9069452,0.0000000,-3.4865000,-0.0852912,0.9995369,-0.0000226,-0.0304207,-0.0007440,-0.6705848,-0.0690090,0.6081123,0.5963753,-0.0000000,9.7884994,26.9672694
2,1,0.2600,STAIRS,-0.0141156,0.0079204,10.3287456,0.6957029,-8.0809901,-5.3584650,21.5309731,-0.7524256,40.3299961,0.0000000,-2.7462623,-0.0858773,0.9997126,-0.0000180,-0.0239634,-0.0007492,-0.4722222,0.0056343,0.6455166,0.4698657,-0.0000000,9.7953872,26.9909954
2,1,0.2700,STAIRS,-0.1478626,0.0837064,10.4505096,0.4739346,-5.8927492,-4.1357948,21.1473049,-0.3498801,39.8437419,0.0000000,-1.9782929,-0.0864632,0.9998507,-0.0000130,-0.0172630,-0.0007544,-0.3501773,0.0629292,0.6286061,0.3385340,0.0000000,9.8008050,26.9773919
2,1,0.2800,STAIRS,-0.0649681,0.1919040,10.3828841,0.2996663,-3.7514406,-2.0391699,20.8140589,-0.3808906,40.6971441,0.0000000,-1.1903468,-0.0870489,0.9999458,-0.0000079,-0.0103875,-0.0007596,-0.1552380,0.1716424,0.6956952,0.2037231,0.0000000,9.8045337,27.0157529
2,1,0.2900,STAIRS,0.0026619,0.2375194,10.4774196,0.0878719,-1.5617506,-0.8699977,20.5171940,-0.3712554,40.8391356,0.0000000,-0.3903806,-0.0876344,0.9999939,-0.0000026,-0.0034067,-0.0007648,-0.1103033,0.1510282,0.7006461,0.0668164,0.0000000,9.8064224,27.0259692
2,1,0.3000,STAIRS,0.0302196,0.3056983,10.4414257,0.1240048,1.7335783,0.5811650,19.7196441,-0.8173256,41.2758418,0.0000000,0.4135276,-0.0882198,0.9999932,0.0000028,0.0036087,-0.0007699,0.0669559,0.2435224,0.6948152,-0.0707781,-0.0000000,9.8063946,27.0218855
2,1,0.3100,STAIRS,0.0031746,0.2880090,10.5811269,0.2234172,4.0389390,2.1326184,18.4275816,0.0509283,41.2426174,0.0000000,1.2132601,-0.0888049,0.9999437,0.0000082,0.0105875,-0.0007749,0.2122880,0.3046211,0.7528666,-0.2076441,0.0000000,9.8044514,27.0536889
2,1,0.3200,STAIRS,0.0117842,0.3470675,10.6479220,0.3211161,7.0671239,2.7659509,18.7705471,0.2724099,41.5723841,0.0000000,2.0007411,-0.0893898,0.9998473,0.0000136,0.0174589,-0.0007800,0.3757073,0.3675479,0.8226966,-0.3423739,0.0000000,9.8006716,27.0289771
2,1,0.3300,STAIRS,0.0575569,0.3727446,10.7054404,-0.0675612,8.7972621,5.0888021,17.7042354,-0.2783593,42.1118532,0.0000000,2.7680187,-0.0899745,0.9997080,0.0000190,0.0241532,-0.0007849,0.5165206,0.3797136,0.8157659,-0.4735852,0.0000000,9.7952081,26.9825299
2,1,0.3400,STAIRS,0.0098778,0.3684888,10.7160660,-0.3004284,11.0502416,6.0452631,16.9222726,-0.8458054,41.3249184,0.0000000,3.5073449,-0.0905591,0.9995313,0.0000242,0.0306026,-0.0007899,0.6923512,0.4061045,0.9059004,-0.5999365,0.0000000,9.7882818,27.0724189
2,1,0.3500,STAIRS,0.0379958,0.3282906,10.6649596,0.5482063,12.9328908,6.7361325,16.7945623,-0.7362505,42.5614237,0.0000000,4.2112541,-0.0911434,0.9993245,0.0000292,0.0367418,-0.0007948,0.7837813,0.3186722,0.8933860,-0.7201424,-0.0000000,9.7801728,27.0634774
2,1,0.3600,STAIRS,0.0420882,0.3828446,10.7170361,0.3417379,15.2359016,7.5944479,16.3423603,0.0297794,42.6174447,0.0000000,4.8726382,-0.0917275,0.9990958,0.0000340,0.0425090,-0.0007997,0.9086494,0.3577175,0.9414872,-0.8329877,0.0000000,9.7712085,27.0018882
2,1,0.3700,STAIRS,0.0524507,0.3751943,10.7333622,0.3241697,17.3463410,7.6853229,15.3850211,-0.1853593,42.5032410,0.0000000,5.4848185,-0.0923114,0.9988544,0.0000385,0.0478458,-0.0008046,1.0151803,0.3308854,0.9537722,-0.9373392,0.0000000,9.7617508,27.0306072
2,1,0.3800,STAIRS,0.0225548,0.2581684,10.6799807,-0.2748434,18.7329476,7.4624779,15.7747945,0.1880537,42.6935705,0.0000000,6.0416133,-0.0928951,0.9986101,0.0000427,0.0526986,-0.0008095,1.1131908,0.2717086,0.9930248,-1.0321572,0.0000000,9.7521811,27.0308296
2,1,0.3900,STAIRS,0.1295828,0.1672971,10.7302235,0.3469901,20.8435539,6.9166003,15.0788506,-0.6989329,43.3984798,0.0000000,6.5374002,-0.0934786,0.9983728,0.0000465,0.0570186,-0.0008144,1.1929118,0.1809977,0.9584970,-1.1165043,0.0000000,9.7428847,27.0439505
2,1,0.4000,STAIRS,0.0812276,0.1591709,10.6190135,-0.2609173,21.8629780,6.8917799,14.5944056,-0.4502592,42.9819214,0.0000000,6.9671725,-0.0940619,0.9981519,0.0000499,0.0607626,-0.0008193,1.3015608,0.1857118,0.9731321,-1.1895530,0.0000000,9.7342359,27.0158405
2,1,0.4100,STAIRS,0.0091726,0.0989133,10.6434225,-0.0062709,22.8769131,5.8730833,14.1413918,-0.4819332,42.9599151,0.0000000,7.3265906,-0.0946449,0.9979564,0.0000528,0.0638930,-0.0008242,1.3497216,0.0781090,0.8882669,-1.2505923,0.0000000,9.7265823,27.0565887
2,1,0.4200,STAIRS,0.0810436,0.0325602,10.6095979,-0.0998510,24.4628816,5.2001211,13.9791148,-0.3903546,43.9678793,0.0000000,7.6120251,-0.0952278,0.9977942,0.0000552,0.0663786,-0.0008292,1.4638003,0.0022406,0.8367206,-1.2990322,0.0000000,9.7202315,27.0202660
2,1,0.4300,STAIRS,0.0608469,-0.0685898,10.5307721,-0.0342679,24.9160462,2.5116963,14.4684874,-0.2519968,43.4121715,0.0000000,7.8205936,-0.0958104,0.9976717,0.0000570,0.0681946,-0.0008342,1.4378751,-0.0984383,0.8531452,-1.3344072,-0.0000000,9.7154383,26.9758549
2,1,0.4400,STAIRS,0.0809504,-0.1631202,10.4052111,-0.0367473,25.0688197,1.6144543,14.0686030,-0.1340533,43.0468471,0.0000000,7.9501899,-0.0963929,0.9975939,0.0000583,0.0693228,-0.0008392,1.5027186,-0.1739570,0.7689838,-1.3563789,0.0000000,9.7123952,27.0498473
2,1,0.4500,STAIRS,0.0782862,-0.2301091,10.3589117,0.5015618,24.8787645,-0.3126416,14.1949872,-0.0559133,43.2497048,0.0000000,7.9995056,-0.0969751,0.9975640,0.0000590,0.0697521,-0.0008442,1.5505515,-0.2353183,0.7007768,-1.3647381,-0.0000000,9.7112241,27.0092490
2,1,0.4600,STAIRS,0.1495472,-0.2188398,10.3355415,0.2228218,24.6444076,-1.9085491,13.2508687,-0.2573680,43.7376205,0.0000000,7.9680425,-0.0975571,0.9975831,0.0000592,0.0694782,-0.0008493,1.5048625,-0.2576662,0.6225201,-1.3594051,0.0000000,9.7119721,27.0738484
2,1,0.4700,STAIRS,0.1238742,-0.2708174,10.3045805,0.1603887,25.1737544,-3.8256379,13.7344408,0.4142312,42.9474684,0.0000000,7.8561184,-0.0981388,0.9976505,0.0000587,0.0685038,-0.0008544,1.4698836,-0.3143046,0.5428085,-1.3404307,0.0000000,9.7146091,27.0662727
2,1,0.4800,STAIRS,0.1130447,-0.2934145,10.1808573,-0.5930887,24.3966325,-4.4313237,14.4772233,-0.3787503,43.5146627,0.0000000,7.6648634,-0.0987204,0.9977634,0.0000576,0.0668387,-0.0008596,1.4496617,-0.3604430,0.4632198,-1.3079957,0.0000000,9.7190294,27.0493619
2,1,0.4900,STAIRS,0.0828692,-0.4027346,10.0899690,-0.5169406,23.5607458,-5.4939242,14.7701219,-0.1976269,43.4742353,0.0000000,7.3962090,-0.0993017,0.9979174,0.0000559,0.0644993,-0.0008648,1.3749787,-0.3623514,0.4013999,-1.2624099,-0.0000000,9.7250556,27.0107424
2,1,0.5000,STAIRS,0.1567924,-0.3726905,10.0184708,0.6236542,21.5857229,-6.9659845,14.2852369,-0.7992703,43.0517378,0.0000000,7.0528678,-0.0998828,0.9981061,0.0000536,0.0615090,-0.0008700,1.3005167,-0.3429292,0.3042617,-1.2041108,-0.0000000,9.7324458,27.0466696
2,1,0.5100,STAIRS,0.0371923,-0.3007273,9.9322601,0.3592623,20.7620917,-7.9633959,14.3106648,-0.5127464,42.7587688,0.0000000,6.6383071,-0.1004637,0.9983221,0.0000508,0.0578977,-0.0008752,1.2515007,-0.3767884,0.1934724,-1.1336613,0.0000000,9.7409033,27.0350998
2,1,0.5200,STAIRS,0.1265879,-0.3139427,9.8349760,0.0745891,20.0019262,-8.6001301,15.4811609,0.0209463,42.9528773,0.0000000,6.1567129,-0.1010444,0.9985566,0.0000474,0.0537016,-0.0008805,1.1605137,-0.2902882,0.0713088,-1.0517460,-0.0000000,9.7500879,27.0825375
2,1,0.5300,STAIRS,0.0217449,-0.2522134,9.7693175,-0.4736196,17.6332448,-8.1950004,15.8932772,0.1880413,42.8145279,0.0000000,5.6129485,-0.1016248,0.9988002,0.0000434,0.0489626,-0.0008858,1.0361308,-0.2922496,-0.0052698,-0.9591670,0.0000000,9.7596303,27.0574933
2,1,0.5400,STAIRS,0.0575298,-0.1829282,9.6959036,0.4934775,16.0979546,-8.6658360,16.5724640,-0.7828704,43.0896945,0.0000000,5.0125047,-0.1022050,0.9990431,0.0000390,0.0437284,-0.0008911,0.9491572,-0.2214674,-0.0541858,-0.8568380,0.0000000,9.7691460,27.0535229
2,1,0.5500,STAIRS,0.0353756,-0.1289251,9.5436407,0.3050616,14.3517083,-6.9679627,17.1757042,-0.2129765,42.5545727,0.0000000,4.3614448,-0.1027849,0.9992754,0.0000341,0.0380516,-0.0008963,0.7709454,-0.1757958,-0.1408767,-0.7457769,0.0000000,9.7782514,27.0061011
2,1,0.5600,STAIRS,0.1051760,-0.0701420,9.5044751,0.0685733,11.9829640,-6.6119981,16.8682746,-0.3295902,42.4630826,0.0000000,3.6663432,-0.1033647,0.9994878,0.0000289,0.0319894,-0.0009016,0.6703294,-0.1163876,-0.2782156,-0.6270970,-0.0000000,9.7865793,27.0326623
2,1,0.5700,STAIRS,0.0222499,0.0423064,9.3416717,0.3146055,9.2701219,-6.2482400,17.2302329,-1.0290063,42.5207773,0.0000000,2.9342189,-0.1039442,0.9996718,0.0000232,0.0256031,-0.0009068,0.5865154,-0.0238129,-0.3743229,-0.5019965,0.0000000,9.7937931,27.0204017
2,1,0.5800,STAIRS,0.0254386,0.0323722,9.3699625,0.3456300,6.7903543,-4.8951258,18.3573859,-0.7568041,42.3524315,0.0000000,2.1724651,-0.1045235,0.9998199,0.0000173,0.0189572,-0.0009120,0.3992852,0.0527578,-0.4705693,-0.3717464,0.0000000,9.7996015,27.0240155
2,1,0.5900,STAIRS,-0.0026920,0.1361978,9.2798253,-0.5615052,4.3261678,-3.4989105,18.7490244,-0.2798809,41.2138650,0.0000000,1.3887737,-0.1051025,0.9999261,0.0000111,0.0121190,-0.0009171,0.2463219,0.0821982,-0.5339394,-0.2376769,-0.0000000,9.8037694,27.0435135
2,1,0.6000,STAIRS,-0.0204444,0.2209366,9.2083591,0.0456066,1.9974628,-1.9945002,19.4566822,-0.4661319,41.2416047,0.0000000,0.5910586,-0.1056813,0.9999863,0.0000048,0.0051579,-0.0009222,0.0679029,0.2073710,-0.6495694,-0.1011628,0.0000000,9.8061282,27.0220831
2,1,0.6100,STAIRS,-0.0558218,0.2498813,9.1133356,1.0316052,-1.0688423,-0.3756447,20.2978930,-0.5371801,40.7095582,0.0000000,-0.2126250,-0.1062599,0.9999978,-0.0000017,-0.0018555,-0.0009273,-0.0546119,0.2505405,-0.6523370,0.0363925,-0.0000000,9.8065825,27.0595496
2,1,0.6200,STAIRS,-0.0713044,0.3091301,9.1520904,0.6704336,-2.3669541,1.8739066,20.9282252,-0.2954581,40.1883925,0.0000000,-1.0141616,-0.1068382,0.9999604,-0.0000083,-0.0088501,-0.0009323,-0.2235243,0.2816613,-0.6874085,0.1735731,0.0000000,9.8051138,27.0167113
2,1,0.6300,STAIRS,-0.0695263,0.3211828,9.1279584,0.0878482,-5.6049259,3.2770854,21.5695134,-0.6639872,39.9376750,0.0000000,-1.8054572,-0.1074163,0.9998754,-0.0000148,-0.0157549,-0.0009373,-0.3505064,0.3543497,-0.6641238,0.3089679,0.0000000,9.8017816,27.0514344
2,1,0.6400,STAIRS,-0.0669782,0.3816886,9.1279042,-0.1771922,-8.1288625,4.5748172,21.6794123,-1.1084529,39.8234550,0.0000000,-2.5785213,-0.1079941,0.9997464,-0.0000212,-0.0224999,-0.0009422,-0.4820434,0.3648480,-0.6218060,0.4411864,0.0000000,9.7967208,27.0005359
2,1,0.6500,STAIRS,-0.1292644,0.4242570,9.1797960,-0.6510665,-9.8934351,5.0546905,21.9221357,-0.4208485,39.9228067,0.0000000,-3.3255476,-0.1085717,0.9995785,-0.0000275,-0.0290168,-0.0009471,-0.6438775,0.3722215,-0.6080425,0.5688756,0.0000000,9.7901361,27.0704841
2,1,0.6600,STAIRS,-0.1116934,0.3662175,9.1650218,-0.0551684,-12.0375120,6.7614717,23.3639100,-0.6149645,39.7492799,0.0000000,-4.0389927,-0.1091490,0.9993784,-0.0000336,-0.0352395,-0.0009519,-0.7807614,0.3794540,-0.5801970,0.6907348,0.0000000,9.7822937,27.0408045
2,1,0.6700,STAIRS,-0.1267291,0.3807302,9.2077383,0.3679638,-14.4964130,7.5202165,22.8259342,-0.2974375,39.0701132,0.0000000,-4.7116521,-0.1097262,0.9991544,-0.0000394,-0.0411053,-0.0009567,-0.8362262,0.3451853,-0.5394859,0.8055299,0.0000000,9.7735104,27.0846610
2,1,0.6800,STAIRS,-0.0843912,0.2857628,9.2447530,0.0371468,-15.9915252,7.1616974,23.6804325,0.2702362,39.5002332,0.0000000,-5.3367334,-0.1103030,0.9989153,-0.0000448,-0.0465549,-0.0009615,-1.0190528,0.3064757,-0.5042357,0.9121062,0.0000000,9.7641408,27.0849102
2,1,0.6900,STAIRS,-0.1074742,0.3026294,9.2835348,-0.3301030,-18.3938943,7.7135865,23.5409424,-0.2128055,38.5878104,0.0000000,-5.9079246,-0.1108796,0.9986708,-0.0000499,-0.0515335,-0.0009663,-1.1024975,0.2574040,-0.4786095,1.0093996,-0.0000000,9.7545629,27.0334586
2,1,0.7000,STAIRS,-0.1705637,0.2581207,9.3822579,-0.5842521,-20.4658552,6.8553792,24.8417297,-0.7607109,38.1628082,0.0000000,-6.4194578,-0.1114560,0.9984308,-0.0000545,-0.0559910,-0.0009711,-1.2117273,0.2119682,-0.3815447,1.0964463,0.0000000,9.7451624,27.0654312
2,1,0.7100,STAIRS,-0.0811842,0.1924709,9.3497291,-0.0240505,-21.2630799,6.2324169,24.5062763,-0.2911677,38.2832797,0.0000000,-6.8661675,-0.1120321,0.9982049,-0.0000585,-0.0598827,-0.0009759,-1.2739412,0.1657741,-0.3321093,1.1723909,0.0000000,9.7363178,27.0379172
2,1,0.7200,STAIRS,-0.1254613,0.1314300,9.4292511,-0.0594586,-22.4528697,6.4213698,24.7635562,-0.3179073,38.1957135,0.0000000,-7.2435428,-0.1126080,0.9980023,-0.0000621,-0.0631697,-0.0009807,-1.3119997,0.0828605,-0.2979366,1.2364927,0.0000000,9.7283848,27.0268598
2,1,0.7300,STAIRS,-0.1710200,-0.0453164,9.4725491,0.1218047,-23.7382185,4.6443973,25.0704385,-0.0789720,38.5656861,0.0000000,-7.5477731,-0.1131836,0.9978311,-0.0000650,-0.0658191,-0.0009856,-1.3973298,-0.0161828,-0.2542744,1.2881311,0.0000000,9.7216821,27.0853585
2,1,0.7400,STAIRS,-0.2019067,-0.0838842,9.5550091,0.4450038,-23.8656962,2.8230763,25.2752390,-0.3183827,37.2842388,0.0000000,-7.7757863,-0.1137589,0.9976981,-0.0000673,-0.0678044,-0.0009904,-1.4390309,-0.0667605,-0.1396758,1.3268090,0.0000000,9.7164789,27.0362870
2,1,0.7500,STAIRS,-0.1758131,-0.1306235,9.6413263,-0.2791020,-24.8246652,1.9754733,25.4081023,-0.6405780,38.0710744,0.0000000,-7.9252798,-0.1143340,0.9976088,-0.0000690,-0.0691060,-0.0009954,-1.4596307,-0.1809051,-0.0886191,1.3521562,0.0000000,9.7129840,27.0168052
2,1,0.7600,STAIRS,-0.1984114,-0.1238075,9.6770243,0.0006782,-24.1527984,0.2448653,26.0525301,-0.3837447,37.3960699,0.0000000,-7.9947442,-0.1149089,0.9975667,-0.0000699,-0.0697107,-0.0010003,-1.4793331,-0.2263767,-0.0529149,1.3639311,0.0000000,9.7113375,27.0233008
2,1,0.7700,STAIRS,-0.1459318,-0.2248470,9.7353762,0.0509469,-24.9810871,-1.2973784,25.1389401,-0.7373843,38.1335125,0.0000000,-7.9834778,-0.1154834,0.9975736,-0.0000702,-0.0696126,-0.0010053,-1.5155183,-0.2713781,0.0431329,1.3620214,0.0000000,9.7116055,27.0424598
2,1,0.7800,STAIRS,-0.1386519,-0.2991500,9.8723700,0.0210313,-24.1298855,-2.9135835,25.5067912,-0.4521372,37.9330673,0.0000000,-7.8915946,-0.1160578,0.9976291,-0.0000697,-0.0688127,-0.0010104,-1.4675444,-0.2823298,0.0852294,1.3464455,0.0000000,9.7137773,27.0630738
2,1,0.7900,STAIRS,-0.1533479,-0.3030857,9.8771057,0.1380064,-24.1932825,-4.3151370,24.9636869,-0.2345669,38.5566643,0.0000000,-7.7200223,-0.1166318,0.9977310,-0.0000685,-0.0673189,-0.0010155,-1.4914387,-0.3714273,0.1637791,1.3173516,0.0000000,9.7177656,26.9946305
2,1,0.8000,STAIRS,-0.1650796,-0.3532688,9.9640901,-0.5729931,-23.3952653,-5.7303658,25.1554383,-0.2878469,38.6951923,0.0000000,-7.4704935,-0.1172056,0.9978752,-0.0000666,-0.0651462,-0.0010206,-1.4216039,-0.3764214,0.2650114,1.2750174,-0.0000000,9.7234107,27.0781082
2,1,0.8100,STAIRS,-0.1093071,-0.3271174,10.0043139,0.4315551,-22.2007821,-6.7997744,25.0193810,0.2573244,37.8447841,0.0000000,-7.1455280,-0.1177791,0.9980559,-0.0000640,-0.0623161,-0.0010258,-1.3350016,-0.3878507,0.3096291,1.2198488,0.0000000,9.7304858,27.0779149
2,1,0.8200,STAIRS,-0.1491921,-0.3142686,10.0649498,0.4044172,-20.8344843,-7.1759387,25.5197658,0.1537217,38.5242587,0.0000000,-6.7484071,-0.1183524,0.9982659,-0.0000608,-0.0588569,-0.0010310,-1.2571618,-0.3837215,0.3959911,1.1523774,0.0000000,9.7387068,27.0426559
2,1,0.8300,STAIRS,-0.0818537,-0.3144446,10.1733731,-0.0904542,-19.3687684,-8.2891713,24.6883488,-0.9588858,38.0576195,0.0000000,-6.2831410,-0.1189254,0.9984966,-0.0000569,-0.0548032,-0.0010363,-1.1738644,-0.3430830,0.4108853,1.0732578,-0.0000000,9.7477434,27.0893269
2,1,0.8400,STAIRS,-0.1356796,-0.2931617,10.1833893,0.4594601,-17.2484634,-7.7497445,24.2757715,-0.6074913,38.8908083,0.0000000,-5.7544280,-0.1194981,0.9987389,-0.0000523,-0.0501957,-0.0010415,-1.0818224,-0.2830026,0.4938764,0.9832633,0.0000000,9.7572321,27.0853875
2,1,0.8500,STAIRS,-0.1129212,-0.2738810,10.2963830,-0.3742253,-16.3238501,-8.1525875,22.9032200,-0.6872107,39.1543412,0.0000000,-5.1676070,-0.1200706,0.9989828,-0.0000472,-0.0450806,-0.0010467,-0.9838020,-0.2815238,0.5212926,0.8832803,0.0000000,9.7667907,27.0474955
2,1,0.8600,STAIRS,-0.0777394,-0.2045342,10.3338749,-0.4152347,-13.4712169,-8.1066139,23.1090646,0.3089539,39.3045233,0.0000000,-4.5286036,-0.1206428,0.9992187,-0.0000416,-0.0395092,-0.0010520,-0.8482691,-0.1577338,0.5335470,0.7743014,0.0000000,9.7760340,27.0253647
2,1,0.8700,STAIRS,-0.1200504,-0.0669927,10.3951923,-0.9277497,-11.4360027,-7.5814477,22.7332400,0.3753413,39.8003052,0.0000000,-3.8438706,-0.1212147,0.9994369,-0.0000355,-0.0335378,-0.0010572,-0.6830660,-0.1036334,0.5805251,0.6574171,0.0000000,9.7845893,27.0311033
2,1,0.8800,STAIRS,-0.1291424,-0.0339763,10.3735910,-0.1465364,-8.8193441,-6.2175774,22.1122770,-0.6689027,39.8139462,0.0000000,-3.1203223,-0.1217864,0.9996287,-0.0000289,-0.0272266,-0.0010624,-0.6218356,-0.0261370,0.6070258,0.5338052,-0.0000000,9.7921109,27.0847643
2,1,0.8900,STAIRS,-0.0350236,0.0482622,10.4051657,0.0054800,-7.5265700,-4.8615600,21.7694838,-0.2363211,39.5985647,0.0000000,-2.3652650,-0.1223578,0.9997864,-0.0000220,-0.0206394,-0.0010675,-0.4324612,0.0206162,0.6227313,0.4047198,0.0000000,9.7982951,27.0624632
2,1,0.9000,STAIRS,-0.0354602,0.1435620,10.4657934,0.2958333,-4.8656607,-3.5476488,20.2314404,-0.0789588,40.4562132,0.0000000,-1.5863235,-0.1229289,0.9999036,-0.0000148,-0.0138428,-0.0010727,-0.2785657,0.1449872,0.6572191,0.2714778,0.0000000,9.8028916,27.0251825
2,1,0.9100,STAIRS,-0.0186461,0.2304490,10.4821569,0.2566162,-1.9687831,-2.1299208,20.3859225,-0.0514933,40.8389356,0.0000000,-0.7913632,-0.1234997,0.9999756,-0.0000074,-0.0069059,-0.0010777,-0.1578031,0.2203208,0.6427543,0.1354441,-0.0000000,9.8057146,27.1010819
2,1,0.9200,STAIRS,-0.0432932,0.2564625,10.4999468,0.3675623,0.4376953,-0.4661896,19.8561361,-0.3403573,40.4826317,0.0000000,0.0115882,-0.1240702,0.9999994,0.0000001,0.0001011,-0.0010827,-0.0663378,0.1956268,0.6711509,-0.0019834,0.0000000,9.8066498,27.0897992
2,1,0.9300,STAIRS,0.0213085,0.3020275,10.4654773,-0.1358041,2.6120441,1.0816048,19.3185870,-0.0518067,41.3613394,0.0000000,0.8144225,-0.1246405,0.9999742,0.0000077,0.0071071,-0.0010877,0.1536222,0.2931438,0.7396776,-0.1393905,0.0000000,9.8056593,27.0521914
2,1,0.9400,STAIRS,-0.0489658,0.3473047,10.6078297,-0.2719158,5.2730234,2.6721558,18.4415366,-0.3269474,41.1972049,0.0000000,1.6090329,-0.1252105,0.9999008,0.0000153,0.0140410,-0.0010926,0.3093420,0.3228456,0.8010671,-0.2753632,0.0000000,9.8027832,27.0336493
2,1,0.9500,STAIRS,0.0781634,0.3624481,10.6003659,0.0787622,7.8809964,4.5729975,18.2039146,-0.4733923,41.5849748,0.0000000,2.3873953,-0.1257802,0.9997824,0.0000229,0.0208324,-0.0010974,0.4740903,0.3695577,0.8364674,-0.4085044,-0.0000000,9.7981380,27.0148713
2,1,0.9600,STAIRS,0.0414173,0.4125931,10.6625832,-0.0599509,9.6391507,5.9447915,16.5241367,-0.4081460,41.4240914,0.0000000,3.1416498,-0.1263496,0.9996236,0.0000302,0.0274126,-0.0011022,0.5592513,0.3707694,0.9049767,-0.5374501,0.0000000,9.7919115,27.0070613
2,1,0.9700,STAIRS,0.0099115,0.4167149,10.6923807,0.2517816,12.0204991,7.0148971,16.8363730,0.2315563,42.0754421,0.0000000,3.8641801,-0.1269188,0.9994309,0.0000373,0.0337149,-0.0011069,0.7369099,0.3361595,0.9126158,-0.6608853,0.0000000,9.7843556,27.0672637
2,1,0.9800,STAIRS,0.0033607,0.3539054,10.6911457,0.7569389,14.0395149,7.1579833,16.6976946,-0.0466598,42.2154776,0.0000000,4.5476901,-0.1274876,0.9992120,0.0000441,0.0396756,-0.0011117,0.8446510,0.3550927,0.9779824,-0.7775580,0.0000000,9.7757756,27.1000079
2,1,0.9900,STAIRS,-0.0306374,0.3264421,10.7157498,0.0074662,16.6053615,7.3570318,15.6707185,-0.9935497,42.7462105,0.0000000,5.1852776,-0.1280562,0.9989758,0.0000505,0.0452346,-0.0011164,0.9321801,0.3299111,0.9269672,-0.8862925,-0.0000000,9.7665178,27.0344796
2,1,1.0000,STAIRS,0.0929882,0.2857747,10.7139866,0.1706698,18.6039871,7.9813448,15.3771430,-0.3189686,42.4482636,0.0000000,5.7705043,-0.1286244,0.9987317,0.0000565,0.0503358,-0.0011210,1.0616036,0.2641470,0.9767445,-0.9860010,0.0000000,9.7569558,27.0590662
2,1,1.0100,STAIRS,0.1207848,0.2364295,10.7296453,-0.6037265,20.1574016,7.7664633,15.1311516,-0.5803539,42.8210145,0.0000000,6.2974607,-0.1291924,0.9984897,0.0000619,0.0549280,-0.0011257,1.1784138,0.2031232,0.9474660,-1.0756940,0.0000000,9.7474749,27.0561556
2,1,1.0200,STAIRS,0.1057853,0.2565632,10.6834856,0.1249986,21.2684710,7.0073741,14.1261536,-0.0251077,43.2682771,0.0000000,6.7608256,-0.1297601,0.9982594,0.0000668,0.0589651,-0.0011304,1.2870504,0.1634238,0.9333422,-1.1544881,0.0000000,9.7384568,27.0092142
2,1,1.0300,STAIRS,0.1115211,0.0637439,10.6541265,0.0687491,22.3869912,6.5015855,14.1715007,0.2628352,42.7339559,0.0000000,7.1559198,-0.1303275,0.9980502,0.0000710,0.0624066,-0.0011351,1.3430280,0.1160786,0.9300410,-1.2216136,0.0000000,9.7302644,27.1172967
2,1,1.0400,STAIRS,0.0918795,0.0127276,10.6057336,0.3222416,23.6855467,4.7474577,14.0634123,-0.6121857,42.9242800,0.0000000,7.4787539,-0.1308947,0.9978704,0.0000745,0.0652181,-0.0011398,1.3715935,-0.0030276,0.8895441,-1.2764193,0.0000000,9.7232267,27.0423718
2,1,1.0500,STAIRS,0.1027210,-0.0684330,10.5551286,-0.0487811,24.1815173,3.7915784,14.1408296,-0.5515785,43.9733321,0.0000000,7.7260677,-0.1314615,0.9977273,0.0000773,0.0673715,-0.0011446,1.4671260,-0.0913495,0.8268287,-1.3183770,-0.0000000,9.7176266,27.0720813
2,1,1.0600,STAIRS,0.0835523,-0.1083746,10.4525025,-0.0371831,24.8773036,1.9966131,13.6891617,-0.3788174,43.2933273,0.0000000,7.8953639,-0.1320280,0.9976267,0.0000793,0.0688455,-0.0011494,1.5198080,-0.1585729,0.8330561,-1.3470846,0.0000000,9.7136887,27.0719320
2,1,1.0700,STAIRS,0.1183002,-0.1692852,10.4041352,-0.1939466,25.1629590,0.6526807,13.9053131,-0.1855535,43.6808960,0.0000000,7.9849331,-0.1325942,0.9975725,0.0000806,0.0696253,-0.0011543,1.4688102,-0.1982334,0.7428572,-1.3622681,-0.0000000,9.7115709,27.0391897
2,1,1.0800,STAIRS,0.0465064,-0.2605164,10.4132550,0.3869199,25.2744348,-1.6572824,13.7685278,0.1226649,43.5489230,0.0000000,7.9938706,-0.1331601,0.9975671,0.0000810,0.0697031,-0.0011592,1.5225229,-0.2471239,0.6653453,-1.3637830,0.0000000,9.7113583,27.0468952
2,1,1.0900,STAIRS,0.1105699,-0.3565248,10.2831147,0.7471354,24.5608440,-2.3399086,13.0267319,-0.2798362,43.6626759,0.0000000,7.9220864,-0.1337258,0.9976106,0.0000806,0.0690781,-0.0011642,1.4718772,-0.2565014,0.5991270,-1.3516148,-0.0000000,9.7130593,27.0794801
2,1,1.1000,STAIRS,0.1611568,-0.2937762,10.2511504,-0.0098084,24.6719448,-3.8004852,14.0380359,-0.6830572,43.2794569,0.0000000,7.7703051,-0.1342911,0.9977012,0.0000794,0.0677567,-0.0011692,1.4821719,-0.3454246,0.5341924,-1.3258794,-0.0000000,9.7166058,27.1046221
2,1,1.1100,STAIRS,0.0745414,-0.3355987,10.1226092,-0.1619440,23.7646293,-5.7115223,14.2614261,0.0554966,42.5753097,0.0000000,7.5400596,-0.1348561,0.9978353,0.0000774,0.0657519,-0.0011743,1.3995611,-0.3784815,0.4184946,-1.2868222,-0.0000000,9.7218554,27.0281899
2,1,1.1200,STAIRS,0.0756564,-0.4096490,10.0369674,0.1494513,22.3862685,-6.3654179,14.2356532,-0.7981822,42.7130220,0.0000000,7.2336748,-0.1354208,0.9980075,0.0000746,0.0630838,-0.0011794,1.3374849,-0.3611862,0.2845652,-1.2348172,0.0000000,9.7285976,27.0639243
2,1,1.1300,STAIRS,0.0848156,-0.3626621,9.9908118,0.3931122,21.8973362,-7.4844344,14.6889509,-0.5704393,43.2946029,0.0000000,6.8542446,-0.1359853,0.9982109,0.0000709,0.0597789,-0.0011846,1.2954496,-0.3795972,0.2610128,-1.1703649,0.0000000,9.7365615,27.1180502
2,1,1.1400,STAIRS,0.0357389,-0.3571509,9.8654067,-0.1362826,20.2186469,-7.8842759,15.2436124,0.1076413,43.1617009,0.0000000,6.4056005,-0.1365494,0.9984373,0.0000666,0.0558703,-0.0011898,1.1847284,-0.3218923,0.1450443,-1.0940894,0.0000000,9.7454273,27.0733415
2,1,1.1500,STAIRS,0.0649615,-0.3414177,9.7972342,0.8074728,18.6510478,-8.3041589,15.3664301,-0.3872371,42.6617967,0.0000000,5.8922729,-0.1371132,0.9986776,0.0000615,0.0513971,-0.0011950,1.1034003,-0.3435661,0.0490489,-1.0067349,0.0000000,9.7548382,27.0501909
2,1,1.1600,STAIRS,0.0918546,-0.2925801,9.7282712,0.8557572,16.7510178,-8.3552563,15.9111163,-0.4556514,42.7006796,0.0000000,5.3194453,-0.1376767,0.9989220,0.0000558,0.0464042,-0.0012002,0.9916926,-0.2579009,-0.0753157,-0.9091600,0.0000000,9.7644156,27.0532363
2,1,1.1700,STAIRS,0.0444112,-0.1932008,9.6725750,-0.4906478,14.7512882,-7.4612163,16.6723513,-0.1157713,42.2283370,0.0000000,4.6929021,-0.1382398,0.9991608,0.0000494,0.0409418,-0.0012054,0.8529516,-0.1549296,-0.0877252,-0.8023315,0.0000000,9.7737735,27.1093903
2,1,1.1800,STAIRS,0.0178805,-0.0421286,9.6050339,0.2572704,12.8806803,-6.8647361,16.9443276,-0.3094905,42.5257411,0.0000000,4.0189701,-0.1388027,0.9993843,0.0000425,0.0350649,-0.0012105,0.7336057,-0.1480506,-0.2145477,-0.6873163,0.0000000,9.7825345,27.0646623
2,1,1.1900,STAIRS,0.0288668,-0.0161410,9.4156427,-0.0588257,9.9780328,-5.6679574,17.9216527,-0.5441929,42.1846909,0.0000000,3.3044547,-0.1393653,0.9995835,0.0000351,0.0288328,-0.0012157,0.6120579,-0.0531927,-0.3168248,-0.5652715,-0.0000000,9.7903449,27.0053525
2,1,1.2000,STAIRS,0.0000297,-0.0022016,9.3285939,0.5703546,8.2518983,-5.0114037,18.0867003,-0.4794510,41.5073127,0.0000000,2.5565711,-0.1399275,0.9997504,0.0000272,0.0223084,-0.0012208,0.4699460,0.0401699,-0.3993143,-0.4374332,0.0000000,9.7968891,27.1069799
2,1,1.2100,STAIRS,-0.0050512,0.0537501,9.3652517,0.4781806,5.9009924,-4.3814947,18.4315492,-0.5238978,41.0540595,0.0000000,1.7828712,-0.1404895,0.9998782,0.0000191,0.0155578,-0.0012259,0.3529844,0.1303624,-0.4909288,-0.3051040,0.0000000,9.8019027,27.0427104
2,1,1.2200,STAIRS,-0.0317520,0.1431747,9.2453016,0.1365889,3.2989495,-2.6580584,18.7123407,-0.4868470,41.5254056,0.0000000,0.9911680,-0.1410511,0.9999618,0.0000106,0.0086495,-0.0012309,0.1707067,0.1617357,-0.5541284,-0.1696382,-0.0000000,9.8051827,27.0106618
2,1,1.2300,STAIRS,-0.0220153,0.2353215,9.1887802,-0.2944427,0.8800562,-0.4536645,19.5137478,-0.4761628,40.8418341,0.0000000,0.1894561,-0.1416124,0.9999979,0.0000020,0.0016533,-0.0012358,0.0576471,0.1615434,-0.6637387,-0.0324269,-0.0000000,9.8065964,27.0428899
2,1,1.2400,STAIRS,-0.0176643,0.3041229,9.1122703,0.4761588,-1.7473799,0.5372299,20.6067017,-0.6640942,40.3402570,0.0000000,-0.6141690,-0.1421734,0.9999849,-0.0000066,-0.0053596,-0.0012407,-0.1261684,0.2792646,-0.6950738,0.1051181,0.0000000,9.8060866,27.0931506
2,1,1.2500,STAIRS,-0.0517061,0.3610372,9.1354033,-0.1898087,-3.9877872,2.6993841,21.1085924,-0.3672017,40.6201319,0.0000000,-1.4115923,-0.1427340,0.9999234,-0.0000153,-0.0123181,-0.0012455,-0.2201537,0.3136254,-0.6178482,0.2415813,-0.0000000,9.8036739,27.0759974
2,1,1.2600,STAIRS,-0.0701690,0.3110020,9.1239233,-0.0643391,-6.6417928,3.7417755,21.4450826,0.0385192,39.7997578,0.0000000,-2.1947613,-0.1432944,0.9998158,-0.0000239,-0.0191517,-0.0012502,-0.4305553,0.3426106,-0.5863402,0.3755598,-0.0000000,9.7994561,27.0941939
2,1,1.2700,STAIRS,-0.1037874,0.3867205,9.1660341,-0.4869744,-8.9779203,4.9433430,21.8054681,-0.4593202,39.4319269,0.0000000,-2.9557677,-0.1438544,0.9996666,-0.0000324,-0.0257911,-0.0012549,-0.5087327,0.3445568,-0.6661389,0.5056799,0.0000000,9.7936036,27.0292276
2,1,1.2800,STAIRS,-0.0256212,0.4105065,9.1516246,-0.0232301,-11.3112628,6.5389341,22.6544890,-0.3537868,39.2276803,0.0000000,-3.6869269,-0.1444141,0.9994817,-0.0000405,-0.0321689,-0.0012596,-0.6890366,0.3782944,-0.6181885,0.6306128,0.0000000,9.7863533,27.1021393
2,1,1.2900,STAIRS,-0.1085902,0.4170555,9.1671712,-0.0459893,-13.2939020,6.4917201,23.2454434,-1.1630648,39.0524749,0.0000000,-4.3808556,-0.1449734,0.9992685,-0.0000484,-0.0382208,-0.0012642,-0.8236776,0.3666880,-0.6048466,0.7490895,0.0000000,9.7779982,27.1232465
2,1,1.3000,STAIRS,-0.0814589,0.3797471,9.2505608,0.1630689,-14.9251397,6.8970039,23.5883074,-0.3117195,38.5124530,0.0000000,-5.0305466,-0.1455325,0.9990358,-0.0000557,-0.0438857,-0.0012688,-0.9468046,0.3424549,-0.5398635,0.8599141,0.0000000,9.7688757,27.0984193
2,1,1.3100,STAIRS,-0.1360954,0.3343419,9.2460160,-0.1332593,-17.7696727,7.8004496,23.5768887,-0.0489523,38.3980038,0.0000000,-5.6294392,-0.1460912,0.9987927,-0.0000626,-0.0491063,-0.0012733,-1.0415685,0.3360530,-0.4734682,0.9619759,-0.0000000,9.7593538,27.1269000
2,1,1.3200,STAIRS,-0.1427809,0.2121179,9.3612886,0.2780045,-19.8257769,7.8051362,23.9824776,-0.0187990,38.4800286,0.0000000,-6.1714860,-0.1466496,0.9985493,-0.0000689,-0.0538303,-0.0012779,-1.1655535,0.2195984,-0.4183092,1.0542599,0.0000000,9.7498164,27.0595676
2,1,1.3300,STAIRS,-0.1491724,0.1674023,9.3512818,-0.0481885,-20.4030859,6.7017941,24.6245142,-0.3659148,38.2459901,0.0000000,-6.6512134,-0.1472076,0.9983152,-0.0000745,-0.0580102,-0.0012825,-1.2332975,0.1641865,-0.3243903,1.1358555,-0.0000000,9.7406476,27.0873411
2,1,1.3400,STAIRS,-0.0850160,0.1418368,9.4408139,0.0064249,-21.5880552,5.5411150,24.4689453,-0.2962941,38.3862218,0.0000000,-7.0637770,-0.1477654,0.9980998,-0.0000794,-0.0616040,-0.0012870,-1.2862397,0.1060591,-0.3413906,1.2059639,0.0000000,9.7322164,27.0476254
2,1,1.3500,STAIRS,-0.1641092,0.0358716,9.4914423,0.3700695,-22.4760801,5.9214451,24.7721401,-0.4893584,38.3241754,0.0000000,-7.4050108,-0.1483228,0.9979120,-0.0000836,-0.0645759,-0.0012917,-1.4288325,-0.0050865,-0.2498849,1.2639038,-0.0000000,9.7248615,27.1221304
2,1,1.3600,STAIRS,-0.1810305,-0.0465543,9.4760161,-0.3156698,-23.8634166,4.5946992,25.0252132,-0.3713636,38.1359179,0.0000000,-7.6714691,-0.1488798,0.9977591,-0.0000869,-0.0668961,-0.0012963,-1.4465976,-0.0431642,-0.1966954,1.3091162,0.0000000,9.7188785,27.0821263
2,1,1.3700,STAIRS,-0.1444471,-0.0113261,9.6373698,-0.0998407,-24.4344384,2.1270442,25.2467851,-0.6805381,37.9350737,0.0000000,-7.8604612,-0.1494365,0.9976474,-0.0000894,-0.0685416,-0.0013010,-1.4791784,-0.1204119,-0.1061178,1.3411671,0.0000000,9.7145075,27.0836553
2,1,1.3800,STAIRS,-0.1080609,-0.1090647,9.6419339,0.3919049,-24.8141605,0.8821548,25.2357434,-0.4226053,37.4917453,0.0000000,-7.9700785,-0.1499929,0.9975814,-0.0000910,-0.0694959,-0.0013058,-1.5149820,-0.1810966,-0.0157673,1.3597502,0.0000000,9.7119238,27.0559062
2,1,1.3900,STAIRS,-0.1734975,-0.2513724,9.6771295,0.1179716,-25.1497901,-0.7090561,25.5635242,0.0364338,37.9498366,0.0000000,-7.9992143,-0.1505490,0.9975637,-0.0000916,-0.0697496,-0.0013106,-1.5083226,-0.2588033,-0.0027405,1.3646887,-0.0000000,9.7112311,27.0728036
2,1,1.4000,STAIRS,-0.1110117,-0.2578299,9.8232161,0.1630285,-24.0811453,-2.0104308,25.4101368,-0.2036528,38.0994810,0.0000000,-7.9475743,-0.1511047,0.9975950,-0.0000914,-0.0693000,-0.0013155,-1.4722691,-0.2846052,0.0501540,1.3559356,0.0000000,9.7124571,27.1024485
2,1,1.4100,STAIRS,-0.1358468,-0.3428943,9.8635737,0.0562182,-24.1797368,-4.8982011,25.1269630,0.0996048,38.0351981,0.0000000,-7.8156800,-0.1516601,0.9976741,-0.0000902,-0.0681517,-0.0013204,-1.4618848,-0.3198804,0.1402628,1.3335740,0.0000000,9.7155527,27.0822785
2,1,1.4200,STAIRS,-0.1402608,-0.4088230,9.9492489,-0.4079349,-23.7829481,-4.2447831,24.8560978,-0.3623307,38.3991076,0.0000000,-7.6048632,-0.1522151,0.9977978,-0.0000881,-0.0663162,-0.0013254,-1.4567429,-0.3140041,0.2174015,1.2978172,0.0000000,9.7203938,27.0815930
2,1,1.4300,STAIRS,-0.1359042,-0.3538639,10.0205057,-0.0628714,-22.7533642,-5.8574570,25.2611607,-0.7810259,37.3627286,0.0000000,-7.3172528,-0.1527698,0.9979611,-0.0000851,-0.0638116,-0.0013305,-1.3667475,-0.4079031,0.2789547,1.2490071,-0.0000000,9.7267860,27.1077356
2,1,1.4400,STAIRS,-0.1036213,-0.3450641,10.0491839,0.5655629,-21.3760969,-7.8028591,23.7231566,-0.9347763,38.3829233,0.0000000,-6.9557529,-0.1533241,0.9981574,-0.0000812,-0.0606631,-0.0013355,-1.3334078,-0.3332707,0.3438592,1.1876128,0.0000000,9.7344728,27.0472284
2,1,1.4500,STAIRS,-0.1606948,-0.3529194,10.1167078,-0.4173322,-20.8172176,-7.4983786,24.8417222,-0.3816954,38.2180476,0.0000000,-6.5240142,-0.1538781,0.9983789,-0.0000764,-0.0569020,-0.0013407,-1.2360952,-0.3032297,0.3720159,1.1142280,0.0000000,9.7431453,27.0555855
2,1,1.4600,STAIRS,-0.1171826,-0.3329316,10.2449072,-0.2385842,-19.2206855,-8.3788434,23.2887334,-0.3057583,38.9035428,0.0000000,-6.0263961,-0.1544318,0.9986165,-0.0000708,-0.0525659,-0.0013458,-1.2087643,-0.2785080,0.3613222,1.0295671,0.0000000,9.7524549,27.0516919
2,1,1.4700,STAIRS,-0.1451285,-0.2438041,10.2587205,0.2855133,-16.8803461,-8.4941122,23.8852082,-0.3055237,38.4430662,0.0000000,-5.4679237,-0.1549851,0.9988609,-0.0000645,-0.0476985,-0.0013510,-1.0097226,-0.2719492,0.5189105,0.9344608,0.0000000,9.7620268,27.0874673
2,1,1.4800,STAIRS,-0.0785857,-0.2514813,10.2282022,0.4359931,-15.1146063,-8.0174821,23.6373642,-0.5968846,39.4409420,0.0000000,-4.8542364,-0.1555380,0.9991020,-0.0000575,-0.0423485,-0.0013561,-0.9106669,-0.2137136,0.5448720,0.8298494,0.0000000,9.7714755,27.1530959
2,1,1.4900,STAIRS,-0.1235889,-0.0733985,10.3743858,0.0274215,-13.1273963,-7.1577723,22.9227365,-0.2315944,39.3794324,0.0000000,-4.1915312,-0.1560906,0.9993302,-0.0000498,-0.0365698,-0.0013612,-0.7820378,-0.1614093,0.5408786,0.7167757,0.0000000,9.7804201,27.1101992
2,1,1.5000,STAIRS,-0.0392463,-0.0428551,10.4426018,-0.3889808,-11.1197505,-6.4989989,22.3778194,-0.1336463,39.0997309,0.0000000,-3.4865000,-0.1566429,0.9995362,-0.0000416,-0.0304207,-0.0013663,-0.6561045,-0.0413776,0.6002742,0.5963753,0.0000000,9.7884994,27.0934874
2,1,1.5100,STAIRS,-0.0931728,-0.0052960,10.4342790,0.0503919,-9.4079107,-6.0311002,21.6767792,-0.1372938,39.8183827,0.0000000,-2.7462623,-0.1571948,0.9997119,-0.0000329,-0.0239633,-0.0013714,-0.5495476,-0.0099777,0.6135691,0.4698657,0.0000000,9.7953872,27.1085959
2,1,1.5200,STAIRS,-0.0770040,0.0766929,10.4763452,0.2745419,-5.7269532,-4.6631899,20.9420265,-0.6164719,40.4986250,0.0000000,-1.9782929,-0.1577464,0.9998500,-0.0000238,-0.0172630,-0.0013764,-0.3593528,0.0855067,0.6559669,0.3385340,-0.0000000,9.8008050,27.1202135
2,1,1.5300,STAIRS,-0.0840688,0.1720797,10.4586070,-0.4800468,-3.7408238,-3.3058638,21.0137983,0.4001665,40.3799895,0.0000000,-1.1903468,-0.1582975,0.9999451,-0.0000143,-0.0103875,-0.0013813,-0.1836519,0.1653532,0.6045253,0.2037231,0.0000000,9.8045337,27.1231886
2,1,1.5400,STAIRS,-0.0526433,0.2138171,10.4933097,-0.0371689,-1.1520631,-1.3822652,20.4134830,-0.6401566,40.8712610,0.0000000,-0.3903806,-0.1588484,0.9999932,-0.0000047,-0.0034067,-0.0013862,-0.0675431,0.2211904,0.7187348,0.0668164,0.0000000,9.8064224,27.0881253
2,1,1.5500,STAIRS,-0.0453029,0.3192308,10.5323072,0.6168559,0.9943746,0.1231007,19.4914949,-0.1920967,40.9229207,0.0000000,0.4135276,-0.1593989,0.9999925,0.0000050,0.0036087,-0.0013910,0.0679301,0.2927333,0.7009503,-0.0707781,-0.0000000,9.8063946,27.1144111
2,1,1.5600,STAIRS,-0.0064907,0.2946055,10.5951112,-0.3915140,4.2121318,1.9625043,18.8304990,-0.5762748,40.8686088,0.0000000,1.2132601,-0.1599490,0.9999430,0.0000148,0.0105875,-0.0013957,0.2340121,0.3236573,0.7724578,-0.2076441,0.0000000,9.8044514,27.0872692
2,1,1.5700,STAIRS,0.0317628,0.3330015,10.5881284,-0.5438128,6.3228892,3.6337930,19.1057565,-0.8819818,41.4385091,0.0000000,2.0007411,-0.1604988,0.9998466,0.0000245,0.0174589,-0.0014004,0.4266932,0.3328304,0.8151296,-0.3423739,0.0000000,9.8006716,27.1665720
2,1,1.5800,STAIRS,0.0379245,0.3378633,10.6063493,0.3118647,9.2329318,5.0540708,17.0879882,-0.6484583,42.1818026,0.0000000,2.7680187,-0.1610482,0.9997073,0.0000339,0.0241531,-0.0014050,0.5620534,0.3681833,0.8368542,-0.4735852,0.0000000,9.7952081,27.1037362
2,1,1.5900,STAIRS,0.0392103,0.3405353,10.6834793,0.6030273,11.3977272,6.7258595,17.9934145,-0.0825659,42.3791779,0.0000000,3.5073449,-0.1615972,0.9995306,0.0000432,0.0306025,-0.0014095,0.6591818,0.3131245,0.9551318,-0.5999365,0.0000000,9.7882818,27.1420503
2,1,1.6000,STAIRS,0.0290728,0.3276891,10.6751938,-0.0026196,13.9720338,6.7400653,16.6908529,0.2731466,42.4172356,0.0000000,4.2112541,-0.1621459,0.9993238,0.0000520,0.0367418,-0.0014140,0.7746333,0.3777619,0.9284255,-0.7201424,0.0000000,9.7801728,27.0628253
2,1,1.6100,STAIRS,0.0406003,0.3673469,10.7144765,-0.0386734,15.3211679,6.9067145,15.5843783,-0.0104408,42.8034835,0.0000000,4.8726382,-0.1626942,0.9990951,0.0000604,0.0425089,-0.0014185,0.8804702,0.3067264,0.9359938,-0.8329877,-0.0000000,9.7712085,27.1241683
2,1,1.6200,STAIRS,0.0959589,0.3178301,10.6907223,0.5563726,17.3672740,8.0027410,16.6695786,-0.3716740,43.1040903,0.0000000,5.4848185,-0.1632421,0.9988537,0.0000682,0.0478457,-0.0014229,1.0524296,0.3223958,0.9905213,-0.9373392,0.0000000,9.7617508,27.1089735
2,1,1.6300,STAIRS,0.0753902,0.3022191,10.7532300,0.2058177,19.0350629,7.4379765,14.7444425,-0.4562211,43.0245209,0.0000000,6.0416133,-0.1637897,0.9986094,0.0000753,0.0526985,-0.0014273,1.1090827,0.2265597,0.9453358,-1.0321572,0.0000000,9.7521811,27.0984633
2,1,1.6400,STAIRS,0.0587098,0.1812384,10.7291714,-0.5635479,21.1591056,7.5986311,14.6403449,-0.6434943,42.8388667,0.0000000,6.5374002,-0.1643369,0.9983721,0.0000818,0.0570186,-0.0014318,1.2506158,0.1821050,0.9507980,-1.1165043,0.0000000,9.7428847,27.0809768
2,1,1.6500,STAIRS,0.0656073,0.1436345,10.6644557,0.5223126,21.7259699,6.5589336,14.4189616,0.6610530,43.3231035,0.0000000,6.9671725,-0.1648837,0.9981512,0.0000874,0.0607625,-0.0014362,1.3030267,0.1355753,0.9392885,-1.1895530,0.0000000,9.7342359,27.0932319
2,1,1.6600,STAIRS,0.0591738,0.0599128,10.6209104,-0.0811184,22.9212034,5.2322439,14.0742941,-0.5732418,43.3753928,0.0000000,7.3265906,-0.1654302,0.9979557,0.0000922,0.0638929,-0.0014407,1.3410679,0.0580395,0.8671153,-1.2505923,0.0000000,9.7265823,27.0417594
2,1,1.6700,STAIRS,0.0389537,-0.0081925,10.5413271,0.2227421,24.3482063,4.0496012,13.9768132,-0.1269084,43.3509474,0.0000000,7.6120251,-0.1659763,0.9977935,0.0000961,0.0663785,-0.0014452,1.4057620,-0.0505283,0.8740569,-1.2990322,0.0000000,9.7202315,27.0940715
2,1,1.6800,STAIRS,0.1334475,-0.1270391,10.5725281,-0.1331690,24.5369910,3.3089435,13.9024126,0.1270475,42.8772805,0.0000000,7.8205936,-0.1665220,0.9976710,0.0000991,0.0681945,-0.0014498,1.4430860,-0.0904649,0.8060222,-1.3344072,0.0000000,9.7154383,27.1015793
2,1,1.6900,STAIRS,0.0862424,-0.1525165,10.5077920,0.2725719,24.9448201,1.3661934,13.9605949,0.1240791,43.5498501,0.0000000,7.9501899,-0.1670674,0.9975932,0.0001011,0.0693228,-0.0014544,1.4703107,-0.1764171,0.8175254,-1.3563789,0.0000000,9.7123952,27.0891272
2,1,1.7000,STAIRS,0.1223499,-0.2525559,10.4244929,-0.3971997,25.1712378,0.1869145,13.8695712,-0.1127169,43.3308930,0.0000000,7.9995056,-0.1676124,0.9975633,0.0001020,0.0697521,-0.0014591,1.4842372,-0.2265226,0.7443358,-1.3647381,-0.0000000,9.7112241,27.1264623
2,1,1.7100,STAIRS,0.1200689,-0.2824776,10.3913458,0.0457780,25.2861484,-1.9006455,14.5378543,-0.3956667,43.3771412,0.0000000,7.9680425,-0.1681569,0.9975824,0.0001020,0.0694782,-0.0014639,1.4961850,-0.2747881,0.6280367,-1.3594051,-0.0000000,9.7119721,27.0973765
2,1,1.7200,STAIRS,0.1342889,-0.2961830,10.2307255,-0.4423246,24.9600529,-3.2203478,13.4636429,0.3926358,43.1773098,0.0000000,7.8561184,-0.1687012,0.9976498,0.0001009,0.0685038,-0.0014687,1.4378192,-0.3408042,0.5465257,-1.3404307,0.0000000,9.7146091,27.1250141
2,1,1.7300,STAIRS,0.0870845,-0.2888065,10.1456422,-0.0826551,24.4679722,-5.2064009,13.9837424,-0.6850706,43.3064584,0.0000000,7.6648634,-0.1692450,0.9977627,0.0000987,0.0668386,-0.0014736,1.4161695,-0.3649063,0.4404272,-1.3079957,-0.0000000,9.7190294,27.1313858
2,1,1.7400,STAIRS,0.0943635,-0.3981017,10.0965162,-0.0069324,23.5267030,-5.3984965,14.6343907,-0.4791868,42.7124365,0.0000000,7.3962090,-0.1697885,0.9979167,0.0000956,0.0644992,-0.0014786,1.3623511,-0.3986429,0.3805399,-1.2624099,0.0000000,9.7250556,27.1276722
2,1,1.7500,STAIRS,0.0299189,-0.3822245,10.0621439,0.0893012,21.5241287,-6.7140373,14.3946238,-0.5022890,43.3765358,0.0000000,7.0528678,-0.1703315,0.9981054,0.0000914,0.0615090,-0.0014836,1.3287164,-0.3896921,0.2873039,-1.2041108,-0.0000000,9.7324458,27.1187938
2,1,1.7600,STAIRS,0.1049281,-0.3301041,9.9564805,0.9172894,21.0193400,-7.8109185,15.0405284,0.3692728,42.3628511,0.0000000,6.6383071,-0.1708742,0.9983214,0.0000863,0.0578977,-0.0014887,1.2000426,-0.3709387,0.2074747,-1.1336613,0.0000000,9.7409033,27.1107501
2,1,1.7700,STAIRS,0.0839979,-0.3316791,9.8658331,0.3736767,19.7351067,-7.8209324,15.0678879,-1.0305385,43.5818805,0.0000000,6.1567129,-0.1714165,0.9985559,0.0000803,0.0537016,-0.0014937,1.1522869,-0.3761021,0.1221215,-1.0517460,0.0000000,9.7500879,27.1029650
2,1,1.7800,STAIRS,0.0332177,-0.2473119,9.8503185,-0.0673577,17.9012257,-8.1933648,14.7198004,0.6766303,42.6282550,0.0000000,5.6129485,-0.1719584,0.9987995,0.0000735,0.0489626,-0.0014988,1.0674020,-0.2542703,0.0523434,-0.9591670,0.0000000,9.7596303,27.0957637
2,1,1.7900,STAIRS,0.0246438,-0.2172817,9.7353241,0.1749278,15.6408480,-7.5805346,16.2593761,-0.4664953,43.0716406,0.0000000,5.0125047,-0.1725000,0.9990423,0.0000658,0.0437284,-0.0015039,0.9818948,-0.2344849,-0.1095664,-0.8568380,-0.0000000,9.7691460,27.1344880
2,1,1.8000,STAIRS,0.0192514,-0.1689394,9.6025812,0.6488102,13.4256142,-7.5642859,16.6251466,-0.5861128,42.1286013,0.0000000,4.3614448,-0.1730411,0.9992746,0.0000575,0.0380516,-0.0015090,0.8217050,-0.1792580,-0.1600006,-0.7457769,-0.0000000,9.7782514,27.1055527
2,1,1.8100,STAIRS,-0.0155109,-0.0674900,9.4148274,-0.2366805,12.0980539,-6.8340510,17.5073545,0.2539714,41.9748282,0.0000000,3.6663432,-0.1735819,0.9994871,0.0000485,0.0319894,-0.0015140,0.6810252,-0.0705946,-0.2554813,-0.6270970,-0.0000000,9.7865793,27.0625888
2,1,1.8200,STAIRS,0.0775466,-0.0053175,9.4460548,0.4591816,8.8561279,-5.5740901,17.9608904,0.1954596,42.0287541,0.0000000,2.9342189,-0.1741222,0.9996710,0.0000389,0.0256031,-0.0015190,0.5594397,-0.0065219,-0.3859176,-0.5019965,-0.0000000,9.7937931,27.1138773
2,1,1.8300,STAIRS,-0.0146959,0.0680338,9.3187524,0.4188525,7.1510718,-4.5042514,17.9753535,-0.3303090,42.4012619,0.0000000,2.1724651,-0.1746622,0.9998191,0.0000289,0.0189572,-0.0015239,0.3608216,0.0810507,-0.4813149,-0.3717464,0.0000000,9.7996015,27.1436435
2,1,1.8400,STAIRS,0.0351060,0.0735856,9.2481267,0.8307966,4.5941620,-2.4416245,19.0474696,-0.0186332,40.6060585,0.0000000,1.3887737,-0.1752018,0.9999254,0.0000185,0.0121190,-0.0015288,0.2503354,0.1405518,-0.5799792,-0.2376769,0.0000000,9.8037694,27.1244093
2,1,1.8500,STAIRS,0.0283875,0.2239310,9.2007930,-0.4156338,2.1070161,-1.4256377,18.8997153,-1.2178258,41.3640111,0.0000000,0.5910586,-0.1757410,0.9999855,0.0000079,0.0051579,-0.0015336,0.1572122,0.2260127,-0.6003030,-0.1011628,0.0000000,9.8061282,27.1195483
2,1,1.8600,STAIRS,0.0139905,0.2702821,9.1671095,0.9468129,-0.4501240,-0.1719190,20.1264629,-0.1168484,40.8043244,0.0000000,-0.2126250,-0.1762798,0.9999971,-0.0000029,-0.0018555,-0.0015383,-0.0411092,0.2692651,-0.6819858,0.0363925,0.0000000,9.8065825,27.1678298
2,1,1.8700,STAIRS,-0.0256284,0.3083882,9.2087089,0.4748048,-2.8275878,1.6030199,20.7195401,-0.1091682,40.8085193,0.0000000,-1.0141616,-0.1768182,0.9999596,-0.0000137,-0.0088501,-0.0015430,-0.1899318,0.2879657,-0.6320748,0.1735731,-0.0000000,9.8051138,27.0443029
2,1,1.8800,STAIRS,-0.0584740,0.4428035,9.1596983,-0.1817630,-5.2099998,3.0412319,20.8625626,-0.8636871,39.8907899,0.0000000,-1.8054572,-0.1773562,0.9998747,-0.0000244,-0.0157549,-0.0015475,-0.3350481,0.3381356,-0.6696566,0.3089679,0.0000000,9.8017816,27.1003246
2,1,1.8900,STAIRS,-0.0922682,0.3866979,9.1951144,0.3055260,-7.9468078,4.6908157,22.2473519,0.1125862,40.3432656,0.0000000,-2.5785213,-0.1778938,0.9997456,-0.0000349,-0.0224999,-0.0015520,-0.4410515,0.3854596,-0.6425494,0.4411864,0.0000000,9.7967208,27.1514061
2,1,1.9000,STAIRS,-0.0996053,0.3920836,9.2168395,-0.7220680,-10.7907491,6.1302292,22.0135177,0.2952043,40.0080026,0.0000000,-3.3255476,-0.1784310,0.9995777,-0.0000452,-0.0290168,-0.0015564,-0.6095300,0.3822793,-0.6168156,0.5688756,-0.0000000,9.7901361,27.0788532
2,1,1.9100,STAIRS,-0.0332266,0.3755202,9.2161760,-0.2786959,-11.8061849,6.6044312,22.6269519,-0.3597893,39.3592786,0.0000000,-4.0389927,-0.1789678,0.9993777,-0.0000550,-0.0352395,-0.0015608,-0.7928318,0.3673609,-0.5875189,0.6907348,-0.0000000,9.7822937,27.1303873
2,1,1.9200,STAIRS,-0.1023368,0.3585145,9.1885107,0.3613506,-14.8194527,7.3974214,23.0717897,-0.4748139,39.5268186,0.0000000,-4.7116521,-0.1795041,0.9991536,-0.0000644,-0.0411053,-0.0015651,-0.9129375,0.3704797,-0.5213127,0.8055299,0.0000000,9.7735104,27.1235894
2,1,1.9300,STAIRS,-0.1613984,0.2671668,9.2845624,0.7460117,-16.5005471,7.4060710,23.0959769,-0.5573337,38.5147394,0.0000000,-5.3367334,-0.1800401,0.9989145,-0.0000731,-0.0465549,-0.0015694,-1.0211079,0.3143501,-0.4684433,0.9121062,0.0000000,9.7641408,27.1335019
2,1,1.9400,STAIRS,-0.1188013,0.3303842,9.2916632,-0.3413281,-18.8736318,7.4328013,23.8253793,-0.5078749,39.1336216,0.0000000,-5.9079246,-0.1805757,0.9986700,-0.0000812,-0.0515335,-0.0015737,-1.0280079,0.2476663,-0.4635138,1.0093996,0.0000000,9.7545629,27.0939190
2,1,1.9500,STAIRS,-0.1372452,0.2390819,9.3114554,0.4006948,-19.4057459,7.4558479,24.1679510,0.0970504,38.4560645,0.0000000,-6.4194578,-0.1811109,0.9984300,-0.0000885,-0.0559910,-0.0015780,-1.1882362,0.1912521,-0.3856107,1.0964463,0.0000000,9.7451624,27.0806587
2,1,1.9600,STAIRS,-0.1644986,0.2208306,9.3861296,0.6372388,-21.3416999,6.8227708,24.4359163,-0.3530080,38.0802523,0.0000000,-6.8661675,-0.1816457,0.9982042,-0.0000949,-0.0598827,-0.0015823,-1.2339301,0.1323872,-0.3545646,1.1723909,-0.0000000,9.7363178,27.0952487
2,1,1.9700,STAIRS,-0.1665564,0.0883778,9.4670033,-0.2251427,-22.0370348,5.0077998,24.7396872,-0.4550780,37.7105032,0.0000000,-7.2435428,-0.1821800,0.9980015,-0.0001004,-0.0631697,-0.0015866,-1.4172653,0.1090143,-0.2529521,1.2364927,0.0000000,9.7283848,27.1020713
2,1,1.9800,STAIRS,-0.0944687,0.0307661,9.5345288,-0.4355943,-22.9100523,4.3462876,24.8304645,-0.7572608,37.9763173,0.0000000,-7.5477731,-0.1827140,0.9978303,-0.0001049,-0.0658190,-0.0015910,-1.4156053,-0.0300790,-0.2054190,1.2881311,0.0000000,9.7216821,27.1487487
2,1,1.9900,STAIRS,-0.1934652,-0.0618036,9.5090367,-0.0001321,-23.7056054,2.7347454,24.8191817,0.1194739,37.7142390,0.0000000,-7.7757863,-0.1832475,0.9976974,-0.0001084,-0.0678044,-0.0015955,-1.4384208,-0.1041400,-0.1550312,1.3268090,0.0000000,9.7164789,27.1163156
2,1,0.0000,SIT_TO_STAND,-1.4462449,-0.0773109,9.4829766,0.0557678,-0.4067684,-0.7461774,14.5464343,-0.6860318,43.0347753,0.0000000,8.0000000,0.3969444,0.9975581,-0.0002416,0.0697561,0.0034555,-0.0489986,-0.1170966,-0.2481698,-1.3648219,0.0000000,9.7112124,27.0323900
2,1,0.0100,SIT_TO_STAND,-1.4346419,0.0722271,9.7812961,0.9075020,2.2716633,-1.2754652,14.4761069,-0.6753535,41.8015640,0.0000000,7.9993960,0.3968700,0.9975584,-0.0002416,0.0697508,0.0034549,-0.1303384,0.0589848,0.0694452,-1.3647195,0.0000000,9.7112267,27.0408383
2,1,0.0200,SIT_TO_STAND,-1.4946993,0.2041462,9.6745560,2.1725159,0.7603987,0.7802604,13.9395831,0.0315482,43.0163708,0.0000000,7.9975921,0.3967946,0.9975595,-0.0002415,0.0697351,0.0034542,-0.1060521,0.1429919,0.0004636,-1.3644138,0.0000000,9.7112697,27.0088559
2,1,0.0300,SIT_TO_STAND,-1.3456725,0.0360713,9.9436619,1.0250637,3.1845379,1.6772856,13.7263293,-0.5290873,42.4881449,0.0000000,7.9946004,0.3967184,0.9975614,-0.0002413,0.0697091,0.0034536,0.0368956,0.0216880,0.3080952,-1.3639067,0.0000000,9.7113409,27.0359741
2,1,0.0400,SIT_TO_STAND,-1.1508122,-0.0959550,9.8036238,0.2394272,3.1553809,0.4916404,14.9152121,0.4372744,42.5818370,0.0000000,7.9904332,0.3966412,0.9975639,-0.0002412,0.0696728,0.0034529,0.2476342,-0.0400648,0.0770647,-1.3632004,-0.0000000,9.7114401,26.9706731
2,1,0.0500,SIT_TO_STAND,-1.4733505,0.1046314,9.8684273,0.0770465,2.9754985,-0.2753001,14.4466491,-0.2077541,41.7663934,0.0000000,7.9851027,0.3965632,0.9975671,-0.0002410,0.0696264,0.0034523,-0.1257532,0.1033478,0.1874258,-1.3622969,-0.0000000,9.7115669,27.0570591
2,1,0.0600,SIT_TO_STAND,-1.0973732,-0.0889683,9.8148362,1.1716284,2.5237933,-1.4915798,13.5745920,-0.6264032,42.5003473,0.0000000,7.9786209,0.3964842,0.9975711,-0.0002407,0.0695699,0.0034516,0.2857710,-0.0608821,0.1191097,-1.3611982,0.0000000,9.7117209,26.9947712
2,1,0.0700,SIT_TO_STAND,-1.4671154,0.0199884,9.9330462,-0.5318988,3.4788160,1.3606702,14.3074153,-0.4949271,41.8970815,0.0000000,7.9710002,0.3964044,0.9975757,-0.0002404,0.0695036,0.0034509,0.0015901,0.0474483,0.2352710,-1.3599065,0.0000000,9.7119019,27.0235500
2,1,0.0800,SIT_TO_STAND,-1.5570098,0.0645014,9.6736604,-0.3134027,4.3967900,0.1489304,13.8910095,-0.8675394,42.0152103,0.0000000,7.9622526,0.3963237,0.9975810,-0.0002401,0.0694274,0.0034502,-0.0309173,0.1069834,-0.0391694,-1.3584237,0.0000000,9.7121094,26.9680214
2,1,0.0900,SIT_TO_STAND,-1.3249924,0.0191295,9.8511786,0.5256752,3.3538986,1.7765307,14.4863394,-0.4634136,42.4121666,0.0000000,7.9523904,0.3962421,0.9975870,-0.0002398,0.0693416,0.0034495,0.0593285,0.0623267,0.1813150,-1.3567519,0.0000000,9.7123431,26.9153717
2,1,0.1000,SIT_TO_STAND,-1.3923300,-0.1062524,9.9389246,0.3602078,2.8933020,-1.1894102,13.9863319,-0.5910032,42.5526294,0.0000000,7.9414258,0.3961596,0.9975936,-0.0002394,0.0692461,0.0034488,-0.0360937,-0.0689775,0.2793554,-1.3548933,0.0000000,9.7126026,27.0263876
2,1,0.1100,SIT_TO_STAND,-1.3647842,0.1313135,10.1312604,0.9441050,2.7295680,-2.4949583,14.2584221,-1.0083082,42.5916975,0.0000000,7.9293709,0.3960762,0.9976009,-0.0002390,0.0691412,0.0034481,0.0192381,0.1286717,0.4156892,-1.3528497,0.0000000,9.7128874,27.0337213
2,1,0.1200,SIT_TO_STAND,-1.4770443,0.0781377,10.1147607,-0.6094810,4.1040983,1.2939191,13.6248963,-0.9765960,42.2518479,0.0000000,7.9162378,0.3959919,0.9976088,-0.0002385,0.0690269,0.0034474,-0.0707536,0.0987575,0.4050986,-1.3506234,-0.0000000,9.7131972,26.9887185
2,1,0.1300,SIT_TO_STAND,-1.3355399,-0.0846201,10.1292759,0.3323591,5.0240552,2.1566573,14.5036775,-0.7740939,42.3007151,0.0000000,7.9020389,0.3959068,0.9976174,-0.0002381,0.0689032,0.0034467,0.0226461,-0.0681411,0.4717072,-1.3482162,0.0000000,9.7135317,26.9810400
2,1,0.1400,SIT_TO_STAND,-1.0652700,0.0318685,10.1682484,0.1963858,5.1160830,-0.9190134,14.3602647,-1.0559613,42.0238590,0.0000000,7.8867863,0.3958207,0.9976265,-0.0002375,0.0687705,0.0034460,0.2844482,0.0183214,0.4648778,-1.3456303,0.0000000,9.7138902,26.9758504
2,1,0.1500,SIT_TO_STAND,-1.3972277,-0.0504772,10.3432476,-0.0049612,4.5091235,-0.1411940,14.3628779,-0.5855908,41.9409601,0.0000000,7.8704921,0.3957338,0.9976363,-0.0002370,0.0686286,0.0034453,-0.0485157,-0.0532826,0.7235678,-1.3428678,0.0000000,9.7142725,26.9923983
2,1,0.1600,SIT_TO_STAND,-1.3060656,-0.0194277,9.9576972,0.4149952,4.5811273,-0.7875092,14.0925102,-0.6083530,42.3784754,0.0000000,7.8531685,0.3956459,0.9976467,-0.0002364,0.0684778,0.0034446,0.0033478,0.0557626,0.2393674,-1.3399306,0.0000000,9.7146781,27.0217896
2,1,0.1700,SIT_TO_STAND,-1.3506071,-0.0260257,9.9909066,-1.5390679,6.3807380,0.1466483,13.9281132,0.0166742,42.7365415,0.0000000,7.8348278,0.3955572,0.9976576,-0.0002358,0.0683181,0.0034438,-0.0000294,0.0573154,0.3014022,-1.3368208,0.0000000,9.7151065,26.9898581
2,1,0.1800,SIT_TO_STAND,-1.3435945,0.2240006,10.0670910,0.5920365,4.1836668,1.1939306,13.8078365,0.0234484,41.8904647,0.0000000,7.8154820,0.3954676,0.9976691,-0.0002352,0.0681497,0.0034431,0.0629641,0.2303961,0.3293315,-1.3335404,0.0000000,9.7155573,27.0188412
2,1,0.1900,SIT_TO_STAND,-1.2141070,-0.0046620,10.2429183,-2.6468686,7.5310988,0.7579701,14.2455176,-0.7979241,41.6501779,0.0000000,7.7951435,0.3953770,0.9976812,-0.0002345,0.0679726,0.0034423,0.1641869,0.0312979,0.5431118,-1.3300916,-0.0000000,9.7160301,27.0745005
2,1,0.2000,SIT_TO_STAND,-1.3861568,-0.1596669,10.1770600,-0.1235661,4.3574446,0.4657042,15.0305547,-1.1898864,42.0850954,0.0000000,7.7738243,0.3952856,0.9976939,-0.0002338,0.0677870,0.0034416,0.0135346,-0.1322350,0.4618555,-1.3264762,0.0000000,9.7165243,27.0282138
2,1,0.2100,SIT_TO_STAND,-1.4600047,0.0891567,10.2701270,-1.9731980,7.3589660,0.6224536,14.1878673,-0.4679930,42.3915187,0.0000000,7.7515367,0.3951934,0.9977070,-0.0002331,0.0675929,0.0034408,0.0141501,0.1105095,0.5886367,-1.3226965,0.0000000,9.7170396,27.0456996
2,1,0.2200,SIT_TO_STAND,-1.4527304,0.2178613,10.2210046,1.8296543,7.3486807,-0.8337378,14.7597038,-0.4669177,41.9994582,0.0000000,7.7282927,0.3951002,0.9977207,-0.0002324,0.0673906,0.0034401,-0.1554807,0.2152491,0.5925144,-1.3187543,-0.0000000,9.7175754,27.0382493
2,1,0.2300,SIT_TO_STAND,-1.0880501,0.0187763,10.0299490,1.6429664,6.9549686,-1.4906572,14.4243881,-0.7082525,42.0790605,0.0000000,7.7041047,0.3950061,0.9977349,-0.0002316,0.0671800,0.0034393,0.3003154,0.0408754,0.4011210,-1.3146518,0.0000000,9.7181312,27.0378625
2,1,0.2400,SIT_TO_STAND,-1.5466973,-0.1271223,10.2135362,0.8154182,9.6346569,1.5448272,14.5410327,-0.3740830,42.4359770,0.0000000,7.6789848,0.3949111,0.9977496,-0.0002308,0.0669612,0.0034385,-0.1703188,-0.1660352,0.5128806,-1.3103910,-0.0000000,9.7187067,26.9865593
2,1,0.2500,SIT_TO_STAND,-1.4503687,0.2048167,10.3541153,-0.0973543,7.2844470,0.4969540,15.1181245,-0.6129665,41.3835296,0.0000000,7.6529452,0.3948153,0.9977648,-0.0002299,0.0667345,0.0034377,-0.1177178,0.2125205,0.6967971,-1.3059740,-0.0000000,9.7193012,27.0707306
2,1,0.2600,SIT_TO_STAND,-1.3951559,0.0319848,10.5326198,0.3777865,8.1272736,0.6549270,14.7791485,-1.2205755,41.9711017,0.0000000,7.6259980,0.3947186,0.9977805,-0.0002291,0.0664999,0.0034369,-0.0390934,0.0492945,0.8623079,-1.3014027,0.0000000,9.7199144,27.0456962
2,1,0.2700,SIT_TO_STAND,-1.3225616,0.0795475,10.1871566,0.9877597,8.8421656,-1.6989463,14.4794737,-1.1271258,42.4240339,0.0000000,7.5981554,0.3946209,0.9977966,-0.0002282,0.0662574,0.0034361,0.0060621,0.0329052,0.5502647,-1.2966792,-0.0000000,9.7205456,27.0099760
2,1,0.2800,SIT_TO_STAND,-1.3340332,-0.0431494,10.3562208,0.4808622,11.0297939,0.2662154,13.8561903,-0.5909453,42.6271662,0.0000000,7.5694297,0.3945224,0.9978132,-0.0002273,0.0660073,0.0034353,-0.0258104,-0.0702016,0.6525969,-1.2918055,0.0000000,9.7211945,27.0439780
2,1,0.2900,SIT_TO_STAND,-1.1308217,-0.0241344,10.4614624,-1.7361768,11.3807063,-0.2493514,14.5910285,-0.8891195,42.3539101,0.0000000,7.5398329,0.3944230,0.9978302,-0.0002263,0.0657496,0.0034345,0.1178801,0.0305645,0.7332554,-1.2867838,0.0000000,9.7218605,27.0280507
2,1,0.3000,SIT_TO_STAND,-1.3400960,-0.1451972,10.4036912,0.8661251,10.0261778,0.6739412,14.9698238,-0.4745394,42.5245142,0.0000000,7.5093774,0.3943227,0.9978477,-0.0002253,0.0654844,0.0034337,0.1075890,-0.1093737,0.7719091,-1.2816160,0.0000000,9.7225431,27.0586089
2,1,0.3100,SIT_TO_STAND,-1.3494435,0.0912251,10.4823785,-1.1941325,8.9144692,-0.7783028,14.7947991,0.0770049,42.4666310,0.0000000,7.4780752,0.3942216,0.9978655,-0.0002243,0.0652118,0.0034329,-0.0428826,0.0709678,0.7549651,-1.2763041,-0.0000000,9.7232419,27.0278725
2,1,0.3200,SIT_TO_STAND,-1.5270620,0.1371189,10.4402430,0.0642289,10.4797755,-1.5754470,14.4563954,-0.3824354,42.0866405,0.0000000,7.4459386,0.3941195,0.9978838,-0.0002233,0.0649320,0.0034321,-0.1929488,0.1822489,0.7629122,-1.2708502,-0.0000000,9.7239562,27.0233394
2,1,0.3300,SIT_TO_STAND,-1.1353589,0.0676744,10.4692968,0.7502673,11.0705811,0.9870806,14.1608542,-0.6018978,42.2875826,0.0000000,7.4129796,0.3940166,0.9979024,-0.0002223,0.0646450,0.0034312,0.0780778,0.0170756,0.8140076,-1.2652564,0.0000000,9.7246856,27.0237698
2,1,0.3400,SIT_TO_STAND,-1.2367953,-0.0368724,10.6476292,0.4080175,10.4559368,0.7150006,14.5554164,-0.1969076,41.6308695,0.0000000,7.3792106,0.3939127,0.9979214,-0.0002212,0.0643509,0.0034304,0.0844062,-0.0759525,0.8376191,-1.2595246,-0.0000000,9.7254297,27.0010016
2,1,0.3500,SIT_TO_STAND,-1.2887680,0.0792453,10.6346092,0.4688954,11.4154805,-0.1343450,15.2189493,-1.2103620,42.2550038,0.0000000,7.3446437,0.3938080,0.9979408,-0.0002201,0.0640499,0.0034296,-0.0354986,0.0268893,0.9764334,-1.2536570,0.0000000,9.7261878,26.9830169
2,1,0.3600,SIT_TO_STAND,-1.5812159,-0.1974610,10.4079648,2.9481642,10.0568827,1.0596565,14.2541530,-0.4183891,41.5633223,0.0000000,7.3092911,0.3937024,0.9979605,-0.0002190,0.0637420,0.0034287,-0.2450289,-0.1772525,0.6954154,-1.2476555,-0.0000000,9.7269594,27.0128544
2,1,0.3700,SIT_TO_STAND,-1.4836953,-0.0116569,10.5604575,2.4444806,13.0012891,0.1491265,14.1912106,-0.5415268,42.2054600,0.0000000,7.2731649,0.3935959,0.9979805,-0.0002179,0.0634274,0.0034278,-0.2048472,-0.0331023,0.8075271,-1.2415222,-0.0000000,9.7277442,27.0113155
2,1,0.3800,SIT_TO_STAND,-1.2642802,0.1353574,10.4795350,3.0360589,13.5101143,0.5175741,14.4939858,-0.4426483,41.9921135,0.0000000,7.2362773,0.3934885,0.9980009,-0.0002167,0.0631061,0.0034270,-0.0126308,0.1255371,0.7786391,-1.2352591,0.0000000,9.7285415,27.0685892
2,1,0.3900,SIT_TO_STAND,-1.1392754,0.1907109,10.6470659,0.8515896,12.9038373,0.2302825,14.7934228,-0.2705509,42.1466677,0.0000000,7.1986406,0.3933803,0.9980216,-0.0002155,0.0627783,0.0034261,0.1381406,0.1617592,0.8689502,-1.2288683,0.0000000,9.7293508,27.0295919
2,1,0.4000,SIT_TO_STAND,-1.2695885,0.1027359,10.5800625,1.3495352,12.8180545,1.0895175,14.7845107,-0.6052577,41.8620086,0.0000000,7.1602669,0.3932711,0.9980426,-0.0002143,0.0624441,0.0034252,-0.0475386,0.0415339,0.8713036,-1.2223518,0.0000000,9.7301716,27.0346328
2,1,0.4100,SIT_TO_STAND,-1.1542818,-0.3035128,10.7346125,0.0345210,13.9931870,0.4181473,14.6166021,-0.4205159,42.0716220,0.0000000,7.1211683,0.3931611,0.9980638,-0.0002131,0.0621036,0.0034243,0.0444553,-0.3254066,1.1036829,-1.2157117,0.0000000,9.7310035,26.9925922
2,1,0.4200,SIT_TO_STAND,-1.2393728,-0.2066974,10.5829125,-0.3464054,12.5877232,0.1668461,15.2119452,-0.7897680,42.2341078,0.0000000,7.0813571,0.3930502,0.9980853,-0.0002118,0.0617568,0.0034235,0.0721410,-0.1809736,0.8628743,-1.2089499,0.0000000,9.7318459,26.9771680
2,1,0.4300,SIT_TO_STAND,-1.3720287,-0.0279837,10.5984548,3.0892293,12.6401600,0.3599423,15.5342351,-0.3663703,42.1749805,0.0000000,7.0408455,0.3929384,0.9981071,-0.0002106,0.0614040,0.0034226,-0.1158700,0.0219939,0.8604185,-1.2020686,0.0000000,9.7326983,27.0495765
2,1,0.4400,SIT_TO_STAND,-1.2738973,-0.1226604,10.4421695,0.4618786,14.0159119,-0.2313518,15.5978306,-0.2617310,41.9007969,0.0000000,6.9996456,0.3928257,0.9981291,-0.0002093,0.0610451,0.0034217,-0.0473869,-0.1086657,0.7433741,-1.1950698,-0.0000000,9.7335601,27.0172731
2,1,0.4500,SIT_TO_STAND,-1.3648295,0.1993703,10.5875823,0.9832019,12.2540964,-0.8572735,14.8876359,-0.4434777,42.1616626,0.0000000,6.9577696,0.3927121,0.9981514,-0.0002080,0.0606803,0.0034207,-0.1028850,0.1499219,0.8339666,-1.1879555,0.0000000,9.7344310,27.0517411
2,1,0.4600,SIT_TO_STAND,-0.9708466,0.0571140,10.8750325,-0.2736189,12.7108469,0.1169823,15.3048836,-0.5898254,41.9365428,0.0000000,6.9152297,0.3925977,0.9981738,-0.0002066,0.0603098,0.0034198,0.1696326,0.0700128,1.2081314,-1.1807277,0.0000000,9.7353103,27.0069610
2,1,0.4700,SIT_TO_STAND,-1.2701699,-0.0623806,10.7715220,2.0539573,13.6717068,-1.6315641,14.9988621,-0.6921326,42.0036672,0.0000000,6.8720380,0.3924823,0.9981965,-0.0002053,0.0599336,0.0034189,-0.0794565,-0.0657550,1.0611508,-1.1733885,0.0000000,9.7361976,27.0776284
2,1,0.4800,SIT_TO_STAND,-1.3878086,0.2456080,10.7013413,0.4042623,14.7106321,-0.3979541,15.0570823,-0.6901956,41.8162444,0.0000000,6.8282068,0.3923661,0.9982193,-0.0002039,0.0595517,0.0034180,-0.0876194,0.2390011,0.9986449,-1.1659400,-0.0000000,9.7370924,27.0233470
2,1,0.4900,SIT_TO_STAND,-1.3011972,0.1826476,10.8452017,0.4176405,13.6763864,-1.2448911,15.5273433,-0.6726374,42.1211170,0.0000000,6.7837483,0.3922490,0.9982424,-0.0002025,0.0591645,0.0034170,-0.0749333,0.1123268,1.1159476,-1.1583842,0.0000000,9.7379942,26.9973903
2,1,0.5000,SIT_TO_STAND,-1.0466375,0.0484514,10.5120862,1.2007241,14.8594110,-1.2810243,15.3150371,-0.4048140,41.8954627,0.0000000,6.7386746,0.3921310,0.9982656,-0.0002011,0.0587718,0.0034161,0.0551693,0.0694509,0.7989440,-1.1507231,0.0000000,9.7389024,26.9636404
2,1,0.5100,SIT_TO_STAND,-0.8949032,-0.1008920,10.6977649,-0.3109958,16.6109824,0.0386035,15.5359186,-0.9606352,41.7562089,0.0000000,6.6929978,0.3920121,0.9982889,-0.0001997,0.0583739,0.0034151,0.1507381,-0.0730847,1.0338290,-1.1429588,0.0000000,9.7398167,27.0435405
2,1,0.5200,SIT_TO_STAND,-1.2430462,-0.1699424,10.7403730,1.8501106,13.7673695,-0.5764562,15.3237051,-0.2671334,42.3986616,0.0000000,6.6467303,0.3918924,0.9983124,-0.0001983,0.0579708,0.0034141,-0.0752961,-0.1335406,1.1068392,-1.1350933,-0.0000000,9.7407365,26.9998036
2,1,0.5300,SIT_TO_STAND,-1.2869207,-0.0593016,10.5075049,-0.2753039,14.5524190,0.4402489,15.0340997,-0.9338975,42.1741453,0.0000000,6.5998841,0.3917718,0.9983360,-0.0001968,0.0575627,0.0034132,-0.1771290,-0.0267590,0.8846131,-1.1271287,0.0000000,9.7416613,27.0372449
2,1,0.5400,SIT_TO_STAND,-1.1595649,0.1976329,10.9128357,-0.0356009,15.3677601,-0.1612610,15.9423189,-1.1473274,42.1603183,0.0000000,6.5524715,0.3916502,0.9983598,-0.0001953,0.0571496,0.0034122,0.0308755,0.1685455,1.2363973,-1.1190670,0.0000000,9.7425907,27.0987387
2,1,0.5500,SIT_TO_STAND,-1.1780133,-0.0003180,10.8829532,1.8686046,12.7675341,1.7975821,15.1019264,-0.4961833,41.6148233,0.0000000,6.5045045,0.3915279,0.9983836,-0.0001938,0.0567317,0.0034112,-0.0468648,-0.0171654,1.1438163,-1.1109103,0.0000000,9.7435241,27.0954537
2,1,0.5600,SIT_TO_STAND,-0.9100128,0.2368747,10.9308029,0.8458354,14.9279795,0.6112437,14.7291228,-1.0809816,42.0506569,0.0000000,6.4559955,0.3914046,0.9984075,-0.0001923,0.0563091,0.0034102,0.2008696,0.1890985,1.1669184,-1.1026607,0.0000000,9.7444612,27.0409377
2,1,0.5700,SIT_TO_STAND,-1.2502304,0.0663783,10.7386505,2.2344650,15.6867571,-0.1932600,15.4013882,-0.6754905,42.0330139,0.0000000,6.4069566,0.3912804,0.9984316,-0.0001908,0.0558818,0.0034092,-0.0507320,0.0791131,1.0610036,-1.0943201,0.0000000,9.7454014,27.0577112
2,1,0.5800,SIT_TO_STAND,-1.0880705,0.1566560,10.8818943,-0.9592990,15.4020694,1.2230205,15.1482733,-0.8147067,41.8221521,0.0000000,6.3574000,0.3911554,0.9984556,-0.0001893,0.0554500,0.0034082,0.0016103,0.1520869,1.1979924,-1.0858906,0.0000000,9.7463442,27.0292854
2,1,0.5900,SIT_TO_STAND,-1.1945061,-0.1257018,10.7525557,-0.3625332,16.0662467,-1.0286156,15.8207731,-0.8211206,42.5763477,0.0000000,6.3073378,0.3910295,0.9984798,-0.0001877,0.0550138,0.0034072,-0.0839182,-0.0194254,1.0236712,-1.0773743,0.0000000,9.7472893,27.0262268
2,1,0.6000,SIT_TO_STAND,-1.0850024,-0.0628515,10.9881290,-0.9904842,16.3584910,0.6185397,15.5680160,-0.6994291,42.1691583,0.0000000,6.2567823,0.3909027,0.9985039,-0.0001862,0.0545733,0.0034062,0.0349746,-0.0481437,1.2946706,-1.0687733,0.0000000,9.7482361,27.0474930
2,1,0.6100,SIT_TO_STAND,-1.0784133,0.1333277,10.8715141,0.0195492,17.4169200,-0.2895706,15.8868239,-0.9190550,41.3689975,0.0000000,6.2057455,0.3907750,0.9985282,-0.0001846,0.0541286,0.0034051,0.0514622,0.1245249,1.1940198,-1.0600895,0.0000000,9.7491843,27.0634565
2,1,0.6200,SIT_TO_STAND,-0.8193465,0.1097739,11.0949751,-1.1645156,17.9558609,-0.0856166,15.4656330,-1.0828023,41.6528169,0.0000000,6.1542398,0.3906464,0.9985524,-0.0001830,0.0536797,0.0034041,0.2482251,0.1062625,1.3282377,-1.0513251,0.0000000,9.7501333,27.0598810
2,1,0.6300,SIT_TO_STAND,-1.0547440,0.1269079,10.6733033,0.1204737,18.5098538,-1.2002918,15.7028728,-0.5629156,41.9394453,0.0000000,6.1022773,0.3905170,0.9985766,-0.0001814,0.0532269,0.0034031,-0.0261423,0.1496941,0.9199638,-1.0424821,0.0000000,9.7510828,27.0768751
2,1,0.6400,SIT_TO_STAND,-1.1172113,-0.0279353,10.8351273,1.8899282,18.6426383,0.8287310,15.5776399,-0.9865146,42.0953349,0.0000000,6.0498701,0.3903867,0.9986009,-0.0001798,0.0527702,0.0034020,-0.0690995,-0.0558810,1.0968927,-1.0335626,0.0000000,9.7520322,27.0331068
2,1,0.6500,SIT_TO_STAND,-0.9464451,-0.0259085,10.8499561,0.0813387,17.4600096,-1.1461967,15.1726466,-0.7074884,41.4945094,0.0000000,5.9970304,0.3902555,0.9986251,-0.0001781,0.0523098,0.0034010,0.1070357,-0.1237034,1.0815918,-1.0245686,0.0000000,9.7529813,27.0653654
2,1,0.6600,SIT_TO_STAND,-0.7793619,0.0691319,11.0391087,0.3933608,16.6687431,-0.3427671,15.6585719,0.0967791,41.9935373,0.0000000,5.9437705,0.3901234,0.9986493,-0.0001765,0.0518456,0.0033999,0.2674061,0.0049431,1.3260781,-1.0155021,-0.0000000,9.7539294,26.9915398
2,1,0.6700,SIT_TO_STAND,-0.7621964,0.0527189,10.9632882,-0.9346599,17.7265320,0.2167816,15.5161667,-0.7285177,41.2326895,0.0000000,5.8901025,0.3899905,0.9986735,-0.0001749,0.0513779,0.0033988,0.2311163,0.0055516,1.2144125,-1.0063654,0.0000000,9.7548764,27.0519750
2,1,0.6800,SIT_TO_STAND,-1.0614935,0.0359198,10.8625141,1.2176230,16.7573211,1.0592623,15.8909290,-0.4396104,41.5073687,0.0000000,5.8360386,0.3898567,0.9986976,-0.0001732,0.0509067,0.0033977,-0.0274967,0.0119128,1.1047478,-0.9971603,0.0000000,9.7558216,27.0363185
2,1,0.6900,SIT_TO_STAND,-1.0740640,-0.1671109,11.1461227,1.2657090,16.9793184,-0.5521824,15.0314113,-1.1330744,41.3265746,0.0000000,5.7815910,0.3897220,0.9987217,-0.0001715,0.0504322,0.0033966,-0.0909315,-0.0786205,1.4179446,-0.9878890,0.0000000,9.7567648,27.1043617
2,1,0.7000,SIT_TO_STAND,-0.9064202,0.1765076,11.0299608,-0.3447370,18.8263861,1.1367207,15.8372119,-1.0090221,42.3747275,0.0000000,5.7267718,0.3895864,0.9987457,-0.0001698,0.0499544,0.0033955,0.0665196,0.1866817,1.3704689,-0.9785535,0.0000000,9.7577055,27.0951680
2,1,0.7100,SIT_TO_STAND,-0.9717391,-0.0631923,11.0949146,-0.3772059,15.7808929,-0.3115832,16.1135167,-0.4239124,41.5582625,0.0000000,5.6715932,0.3894499,0.9987697,-0.0001681,0.0494735,0.0033944,0.0754493,0.0200476,1.3487518,-0.9691559,0.0000000,9.7586434,27.0537676
2,1,0.7200,SIT_TO_STAND,-0.7731047,0.0098452,10.7067857,2.0751693,18.8024228,-0.3720480,16.7266237,-0.5579390,41.5376105,0.0000000,5.6160675,0.3893126,0.9987935,-0.0001664,0.0489895,0.0033933,0.1860963,0.0311978,1.0488041,-0.9596983,-0.0000000,9.7595780,27.0196405
2,1,0.7300,SIT_TO_STAND,-0.9916147,0.1011706,11.0599468,1.0914670,18.0092940,-0.7942704,15.4252387,-0.1702448,41.6259518,0.0000000,5.5602068,0.3891744,0.9988173,-0.0001647,0.0485026,0.0033922,-0.0277962,0.0406437,1.3643093,-0.9501827,0.0000000,9.7605091,27.0529096
2,1,0.7400,SIT_TO_STAND,-1.0027239,-0.0767912,10.8329109,1.0850597,18.0721588,-0.9287001,16.5528119,-0.1642121,42.0714687,0.0000000,5.5040232,0.3890353,0.9988409,-0.0001630,0.0480129,0.0033911,-0.0278768,-0.0496105,1.1265664,-0.9406112,0.0000000,9.7614361,27.0741539
2,1,0.7500,SIT_TO_STAND,-0.7832407,-0.0319974,10.9092517,1.4650727,19.5284600,0.6230218,16.2915507,-1.1608322,41.4925534,0.0000000,5.4475291,0.3888954,0.9988645,-0.0001613,0.0475205,0.0033899,0.1188086,0.0198970,1.2339311,-0.9309859,0.0000000,9.7623588,27.0084226
2,1,0.7600,SIT_TO_STAND,-0.9256249,0.2583371,10.8409054,0.8851483,19.3177539,-0.0261782,16.6533846,-0.5841378,41.8107648,0.0000000,5.3907364,0.3887545,0.9988879,-0.0001595,0.0470254,0.0033888,-0.0029711,0.2868661,1.1749322,-0.9213088,0.0000000,9.7632768,27.0641003
2,1,0.7700,SIT_TO_STAND,-0.9644614,0.0893215,11.0391227,1.8701782,20.5187687,2.3217919,16.2028615,-0.6900702,41.3792883,0.0000000,5.3336575,0.3886128,0.9989112,-0.0001578,0.0465279,0.0033876,-0.0087561,0.0800514,1.3880486,-0.9115820,0.0000000,9.7641898,27.0314830
2,1,0.7800,SIT_TO_STAND,-0.8249699,-0.0449952,11.0579167,-0.4857241,20.7188527,-0.5526282,16.5272517,-0.5727871,41.2513477,0.0000000,5.2763045,0.3884702,0.9989344,-0.0001560,0.0460279,0.0033864,0.1449518,-0.0464211,1.3032389,-0.9018076,0.0000000,9.7650974,27.1136047
2,1,0.7900,SIT_TO_STAND,-0.9066446,-0.0625757,10.8885622,1.3017885,18.7353975,1.3291196,16.2073512,-0.4759167,41.5713909,0.0000000,5.2186896,0.3883268,0.9989574,-0.0001543,0.0455257,0.0033853,0.0394067,-0.0420216,1.2941186,-0.8919877,0.0000000,9.7659993,27.0710057
2,1,0.8000,SIT_TO_STAND,-0.8775408,0.2379870,10.9324851,-1.6634943,19.1729396,0.8068587,16.1649655,-0.4505926,41.0967412,0.0000000,5.1608250,0.3881824,0.9989803,-0.0001525,0.0450212,0.0033841,-0.0250038,0.2162185,1.2532309,-0.8821242,0.0000000,9.7668952,27.0436850
2,1,0.8100,SIT_TO_STAND,-0.8827337,0.0491803,10.8822053,1.2227129,17.5383284,0.9667129,16.7502556,-0.4640449,41.2215493,0.0000000,5.1027228,0.3880372,0.9990030,-0.0001507,0.0445147,0.0033829,0.0905094,0.1241107,1.1675069,-0.8722194,0.0000000,9.7677847,27.0238449
2,1,0.8200,SIT_TO_STAND,-0.9976092,-0.0312715,11.0906826,0.9880713,17.7800341,-1.1452364,16.6212949,-0.4637124,41.1469650,0.0000000,5.0443952,0.3878912,0.9990255,-0.0001490,0.0440062,0.0033817,-0.1691778,-0.0242827,1.3640753,-0.8622753,-0.0000000,9.7686675,27.0422652
2,1,0.8300,SIT_TO_STAND,-1.0625583,-0.1234949,11.1452076,1.7536747,20.0275501,0.1881815,16.2579298,-1.0399440,41.7751858,0.0000000,4.9858545,0.3877442,0.9990479,-0.0001472,0.0434958,0.0033805,-0.1220755,-0.0426196,1.3723275,-0.8522939,0.0000000,9.7695435,27.0861512
2,1,0.8400,SIT_TO_STAND,-0.7979393,0.0825576,11.0722373,0.4362279,17.3717392,-0.0851890,15.9798042,-0.8047197,41.0947709,0.0000000,4.9271128,0.3875964,0.9990700,-0.0001454,0.0429837,0.0033793,0.0698759,0.0852334,1.3780063,-0.8422774,0.0000000,9.7704121,27.0380524
2,1,0.8500,SIT_TO_STAND,-0.8332361,0.0693535,11.1693750,0.5542152,19.5179078,-0.3951606,16.8468243,-1.1034158,42.2314116,0.0000000,4.8681822,0.3874477,0.9990920,-0.0001436,0.0424699,0.0033781,-0.0228023,0.0730931,1.4061215,-0.8322278,0.0000000,9.7712733,27.0615609
2,1,0.8600,SIT_TO_STAND,-0.9454193,-0.1561235,11.2430983,2.2066424,20.3638242,-0.4064128,16.6415434,-0.9259310,40.7513853,0.0000000,4.8090750,0.3872981,0.9991138,-0.0001418,0.0419545,0.0033768,-0.0890230,-0.1835039,1.4632073,-0.8221471,0.0000000,9.7721266,27.0407377
2,1,0.8700,SIT_TO_STAND,-0.8381072,-0.0693993,11.0874944,0.6848332,20.0947304,1.0808141,16.5356178,-0.6626016,41.7263036,0.0000000,4.7498034,0.3871477,0.9991354,-0.0001400,0.0414377,0.0033756,0.0793192,-0.0107050,1.3585096,-0.8120376,0.0000000,9.7729719,27.1159317
2,1,0.8800,SIT_TO_STAND,-0.8602828,0.0938014,10.9992539,2.0631201,18.9940496,-0.1251737,16.4268272,-0.6944615,41.0524110,0.0000000,4.6903795,0.3869964,0.9991567,-0.0001382,0.0409196,0.0033743,0.0038748,0.0864666,1.2945624,-0.8019012,0.0000000,9.7738088,27.0474221
2,1,0.8900,SIT_TO_STAND,-0.8575450,0.2122018,10.9871835,2.1643090,18.5417411,1.2516421,17.1062795,-0.7868775,41.7537236,0.0000000,4.6308155,0.3868442,0.9991779,-0.0001364,0.0404003,0.0033731,-0.0870173,0.2517965,1.3102285,-0.7917400,0.0000000,9.7746372,27.0399838
2,1,0.9000,SIT_TO_STAND,-0.8758634,-0.0574516,10.9262205,0.1082995,19.7527140,-0.4190973,16.2846185,-0.9360769,41.2388531,0.0000000,4.5711236,0.3866912,0.9991988,-0.0001346,0.0398798,0.0033718,-0.0904518,-0.1087843,1.1620971,-0.7815562,0.0000000,9.7754567,27.0356356
2,1,0.9100,SIT_TO_STAND,-0.9970457,-0.0512229,10.9793014,1.9504069,19.1920455,0.6746599,17.1971525,-0.6528111,41.4490259,0.0000000,4.5113160,0.3865372,0.9992195,-0.0001328,0.0393583,0.0033706,-0.1456327,-0.0443907,1.3105625,-0.7713517,0.0000000,9.7762672,27.0606721
2,1,0.9200,SIT_TO_STAND,-0.6023581,-0.0303421,11.2690381,0.7511324,18.5944994,0.3727046,16.8202511,-0.5198442,41.2291182,0.0000000,4.4514048,0.3863825,0.9992399,-0.0001309,0.0388358,0.0033693,0.1404384,-0.0452574,1.5570838,-0.7611288,0.0000000,9.7770684,27.0582867
2,1,0.9300,SIT_TO_STAND,-1.1246380,0.0867248,11.1274583,-0.9364786,21.2453059,-2.8072290,16.8460913,-0.7357409,41.3009761,0.0000000,4.3914022,0.3862268,0.9992601,-0.0001291,0.0383126,0.0033680,-0.3466044,0.0701255,1.3489493,-0.7508894,0.0000000,9.7778602,27.0837981
2,1,0.9400,SIT_TO_STAND,-0.8122507,0.0575426,11.0263061,1.3919290,17.7123837,1.5208487,16.6396624,-0.6965172,40.8283478,0.0000000,4.3313205,0.3860703,0.9992801,-0.0001273,0.0377887,0.0033667,-0.0278470,0.0104546,1.2597876,-0.7406357,0.0000000,9.7786422,27.0703255
2,1,0.9500,SIT_TO_STAND,-0.7608826,0.1468259,10.7487075,-0.6748883,22.1157427,-0.3396743,16.7369655,-0.9054424,40.8516180,0.0000000,4.2711718,0.3859129,0.9992998,-0.0001255,0.0372642,0.0033654,-0.0122705,0.1791013,1.0423122,-0.7303697,0.0000000,9.7794143,27.0106221
2,1,0.9600,SIT_TO_STAND,-0.6996846,-0.1630735,11.2109126,0.7381138,16.9388945,1.0290459,17.8820761,-0.3953977,41.9034732,0.0000000,4.2109682,0.3857546,0.9993192,-0.0001237,0.0367392,0.0033641,0.0218496,-0.1086569,1.4108367,-0.7200936,0.0000000,9.7801763,27.0836291
2,1,0.9700,SIT_TO_STAND,-0.8072122,0.0310865,11.1966342,2.1262167,19.0431430,-0.7202364,16.9976398,-0.7107104,41.1013339,0.0000000,4.1507220,0.3855955,0.9993384,-0.0001219,0.0362138,0.0033627,0.0160540,0.0691457,1.4166881,-0.7098094,0.0000000,9.7809281,27.0475043
2,1,0.9800,SIT_TO_STAND,-0.7237144,-0.0638910,10.9172602,-0.6416688,19.4375676,-0.4681208,16.4432531,-0.5211931,40.8858006,0.0000000,4.0904454,0.3854355,0.9993573,-0.0001200,0.0356881,0.0033614,-0.0049089,-0.0987746,1.1509051,-0.6995192,0.0000000,9.7816694,27.0625630
2,1,0.9900,SIT_TO_STAND,-0.8487565,0.0525537,11.1137616,0.4293348,19.7167160,-0.7360250,17.0456429,-1.0615946,41.4753459,0.0000000,4.0301505,0.3852746,0.9993760,-0.0001182,0.0351622,0.0033601,-0.1274600,0.1235200,1.3659009,-0.6892252,0.0000000,9.7824002,27.1748749
2,1,1.0000,SIT_TO_STAND,-0.4828591,-0.0705979,11.0235330,2.6364336,20.5279890,-1.3722281,16.8456368,-0.3028296,41.1105918,0.0000000,3.9698495,0.3851129,0.9993943,-0.0001164,0.0346363,0.0033587,0.2713799,-0.0367946,1.2951206,-0.6789293,0.0000000,9.7831201,27.0365823
2,1,1.0100,SIT_TO_STAND,-0.6170027,-0.0535042,11.1781402,-1.1708546,18.0035439,0.0350527,17.5479754,-0.1360054,40.8039526,0.0000000,3.9095546,0.3849503,0.9994124,-0.0001146,0.0341105,0.0033574,0.0168733,-0.0434665,1.3759126,-0.6686337,0.0000000,9.7838292,27.1015434
2,1,1.0200,SIT_TO_STAND,-0.7197763,-0.1612886,10.8816865,0.5719532,21.7181074,0.6771850,17.1264343,-0.6207509,41.4583668,0.0000000,3.8492780,0.3847868,0.9994302,-0.0001128,0.0335848,0.0033560,-0.1342428,-0.1739818,1.1111090,-0.6583405,0.0000000,9.7845272,27.0642699
2,1,1.0300,SIT_TO_STAND,-0.6771007,-0.1074112,11.0608385,1.3684777,19.5863584,-0.7892186,17.7888310,-0.5609402,41.0432335,0.0000000,3.7890318,0.3846225,0.9994478,-0.0001110,0.0330593,0.0033546,-0.0241796,-0.0905628,1.3631628,-0.6480518,-0.0000000,9.7852140,27.1001681
2,1,1.0400,SIT_TO_STAND,-0.6924133,-0.1820418,11.0154422,1.0017132,18.8164492,-2.6440119,17.1850760,-0.6511858,41.0372737,0.0000000,3.7288282,0.3844573,0.9994650,-0.0001092,0.0325342,0.0033532,0.0122360,-0.1270407,1.3362516,-0.6377696,0.0000000,9.7858895,27.0342943
2,1,1.0500,SIT_TO_STAND,-0.4853435,0.2922848,11.1359032,-0.8288052,19.6429718,0.2287511,17.2504661,-0.4241173,41.2002754,0.0000000,3.6686795,0.3842912,0.9994819,-0.0001073,0.0320096,0.0033518,0.1518079,0.2509209,1.3740384,-0.6274961,0.0000000,9.7865537,27.0782105
2,1,1.0600,SIT_TO_STAND,-0.4927566,0.0047062,11.0192934,0.4775976,19.5598173,-1.0335921,17.8697182,-0.3973777,41.3300616,0.0000000,3.6085978,0.3841243,0.9994986,-0.0001055,0.0314856,0.0033504,0.2278847,-0.0096398,1.3062642,-0.6172333,0.0000000,9.7872063,27.0576582
2,1,1.0700,SIT_TO_STAND,-0.6981171,-0.1115746,11.2155853,-0.0591396,18.6902595,-0.6476875,17.3138300,-0.5574567,40.6679767,0.0000000,3.5485952,0.3839565,0.9995149,-0.0001037,0.0309622,0.0033490,0.0109554,-0.0166162,1.3671540,-0.6069834,0.0000000,9.7878473,27.0621052
2,1,1.0800,SIT_TO_STAND,-0.6297578,0.0843155,11.0611761,0.8687121,20.1768885,-0.1231144,17.8048488,-1.1965228,41.2845230,0.0000000,3.4886840,0.3837878,0.9995310,-0.0001019,0.0304396,0.0033476,0.0292210,0.0448455,1.2965798,-0.5967484,0.0000000,9.7884767,27.0576105
2,1,1.0900,SIT_TO_STAND,-0.7119249,-0.0266456,11.1824112,1.8848540,19.4177720,1.2297431,17.1097559,-0.6715525,40.6872587,0.0000000,3.4288764,0.3836183,0.9995468,-0.0001002,0.0299180,0.0033462,-0.0537049,0.0498916,1.4527874,-0.5865305,0.0000000,9.7890942,27.1012475
2,1,1.1000,SIT_TO_STAND,-0.8162419,-0.0609011,11.0187273,-0.2252992,19.1160255,2.3717956,17.3521564,-0.7501779,40.5301201,0.0000000,3.3691845,0.3834479,0.9995622,-0.0000984,0.0293973,0.0033448,-0.2577749,-0.0602277,1.2874811,-0.5763317,0.0000000,9.7897000,27.0831853
2,1,1.1100,SIT_TO_STAND,-0.6841512,-0.0802780,11.1901280,-0.7293856,17.9221949,1.4318765,17.6932407,-0.4237877,40.9622798,0.0000000,3.3096205,0.3832767,0.9995774,-0.0000966,0.0288777,0.0033433,-0.1141379,-0.0867786,1.4165174,-0.5661542,0.0000000,9.7902939,27.0938705
2,1,1.1200,SIT_TO_STAND,-0.5656620,-0.2829433,11.0904943,2.9818198,16.7566646,-0.9877491,18.4202492,-0.6558060,41.5035988,0.0000000,3.2501966,0.3831046,0.9995922,-0.0000948,0.0283594,0.0033419,0.0412246,-0.2754241,1.3295413,-0.5559999,0.0000000,9.7908758,27.0550940
2,1,1.1300,SIT_TO_STAND,-0.4791336,-0.1332329,11.1691089,-0.4049809,19.6906360,-0.7036159,17.0238824,-0.3709998,41.3541574,0.0000000,3.1909250,0.3829316,0.9996067,-0.0000930,0.0278423,0.0033404,0.1765417,-0.1069854,1.4172745,-0.5458711,0.0000000,9.7914457,27.0500389
2,1,1.1400,SIT_TO_STAND,-0.4044917,0.0769028,10.9694685,-0.2676892,18.0010063,-0.4488724,17.8657700,0.1831700,41.0467436,0.0000000,3.1318178,0.3827578,0.9996210,-0.0000913,0.0273267,0.0033389,0.1505803,0.0284609,1.2062230,-0.5357698,0.0000000,9.7920036,27.0932044
2,1,1.1500,SIT_TO_STAND,-0.5593645,-0.1037132,11.1757051,0.4036910,17.9486948,0.6806465,17.9756475,-0.1511251,41.0659855,0.0000000,3.0728872,0.3825831,0.9996349,-0.0000895,0.0268126,0.0033375,0.0640040,-0.0119327,1.4384439,-0.5256981,0.0000000,9.7925495,27.0792540
2,1,1.1600,SIT_TO_STAND,-0.3386672,0.2923001,11.0351098,-0.3538104,18.9691484,0.4423731,18.2500978,-0.3402227,41.5333783,0.0000000,3.0141455,0.3824075,0.9996485,-0.0000878,0.0263002,0.0033360,0.0888956,0.3410311,1.2944472,-0.5156582,0.0000000,9.7930833,27.0949308
2,1,1.1700,SIT_TO_STAND,-0.4216950,-0.2309840,11.0226295,-0.8738317,18.5397781,-0.0450030,17.7601682,-0.8438512,41.4521878,0.0000000,2.9556048,0.3822311,0.9996618,-0.0000860,0.0257895,0.0033345,0.1481019,-0.1946381,1.2243277,-0.5056521,0.0000000,9.7936051,27.0792726
2,1,1.1800,SIT_TO_STAND,-0.6086676,-0.1243770,10.8545389,1.9709825,18.7027856,1.9879328,17.4807768,-0.4256061,41.2047333,0.0000000,2.8972772,0.3820539,0.9996748,-0.0000843,0.0252807,0.0033330,-0.1175109,-0.2139950,1.1026192,-0.4956818,0.0000000,9.7941148,27.1083320
2,1,1.1900,SIT_TO_STAND,-0.5110725,-0.0096528,11.0824051,0.4361952,18.0268723,-1.0777823,18.4689376,0.1788664,40.9093002,0.0000000,2.8391750,0.3818757,0.9996875,-0.0000826,0.0247738,0.0033315,0.1197416,-0.0204164,1.3349583,-0.4857496,0.0000000,9.7946124,27.0845093
2,1,1.2000,SIT_TO_STAND,-0.5076815,-0.0842267,11.0426398,-0.4188922,18.6073511,1.1658239,17.9907968,-0.5258619,40.1286213,0.0000000,2.7813104,0.3816967,0.9996999,-0.0000808,0.0242690,0.0033299,0.0340660,-0.0959218,1.2592953,-0.4758575,0.0000000,9.7950980,27.1153045
2,1,1.2100,SIT_TO_STAND,-0.4610610,0.1612019,11.0872115,0.2420588,19.3849282,1.2106014,18.1461989,-0.2808755,40.7206815,0.0000000,2.7236955,0.3815169,0.9997120,-0.0000791,0.0237664,0.0033284,0.0196714,0.0802690,1.2603476,-0.4660076,0.0000000,9.7955715,27.0961890
2,1,1.2200,SIT_TO_STAND,-0.4961280,0.0579150,10.9988580,-1.4068386,17.2895471,-0.1130748,18.4869887,-0.8206014,41.2988938,0.0000000,2.6663425,0.3813362,0.9997238,-0.0000774,0.0232660,0.0033269,-0.0007448,0.0417665,1.2660335,-0.4562020,0.0000000,9.7960331,27.0556886
2,1,1.2300,SIT_TO_STAND,-0.1281621,-0.1296054,10.9604928,-0.4606069,18.5324771,1.5031471,18.6211108,-0.4594962,40.8563583,0.0000000,2.6092636,0.3811546,0.9997352,-0.0000757,0.0227680,0.0033253,0.3360068,-0.0913017,1.3021210,-0.4464428,0.0000000,9.7964827,27.1128054
2,1,1.2400,SIT_TO_STAND,-0.6208503,-0.2264917,11.1546691,0.9496369,18.3793178,1.7814480,18.1219927,-0.6658810,41.3305982,0.0000000,2.5524709,0.3809722,0.9997464,-0.0000740,0.0222725,0.0033238,-0.1493042,-0.2385959,1.4061344,-0.4367322,0.0000000,9.7969204,27.0614591
2,1,1.2500,SIT_TO_STAND,-0.3191387,0.0408652,10.9737300,0.8363742,17.8665384,0.6548597,18.9928991,-0.4582045,40.5174599,0.0000000,2.4959768,0.3807889,0.9997573,-0.0000724,0.0217797,0.0033222,0.1614141,0.0062428,1.2620764,-0.4270721,0.0000000,9.7973463,27.0881144
2,1,1.2600,SIT_TO_STAND,-0.2905523,0.1817745,10.9916928,1.9137837,18.6351161,0.7784052,18.1673694,-0.3785290,40.4717946,0.0000000,2.4397932,0.3806048,0.9997678,-0.0000707,0.0212895,0.0033206,0.1799346,0.1753812,1.2127984,-0.4174647,0.0000000,9.7977603,27.0911726
2,1,1.2700,SIT_TO_STAND,-0.4168350,-0.1273209,11.0214855,1.8729354,19.9145461,1.1599028,18.2510235,-0.4788000,41.2525697,0.0000000,2.3839325,0.3804198,0.9997781,-0.0000691,0.0208021,0.0033191,-0.0325155,-0.1555785,1.1956518,-0.4079122,0.0000000,9.7981627,27.0998978
2,1,1.2800,SIT_TO_STAND,-0.6348529,-0.1260603,10.9845208,-2.0567981,17.8961322,1.1988843,18.8914526,-0.6048163,41.1507677,0.0000000,2.3284068,0.3802339,0.9997881,-0.0000674,0.0203177,0.0033175,-0.1029863,-0.0053730,1.2001557,-0.3984165,0.0000000,9.7985534,27.0985692
2,1,1.2900,SIT_TO_STAND,-0.3997876,0.0698736,11.0110829,1.2956317,16.1839153,1.1933177,18.6536712,-0.1173948,40.8684481,0.0000000,2.2732282,0.3800472,0.9997977,-0.0000658,0.0198362,0.0033159,0.0145701,0.1270453,1.2720280,-0.3889799,0.0000000,9.7989325,27.0842675
2,1,1.3000,SIT_TO_STAND,-0.2537460,0.0528718,11.1313090,-0.9479929,18.7225216,0.3639868,18.0553659,-0.7216725,40.9929119,0.0000000,2.2184090,0.3798596,0.9998071,-0.0000642,0.0193580,0.0033143,0.0958674,0.0959216,1.3809287,-0.3796043,0.0000000,9.7993002,27.0810523
2,1,1.3100,SIT_TO_STAND,-0.4557668,-0.1667969,11.0000749,0.0292653,18.7037951,0.0617241,19.1553984,-0.1947424,40.7201696,0.0000000,2.1639614,0.3796712,0.9998162,-0.0000626,0.0188829,0.0033127,-0.0606627,-0.1059373,1.2139305,-0.3702920,0.0000000,9.7996565,27.1088052
2,1,1.3200,SIT_TO_STAND,-0.5338956,0.0523891,10.9734439,0.5476573,19.4136890,0.4206976,18.1983737,-0.6448066,40.4522526,0.0000000,2.1098975,0.3794820,0.9998250,-0.0000610,0.0184112,0.0033110,-0.0854120,0.0795516,1.2206470,-0.3610449,0.0000000,9.8000016,27.1032714
2,1,1.3300,SIT_TO_STAND,-0.5275057,0.1025074,10.8633212,-0.7347141,16.3282370,-1.0349844,17.8667293,-0.0028170,40.4260791,0.0000000,2.0562295,0.3792918,0.9998335,-0.0000594,0.0179429,0.0033094,-0.1103898,0.1446972,1.1409932,-0.3518653,0.0000000,9.8003355,27.0935755
2,1,1.3400,SIT_TO_STAND,-0.2693487,0.0406314,10.8076404,0.7488239,18.2689302,1.1328349,18.7163331,-0.5825264,40.9039579,0.0000000,2.0029696,0.3791009,0.9998418,-0.0000578,0.0174782,0.0033078,0.0193788,0.0214336,1.0379529,-0.3427551,-0.0000000,9.8006583,27.0988507
2,1,1.3500,SIT_TO_STAND,-0.2028142,-0.0960573,10.9295578,-1.1428396,17.1202630,0.1145697,18.7152754,-0.5812666,40.4288418,0.0000000,1.9501299,0.3789090,0.9998497,-0.0000563,0.0170172,0.0033061,0.1628477,-0.0932486,1.2456079,-0.3337165,0.0000000,9.8009702,27.1049761
2,1,1.3600,SIT_TO_STAND,-0.3881502,0.0626115,10.8958349,0.2946474,17.1870304,-0.9820468,18.0757593,-0.4541334,40.6155815,0.0000000,1.8977227,0.3787163,0.9998574,-0.0000547,0.0165599,0.0033045,-0.0731097,0.0828180,1.0918874,-0.3247517,0.0000000,9.8012714,27.0647092
2,1,1.3700,SIT_TO_STAND,-0.3277814,0.1823852,10.7251737,0.9606712,16.8418014,-1.1818079,18.6701917,-0.5467959,40.0503415,0.0000000,1.8457602,0.3785228,0.9998648,-0.0000532,0.0161065,0.0033028,-0.0529448,0.2081422,0.9803754,-0.3158626,0.0000000,9.8015619,27.0694867
2,1,1.3800,SIT_TO_STAND,-0.1472999,0.0099401,11.0359219,0.8780412,14.8505464,-0.0497452,18.5151664,-1.0728035,40.7003232,0.0000000,1.7942545,0.3783284,0.9998720,-0.0000517,0.0156571,0.0033011,0.1955339,0.0207645,1.2418316,-0.3070514,0.0000000,9.8018419,27.0766874
2,1,1.3900,SIT_TO_STAND,-0.3335052,-0.1569918,10.9780483,-0.1355301,18.4473934,0.1390234,19.0989367,0.1956743,40.3330663,0.0000000,1.7432177,0.3781332,0.9998788,-0.0000502,0.0152118,0.0032994,-0.1019147,-0.1553699,1.2248545,-0.2983202,-0.0000000,9.8021115,27.0981077
2,1,1.4000,SIT_TO_STAND,-0.4801823,-0.0734880,10.9030086,0.3172234,17.5360918,-1.3234768,19.1762206,-0.7871627,40.5019498,0.0000000,1.6926622,0.3779371,0.9998855,-0.0000487,0.0147706,0.0032978,-0.2057372,-0.1521613,1.1383516,-0.2896711,0.0000000,9.8023709,27.0856460
2,1,1.4100,SIT_TO_STAND,-0.0263182,0.1700896,10.7816508,2.5247263,15.4723535,0.7010139,19.1680791,-0.4812035,40.9952574,0.0000000,1.6426000,0.3777402,0.9998918,-0.0000473,0.0143338,0.0032961,0.2098872,0.1208089,1.0391732,-0.2811062,0.0000000,9.8026202,27.0606096
2,1,1.4200,SIT_TO_STAND,-0.5101548,-0.0461712,10.9908080,2.3480738,16.0274876,-1.5393024,18.9300313,-1.5421184,40.7753896,0.0000000,1.5930434,0.3775424,0.9998979,-0.0000458,0.0139014,0.0032944,-0.2334778,-0.0542201,1.1955597,-0.2726275,0.0000000,9.8028597,27.1001292
2,1,1.4300,SIT_TO_STAND,-0.1647827,0.0211972,10.7942909,0.2100518,16.1963375,0.2107512,18.8830873,-0.6752610,39.7133291,0.0000000,1.5440045,0.3773437,0.9999038,-0.0000444,0.0134735,0.0032926,0.1550124,-0.0347056,1.1085319,-0.2642372,0.0000000,9.8030895,27.0973115
2,1,1.4400,SIT_TO_STAND,-0.2162462,-0.1629426,10.8933292,1.6342623,16.5753869,-1.3009063,19.0345415,-0.7990272,40.3161523,0.0000000,1.4954955,0.3771442,0.9999094,-0.0000430,0.0130502,0.0032909,0.0357952,-0.1449611,1.1081895,-0.2559374,-0.0000000,9.8033097,27.0618428
2,1,1.4500,SIT_TO_STAND,-0.5186017,-0.0474584,10.7585225,2.0813048,16.0953906,0.1488848,20.3384459,-1.0981986,40.5061553,0.0000000,1.4475285,0.3769439,0.9999148,-0.0000416,0.0126317,0.0032892,-0.2098677,-0.0100465,0.9921889,-0.2477302,0.0000000,9.8035205,27.0721281
2,1,1.4600,SIT_TO_STAND,-0.1427307,0.0481779,10.9147638,0.2196040,15.8956747,-0.2973452,18.7044218,-0.8092280,40.5935620,0.0000000,1.4001159,0.3767427,0.9999200,-0.0000402,0.0122179,0.0032874,0.0801315,0.0232555,1.0952300,-0.2396177,0.0000000,9.8037221,27.1177646
2,1,1.4700,SIT_TO_STAND,-0.1338770,-0.1478564,10.7685530,-2.2233248,14.1777601,0.7777205,19.2433454,-1.3823904,40.4130849,0.0000000,1.3532697,0.3765407,0.9999249,-0.0000388,0.0118092,0.0032857,0.1243417,-0.1816728,1.0159450,-0.2316019,-0.0000000,9.8039148,27.0958876
2,1,1.4800,SIT_TO_STAND,-0.3110445,-0.0097292,10.7828063,-0.2996343,14.3474031,-0.3671978,19.2556996,-1.4461690,40.4667126,0.0000000,1.3070022,0.3763378,0.9999296,-0.0000375,0.0114054,0.0032839,-0.1351347,-0.0274677,1.0579003,-0.2236849,0.0000000,9.8040986,27.0593114
2,1,1.4900,SIT_TO_STAND,-0.1572766,-0.0566956,10.7669532,-1.8925830,14.3259010,0.9878703,19.5070129,-0.8285400,40.4099684,0.0000000,1.2613254,0.3761341,0.9999340,-0.0000361,0.0110069,0.0032822,0.0753220,-0.0210951,0.9681302,-0.2158689,0.0000000,9.8042738,27.0990927
2,1,1.5000,SIT_TO_STAND,-0.3493576,-0.0491385,10.7993016,0.3735662,14.7658131,0.8375399,19.3703198,-0.5577385,40.4779059,0.0000000,1.2162517,0.3759295,0.9999383,-0.0000348,0.0106135,0.0032804,-0.1432367,-0.0753028,1.0481258,-0.2081560,0.0000000,9.8044406,27.0864416
2,1,1.5100,SIT_TO_STAND,-0.4003113,0.0121717,10.6515294,1.4709005,14.3582557,2.1284650,19.2524416,-0.2120299,40.4786918,0.0000000,1.1717932,0.3757241,0.9999423,-0.0000335,0.0102256,0.0032786,-0.1345460,0.0452452,0.9098129,-0.2005482,0.0000000,9.8045992,27.0413210
2,1,1.5200,SIT_TO_STAND,-0.1395895,0.2132566,10.7476347,2.1622376,13.8261009,-0.6474384,20.2364066,-0.8721603,39.8861354,0.0000000,1.1279620,0.3755178,0.9999462,-0.0000323,0.0098431,0.0032768,0.0971566,0.1853165,0.9195134,-0.1930476,0.0000000,9.8047497,27.0662695
2,1,1.5300,SIT_TO_STAND,-0.0205251,-0.2446468,10.9255271,-0.0902670,14.3693425,1.0591506,18.9634479,-1.7739484,40.1717764,0.0000000,1.0847703,0.3753107,0.9999498,-0.0000310,0.0094662,0.0032751,0.2226841,-0.2197614,1.2096620,-0.1856564,0.0000000,9.8048924,27.0920388
2,1,1.5400,SIT_TO_STAND,-0.4927441,-0.1080792,10.6030162,1.2462216,15.4637628,-1.5683932,19.0032191,-0.5531668,40.1520317,0.0000000,1.0422304,0.3751028,0.9999533,-0.0000298,0.0090950,0.0032732,-0.2859940,-0.1428238,0.8788412,-0.1783766,0.0000000,9.8050276,27.1640807
2,1,1.5500,SIT_TO_STAND,-0.1430345,0.1345469,10.8831281,0.7814290,12.8559631,0.1492529,19.4158957,-0.4156823,40.2939454,0.0000000,1.0003544,0.3748940,0.9999565,-0.0000286,0.0087296,0.0032714,0.0045109,0.1527381,1.1079242,-0.1712103,0.0000000,9.8051553,27.0867914
2,1,1.5600,SIT_TO_STAND,-0.2081510,-0.1060597,10.7650622,0.0193451,11.6939513,0.4687315,18.7948967,-0.5271431,40.1641638,0.0000000,0.9591545,0.3746843,0.9999596,-0.0000274,0.0083701,0.0032696,-0.0771813,-0.0608290,1.0505173,-0.1641596,0.0000000,9.8052759,27.0900893
2,1,1.5700,SIT_TO_STAND,0.1062438,0.3078120,10.5044635,-0.8960792,14.0372195,1.0191847,19.2802448,-0.7042095,39.8537740,0.0000000,0.9186429,0.3744738,0.9999625,-0.0000262,0.0080165,0.0032678,0.3401401,0.3752696,0.7256580,-0.1572266,0.0000000,9.8053895,27.0913545
2,1,1.5800,SIT_TO_STAND,-0.0836087,-0.0133524,10.6169563,0.3897658,10.8242600,-0.5902455,19.3461306,-0.8836063,40.5803227,0.0000000,0.8788317,0.3742625,0.9999653,-0.0000250,0.0076691,0.0032660,0.0993841,-0.0886647,0.8495539,-0.1504135,0.0000000,9.8054964,27.0722974
2,1,1.5900,SIT_TO_STAND,-0.2086503,0.3558565,10.6902330,0.7166598,10.7867790,-0.1633383,19.3805026,-1.1862570,40.2880229,0.0000000,0.8397331,0.3740503,0.9999678,-0.0000239,0.0073279,0.0032641,-0.0789866,0.2821130,0.9095572,-0.1437222,0.0000000,9.8055968,27.1173223
2,1,1.6000,SIT_TO_STAND,-0.3433001,0.0104911,10.3426328,1.0082544,12.7653155,-0.8044920,19.9517028,-0.6200295,40.0680096,0.0000000,0.8013594,0.3738373,0.9999702,-0.0000228,0.0069931,0.0032623,-0.2044831,-0.0238608,0.6187024,-0.1371549,0.0000000,9.8056908,27.1144287
2,1,1.6100,SIT_TO_STAND,-0.0761997,-0.0856034,10.6622050,-0.3014085,11.5587411,-0.1905273,19.3348134,-0.9495563,40.6854648,0.0000000,0.7637227,0.3736235,0.9999725,-0.0000217,0.0066647,0.0032604,0.1058210,-0.1327120,0.8411684,-0.1307136,-0.0000000,9.8057788,27.1137532
2,1,1.6200,SIT_TO_STAND,-0.1825777,-0.0270855,10.5190887,-1.7111454,12.6194838,-0.6329569,19.7663736,-1.2297084,40.5994443,0.0000000,0.7268351,0.3734088,0.9999746,-0.0000207,0.0063428,0.0032585,0.0109613,-0.0760056,0.7295507,-0.1244005,0.0000000,9.8058609,27.1441661
2,1,1.6300,SIT_TO_STAND,-0.0858007,0.0262522,10.5606192,2.0799643,11.1558963,-1.6266381,19.6656979,-0.3618578,40.0871133,0.0000000,0.6907089,0.3731933,0.9999765,-0.0000196,0.0060275,0.0032567,0.0673585,-0.0084172,0.8350903,-0.1182177,0.0000000,9.8059374,27.1218138
2,1,1.6400,SIT_TO_STAND,-0.2632432,0.1779883,10.5831195,1.1036951,9.5146788,-0.0441478,19.9397646,-0.8190115,39.9424884,0.0000000,0.6553563,0.3729769,0.9999783,-0.0000186,0.0057190,0.0032548,-0.1435787,0.1789127,0.8190439,-0.1121672,0.0000000,9.8060085,27.0883233
2,1,1.6500,SIT_TO_STAND,-0.0735730,-0.0612021,10.5517695,0.6591595,6.7699376,1.1149257,19.4182082,-0.7376985,39.5084588,0.0000000,0.6207894,0.3727597,0.9999800,-0.0000176,0.0054174,0.0032529,0.0612110,-0.0155764,0.8744844,-0.1062512,0.0000000,9.8060744,27.0727208
2,1,1.6600,SIT_TO_STAND,0.1229990,-0.0474450,10.6226678,0.4756235,10.6656729,-0.2081793,19.8252988,-0.7509587,40.5791269,0.0000000,0.5870204,0.3725416,0.9999816,-0.0000167,0.0051227,0.0032510,0.2600102,0.0287243,0.7484404,-0.1004717,0.0000000,9.8061353,27.1127392
2,1,1.6700,SIT_TO_STAND,-0.1738435,0.0908541,10.6903107,0.7112456,8.8612936,0.8801947,19.7868569,-0.8315243,40.2317181,0.0000000,0.5540614,0.3723227,0.9999830,-0.0000157,0.0048351,0.0032491,-0.0469307,0.1012671,0.9559679,-0.0948308,0.0000000,9.8061915,27.0884449
2,1,1.6800,SIT_TO_STAND,0.0492535,0.0385372,10.4808080,1.1766674,10.4049275,-0.3273539,19.7503571,-0.2680088,39.3782507,0.0000000,0.5219248,0.3721030,0.9999844,-0.0000148,0.0045546,0.0032472,0.1491996,-0.0398832,0.7408331,-0.0893305,0.0000000,9.8062431,27.1328099
2,1,1.6900,SIT_TO_STAND,-0.1118324,-0.0560210,10.3365797,-0.0872605,9.6794063,1.6969178,19.5536988,-0.5185115,39.9520172,0.0000000,0.4906226,0.3718824,0.9999856,-0.0000139,0.0042815,0.0032453,-0.0044470,-0.0083980,0.5653365,-0.0839731,0.0000000,9.8062905,27.0734346
2,1,1.7000,SIT_TO_STAND,-0.2820798,0.0058772,10.6860552,-0.1804063,8.6407389,-0.3946309,20.3228760,-0.4630775,40.4925927,0.0000000,0.4601671,0.3716610,0.9999867,-0.0000130,0.0040157,0.0032433,-0.1969955,-0.0207124,0.9030195,-0.0787606,0.0000000,9.8063337,27.1263391
2,1,1.7100,SIT_TO_STAND,-0.3590651,0.1061766,10.4185200,0.2937587,8.7378012,0.3984268,20.1397632,-0.3195252,39.9311716,0.0000000,0.4305703,0.3714388,0.9999877,-0.0000122,0.0037574,0.0032414,-0.2026771,0.1104449,0.6270070,-0.0736950,-0.0000000,9.8063731,27.1179546
2,1,1.7200,SIT_TO_STAND,-0.1360245,-0.2199488,10.6093440,1.1661999,9.7166741,1.6917849,19.7544917,-1.0281135,40.0974214,0.0000000,0.4018446,0.3712157,0.9999886,-0.0000114,0.0035067,0.0032394,-0.0234482,-0.2555908,0.8387121,-0.0687785,0.0000000,9.8064088,27.1520979
2,1,1.7300,SIT_TO_STAND,-0.1333532,0.0672289,10.3824916,0.8941720,8.3114488,-1.4828729,19.4496512,-0.8280516,39.2996222,0.0000000,0.3740020,0.3709918,0.9999894,-0.0000106,0.0032638,0.0032375,-0.0290580,0.0972331,0.5796873,-0.0640131,0.0000000,9.8064411,27.0815314
2,1,1.7400,SIT_TO_STAND,-0.2148346,0.2239229,10.4301281,1.1095620,9.7732790,-0.6186211,19.7756492,-0.4201686,40.0160862,0.0000000,0.3470548,0.3707671,0.9999902,-0.0000098,0.0030286,0.0032355,-0.1049114,0.2009943,0.6191077,-0.0594010,0.0000000,9.8064701,27.1262048
2,1,1.7500,SIT_TO_STAND,-0.1793067,0.1835837,10.1980127,0.5798975,9.1222685,2.0172701,19.6549662,-0.8125553,40.4715192,0.0000000,0.3210152,0.3705415,0.9999908,-0.0000091,0.0028014,0.0032336,-0.1560742,0.2285023,0.4766990,-0.0549441,0.0000000,9.8064961,27.1364426
2,1,1.7600,SIT_TO_STAND,-0.0399063,0.0872415,10.1553942,0.0341614,6.9653916,-1.0295622,19.9628050,-1.1133577,39.1366287,0.0000000,0.2958953,0.3703151,0.9999914,-0.0000083,0.0025822,0.0032316,0.0497275,0.1020180,0.3853956,-0.0506447,-0.0000000,9.8065192,27.0869222
2,1,1.7700,SIT_TO_STAND,-0.1435696,0.1884749,10.5243089,0.9612539,8.6646166,1.0228577,19.7320617,-0.7376850,39.4938837,0.0000000,0.2717073,0.3700879,0.9999920,-0.0000077,0.0023711,0.0032296,-0.0778430,0.1711795,0.7631050,-0.0465048,0.0000000,9.8065397,27.1183603
2,1,1.7800,SIT_TO_STAND,-0.1797336,0.1386816,10.1553613,0.8477180,7.8080238,-0.2343862,19.9529153,0.0032585,39.9579751,0.0000000,0.2484633,0.3698598,0.9999924,-0.0000070,0.0021682,0.0032276,-0.0732813,0.0931271,0.3318806,-0.0425264,0.0000000,9.8065578,27.0650944
2,1,1.7900,SIT_TO_STAND,-0.0516288,0.0621080,10.0099533,-0.2118768,7.5441796,-0.8287282,20.1819435,0.1319239,39.8530752,0.0000000,0.2261757,0.3696309,0.9999928,-0.0000064,0.0019737,0.0032256,0.0350632,0.0206036,0.2695689,-0.0387118,0.0000000,9.8065736,27.1311448
2,1,1.8000,SIT_TO_STAND,0.1281777,0.1142190,10.0434308,-0.0880937,6.8365804,0.2661392,20.7123979,-0.7237025,40.2290782,0.0000000,0.2048565,0.3694011,0.9999932,-0.0000058,0.0017877,0.0032236,0.1231690,0.1240493,0.2895836,-0.0350628,0.0000000,9.8065873,27.0890910
2,1,1.8100,SIT_TO_STAND,-0.0557651,-0.1035637,10.2939989,1.3274351,5.8374454,-0.2242013,19.7929327,-0.5621520,39.6553819,0.0000000,0.1845180,0.3691706,0.9999935,-0.0000052,0.0016102,0.0032216,0.0240488,-0.1242939,0.4791603,-0.0315817,0.0000000,9.8065991,27.1089972
2,1,1.8200,SIT_TO_STAND,0.2012363,0.1366893,10.1349950,0.4633209,5.4759910,0.4481411,19.4128391,0.2339100,40.1967271,0.0000000,0.1651722,0.3689392,0.9999938,-0.0000046,0.0014414,0.0032196,0.2229713,0.1544535,0.3782444,-0.0282706,0.0000000,9.8066093,27.0859638
2,1,1.8300,SIT_TO_STAND,-0.0311847,0.1880204,10.1456873,0.0324018,6.1883909,0.7069401,20.2997751,-0.9160476,40.0187682,0.0000000,0.1468315,0.3687069,0.9999940,-0.0000041,0.0012813,0.0032176,-0.0184348,0.2288204,0.3434019,-0.0251314,0.0000000,9.8066178,27.1154455
2,1,1.8400,SIT_TO_STAND,-0.0775280,0.3386237,10.1984975,0.0458287,4.5002156,-1.8397862,19.6490609,-1.2044751,40.3625641,0.0000000,0.1295079,0.3684739,0.9999942,-0.0000036,0.0011302,0.0032155,-0.0319435,0.3810605,0.3827267,-0.0221663,0.0000000,9.8066249,27.1388521
2,1,1.8500,SIT_TO_STAND,0.1288319,0.1076055,10.1575089,0.2172936,4.2063891,-0.6767446,20.7618816,-1.1268250,39.9333091,0.0000000,0.1132137,0.3682400,0.9999943,-0.0000032,0.0009880,0.0032135,0.2625036,0.0901026,0.3717461,-0.0193775,-0.0000000,9.8066309,27.1263356
2,1,1.8600,SIT_TO_STAND,-0.1145649,0.0850203,10.1569811,0.4901846,4.4241586,1.5572154,19.8014311,-0.5647069,39.9643661,0.0000000,0.0979611,0.3680053,0.9999945,-0.0000027,0.0008549,0.0032114,-0.1217388,0.0531504,0.4439264,-0.0167668,0.0000000,9.8066357,27.1025572
2,1,1.8700,SIT_TO_STAND,-0.0965182,-0.0098840,9.9389763,1.8697219,4.9564530,0.4425339,20.7318542,-1.3408376,39.8522732,0.0000000,0.0837622,0.3677697,0.9999946,-0.0000023,0.0007310,0.0032094,-0.0879060,-0.0054668,0.2483283,-0.0143366,0.0000000,9.8066395,27.1000948
2,1,1.8800,SIT_TO_STAND,-0.0086280,0.0195280,9.9624114,-2.9754461,4.3687762,-1.6234091,19.8623287,-0.5574295,40.2837418,0.0000000,0.0706291,0.3675333,0.9999947,-0.0000020,0.0006164,0.0032073,0.0071061,0.0817999,0.2044414,-0.0120888,0.0000000,9.8066425,27.1364202
2,1,1.8900,SIT_TO_STAND,-0.1200679,-0.0254284,10.1799498,1.6776613,3.5750408,-1.1437356,19.9740933,-0.9020841,39.6994634,0.0000000,0.0585742,0.3672961,0.9999947,-0.0000016,0.0005112,0.0032053,-0.0494662,-0.0166422,0.3715321,-0.0100255,0.0000000,9.8066449,27.1276549
2,1,1.9000,SIT_TO_STAND,-0.1669796,0.0696871,10.0630380,1.6948508,3.7256010,1.7637721,20.2147763,-0.9097470,40.0635873,0.0000000,0.0476096,0.3670581,0.9999948,-0.0000013,0.0004155,0.0032032,-0.1771986,-0.0197685,0.2614026,-0.0081488,0.0000000,9.8066466,27.1683162
2,1,1.9100,SIT_TO_STAND,-0.1020094,-0.2451839,9.7658498,1.9713526,2.9212676,-0.1015749,19.9239857,-0.4333134,40.7525490,0.0000000,0.0377474,0.3668193,0.9999948,-0.0000011,0.0003294,0.0032011,-0.0466833,-0.2471702,-0.0855178,-0.0064608,0.0000000,9.8066479,27.1298764
2,1,1.9200,SIT_TO_STAND,-0.2430875,0.2167373,10.0132898,0.1920024,2.9146454,-0.4934877,19.8394127,-0.3939512,39.9817431,0.0000000,0.0289998,0.3665796,0.9999949,-0.0000008,0.0002531,0.0031990,-0.2158740,0.1928834,0.2538892,-0.0049636,0.0000000,9.8066487,27.1380938
2,1,1.9300,SIT_TO_STAND,0.0115473,-0.2379995,9.8556616,-1.6545257,2.2638179,-0.4524089,20.5789735,-0.4999254,40.3735681,0.0000000,0.0213791,0.3663391,0.9999949,-0.0000006,0.0001866,0.0031969,-0.0230121,-0.2391851,0.1440223,-0.0036592,0.0000000,9.8066493,27.1245099
2,1,1.9400,SIT_TO_STAND,0.1139886,0.0379622,9.7446614,-0.8500588,2.3190233,0.3632399,20.6136837,-0.2460896,39.4421221,0.0000000,0.0148973,0.3660978,0.9999949,-0.0000004,0.0001300,0.0031948,0.1163861,0.0108797,0.0095779,-0.0025498,0.0000000,9.8066497,27.1371170
2,1,1.9500,SIT_TO_STAND,-0.0119201,-0.0965981,9.7877265,-0.1336951,-0.2330950,0.0585768,20.0067407,-0.9353833,39.6549685,0.0000000,0.0095668,0.3658556,0.9999949,-0.0000003,0.0000835,0.0031927,0.0235893,-0.0778452,0.0205947,-0.0016374,0.0000000,9.8066499,27.0780434
2,1,1.9600,SIT_TO_STAND,-0.0921945,0.0067419,9.8312668,-1.4915782,1.3125593,2.1377489,20.0407905,-0.4977885,39.9367332,0.0000000,0.0053996,0.3656126,0.9999949,-0.0000002,0.0000471,0.0031906,-0.0757379,0.0240658,0.0118802,-0.0009242,0.0000000,9.8066500,27.1045509
2,1,1.9700,SIT_TO_STAND,-0.0356931,-0.0986742,9.9589128,-0.3250035,3.1629914,-0.5702399,20.0711211,-0.1967738,39.7111643,0.0000000,0.0024079,0.3653688,0.9999949,-0.0000001,0.0000210,0.0031884,0.0321007,-0.1306134,0.1689953,-0.0004121,0.0000000,9.8066500,27.1350556
2,1,1.9800,SIT_TO_STAND,0.0976036,0.0244386,10.0397490,1.8473873,1.6413342,1.1303057,19.8127403,-0.6791140,40.0594211,0.0000000,0.0006040,0.3651242,0.9999949,-0.0000000,0.0000053,0.0031863,0.1574147,-0.0533099,0.2649809,-0.0001034,-0.0000000,9.8066500,27.0982384
2,1,1.9900,SIT_TO_STAND,-0.1272830,0.0102876,9.4987392,0.0751484,0.7920566,-1.2607364,20.0134127,-0.5523424,40.1120991,0.0000000,0.0000000,0.3648788,0.9999949,0.0000000,0.0000000,0.0031842,-0.0374124,-0.0229801,-0.2839937,0.0000000,0.0000000,9.8066500,27.1877553
2,1,0.0000,STAND_TO_SIT,0.0977358,0.0531056,9.5880354,0.7802141,1.0224717,-0.1238906,19.4302233,-1.5506709,41.0528386,0.0000000,0.0000000,-0.2014369,0.9999985,0.0000000,0.0000000,-0.0017579,0.0429484,0.0308888,-0.2677763,0.0000000,0.0000000,9.8066500,26.9780486
2,1,0.0100,STAND_TO_SIT,0.1011829,-0.0454743,9.7828707,-0.4135957,2.3942756,-0.7495602,19.6062016,-1.4947528,41.1283313,0.0000000,0.0006040,-0.2019550,0.9999984,0.0000000,0.0000053,-0.0017624,0.0892249,-0.0090046,-0.0533347,-0.0001034,-0.0000000,9.8066500,26.9470881
2,1,0.0200,STAND_TO_SIT,0.4021776,-0.2220684,9.8910063,1.2067488,1.0527138,-0.5840287,18.8825862,-1.0829294,40.6363427,0.0000000,0.0024079,-0.2024727,0.9999984,0.0000000,0.0000210,-0.0017669,0.3550076,-0.1762321,0.0781452,-0.0004121,0.0000000,9.8066500,27.0050512
2,1,0.0300,STAND_TO_SIT,-0.0426977,0.0169906,9.8985889,0.7838036,2.9951635,-0.1212969,19.6524711,-1.2547612,41.1419124,0.0000000,0.0053996,-0.2029899,0.9999984,0.0000001,0.0000471,-0.0017714,-0.1132768,0.0492573,0.0663399,-0.0009242,0.0000000,9.8066500,27.0274275
2,1,0.0400,STAND_TO_SIT,-0.0046617,-0.2168834,10.0292798,1.4219444,2.2006388,-0.9216578,19.4920975,-0.8620346,41.2553544,0.0000000,0.0095668,-0.2035067,0.9999984,0.0000001,0.0000835,-0.0017759,-0.0453755,-0.1104029,0.2022371,-0.0016374,0.0000000,9.8066499,27.0450740
2,1,0.0500,STAND_TO_SIT,-0.0683704,-0.0979990,9.9842184,-0.5754909,1.9700425,0.5748589,18.9625738,-1.1823637,41.3133766,0.0000000,0.0148973,-0.2040230,0.9999984,0.0000002,0.0001300,-0.0017804,-0.0974557,0.0096263,0.1527347,-0.0025498,0.0000000,9.8066497,26.9703273
2,1,0.0600,STAND_TO_SIT,-0.0339913,-0.2847270,10.0508745,-0.1876049,2.6890142,-0.6934754,19.1366349,-1.8109004,41.4245194,0.0000000,0.0213791,-0.2045389,0.9999984,0.0000003,0.0001866,-0.0017849,-0.0256552,-0.2211538,0.2175247,-0.0036592,-0.0000000,9.8066493,26.9843774
2,1,0.0700,STAND_TO_SIT,-0.1059684,-0.0863178,10.0099940,-1.7692478,4.3887919,-1.7615457,19.0706887,-1.6559469,40.9887596,0.0000000,0.0289998,-0.2050543,0.9999984,0.0000005,0.0002531,-0.0017894,-0.0764544,-0.0632267,0.1497511,-0.0049636,0.0000000,9.8066487,27.0294972
2,1,0.0800,STAND_TO_SIT,0.0746299,-0.1634361,9.9352145,2.2977384,5.6402151,0.1170895,18.8854717,-1.6356784,40.9715449,0.0000000,0.0377474,-0.2055692,0.9999983,0.0000006,0.0003294,-0.0017939,0.1197417,-0.1034290,0.0494437,-0.0064608,-0.0000000,9.8066479,26.9708219
2,1,0.0900,STAND_TO_SIT,0.1254743,-0.0573341,10.1739913,0.0465625,5.9283759,-3.1386345,19.2946807,-1.5891684,41.8426345,0.0000000,0.0476096,-0.2060837,0.9999983,0.0000007,0.0004155,-0.0017984,0.0427462,-0.0637739,0.3385400,-0.0081488,-0.0000000,9.8066466,27.0262536
2,1,0.1000,STAND_TO_SIT,0.1306851,-0.0014688,10.0043271,1.1567925,4.3539761,-2.1829388,19.8641918,-1.1981910,41.4192400,0.0000000,0.0585742,-0.2065977,0.9999982,0.0000009,0.0005112,-0.0018029,0.1694572,0.0415725,0.1864238,-0.0100255,-0.0000000,9.8066449,27.0133091
2,1,0.1100,STAND_TO_SIT,-0.0542519,-0.0295868,10.1911236,0.5367837,4.9785643,0.2201909,19.7360884,-1.0316443,41.4703388,0.0000000,0.0706291,-0.2071112,0.9999982,0.0000011,0.0006164,-0.0018074,-0.0170800,-0.0483667,0.3826739,-0.0120888,0.0000000,9.8066425,27.0251875
2,1,0.1200,STAND_TO_SIT,0.1631511,-0.1109278,10.1349342,0.1001029,5.4487486,-1.2800129,19.0855046,-1.6263849,41.1831717,0.0000000,0.0837622,-0.2076243,0.9999981,0.0000013,0.0007310,-0.0018119,0.1738455,-0.0260508,0.1736030,-0.0143366,0.0000000,9.8066395,27.0888783
2,1,0.1300,STAND_TO_SIT,-0.0222332,-0.0287117,10.4416614,0.5872703,7.3777220,-1.6412021,19.5037679,-2.0611888,41.3655219,0.0000000,0.0979611,-0.2081369,0.9999980,0.0000016,0.0008549,-0.0018163,0.0224784,0.0434191,0.5424955,-0.0167668,0.0000000,9.8066357,26.9424274
2,1,0.1400,STAND_TO_SIT,0.0578471,0.1012759,10.0805843,0.3270255,6.1425968,-1.3815515,19.1055667,-1.1896523,41.4954331,0.0000000,0.1132137,-0.2086490,0.9999979,0.0000018,0.0009880,-0.0018208,0.0510040,0.2048490,0.1672242,-0.0193775,0.0000000,9.8066309,27.0469395
2,1,0.1500,STAND_TO_SIT,-0.0372898,-0.0433270,10.2010289,0.8807401,6.8544988,0.6899888,19.0859228,-2.0880324,41.5733088,0.0000000,0.1295079,-0.2091607,0.9999977,0.0000021,0.0011302,-0.0018253,-0.1589530,-0.0383204,0.3674856,-0.0221663,0.0000000,9.8066249,27.0102546
2,1,0.1600,STAND_TO_SIT,0.0204740,-0.2041041,10.1006815,0.4214771,6.5767551,-1.2600454,19.4274105,-0.8924778,41.4928819,0.0000000,0.1468315,-0.2096719,0.9999975,0.0000023,0.0012813,-0.0018297,-0.0665896,-0.1320659,0.2328395,-0.0251314,0.0000000,9.8066178,26.9943919
2,1,0.1700,STAND_TO_SIT,0.0552930,-0.0642036,10.2699298,1.2651253,6.2487464,-0.5888037,19.3664705,-1.8449683,41.4957504,0.0000000,0.1651722,-0.2101826,0.9999973,0.0000026,0.0014414,-0.0018342,0.0674187,-0.1100796,0.3997469,-0.0282706,-0.0000000,9.8066093,26.9698811
2,1,0.1800,STAND_TO_SIT,0.2882085,0.3022403,10.3103086,2.3260329,5.1183011,-1.2364719,19.5812166,-1.9746889,40.6155407,0.0000000,0.1845180,-0.2106929,0.9999970,0.0000030,0.0016102,-0.0018386,0.2329432,0.2940151,0.4808231,-0.0315817,0.0000000,9.8065991,27.0187613
2,1,0.1900,STAND_TO_SIT,0.1106881,0.0254082,10.2975331,0.8119770,8.6692085,-1.7764620,19.5759712,-1.4442373,41.3400956,0.0000000,0.2048565,-0.2112027,0.9999967,0.0000033,0.0017877,-0.0018431,0.0664973,0.0952911,0.4355072,-0.0350628,0.0000000,9.8065873,26.9935012
2,1,0.2000,STAND_TO_SIT,-0.0704737,-0.1810659,10.3285784,0.9939107,8.3407795,-1.3300991,19.2319848,-1.1188709,41.6421188,0.0000000,0.2261757,-0.2117120,0.9999963,0.0000036,0.0019738,-0.0018475,-0.0609449,-0.0720337,0.4981841,-0.0387118,-0.0000000,9.8065736,27.0326205
2,1,0.2100,STAND_TO_SIT,0.0551950,0.1183981,10.4934552,0.6069577,7.6562136,-0.6056282,19.3430575,-1.9334875,40.4476091,0.0000000,0.2484633,-0.2122208,0.9999959,0.0000040,0.0021682,-0.0018520,0.0712176,0.0523275,0.6159622,-0.0425264,-0.0000000,9.8065578,26.9729443
2,1,0.2200,STAND_TO_SIT,-0.1025958,0.0689886,10.6949161,-1.9198945,10.9979072,-2.2546689,19.2965110,-1.6716246,40.9987267,0.0000000,0.2717073,-0.2127292,0.9999955,0.0000044,0.0023711,-0.0018564,-0.1153818,0.0992179,0.8958795,-0.0465048,0.0000000,9.8065397,26.9802337
2,1,0.2300,STAND_TO_SIT,0.0644582,0.0058765,10.5752472,-0.4391758,9.1329805,-1.4856029,20.0280530,-2.0861095,41.6652800,0.0000000,0.2958953,-0.2132370,0.9999949,0.0000048,0.0025822,-0.0018608,0.1302759,0.0473265,0.6162812,-0.0506447,0.0000000,9.8065192,27.0167370
2,1,0.2400,STAND_TO_SIT,-0.1829080,-0.0773145,10.5410779,-0.0319857,9.3414483,-2.6397351,19.2038504,-1.4806420,40.7747527,0.0000000,0.3210152,-0.2137444,0.9999943,0.0000052,0.0028014,-0.0018653,-0.1817222,-0.0342373,0.7223816,-0.0549441,0.0000000,9.8064961,27.0173754
2,1,0.2500,STAND_TO_SIT,0.0145822,0.1490609,10.4873752,1.9969834,8.4363896,0.7251705,19.3779841,-1.4972969,40.7926125,0.0000000,0.3470548,-0.2142513,0.9999937,0.0000057,0.0030286,-0.0018697,-0.0028531,0.1800285,0.6273451,-0.0594010,0.0000000,9.8064701,27.0193879
2,1,0.2600,STAND_TO_SIT,0.0189130,-0.0878708,10.4885060,-0.0851498,9.6687053,0.1670454,19.4829591,-1.5012136,41.2870877,0.0000000,0.3740020,-0.2147578,0.9999929,0.0000061,0.0032638,-0.0018741,0.0198376,-0.0497158,0.6580380,-0.0640131,0.0000000,9.8064411,26.9965464
2,1,0.2700,STAND_TO_SIT,0.0192276,-0.0546008,10.3803640,-1.6099507,9.8579934,0.2917215,19.4721504,-1.5953629,41.8779175,0.0000000,0.4018446,-0.2152637,0.9999921,0.0000066,0.0035067,-0.0018785,0.0655790,0.0454228,0.5683443,-0.0687785,0.0000000,9.8064088,27.0340062
2,1,0.2800,STAND_TO_SIT,-0.0751039,0.0249135,10.5000769,1.0186821,11.4391922,0.5576511,19.2035858,-1.9040910,41.1914049,0.0000000,0.4305703,-0.2157692,0.9999912,0.0000071,0.0037574,-0.0018829,-0.0447121,0.1222852,0.6247341,-0.0736950,0.0000000,9.8063731,27.0331081
2,1,0.2900,STAND_TO_SIT,-0.0775463,-0.0159847,10.5792348,1.7200347,9.9950562,-0.5005642,18.8727078,-2.4613454,41.6933783,0.0000000,0.4601671,-0.2162742,0.9999902,0.0000076,0.0040157,-0.0018873,-0.0016194,-0.0196100,0.7348821,-0.0787606,0.0000000,9.8063337,27.0603167
2,1,0.3000,STAND_TO_SIT,-0.0657831,0.0635747,10.5805482,0.4176920,12.2511248,-1.0737509,19.0627190,-1.7043570,41.4370442,0.0000000,0.4906226,-0.2167786,0.9999890,0.0000081,0.0042815,-0.0018917,-0.0900085,0.0712539,0.7188159,-0.0839731,-0.0000000,9.8062905,26.9631776
2,1,0.3100,STAND_TO_SIT,0.0015956,0.0108212,10.5014923,1.9377244,10.7273611,-1.3949836,18.4873835,-1.9678977,41.6052745,0.0000000,0.5219248,-0.2172826,0.9999878,0.0000086,0.0045546,-0.0018961,0.1520340,0.0169892,0.6821920,-0.0893305,0.0000000,9.8062431,26.9747232
2,1,0.3200,STAND_TO_SIT,-0.0881391,0.0918694,10.6287321,-0.1782363,11.4256699,-1.6469549,19.3547495,-1.0038912,41.1737419,0.0000000,0.5540614,-0.2177862,0.9999865,0.0000092,0.0048351,-0.0019005,-0.0301412,0.0297257,0.7809302,-0.0948308,0.0000000,9.8061915,27.0065483
2,1,0.3300,STAND_TO_SIT,0.0683768,-0.0617619,10.4921732,0.4748321,12.8020831,-0.6006552,18.9790465,-1.2453649,40.8344135,0.0000000,0.5870204,-0.2182892,0.9999851,0.0000098,0.0051227,-0.0019049,0.1260966,-0.0523156,0.6925259,-0.1004717,0.0000000,9.8061353,27.0503601
2,1,0.3400,STAND_TO_SIT,-0.2253821,-0.1636936,10.5093266,0.6248241,11.1077707,-2.0203359,18.8989539,-2.0282830,41.6007665,0.0000000,0.6207894,-0.2187917,0.9999835,0.0000103,0.0054174,-0.0019093,-0.1378829,-0.1020869,0.6783889,-0.1062512,0.0000000,9.8060744,26.9977601
2,1,0.3500,STAND_TO_SIT,-0.0934420,-0.2128959,10.6359737,0.2346751,12.9141544,-2.3868557,18.9498784,-2.1040066,41.6284722,0.0000000,0.6553563,-0.2192938,0.9999818,0.0000109,0.0057190,-0.0019137,-0.0457005,-0.0980678,0.7855746,-0.1121672,-0.0000000,9.8060085,26.9562324
2,1,0.3600,STAND_TO_SIT,-0.1989449,-0.2344679,10.6381004,2.4133515,12.2912908,-2.3578474,19.0287036,-1.2790947,41.4767743,0.0000000,0.6907089,-0.2197953,0.9999800,0.0000116,0.0060275,-0.0019180,-0.0680994,-0.1566107,0.7373411,-0.1182177,-0.0000000,9.8059374,27.0969450
2,1,0.3700,STAND_TO_SIT,-0.1343649,-0.1986529,10.8052301,-0.0906077,13.1884097,-1.8261121,18.8456108,-1.6125391,40.9731642,0.0000000,0.7268351,-0.2202964,0.9999780,0.0000122,0.0063428,-0.0019224,-0.0728012,-0.1324010,1.0184741,-0.1244005,0.0000000,9.8058609,27.0115708
2,1,0.3800,STAND_TO_SIT,0.1672874,-0.3826365,10.6226966,1.7261686,11.3242827,-0.9950398,19.0197150,-1.6422429,41.3747911,0.0000000,0.7637227,-0.2207969,0.9999759,0.0000128,0.0066647,-0.0019268,0.2010678,-0.3155420,0.7466281,-0.1307136,0.0000000,9.8057788,27.0653200
2,1,0.3900,STAND_TO_SIT,-0.4051974,-0.1810732,10.7391374,0.0338530,13.9882337,-0.8142971,18.7074793,-1.5316245,40.5849461,0.0000000,0.8013594,-0.2212970,0.9999737,0.0000135,0.0069931,-0.0019311,-0.3356839,-0.0873930,0.8677275,-0.1371549,0.0000000,9.8056908,27.0120217
2,1,0.4000,STAND_TO_SIT,-0.2230615,0.0342565,10.6580105,-0.2315518,14.2046112,-0.5632464,19.3149073,-1.4064206,40.9709718,0.0000000,0.8397331,-0.2217965,0.9999713,0.0000142,0.0073280,-0.0019355,-0.0741673,0.0238886,0.8027584,-0.1437222,0.0000000,9.8055968,27.0033899
2,1,0.4100,STAND_TO_SIT,-0.1984017,0.1273388,10.6174522,-0.9317818,13.9090036,-1.4660496,18.3632277,-0.8843929,42.2141483,0.0000000,0.8788317,-0.2222956,0.9999687,0.0000149,0.0076692,-0.0019398,-0.0788510,0.0865284,0.8291759,-0.1504135,0.0000000,9.8054964,27.0278501
2,1,0.4200,STAND_TO_SIT,-0.2943476,-0.0357154,10.7571452,0.8462632,12.5449030,-0.5466427,19.3228777,-1.2452932,41.2013460,0.0000000,0.9186429,-0.2227942,0.9999660,0.0000156,0.0080166,-0.0019442,-0.1388773,-0.0028570,0.9129046,-0.1572266,0.0000000,9.8053895,27.0179594
2,1,0.4300,STAND_TO_SIT,-0.1510648,-0.1855349,10.9851298,0.3731090,12.9330072,-1.4320292,19.3176068,-1.4350384,40.7550940,0.0000000,0.9591545,-0.2232922,0.9999631,0.0000163,0.0083701,-0.0019485,0.0365867,-0.1418335,1.1333987,-0.1641596,0.0000000,9.8052759,27.0445520
2,1,0.4400,STAND_TO_SIT,-0.0579907,-0.0069808,10.7187661,1.1249214,13.0070298,-1.2218427,18.5952434,-0.9220513,41.4356879,0.0000000,1.0003544,-0.2237898,0.9999600,0.0000170,0.0087296,-0.0019529,0.1532433,-0.0624251,0.8964656,-0.1712103,0.0000000,9.8051553,27.0904210
2,1,0.4500,STAND_TO_SIT,-0.0872356,-0.0574890,10.6553337,3.0990652,15.1850397,-1.1541150,19.0849850,-1.2024108,41.4513558,0.0000000,1.0422304,-0.2242869,0.9999567,0.0000178,0.0090950,-0.0019572,0.0222525,0.0136894,0.7887195,-0.1783766,0.0000000,9.8050276,27.0591854
2,1,0.4600,STAND_TO_SIT,-0.0995631,-0.0881812,10.7611751,1.5828403,14.7424255,-2.3896892,18.8141045,-2.1192167,41.0251906,0.0000000,1.0847703,-0.2247834,0.9999533,0.0000186,0.0094662,-0.0019615,0.0618201,-0.1257927,0.9249839,-0.1856564,0.0000000,9.8048924,26.9637036
2,1,0.4700,STAND_TO_SIT,-0.2917657,-0.1073162,10.7390450,2.2836042,12.0362344,-2.2049269,18.6048244,-0.7743888,41.1609013,0.0000000,1.1279620,-0.2252795,0.9999496,0.0000194,0.0098431,-0.0019658,-0.1001614,-0.0424100,0.9697830,-0.1930476,-0.0000000,9.8047497,27.0264334
2,1,0.4800,STAND_TO_SIT,0.1529706,-0.1904899,10.7892925,2.0876255,13.7034861,-0.6079148,18.1608055,-1.7536036,41.1688458,0.0000000,1.1717932,-0.2257750,0.9999458,0.0000201,0.0102256,-0.0019702,0.3509196,-0.1530797,1.0087063,-0.2005482,-0.0000000,9.8045992,27.0372458
2,1,0.4900,STAND_TO_SIT,-0.2035995,0.0117979,10.7577433,0.7727022,15.5697042,0.9690194,18.4321391,-2.0631743,41.5684053,0.0000000,1.2162517,-0.2262700,0.9999417,0.0000210,0.0106136,-0.0019745,-0.0015245,0.0579887,0.8732186,-0.2081560,-0.0000000,9.8044406,27.0144358
2,1,0.5000,STAND_TO_SIT,-0.2429499,0.0891697,11.2543970,-0.3730422,15.1107113,-0.3208093,18.6580132,-1.3105244,41.7090981,0.0000000,1.2613254,-0.2267645,0.9999375,0.0000218,0.0110069,-0.0019788,-0.0040526,0.1663308,1.3998003,-0.2158689,-0.0000000,9.8042738,27.1001405
2,1,0.5100,STAND_TO_SIT,-0.1129985,0.2837481,11.0127348,1.2694670,16.4114663,-0.3956945,18.8156425,-1.0635377,41.6525456,0.0000000,1.3070022,-0.2272586,0.9999330,0.0000226,0.0114055,-0.0019831,0.0305399,0.3328696,1.1236745,-0.2236849,0.0000000,9.8040986,27.0367961
2,1,0.5200,STAND_TO_SIT,-0.1402994,0.1959909,10.8499247,-1.2549391,16.3505092,0.2311880,18.5581603,-1.6448580,41.7031029,0.0000000,1.3532697,-0.2277521,0.9999283,0.0000235,0.0118092,-0.0019874,0.1157164,0.2561485,0.9894225,-0.2316019,-0.0000000,9.8039148,27.0329647
2,1,0.5300,STAND_TO_SIT,-0.1780561,0.0064209,10.7041627,1.3521810,15.6068748,-1.9657803,18.4196744,-1.7687752,42.2118240,0.0000000,1.4001159,-0.2282450,0.9999234,0.0000243,0.0122180,-0.0019917,0.0002383,-0.0112390,0.8479353,-0.2396177,0.0000000,9.8037221,27.0277310
2,1,0.5400,STAND_TO_SIT,-0.0453740,-0.2013083,10.9210249,-0.7949054,17.4929943,-0.2799005,19.0178615,-1.9620529,41.4653091,0.0000000,1.4475285,-0.2287375,0.9999182,0.0000252,0.0126317,-0.0019960,0.1607031,-0.1041198,1.0729092,-0.2477302,-0.0000000,9.8035205,27.0494805
2,1,0.5500,STAND_TO_SIT,-0.4003611,-0.1210626,10.9099719,1.7241372,17.5603179,-3.4989352,17.8695558,-1.3985737,41.7454267,0.0000000,1.4954955,-0.2292295,0.9999128,0.0000261,0.0130503,-0.0020002,-0.1518162,-0.0423438,0.9567180,-0.2559374,0.0000000,9.8033097,27.0412496
2,1,0.5600,STAND_TO_SIT,-0.1775949,-0.0629022,10.7647663,0.9856024,17.8255734,-0.7027221,18.4862997,-1.3706205,40.6429989,0.0000000,1.5440045,-0.2297209,0.9999072,0.0000270,0.0134735,-0.0020045,0.0387905,-0.0134577,0.9632803,-0.2642372,0.0000000,9.8030895,27.0222865
2,1,0.5700,STAND_TO_SIT,-0.2761608,0.1386653,11.0576004,0.9963144,17.3385342,0.6482112,18.0898216,-2.3157015,41.7360448,0.0000000,1.5930434,-0.2302119,0.9999014,0.0000279,0.0139015,-0.0020088,-0.0261801,0.0984117,1.2200557,-0.2726275,0.0000000,9.8028597,27.0272264
2,1,0.5800,STAND_TO_SIT,-0.3276024,0.0958874,11.1326793,1.0209123,16.0843579,-1.3692202,18.1024745,-1.1905564,41.7929751,0.0000000,1.6426000,-0.2307023,0.9998952,0.0000289,0.0143339,-0.0020130,-0.0989172,0.0928346,1.3029262,-0.2811062,0.0000000,9.8026202,27.0598179
2,1,0.5900,STAND_TO_SIT,-0.5747623,-0.3648756,10.9195401,2.0469413,17.4109149,-3.0259115,18.0451825,-1.5205675,41.5588901,0.0000000,1.6926622,-0.2311922,0.9998889,0.0000298,0.0147707,-0.0020173,-0.3463489,-0.2713208,1.1351496,-0.2896711,0.0000000,9.8023709,27.0758771
2,1,0.6000,STAND_TO_SIT,-0.3243908,-0.1123431,11.0056422,-0.8495245,17.6905738,-1.9206352,18.0605405,-1.4458702,42.0258899,0.0000000,1.7432177,-0.2316815,0.9998822,0.0000308,0.0152118,-0.0020216,-0.0483653,-0.0794968,1.1838757,-0.2983202,0.0000000,9.8021115,27.0311219
2,1,0.6100,STAND_TO_SIT,-0.3128395,-0.0273426,11.1347744,-0.9102404,16.5135594,-0.7733689,18.0891846,-1.7490039,41.9269364,0.0000000,1.7942545,-0.2321704,0.9998754,0.0000317,0.0156572,-0.0020258,0.0103938,0.0444648,1.2902703,-0.3070514,-0.0000000,9.8018419,27.0479097
2,1,0.6200,STAND_TO_SIT,-0.0586132,-0.0107224,11.1156796,1.0635919,15.5885313,-0.8416878,17.9604440,-1.5716356,42.3338746,0.0000000,1.8457602,-0.2326587,0.9998682,0.0000327,0.0161066,-0.0020301,0.2641176,-0.0127000,1.3500809,-0.3158626,-0.0000000,9.8015619,27.0447608
2,1,0.6300,STAND_TO_SIT,-0.1833332,-0.1117774,11.2056226,0.7559447,18.5991844,-3.3105106,18.6705721,-1.3858519,41.6636999,0.0000000,1.8977227,-0.2331465,0.9998608,0.0000337,0.0165600,-0.0020343,0.1070399,-0.0843192,1.3612770,-0.3247517,-0.0000000,9.8012714,27.0641604
2,1,0.6400,STAND_TO_SIT,-0.2725672,-0.1323828,11.1086080,-0.7443988,17.1591059,-2.2196878,17.8581812,-1.3326485,41.4819312,0.0000000,1.9501299,-0.2336338,0.9998531,0.0000347,0.0170172,-0.0020385,-0.0262584,-0.0856976,1.2967156,-0.3337165,0.0000000,9.8009702,27.0037350
2,1,0.6500,STAND_TO_SIT,-0.4027499,-0.0833663,11.0183851,1.6618983,17.6807327,-2.0152184,17.9100071,-1.8154732,42.4093343,0.0000000,2.0029696,-0.2341205,0.9998452,0.0000357,0.0174783,-0.0020428,-0.1610329,-0.1003407,1.1648923,-0.3427551,-0.0000000,9.8006583,27.0799052
2,1,0.6600,STAND_TO_SIT,-0.1881337,-0.1741375,11.0223327,1.4200070,17.2063845,-1.2204734,18.3004526,-0.9604915,42.1039014,0.0000000,2.0562295,-0.2346068,0.9998369,0.0000367,0.0179430,-0.0020470,0.1714209,-0.1708045,1.1770207,-0.3518653,0.0000000,9.8003355,27.0537083
2,1,0.6700,STAND_TO_SIT,-0.1802769,0.1383093,11.0048977,2.3021419,17.7964089,-1.6963588,17.6223311,-1.5775094,42.0451727,0.0000000,2.1098975,-0.2350925,0.9998284,0.0000378,0.0184112,-0.0020512,0.2081129,0.1232344,1.2101473,-0.3610449,0.0000000,9.8000016,27.0330724
2,1,0.6800,STAND_TO_SIT,-0.4250973,0.1176366,11.0768363,0.3721088,17.5941607,-1.5207054,17.9784708,-1.7160181,41.8722766,0.0000000,2.1639614,-0.2355776,0.9998196,0.0000388,0.0188830,-0.0020554,-0.0349348,0.1163602,1.2483045,-0.3702920,0.0000000,9.7996565,27.0525343
2,1,0.6900,STAND_TO_SIT,-0.4623095,-0.1824501,11.1443413,0.7429918,18.1808935,-0.9817198,17.7694197,-1.9089351,41.3551418,0.0000000,2.2184090,-0.2360623,0.9998105,0.0000399,0.0193580,-0.0020596,-0.1288633,-0.1544414,1.3107455,-0.3796043,-0.0000000,9.7993002,27.0955179
2,1,0.7000,STAND_TO_SIT,-0.3324112,-0.1167085,11.0412607,0.8019129,18.4131538,-3.0355566,17.5881145,-1.3036220,41.3726717,0.0000000,2.2732282,-0.2365464,0.9998011,0.0000409,0.0198363,-0.0020638,0.0376799,-0.1008666,1.2055499,-0.3889799,-0.0000000,9.7989325,27.0570867
2,1,0.7100,STAND_TO_SIT,-0.5617513,-0.0784464,11.2054868,1.4445454,18.4190645,-0.9771383,17.7463916,-1.2825146,42.2549069,0.0000000,2.3284068,-0.2370299,0.9997914,0.0000420,0.0203177,-0.0020680,-0.1799470,-0.0850941,1.3259472,-0.3984165,0.0000000,9.7985534,27.0197476
2,1,0.7200,STAND_TO_SIT,-0.3115427,0.0145958,11.1814953,1.3715757,18.3012963,-2.2814274,17.8544207,-2.0865007,41.9571505,0.0000000,2.3839325,-0.2375130,0.9997815,0.0000431,0.0208022,-0.0020722,0.0860909,0.0773445,1.3266813,-0.4079122,0.0000000,9.7981627,27.0153209
2,1,0.7300,STAND_TO_SIT,-0.5430620,-0.1722119,11.0490321,0.3498113,19.1430369,0.4825943,18.3081470,-2.6008272,41.2527650,0.0000000,2.4397932,-0.2379955,0.9997712,0.0000442,0.0212896,-0.0020764,-0.1004868,-0.1542860,1.1796295,-0.4174647,-0.0000000,9.7977603,27.0338810
2,1,0.7400,STAND_TO_SIT,-0.3376355,-0.0945719,11.2728273,1.9273237,19.7238974,-2.9276996,17.3118117,-1.3077438,41.9322584,0.0000000,2.4959768,-0.2384775,0.9997606,0.0000453,0.0217797,-0.0020806,-0.0317379,-0.0685687,1.3504563,-0.4270721,-0.0000000,9.7973463,27.0095504
2,1,0.7500,STAND_TO_SIT,-0.4444541,-0.0441787,11.1274485,2.0429133,21.0787622,0.7520868,17.8332279,-1.5628324,42.3648873,0.0000000,2.5524709,-0.2389589,0.9997498,0.0000464,0.0222726,-0.0020848,-0.0434742,0.0357360,1.2926401,-0.4367322,0.0000000,9.7969204,27.0149710
2,1,0.7600,STAND_TO_SIT,-0.3707960,0.0230593,11.1278655,0.4101039,21.2853181,-3.4404547,18.0445522,-1.3406828,42.1430971,0.0000000,2.6092636,-0.2394398,0.9997386,0.0000476,0.0227681,-0.0020890,0.1089977,0.1044547,1.3122527,-0.4464428,-0.0000000,9.7964827,27.0341934
2,1,0.7700,STAND_TO_SIT,-0.3309176,0.0066804,11.2511354,-0.3396039,18.9969590,-0.6578414,17.4859353,-1.8022712,42.2524854,0.0000000,2.6663425,-0.2399202,0.9997271,0.0000487,0.0232661,-0.0020931,0.1009274,-0.0291923,1.3565562,-0.4562020,0.0000000,9.7960331,27.0337750
2,1,0.7800,STAND_TO_SIT,-0.5531893,0.2017438,11.3362251,0.4467026,21.4249204,-1.3849051,18.1504509,-1.5263042,41.6866300,0.0000000,2.7236955,-0.2404000,0.9997153,0.0000499,0.0237664,-0.0020973,-0.1259267,0.2073067,1.4391877,-0.4660076,-0.0000000,9.7955715,27.0724116
2,1,0.7900,STAND_TO_SIT,-0.4738465,0.0253309,10.9659863,0.1563067,18.6069403,0.2292139,17.7133807,-1.5538748,42.5216988,0.0000000,2.7813104,-0.2408793,0.9997033,0.0000510,0.0242691,-0.0021014,-0.0779673,0.0316790,1.1565562,-0.4758575,-0.0000000,9.7950980,27.0276497
2,1,0.8000,STAND_TO_SIT,-0.5601467,0.0100307,11.0857970,0.2313049,17.8351963,-0.5649152,17.5497816,-0.9256622,41.3457092,0.0000000,2.8391750,-0.2413580,0.9996909,0.0000522,0.0247739,-0.0021056,-0.1157337,0.0585631,1.2666113,-0.4857496,0.0000000,9.7946124,27.0874070
2,1,0.8100,STAND_TO_SIT,-0.6379028,0.0497267,11.2162433,0.4652210,19.3216591,-1.6199422,17.0219134,-1.5009570,42.1240004,0.0000000,2.8972772,-0.2418362,0.9996782,0.0000534,0.0252808,-0.0021097,-0.1551178,-0.0336480,1.3578090,-0.4956818,-0.0000000,9.7941148,27.0072784
2,1,0.8200,STAND_TO_SIT,-0.3691478,0.0635043,11.0537863,1.8143399,20.5148866,-2.0918179,17.3875584,-0.5557640,42.3769367,0.0000000,2.9556048,-0.2423138,0.9996652,0.0000545,0.0257896,-0.0021139,0.0883193,0.1374030,1.2512929,-0.5056521,-0.0000000,9.7936051,27.0682195
2,1,0.8300,STAND_TO_SIT,-0.5274513,-0.1024294,11.1471820,1.0406378,20.0609131,-1.0061552,18.0850046,-1.6690387,42.0527839,0.0000000,3.0141455,-0.2427909,0.9996518,0.0000557,0.0263003,-0.0021180,-0.0431546,-0.1205251,1.3103151,-0.5156582,0.0000000,9.7930833,27.0951705
2,1,0.8400,STAND_TO_SIT,-0.5272026,-0.2573833,11.2951622,1.5251749,20.9188831,-2.2441920,16.7797887,-1.7226062,41.9507670,0.0000000,3.0728872,-0.2432675,0.9996382,0.0000569,0.0268127,-0.0021221,-0.0490649,-0.1765132,1.5072497,-0.5256981,-0.0000000,9.7925495,27.0604475
2,1,0.8500,STAND_TO_SIT,-0.6289035,0.0279116,11.2336640,1.8892285,20.4176236,-1.5967159,17.4414340,-1.4426125,42.9293331,0.0000000,3.1318178,-0.2437435,0.9996243,0.0000581,0.0273268,-0.0021263,-0.1407924,0.0574924,1.3304724,-0.5357698,-0.0000000,9.7920036,27.0201658
2,1,0.8600,STAND_TO_SIT,-0.4335662,0.1726785,11.2100050,-0.6369671,21.2217156,-0.1569515,17.8339726,-1.4644064,41.6612882,0.0000000,3.1909250,-0.2442190,0.9996101,0.0000593,0.0278424,-0.0021304,0.1672032,0.2051214,1.3555310,-0.5458711,-0.0000000,9.7914457,27.0396899
2,1,0.8700,STAND_TO_SIT,-0.4868319,-0.0740444,11.0740791,-1.3264914,20.1714656,-1.8021013,16.8707748,-1.8537459,42.6327540,0.0000000,3.2501966,-0.2446939,0.9995955,0.0000606,0.0283594,-0.0021345,-0.0194722,-0.0424088,1.2657422,-0.5559999,-0.0000000,9.7908758,27.0727849
2,1,0.8800,STAND_TO_SIT,-0.7621107,-0.1335941,11.0786081,-0.2335104,18.1097100,-0.8447625,16.0104249,-1.6326525,42.1620753,0.0000000,3.3096205,-0.2451683,0.9995807,0.0000618,0.0288778,-0.0021386,-0.2390839,-0.1006317,1.3296001,-0.5661542,0.0000000,9.7902939,27.0816648
2,1,0.8900,STAND_TO_SIT,-0.4589759,-0.0052462,11.2310856,-0.0357340,20.0014105,-2.8039536,17.5106717,-1.1057118,42.3802746,0.0000000,3.3691845,-0.2456421,0.9995655,0.0000630,0.0293974,-0.0021427,0.0897999,-0.0263881,1.3760415,-0.5763317,0.0000000,9.7897000,27.0562635
2,1,0.9000,STAND_TO_SIT,-0.7999250,-0.1849750,11.3283952,0.5615895,19.5612319,-0.4071230,16.4461405,-1.8597644,41.5114896,0.0000000,3.4288764,-0.2461153,0.9995500,0.0000643,0.0299181,-0.0021468,-0.1901356,-0.1370056,1.5238933,-0.5865305,0.0000000,9.7890942,27.0349540
2,1,0.9100,STAND_TO_SIT,-0.7306129,-0.1385754,11.0501193,1.8754211,19.5785547,-3.5438308,17.2922511,-1.4623030,42.7148594,0.0000000,3.4886840,-0.2465880,0.9995343,0.0000655,0.0304397,-0.0021509,-0.1137566,-0.1300002,1.2258558,-0.5967484,-0.0000000,9.7884767,27.0812924
2,1,0.9200,STAND_TO_SIT,-0.4168532,-0.1090466,11.4179718,0.6978794,19.9867775,-0.5616463,16.6603383,-1.6718123,42.1931118,0.0000000,3.5485952,-0.2470602,0.9995182,0.0000668,0.0309623,-0.0021550,0.1616340,-0.1100450,1.6691633,-0.6069834,-0.0000000,9.7878473,27.0732480
2,1,0.9300,STAND_TO_SIT,-0.5816973,-0.1224565,11.2082242,0.1762465,20.0614106,1.5137582,16.9379763,-2.0930203,42.2145125,0.0000000,3.6085978,-0.2475318,0.9995019,0.0000680,0.0314857,-0.0021590,-0.0400293,-0.0136367,1.4129315,-0.6172333,-0.0000000,9.7872063,27.0667053
2,1,0.9400,STAND_TO_SIT,-0.5629016,-0.0175184,11.1647939,2.2030920,22.8093470,-2.1293646,16.5123982,-1.4317510,42.6160768,0.0000000,3.6686795,-0.2480028,0.9994852,0.0000693,0.0320097,-0.0021631,0.0576302,0.0218867,1.3540189,-0.6274961,-0.0000000,9.7865537,27.0367830
2,1,0.9500,STAND_TO_SIT,-0.5069942,-0.0842753,11.3907691,2.0341276,19.8967175,-1.1956467,16.6913644,-1.0435986,42.5653302,0.0000000,3.7288282,-0.2484733,0.9994683,0.0000705,0.0325343,-0.0021672,0.1230118,-0.0558795,1.5727229,-0.6377696,0.0000000,9.7858895,27.0625286
2,1,0.9600,STAND_TO_SIT,-0.4988805,-0.2148344,11.1868472,2.3395148,18.8330697,-2.6888070,16.8342638,-1.5251996,41.9323361,0.0000000,3.7890318,-0.2489432,0.9994510,0.0000718,0.0330594,-0.0021713,0.1601127,-0.1163172,1.3589096,-0.6480518,0.0000000,9.7852140,27.0195909
2,1,0.9700,STAND_TO_SIT,-0.4658179,0.0906696,11.2888371,0.0849503,19.6629805,-1.0968270,16.5717019,-1.9993139,42.0003296,0.0000000,3.8492780,-0.2494126,0.9994335,0.0000731,0.0335849,-0.0021753,0.1441056,0.1126227,1.4307341,-0.6583405,0.0000000,9.7845272,27.0673537
2,1,0.9800,STAND_TO_SIT,-0.7300247,0.0695476,10.9185130,0.1416048,21.0271815,-0.7821655,17.1565569,-1.5310479,42.2724659,0.0000000,3.9095546,-0.2498814,0.9994157,0.0000744,0.0341106,-0.0021794,-0.0887004,0.1162313,1.1149461,-0.6686337,-0.0000000,9.7838292,27.0626286
2,1,0.9900,STAND_TO_SIT,-0.8025633,-0.1836692,11.2188893,1.7658270,20.5840790,-2.2253184,17.1738256,-1.5003830,42.9280035,0.0000000,3.9698495,-0.2503496,0.9993976,0.0000757,0.0346365,-0.0021834,-0.0913130,-0.1962994,1.4772306,-0.6789293,-0.0000000,9.7831201,27.0281051
2,1,1.0000,STAND_TO_SIT,-0.6856295,0.0752100,11.3446719,0.4435932,19.9559571,-0.7088091,15.7875667,-0.8335256,42.6799494,0.0000000,4.0301505,-0.2508173,0.9993792,0.0000770,0.0351624,-0.0021874,0.0449527,0.1421632,1.5339624,-0.6892252,0.0000000,9.7824002,27.1076206
2,1,1.0100,STAND_TO_SIT,-0.8543693,0.1428611,11.1776095,2.5537276,17.8617802,-1.8787532,16.3417555,-1.6295133,42.0334793,0.0000000,4.0904454,-0.2512844,0.9993606,0.0000783,0.0356882,-0.0021915,-0.0936139,0.1785509,1.3734179,-0.6995192,0.0000000,9.7816694,27.0782336
2,1,1.0200,STAND_TO_SIT,-0.6802345,-0.0697619,11.1784313,0.3656044,19.3923276,-1.1426034,16.1155987,-1.9162788,42.9045581,0.0000000,4.1507220,-0.2517509,0.9993416,0.0000796,0.0362139,-0.0021955,0.0940443,0.0099853,1.4489717,-0.7098094,-0.0000000,9.7809281,27.0892362
2,1,1.0300,STAND_TO_SIT,-0.8345298,-0.1189068,11.0382748,1.5890954,21.0164064,-0.9684632,16.4873858,-1.4393894,42.2883323,0.0000000,4.2109682,-0.2522169,0.9993225,0.0000809,0.0367393,-0.0021995,-0.0604249,-0.1348536,1.2302336,-0.7200936,0.0000000,9.7801763,27.0441580
2,1,1.0400,STAND_TO_SIT,-0.8063060,-0.1266454,11.0248450,0.2628687,20.8055574,-0.5874663,16.7785196,-2.0076754,42.1804536,0.0000000,4.2711718,-0.2526823,0.9993030,0.0000822,0.0372643,-0.0022035,-0.0294435,-0.0856360,1.1802270,-0.7303697,0.0000000,9.7794143,27.0756528
2,1,1.0500,STAND_TO_SIT,-0.8239027,-0.1900339,11.3324765,-0.6078331,20.2102901,-1.8891089,16.0821579,-1.2466053,41.7763093,0.0000000,4.3313205,-0.2531471,0.9992833,0.0000835,0.0377888,-0.0022075,-0.0964949,-0.1376266,1.5948543,-0.7406357,0.0000000,9.7786422,27.0479609
2,1,1.0600,STAND_TO_SIT,-0.6841843,-0.1259248,11.1808347,1.2092948,20.0302348,0.2031978,16.1029859,-1.0681882,43.0944102,0.0000000,4.3914022,-0.2536114,0.9992633,0.0000848,0.0383127,-0.0022116,0.1043699,-0.0729627,1.3234679,-0.7508894,0.0000000,9.7778602,27.0990138
2,1,1.0700,STAND_TO_SIT,-0.8533448,-0.0077651,11.2402928,2.1753638,18.8066538,-0.3446653,16.2910906,-2.0600577,42.7019688,0.0000000,4.4514048,-0.2540751,0.9992431,0.0000861,0.0388360,-0.0022155,-0.1112164,0.0703238,1.3775145,-0.7611288,0.0000000,9.7770684,27.1296886
2,1,1.0800,STAND_TO_SIT,-0.4801634,-0.0209308,11.2305068,-0.3451438,19.7240640,-0.4389155,16.3831160,-1.2183193,42.9247342,0.0000000,4.5113160,-0.2545382,0.9992227,0.0000874,0.0393584,-0.0022195,0.2975114,0.0386724,1.3427266,-0.7713517,0.0000000,9.7762672,27.1209722
2,1,1.0900,STAND_TO_SIT,-0.6765924,-0.0822432,11.0774127,0.9110270,19.3083813,-1.4696460,15.8499052,-1.2297363,42.7529960,0.0000000,4.5711236,-0.2550008,0.9992020,0.0000887,0.0398799,-0.0022235,0.0823248,-0.0577336,1.2959800,-0.7815562,0.0000000,9.7754567,27.0260334
2,1,1.1000,STAND_TO_SIT,-0.6270146,-0.0223166,11.0656140,1.9349434,21.2545299,-0.1314817,15.5412202,-1.4158840,42.7542986,0.0000000,4.6308155,-0.2554628,0.9991811,0.0000901,0.0404004,-0.0022275,0.0708446,0.0529220,1.2341154,-0.7917400,0.0000000,9.7746372,27.0821978
2,1,1.1100,STAND_TO_SIT,-0.8078151,-0.0495267,10.9262724,1.0423409,20.4105321,-1.1584077,14.9957069,-0.8820753,43.0760013,0.0000000,4.6903795,-0.2559242,0.9991599,0.0000914,0.0409198,-0.0022315,-0.0051063,0.0215619,1.0910240,-0.8019012,0.0000000,9.7738088,27.0964763
2,1,1.1200,STAND_TO_SIT,-0.5198406,-0.0764171,11.2042788,-0.1475159,18.6784043,-0.6110904,15.7083471,-1.0586106,43.2816923,0.0000000,4.7498034,-0.2563850,0.9991386,0.0000927,0.0414379,-0.0022355,0.2898910,-0.0401731,1.3197212,-0.8120376,0.0000000,9.7729719,27.0232202
2,1,1.1300,STAND_TO_SIT,-0.3888103,0.0512607,11.2115097,0.2082416,18.0998489,-1.2815727,15.8249799,-1.3876705,43.2716693,0.0000000,4.8090750,-0.2568453,0.9991170,0.0000940,0.0419547,-0.0022394,0.3605195,0.0522501,1.3480525,-0.8221471,0.0000000,9.7721266,27.0886352
2,1,1.1400,STAND_TO_SIT,-0.8892012,0.0068641,11.1287215,-0.5192624,19.3354060,-0.8121364,15.5105056,-1.8312463,43.1087142,0.0000000,4.8681822,-0.2573050,0.9990952,0.0000954,0.0424700,-0.0022434,-0.0325382,0.0639629,1.4374276,-0.8322278,0.0000000,9.7712733,27.0576218
2,1,1.1500,STAND_TO_SIT,-0.9235415,-0.0033384,11.0722894,-0.3727491,19.9713771,0.7741873,15.5957770,-1.8212176,43.0223456,0.0000000,4.9271128,-0.2577641,0.9990732,0.0000967,0.0429838,-0.0022473,-0.0736745,-0.0217182,1.2797957,-0.8422774,0.0000000,9.7704121,27.0963679
2,1,1.1600,STAND_TO_SIT,-0.7863582,-0.0708159,11.1183758,0.5192103,17.9056250,-1.3722612,15.1234435,-0.9885840,42.7696756,0.0000000,4.9858545,-0.2582226,0.9990511,0.0000980,0.0434960,-0.0022513,0.0545658,0.0303006,1.3602214,-0.8522939,0.0000000,9.7695435,27.0769018
2,1,1.1700,STAND_TO_SIT,-0.5260965,-0.1512441,11.0833781,0.3359281,21.2965540,-2.0660900,16.2271926,-1.5225515,42.9625920,0.0000000,5.0443952,-0.2586805,0.9990287,0.0000993,0.0440063,-0.0022552,0.2526729,-0.1262463,1.2299784,-0.8622753,0.0000000,9.7686675,27.1007712
2,1,1.1800,STAND_TO_SIT,-0.9384354,-0.1353322,11.0632004,1.9975947,19.6351990,-0.9760546,15.9085617,-1.4185168,42.7220409,0.0000000,5.1027228,-0.2591379,0.9990062,0.0001007,0.0445148,-0.0022592,-0.0298366,-0.0697404,1.2842661,-0.8722194,-0.0000000,9.7677847,27.0327565
2,1,1.1900,STAND_TO_SIT,-0.7600718,-0.0866377,11.1906116,1.2908622,19.5602699,-0.8352767,15.5167492,-1.4784632,43.3595672,0.0000000,5.1608250,-0.2595946,0.9989835,0.0001020,0.0450214,-0.0022631,0.1358412,-0.0834533,1.4084440,-0.8821242,-0.0000000,9.7668952,27.0517626
2,1,1.2000,STAND_TO_SIT,-0.8150784,0.0980095,10.9434189,0.8415943,21.1478130,-0.7373096,15.4080489,-1.5240975,42.5716701,0.0000000,5.2186896,-0.2600508,0.9989606,0.0001033,0.0455258,-0.0022670,0.0514608,0.0877229,1.1347842,-0.8919877,-0.0000000,9.7659993,27.0593005
2,1,1.2100,STAND_TO_SIT,-1.0833393,0.0007708,11.3163437,-0.7549832,19.4615462,-0.0914814,15.7237372,-1.3553545,42.8984917,0.0000000,5.2763045,-0.2605064,0.9989376,0.0001046,0.0460281,-0.0022709,-0.2088016,-0.0172770,1.4699797,-0.9018076,0.0000000,9.7650974,27.1172322
2,1,1.2200,STAND_TO_SIT,-0.7097240,-0.0838319,11.0588266,0.9542205,17.6883308,-0.9243640,15.2977002,-1.6010487,42.9799888,0.0000000,5.3336575,-0.2609614,0.9989144,0.0001060,0.0465280,-0.0022748,0.1425054,0.0031844,1.2660055,-0.9115820,0.0000000,9.7641898,27.0601280
2,1,1.2300,STAND_TO_SIT,-0.8853353,0.1329511,11.1504385,-0.3762462,18.0022269,-2.3322143,14.7674784,-1.6306360,42.8394915,0.0000000,5.3907364,-0.2614159,0.9988911,0.0001073,0.0470256,-0.0022788,-0.0054001,0.0352081,1.3854038,-0.9213088,0.0000000,9.7632768,27.1239057
2,1,1.2400,STAND_TO_SIT,-0.9630028,0.0058662,11.0000708,0.8123196,18.1586774,-1.6208898,15.3789445,-1.2781059,43.2172120,0.0000000,5.4475291,-0.2618697,0.9988676,0.0001086,0.0475206,-0.0022827,-0.0778314,0.0080962,1.2009590,-0.9309859,-0.0000000,9.7623588,27.0850195
2,1,1.2500,STAND_TO_SIT,-0.9466819,-0.0290467,11.2891022,0.6296096,18.5495673,-0.8399110,15.6244397,-1.5735312,42.7112486,0.0000000,5.5040232,-0.2623230,0.9988441,0.0001099,0.0480131,-0.0022866,0.0138711,0.0311658,1.4504077,-0.9406112,0.0000000,9.7614361,27.0518946
2,1,1.2600,STAND_TO_SIT,-0.9520985,-0.0657459,10.8628133,0.5816890,19.3957600,-1.0382930,15.5913059,-1.0932688,42.8362794,0.0000000,5.5602068,-0.2627756,0.9988204,0.0001112,0.0485028,-0.0022904,-0.0715022,-0.1126149,1.1450305,-0.9501827,0.0000000,9.7605091,27.1109260
2,1,1.2700,STAND_TO_SIT,-0.8413335,0.2094206,10.8783208,0.6977856,18.6501507,-0.0739817,15.9039240,-1.4564019,43.3290570,0.0000000,5.6160675,-0.2632277,0.9987966,0.0001125,0.0489897,-0.0022943,0.1054134,0.2442386,1.0769012,-0.9596983,-0.0000000,9.7595780,27.0604817
2,1,1.2800,STAND_TO_SIT,-1.0060524,-0.0206842,10.9379150,0.5191222,17.9846869,0.4646078,15.7666891,-1.6011203,42.5360642,0.0000000,5.6715932,-0.2636792,0.9987728,0.0001138,0.0494737,-0.0022982,-0.0652863,0.0819917,1.1280846,-0.9691559,-0.0000000,9.7586434,27.0968194
2,1,1.2900,STAND_TO_SIT,-0.7161931,-0.2012662,10.8651160,-1.5854299,16.1019982,-0.2200619,14.5351815,-1.2609573,43.1108685,0.0000000,5.7267718,-0.2641301,0.9987488,0.0001151,0.0499546,-0.0023021,0.2366653,-0.1864726,1.0700124,-0.9785535,0.0000000,9.7577055,27.0671662
2,1,1.3000,STAND_TO_SIT,-1.0492914,-0.2237808,10.9420803,-2.0306983,19.2577515,-0.9432519,14.9636489,-1.5226875,42.8856851,0.0000000,5.7815910,-0.2645804,0.9987248,0.0001164,0.0504324,-0.0023060,-0.1161764,-0.1530392,1.1616718,-0.9878890,-0.0000000,9.7567648,27.0610430
2,1,1.3100,STAND_TO_SIT,-0.9541048,-0.0541467,10.9607789,0.0240152,17.4962408,-0.8108347,14.7563789,-1.8289030,42.8675960,0.0000000,5.8360386,-0.2650300,0.9987007,0.0001177,0.0509069,-0.0023098,0.0686362,0.0269107,1.1923479,-0.9971603,-0.0000000,9.7558216,27.0622135
2,1,1.3200,STAND_TO_SIT,-0.9699033,-0.0746114,11.0175658,-1.8286672,17.3247095,-1.8287216,14.7419445,-1.5879205,42.8678908,0.0000000,5.8901025,-0.2654791,0.9986766,0.0001190,0.0513781,-0.0023137,0.0339042,-0.0871678,1.2836589,-1.0063654,-0.0000000,9.7548764,27.1034303
2,1,1.3300,STAND_TO_SIT,-0.9543943,-0.0575602,10.8398946,0.8929296,17.5865653,-1.1801526,14.7114712,-1.5684520,43.0706965,0.0000000,5.9437705,-0.2659276,0.9986524,0.0001203,0.0518458,-0.0023175,0.0580687,-0.0620704,1.0676128,-1.0155021,0.0000000,9.7539294,27.0456955
2,1,1.3400,STAND_TO_SIT,-0.9404960,-0.0587589,10.9524958,2.0031122,17.6995169,-1.2302313,15.1599718,-1.3195731,42.9144243,0.0000000,5.9970304,-0.2663755,0.9986282,0.0001216,0.0523099,-0.0023214,0.0497078,-0.0145076,1.1997582,-1.0245686,0.0000000,9.7529813,27.0942404
2,1,1.3500,STAND_TO_SIT,-1.0417743,0.1533615,10.7836425,0.5086004,17.2121831,-0.7598248,15.1690658,-1.8284354,43.3473588,0.0000000,6.0498701,-0.2668229,0.9986040,0.0001229,0.0527704,-0.0023252,-0.0268523,0.1798336,1.0514008,-1.0335626,0.0000000,9.7520322,27.1137927
2,1,1.3600,STAND_TO_SIT,-0.8837707,0.0030784,10.8213056,1.6689570,18.4521909,-1.1131934,15.1979804,-1.2661646,42.3354842,0.0000000,6.1022773,-0.2672696,0.9985797,0.0001241,0.0532271,-0.0023291,0.1584042,0.0201084,1.0254033,-1.0424821,0.0000000,9.7510828,27.0953836
2,1,1.3700,STAND_TO_SIT,-1.0459369,0.0419828,10.6802361,1.2399028,17.7041658,-0.1343096,15.1635253,-1.5085582,42.6283641,0.0000000,6.1542398,-0.2677157,0.9985555,0.0001254,0.0536799,-0.0023329,0.0286182,0.1100023,0.9026926,-1.0513251,-0.0000000,9.7501333,27.1276312
2,1,1.3800,STAND_TO_SIT,-1.0538968,0.1302146,11.0727923,0.4068240,17.8200881,-3.1702026,14.6408379,-0.9080106,42.9379952,0.0000000,6.2057455,-0.2681612,0.9985312,0.0001267,0.0541287,-0.0023367,0.0314631,0.1255304,1.3572966,-1.0600895,0.0000000,9.7491843,27.1237473
2,1,1.3900,STAND_TO_SIT,-1.0217763,0.1448042,10.9095356,0.7526745,15.3223662,-1.5977633,14.6225434,-1.8757780,42.7318416,0.0000000,6.2567823,-0.2686061,0.9985070,0.0001279,0.0545734,-0.0023405,0.0202530,0.2105740,1.0659566,-1.0687733,0.0000000,9.7482361,27.1692702
2,1,1.4000,STAND_TO_SIT,-0.9875827,-0.2708977,11.0627769,0.9365270,16.9968082,-0.6390172,14.5156992,-1.5452400,43.1403994,0.0000000,6.3073378,-0.2690503,0.9984828,0.0001292,0.0550140,-0.0023443,0.1442475,-0.1546805,1.3389871,-1.0773743,0.0000000,9.7472893,27.1023699
2,1,1.4100,STAND_TO_SIT,-0.9562621,0.1468898,10.8716751,1.5199554,16.3806429,-1.7114686,14.4587335,-1.1564304,43.6149974,0.0000000,6.3574000,-0.2694940,0.9984587,0.0001304,0.0554502,-0.0023482,0.1112443,0.2432069,1.1225964,-1.0858906,0.0000000,9.7463442,27.0918311
2,1,1.4200,STAND_TO_SIT,-1.2342369,-0.0112905,10.7327951,0.9661474,16.3713584,-0.6974207,14.3892159,-1.1519507,43.2861904,0.0000000,6.4069566,-0.2699371,0.9984346,0.0001316,0.0558820,-0.0023520,-0.0964867,0.0480908,0.9934919,-1.0943201,0.0000000,9.7454014,27.0896383
2,1,1.4300,STAND_TO_SIT,-1.0755951,-0.1795924,10.8789085,1.3169115,17.9352772,-0.6076926,14.8009642,-1.8465785,42.6132624,0.0000000,6.4559955,-0.2703796,0.9984106,0.0001329,0.0563092,-0.0023558,-0.0475170,-0.0675621,1.0336226,-1.1026607,0.0000000,9.7444612,27.1227343
2,1,1.4400,STAND_TO_SIT,-1.1568727,0.1046759,10.7237725,2.3078584,16.5577072,-1.2366665,14.8777741,-1.5501507,43.4489393,0.0000000,6.5045045,-0.2708215,0.9983867,0.0001341,0.0567319,-0.0023596,-0.1534155,0.1163691,0.9554676,-1.1109103,-0.0000000,9.7435241,27.0899561
2,1,1.4500,STAND_TO_SIT,-1.1856108,-0.1540976,10.9944201,0.3380792,16.3115616,-3.4101736,14.6880087,-1.4881033,43.2455935,0.0000000,6.5524715,-0.2712627,0.9983628,0.0001353,0.0571498,-0.0023633,-0.0688395,-0.1255429,1.1334524,-1.1190670,0.0000000,9.7425907,27.0821129
2,1,1.4600,STAND_TO_SIT,-1.2594388,0.0620625,10.9983882,0.4829833,17.9072840,0.6878833,14.7183505,-1.6329753,43.6871182,0.0000000,6.5998841,-0.2717034,0.9983391,0.0001365,0.0575629,-0.0023671,-0.0699861,0.1260982,1.2651068,-1.1271287,0.0000000,9.7416613,27.0564411
2,1,1.4700,STAND_TO_SIT,-1.2964829,-0.1282957,10.9194807,0.9186404,16.5105714,-1.2264974,14.0755299,-1.7654633,43.6634368,0.0000000,6.6467303,-0.2721434,0.9983154,0.0001377,0.0579710,-0.0023709,-0.1790296,-0.1332726,1.0686114,-1.1350933,0.0000000,9.7407365,27.0856533
2,1,1.4800,STAND_TO_SIT,-1.1634325,-0.1324952,10.6775461,-0.4258987,19.4007569,-1.0875228,15.1968249,-1.6288740,43.2789531,0.0000000,6.6929978,-0.2725828,0.9982919,0.0001389,0.0583741,-0.0023747,-0.0113858,-0.0849063,0.9156609,-1.1429588,0.0000000,9.7398167,27.1237035
2,1,1.4900,STAND_TO_SIT,-0.9888059,0.0781924,10.7827673,0.3237965,15.4142906,-1.2398892,14.0990066,-1.3237654,43.6055467,0.0000000,6.7386746,-0.2730216,0.9982686,0.0001400,0.0587720,-0.0023784,0.1661415,0.1154696,1.0007718,-1.1507231,-0.0000000,9.7389024,27.1310983
2,1,1.5000,STAND_TO_SIT,-1.0058343,0.0148401,10.8538683,-1.3053682,16.2658759,-0.6436497,13.8763274,-1.7052759,43.1790262,0.0000000,6.7837483,-0.2734598,0.9982454,0.0001412,0.0591646,-0.0023822,0.0903344,0.0386066,1.1598413,-1.1583842,0.0000000,9.7379942,27.0982248
2,1,1.5100,STAND_TO_SIT,-1.2876271,0.0131833,10.8436910,-0.6880867,15.4172726,0.3858963,14.1541568,-1.0709863,43.2557469,0.0000000,6.8282068,-0.2738974,0.9982223,0.0001423,0.0595519,-0.0023860,-0.1620715,-0.0099621,0.9972790,-1.1659400,0.0000000,9.7370924,27.1142722
2,1,1.5200,STAND_TO_SIT,-1.1026121,-0.1431670,10.7875747,-0.0421561,15.5073047,-1.3183152,14.2469426,-1.0411149,43.3061401,0.0000000,6.8720380,-0.2743344,0.9981995,0.0001435,0.0599337,-0.0023897,0.0291117,-0.1394769,0.9621892,-1.1733885,0.0000000,9.7361976,27.0370312
2,1,1.5300,STAND_TO_SIT,-1.2013326,-0.3151737,10.7143137,-0.6383540,13.6811598,-2.2675075,14.3150615,-1.4666937,43.7438691,0.0000000,6.9152297,-0.2747707,0.9981768,0.0001446,0.0603100,-0.0023935,-0.0313047,-0.3645941,0.9715111,-1.1807277,0.0000000,9.7353103,27.0978258
2,1,1.5400,STAND_TO_SIT,-1.2310835,0.1421695,10.7795080,-0.1635801,16.4752970,-3.9943917,13.9716749,-1.9753914,43.2708780,0.0000000,6.9577696,-0.2752064,0.9981544,0.0001457,0.0606805,-0.0023972,-0.0227980,0.2064318,0.9927426,-1.1879555,0.0000000,9.7344310,27.1124549
2,1,1.5500,STAND_TO_SIT,-0.9923352,0.0784390,10.8225219,3.8288209,13.8895820,-2.6746045,14.2391494,-1.0560839,43.1103450,0.0000000,6.9996456,-0.2756415,0.9981321,0.0001468,0.0610453,-0.0024009,0.1720787,0.1205774,0.9666874,-1.1950698,0.0000000,9.7335601,27.1050927
2,1,1.5600,STAND_TO_SIT,-1.0120722,0.1104058,10.7087072,1.8350177,13.9980231,-2.2205590,14.2157890,-1.5868499,43.3244889,0.0000000,7.0408455,-0.2760760,0.9981101,0.0001479,0.0614041,-0.0024047,0.1509686,0.1700449,0.8849738,-1.2020686,-0.0000000,9.7326983,27.0734674
2,1,1.5700,STAND_TO_SIT,-1.2052333,-0.0299249,10.7514185,0.3270036,15.7961272,-2.4855023,14.2717630,-1.2682908,43.2169754,0.0000000,7.0813571,-0.2765099,0.9980883,0.0001490,0.0617570,-0.0024084,-0.0129689,0.0062643,0.9494420,-1.2089499,-0.0000000,9.7318459,27.1279602
2,1,1.5800,STAND_TO_SIT,-1.1193875,-0.0872151,10.3618798,-1.0571775,13.4761510,-0.8791694,14.0714453,-2.3345967,43.9436593,0.0000000,7.1211683,-0.2769431,0.9980668,0.0001501,0.0621037,-0.0024121,0.1215841,-0.0343502,0.6581573,-1.2157117,0.0000000,9.7310035,27.0458416
2,1,1.5900,STAND_TO_SIT,-1.2873182,-0.0721093,10.6123676,-0.5069124,15.5112886,-0.1010605,14.1486952,-1.0789001,43.7090915,0.0000000,7.1602669,-0.2773757,0.9980455,0.0001512,0.0624443,-0.0024158,-0.0382230,-0.0647891,0.8419915,-1.2223518,0.0000000,9.7301716,27.0883777
2,1,1.6000,STAND_TO_SIT,-1.4432900,-0.0498628,10.6815451,-0.0908321,12.7062218,-0.5956482,14.1144154,-1.3257000,43.4710835,0.0000000,7.1986406,-0.2778077,0.9980245,0.0001522,0.0627785,-0.0024195,-0.1971604,0.0261312,0.9564344,-1.2288683,-0.0000000,9.7293508,27.0582450
2,1,1.6100,STAND_TO_SIT,-1.4289461,-0.0132655,10.6471349,0.2663330,11.1766785,0.2857865,14.4796047,-1.8527290,42.7343209,0.0000000,7.2362773,-0.2782391,0.9980039,0.0001532,0.0631063,-0.0024233,-0.2022520,0.0513318,0.8966566,-1.2352591,0.0000000,9.7285415,27.0564030
2,1,1.6200,STAND_TO_SIT,-1.3094011,-0.0678536,10.4684129,-0.1159607,10.7934004,-2.3179645,14.3085359,-2.1081538,43.4001124,0.0000000,7.2731649,-0.2786699,0.9979835,0.0001542,0.0634275,-0.0024270,-0.0777489,-0.0120534,0.7133605,-1.2415222,0.0000000,9.7277442,27.0717683
2,1,1.6300,STAND_TO_SIT,-1.0870100,-0.1485194,10.4731534,-2.5633455,13.0250184,-1.7210472,14.6353359,-2.1174688,42.9609591,0.0000000,7.3092911,-0.2791000,0.9979634,0.0001553,0.0637422,-0.0024307,0.1317736,-0.1387988,0.6958085,-1.2476555,0.0000000,9.7269594,27.1376668
2,1,1.6400,STAND_TO_SIT,-1.4134178,0.0413443,10.7110427,1.6080118,12.0964212,-0.3812069,13.1683670,-1.2730194,43.1106731,0.0000000,7.3446437,-0.2795295,0.9979437,0.0001562,0.0640500,-0.0024343,-0.2157947,0.0815328,0.9420360,-1.2536570,0.0000000,9.7261878,27.0533954
2,1,1.6500,STAND_TO_SIT,-1.2550468,-0.0325779,10.6887191,0.4530676,13.1311223,-2.4360367,13.5734667,-1.1088953,43.2735557,0.0000000,7.3792106,-0.2799583,0.9979243,0.0001572,0.0643511,-0.0024380,0.0374708,-0.0428529,0.9308039,-1.2595246,-0.0000000,9.7254297,27.0648925
2,1,1.6600,STAND_TO_SIT,-1.0637944,-0.1577272,10.6230292,0.7849780,12.0599085,-0.1318961,13.9041150,-1.0388127,43.6535322,0.0000000,7.4129796,-0.2803866,0.9979053,0.0001582,0.0646451,-0.0024417,0.1259191,-0.1187891,0.8020127,-1.2652564,0.0000000,9.7246856,27.1402019
2,1,1.6700,STAND_TO_SIT,-1.1727128,-0.0431092,10.5796307,0.9110858,10.9651706,-1.3384709,14.1076305,-1.1082160,43.5766441,0.0000000,7.4459386,-0.2808142,0.9978867,0.0001591,0.0649322,-0.0024454,0.0625662,0.0555620,0.8145112,-1.2708502,-0.0000000,9.7239562,27.1081937
2,1,1.6800,STAND_TO_SIT,-1.1230744,0.1553099,10.3458589,0.0022914,12.0288434,-1.3095057,14.0477844,-1.6644757,43.4487850,0.0000000,7.4780752,-0.2812411,0.9978684,0.0001600,0.0652120,-0.0024491,0.1342630,0.2046099,0.5651671,-1.2763041,0.0000000,9.7232419,27.0838482
2,1,1.6900,STAND_TO_SIT,-1.2036840,-0.2180234,10.5209209,1.7221718,11.4362032,-2.2963617,13.9805634,-1.7596731,42.9654657,0.0000000,7.5093774,-0.2816675,0.9978506,0.0001610,0.0654846,-0.0024527,0.0218920,-0.1152936,0.8121370,-1.2816160,-0.0000000,9.7225431,27.1086083
2,1,1.7000,STAND_TO_SIT,-1.3629118,-0.0034396,10.4714088,0.2929328,8.6916399,-1.1560879,13.4684406,-1.3860505,42.4334775,0.0000000,7.5398329,-0.2820932,0.9978331,0.0001619,0.0657498,-0.0024564,-0.0964178,-0.0366991,0.7039349,-1.2867838,0.0000000,9.7218605,27.0762666
2,1,1.7100,STAND_TO_SIT,-1.3130391,0.0383796,10.5057952,-0.6053693,10.6373489,-2.0982727,14.1368361,-1.7070971,43.1315556,0.0000000,7.5694297,-0.2825182,0.9978161,0.0001627,0.0660075,-0.0024601,0.0042610,0.0665448,0.7639501,-1.2918055,-0.0000000,9.7211945,27.1028509
2,1,1.7200,STAND_TO_SIT,-1.2309325,0.0888744,10.3347933,0.3215313,8.6533631,-1.7360318,13.7013419,-1.4635021,43.6435339,0.0000000,7.5981554,-0.2829427,0.9977995,0.0001636,0.0662576,-0.0024637,0.0185258,0.0871759,0.5800520,-1.2966792,-0.0000000,9.7205456,27.0944741
2,1,1.7300,STAND_TO_SIT,-1.1599658,-0.0316319,10.4065923,0.4768387,10.7442621,0.1225477,14.0399101,-1.1265495,43.8657693,0.0000000,7.6259980,-0.2833665,0.9977834,0.0001644,0.0665001,-0.0024674,-0.0031959,-0.0395990,0.6360013,-1.3014027,0.0000000,9.7199144,27.1563671
2,1,1.7400,STAND_TO_SIT,-1.2400827,-0.0728437,10.3408175,0.1320682,9.7364020,-0.5228791,13.4766980,-1.8852824,43.0311087,0.0000000,7.6529452,-0.2837896,0.9977677,0.0001653,0.0667347,-0.0024710,-0.0127290,-0.0233029,0.5837720,-1.3059740,0.0000000,9.7193012,27.1074425
2,1,1.7500,STAND_TO_SIT,-1.2863551,-0.1177998,10.2358943,1.0542161,7.5822578,0.0637963,13.3333173,-1.2394928,43.0053842,0.0000000,7.6789848,-0.2842121,0.9977525,0.0001661,0.0669614,-0.0024746,-0.0207906,-0.1276139,0.5473948,-1.3103910,0.0000000,9.7187067,27.0926430
2,1,1.7600,STAND_TO_SIT,-1.3436835,0.0364238,10.4144603,1.2564124,8.9711417,-2.5475862,13.4398665,-1.5532104,43.1028430,0.0000000,7.7041047,-0.2846340,0.9977378,0.0001669,0.0671802,-0.0024783,-0.0401058,0.0573337,0.6631614,-1.3146518,0.0000000,9.7181312,27.0822398
2,1,1.7700,STAND_TO_SIT,-1.2634554,0.0288931,10.3195297,0.6074954,8.9438972,-1.1657628,14.0028395,-1.7481323,43.9605735,0.0000000,7.7282927,-0.2850553,0.9977236,0.0001676,0.0673908,-0.0024819,0.0388740,0.0434024,0.5912728,-1.3187543,-0.0000000,9.7175754,27.0869356
2,1,1.7800,STAND_TO_SIT,-1.0085987,0.1496923,10.3757932,1.0293517,8.2915564,-0.2741975,13.4993786,-1.1115571,43.6592697,0.0000000,7.7515367,-0.2854759,0.9977099,0.0001684,0.0675931,-0.0024855,0.2195790,0.1822382,0.6455013,-1.3226965,0.0000000,9.7170396,27.1367650
2,1,1.7900,STAND_TO_SIT,-1.1601038,-0.0639634,10.3061276,-0.4063827,8.2492712,-0.4499298,14.2232800,-1.6297445,43.8378229,0.0000000,7.7738243,-0.2858958,0.9976967,0.0001691,0.0677872,-0.0024892,0.1830741,-0.1486158,0.5198393,-1.3264762,0.0000000,9.7165243,27.0759785
2,1,1.8000,STAND_TO_SIT,-1.4148790,-0.0853327,10.3672146,-0.1930075,8.0639425,-0.5290918,13.4158188,-1.4707838,44.2954281,0.0000000,7.7951435,-0.2863151,0.9976840,0.0001698,0.0679728,-0.0024928,-0.0903439,0.0248831,0.5498270,-1.3300916,-0.0000000,9.7160301,27.1549369
2,1,1.8100,STAND_TO_SIT,-1.3272114,0.0202222,10.1626796,0.3320267,6.4481565,-0.1841771,13.5928235,-1.0891177,43.0834985,0.0000000,7.8154820,-0.2867338,0.9976720,0.0001705,0.0681499,-0.0024964,-0.0045801,0.0863687,0.4010467,-1.3335404,0.0000000,9.7155573,27.1313489
2,1,1.8200,STAND_TO_SIT,-1.2501330,-0.0552970,10.1994483,-0.2361153,8.4210841,-0.4314830,13.1716420,-1.9763887,43.8360000,0.0000000,7.8348278,-0.2871518,0.9976604,0.0001712,0.0683183,-0.0025000,0.0055021,-0.0011990,0.4691108,-1.3368208,-0.0000000,9.7151065,27.1608314
2,1,1.8300,STAND_TO_SIT,-1.3095217,0.1203743,9.9929744,0.1453882,6.8938351,-0.2082708,13.6556872,-1.1507945,43.2715192,0.0000000,7.8531685,-0.2875692,0.9976495,0.0001718,0.0684780,-0.0025036,0.0560839,0.0789696,0.2483089,-1.3399306,-0.0000000,9.7146781,27.1085917
2,1,1.8400,STAND_TO_SIT,-1.4170398,-0.1739894,10.0854000,-0.0729381,8.3964584,-2.5707626,13.3544026,-1.7294912,43.4624510,0.0000000,7.8704921,-0.2879859,0.9976391,0.0001725,0.0686288,-0.0025072,-0.0874043,-0.0881854,0.2520413,-1.3428678,0.0000000,9.7142725,27.0822490
2,1,1.8500,STAND_TO_SIT,-1.1602084,0.0283286,10.1542042,1.4813961,7.5057852,-0.1891457,13.1188431,-1.8273365,43.4008429,0.0000000,7.8867863,-0.2884020,0.9976293,0.0001731,0.0687707,-0.0025108,0.1504728,0.1534982,0.4212613,-1.3456303,0.0000000,9.7138902,27.1238981
2,1,1.8600,STAND_TO_SIT,-1.4277423,0.0093211,10.0149956,1.3187748,5.9778953,-0.6740531,13.1678199,-1.0298159,43.5056089,0.0000000,7.9020389,-0.2888174,0.9976201,0.0001737,0.0689034,-0.0025144,-0.0764355,0.0536292,0.2642633,-1.3482162,-0.0000000,9.7135317,27.1580644
2,1,1.8700,STAND_TO_SIT,-1.3653818,-0.0947590,10.0988538,2.2508657,5.4160272,-0.8350343,13.4162527,-1.5641529,43.5392288,0.0000000,7.9162378,-0.2892322,0.9976116,0.0001742,0.0690271,-0.0025180,-0.0318629,-0.0486176,0.3542646,-1.3506234,0.0000000,9.7131972,27.1316440
2,1,1.8800,STAND_TO_SIT,-1.4639846,-0.0250442,10.0786142,1.1747429,3.1750631,0.5118342,13.7879045,-2.0546741,42.9972870,0.0000000,7.9293709,-0.2896464,0.9976037,0.0001748,0.0691414,-0.0025216,-0.1665150,-0.0120406,0.3353415,-1.3528497,-0.0000000,9.7128874,27.0968128
2,1,1.8900,STAND_TO_SIT,-1.1992973,0.0055784,10.0636748,0.6720638,5.8507618,-0.5892856,13.4872426,-1.6455311,43.4734281,0.0000000,7.9414258,-0.2900598,0.9975964,0.0001753,0.0692463,-0.0025252,0.0992032,-0.0029464,0.3664474,-1.3548933,0.0000000,9.7126026,27.1345877
2,1,1.9000,STAND_TO_SIT,-1.3876697,0.0753553,9.9493864,-0.6026094,5.2814868,-1.0135225,13.4553831,-2.2132817,43.5050261,0.0000000,7.9523904,-0.2904727,0.9975897,0.0001758,0.0693418,-0.0025287,-0.0858013,0.0517973,0.1885162,-1.3567519,0.0000000,9.7123431,27.2013468
2,1,1.9100,STAND_TO_SIT,-1.4737699,0.0399716,9.9824361,0.2344574,3.8482176,-0.6082128,13.2070958,-1.7592800,43.8078532,0.0000000,7.9622526,-0.2908848,0.9975838,0.0001762,0.0694276,-0.0025323,-0.1520420,0.0637641,0.2331473,-1.3584237,0.0000000,9.7121094,27.1120846
2,1,1.9200,STAND_TO_SIT,-1.5359975,0.0311657,9.7540661,0.1868960,1.7700954,-1.9836267,14.0901984,-1.9792484,43.4650211,0.0000000,7.9710002,-0.2912964,0.9975784,0.0001767,0.0695038,-0.0025359,-0.1972994,0.0345958,0.0792882,-1.3599065,0.0000000,9.7119019,27.1350390
2,1,1.9300,STAND_TO_SIT,-1.1238651,0.1049426,9.6107909,1.9466900,5.4225169,-0.3871098,13.7217443,-1.9452741,43.0252756,0.0000000,7.9786209,-0.2917072,0.9975738,0.0001771,0.0695701,-0.0025395,0.2063770,0.1350358,-0.1194417,-1.3611982,0.0000000,9.7117209,27.1441648
2,1,1.9400,STAND_TO_SIT,-1.2185800,-0.0459597,9.8146656,2.5379541,2.7049600,-0.9552641,14.0779362,-1.5182766,43.0722261,0.0000000,7.9851027,-0.2921174,0.9975699,0.0001775,0.0696266,-0.0025430,0.1258480,-0.0042305,0.1232769,-1.3622969,0.0000000,9.7115669,27.1347014
2,1,1.9500,STAND_TO_SIT,-1.3286844,-0.1621212,9.9080835,0.3714973,1.9546433,-0.3363860,14.0792291,-0.8931856,43.6919682,0.0000000,7.9904332,-0.2925270,0.9975666,0.0001779,0.0696730,-0.0025466,0.0292465,-0.1308856,0.1356578,-1.3632004,0.0000000,9.7114401,27.1203342
2,1,1.9600,STAND_TO_SIT,-1.2245447,-0.1099916,9.7001922,1.4756958,3.3870118,-1.5706483,13.2041999,-0.9328644,43.7871882,0.0000000,7.9946004,-0.2929359,0.9975641,0.0001782,0.0697092,-0.0025501,0.0813337,-0.0837455,-0.0451748,-1.3639067,0.0000000,9.7113409,27.0959693
2,1,1.9700,STAND_TO_SIT,-1.3142558,0.0430563,9.4854978,0.9094398,3.2220034,-1.5317859,14.4578953,-1.0702620,43.7150914,0.0000000,7.9975921,-0.2933441,0.9975622,0.0001785,0.0697353,-0.0025537,0.1052852,0.0656897,-0.2594238,-1.3644138,-0.0000000,9.7112697,27.0674133
2,1,1.9800,STAND_TO_SIT,-1.2765352,-0.0542479,9.7497908,1.3262310,-0.0137694,-1.3363987,13.9116901,-1.4936784,43.6546411,0.0000000,7.9993960,-0.2937517,0.9975611,0.0001788,0.0697510,-0.0025572,0.0526741,-0.0371354,-0.0155667,-1.3647195,0.0000000,9.7112267,27.1240167
2,1,1.9900,STAND_TO_SIT,-1.5134241,-0.0647230,9.6279934,1.6782245,1.1989959,0.3179837,12.8683929,-1.4387999,43.7315006,0.0000000,8.0000000,-0.2941586,0.9975608,0.0001791,0.0697562,-0.0025608,-0.1177039,-0.0635413,-0.1459681,-1.3648219,0.0000000,9.7112124,27.0918987
2,1,0.0000,FALL,-0.0511058,-0.0112725,9.8694949,-1.1109541,0.5842009,-1.5087445,20.2185453,-0.5629681,40.9996090,0.0000000,0.0000000,0.3906840,0.9999942,0.0000000,0.0000000,0.0034094,-0.0730526,-0.0425904,0.0071484,0.0000000,0.0000000,9.8066500,27.0357844
2,1,0.0100,FALL,-0.0003971,-0.0247375,9.7313604,-0.5633999,0.5759708,-1.5755818,19.8678714,-0.7433573,41.7714492,0.0000000,0.0000000,0.3908123,0.9999942,0.0000000,0.0000000,0.0034105,0.0146498,-0.0700207,-0.0742534,0.0000000,0.0000000,9.8066500,26.9538087
2,1,0.0200,FALL,0.0721402,0.1623986,9.8997821,-1.1892386,0.8980310,-0.8995238,20.3373152,-0.0873180,41.0695156,0.0000000,0.0000000,0.3909398,0.9999942,0.0000000,0.0000000,0.0034116,0.0591476,0.0959639,0.0968749,0.0000000,0.0000000,9.8066500,27.0430981
2,1,0.0300,FALL,-0.0065593,0.0078572,9.7269142,-1.8695444,0.8448688,-2.1586642,19.8459380,-0.2273674,41.1893301,0.0000000,0.0000000,0.3910663,0.9999942,0.0000000,0.0000000,0.0034127,-0.0375985,-0.0323984,-0.0479502,0.0000000,0.0000000,9.8066500,26.9929463
2,1,0.0400,FALL,0.0287651,0.0651333,9.7154300,-1.7052066,0.7819732,-0.5897809,20.0949930,0.0751871,41.3441004,0.0000000,0.0000000,0.3911920,0.9999942,0.0000000,0.0000000,0.0034138,0.0842010,-0.0553806,-0.1130855,0.0000000,0.0000000,9.8066500,26.9432593
2,1,0.0500,FALL,0.0420132,0.2100768,9.7440685,-2.0333040,1.3655882,-1.8039422,19.9845863,-0.4016559,41.4543417,0.0000000,0.0000000,0.3913167,0.9999942,0.0000000,0.0000000,0.0034149,-0.0060640,0.0875047,-0.0763006,0.0000000,0.0000000,9.8066500,27.0013557
2,1,0.0600,FALL,0.1381933,-0.0326531,9.8286632,-1.6831019,0.8272362,-1.4421486,20.0074244,-0.7039025,41.6921370,0.0000000,0.0000000,0.3914406,0.9999942,0.0000000,0.0000000,0.0034160,0.0864054,-0.0128055,0.0761021,0.0000000,0.0000000,9.8066500,27.0353830
2,1,0.0700,FALL,0.0442558,-0.0904983,9.6476781,-2.3119021,0.9782477,-1.7994849,21.0724180,-0.8803804,41.5433784,0.0000000,0.0000000,0.3915636,0.9999942,0.0000000,0.0000000,0.0034170,-0.0057229,-0.1215137,-0.1154574,0.0000000,0.0000000,9.8066500,26.9709861
2,1,0.0800,FALL,0.0572386,-0.0202369,9.8319249,-1.1260282,0.3380408,-1.1000844,20.8163807,-0.0642039,41.2168164,0.0000000,0.0000000,0.3916858,0.9999942,0.0000000,0.0000000,0.0034181,0.0481637,-0.0688894,0.0727352,0.0000000,0.0000000,9.8066500,27.0368739
2,1,0.0900,FALL,0.1074359,0.0279387,9.9726546,-1.5525596,1.5349849,-1.0048485,20.4779441,-0.3893043,41.0233024,0.0000000,0.0000000,0.3918070,0.9999942,0.0000000,0.0000000,0.0034192,0.0542052,0.0074479,0.1858837,0.0000000,0.0000000,9.8066500,26.9890829
2,1,0.1000,FALL,-0.0008396,0.1336538,9.7745561,0.4934780,-0.1532782,-0.2612889,21.1066777,-0.3215409,41.0286560,0.0000000,0.0000000,0.3919274,0.9999942,0.0000000,0.0000000,0.0034202,0.0212915,0.0519331,0.0413728,0.0000000,0.0000000,9.8066500,26.9368337
2,1,0.1100,FALL,0.0465762,0.1060552,9.9405990,-1.4548825,0.8215553,-2.3051576,20.1432532,0.1255934,41.7708654,0.0000000,0.0000000,0.3920469,0.9999941,0.0000000,0.0000000,0.0034212,-0.0014715,0.0513578,0.2330331,0.0000000,0.0000000,9.8066500,27.0609656
2,1,0.1200,FALL,0.1011582,0.1845955,9.9078439,-1.3855847,0.1324383,-0.9800631,20.2296750,-0.3349888,40.8301033,0.0000000,0.0000000,0.3921655,0.9999941,0.0000000,0.0000000,0.0034223,0.0365321,0.0506786,0.1398821,0.0000000,0.0000000,9.8066500,26.9545634
2,1,0.1300,FALL,0.0771059,0.0750638,9.9020146,-1.6472742,0.7009685,0.0288611,20.6326529,-0.3186678,41.1506362,0.0000000,0.0000000,0.3922832,0.9999941,0.0000000,0.0000000,0.0034233,0.0146151,-0.0144295,0.1086116,0.0000000,0.0000000,9.8066500,27.0386478
2,1,0.1400,FALL,-0.1237775,-0.0282345,9.9002836,-1.3014555,-0.9732076,-1.0929337,20.0598262,-0.7857525,41.3137532,0.0000000,0.0000000,0.3924001,0.9999941,0.0000000,0.0000000,0.0034243,-0.1621157,-0.0500452,0.1006427,0.0000000,0.0000000,9.8066500,26.9794336
2,1,0.1500,FALL,0.2319602,0.0757068,9.8022303,-1.4163694,0.4852619,-0.9864114,20.3337747,-0.5365449,41.4308020,0.0000000,0.0000000,0.3925161,0.9999941,0.0000000,0.0000000,0.0034253,0.1822626,0.0093954,0.0266667,0.0000000,0.0000000,9.8066500,27.0864607
2,1,0.1600,FALL,0.0249127,0.0520676,9.8077585,-0.2377248,0.1071024,-1.8846108,20.3966221,0.0682061,41.1402026,0.0000000,0.0000000,0.3926311,0.9999941,0.0000000,0.0000000,0.0034263,-0.0234963,-0.0457819,-0.0173984,0.0000000,0.0000000,9.8066500,27.0371312
2,1,0.1700,FALL,0.0962058,-0.0390985,9.7568901,-2.2619028,0.7805858,-0.6987513,20.0706649,-0.2501606,41.2485204,0.0000000,0.0000000,0.3927453,0.9999941,0.0000000,0.0000000,0.0034273,0.0536593,0.0022426,-0.0411673,0.0000000,0.0000000,9.8066500,27.0014747
2,1,0.1800,FALL,-0.0335473,-0.0402531,9.8932377,-1.8579629,1.5183011,-1.4982632,20.5074504,-0.0587817,42.2131837,0.0000000,0.0000000,0.3928586,0.9999941,0.0000000,0.0000000,0.0034283,-0.0181811,-0.1343795,0.0900890,0.0000000,0.0000000,9.8066500,27.0645988
2,1,0.1900,FALL,0.1726306,0.0781691,9.8557605,-1.7570142,0.7762964,-0.4658547,20.3159576,-0.5858197,41.7472816,0.0000000,0.0000000,0.3929711,0.9999941,0.0000000,0.0000000,0.0034293,0.1409387,0.0448257,0.0309186,0.0000000,0.0000000,9.8066500,27.0442606
2,1,0.2000,FALL,-0.0722137,0.1153551,9.8289421,-1.7255291,1.5862274,-0.1904377,20.5016520,-0.4329405,41.3309829,0.0000000,0.0000000,0.3930826,0.9999941,0.0000000,0.0000000,0.0034303,-0.0424447,-0.0101605,0.0907021,0.0000000,0.0000000,9.8066500,26.9980628
2,1,0.2100,FALL,-0.0202153,0.0157807,9.7016677,-1.2741753,1.5997379,-1.2923656,20.4335879,-0.0965690,41.9800849,0.0000000,0.0000000,0.3931933,0.9999941,0.0000000,0.0000000,0.0034313,-0.0764017,-0.0855402,-0.0564776,0.0000000,0.0000000,9.8066500,27.0237261
2,1,0.2200,FALL,-0.1845168,0.0814232,9.7258513,-1.0350100,0.4306431,-0.6821403,20.6716830,0.0906384,40.9326646,0.0000000,0.0000000,0.3933030,0.9999941,0.0000000,0.0000000,0.0034322,-0.1635425,0.0390665,-0.1045381,0.0000000,0.0000000,9.8066500,27.0246705
2,1,0.2300,FALL,-0.0085861,0.0019613,9.8670383,-1.4549617,0.1262430,-1.0717463,19.9564289,-0.3192009,41.5043027,0.0000000,0.0000000,0.3934119,0.9999941,0.0000000,0.0000000,0.0034332,-0.0130279,-0.0762546,0.0631596,0.0000000,0.0000000,9.8066500,27.0286623
2,1,0.2400,FALL,0.0419364,0.0709832,9.8319989,-2.2390971,0.3203234,0.0440377,20.6763797,-0.0172999,41.1636643,0.0000000,0.0000000,0.3935199,0.9999941,0.0000000,0.0000000,0.0034341,0.0383898,0.0279551,0.0606841,0.0000000,0.0000000,9.8066500,27.0442134
2,1,0.2500,FALL,-0.0584269,0.1555730,9.8725658,-1.9662975,0.9069514,-1.1178184,20.3446509,-0.1954211,40.8791571,0.0000000,0.0000000,0.3936271,0.9999941,0.0000000,0.0000000,0.0034350,-0.0896454,0.1201440,0.0675506,0.0000000,0.0000000,9.8066500,27.0361033
2,1,0.2600,FALL,0.0994597,-0.1875466,9.7153897,-1.8125708,0.3091725,-2.7576959,20.5204021,-0.0578433,41.5885218,0.0000000,0.0000000,0.3937333,0.9999941,0.0000000,0.0000000,0.0034360,0.0768696,-0.2045543,-0.0256248,0.0000000,0.0000000,9.8066500,27.0218808
2,1,0.2700,FALL,0.1402134,0.0097829,9.7363868,-2.3762532,0.2459013,-1.0469321,20.2977210,-0.1861580,41.2795856,0.0000000,0.0000000,0.3938386,0.9999941,0.0000000,0.0000000,0.0034369,0.1075177,-0.0164990,-0.1052033,0.0000000,0.0000000,9.8066500,27.0600368
2,1,0.2800,FALL,0.1906241,0.0567722,9.8740014,-1.4414156,0.2527450,-0.7112545,20.4318366,-0.6000876,41.3253640,0.0000000,0.0000000,0.3939431,0.9999941,0.0000000,0.0000000,0.0034378,0.1831111,0.0212044,0.0868187,0.0000000,0.0000000,9.8066500,26.9802280
2,1,0.2900,FALL,0.0056854,0.0909072,9.7228933,-1.5694630,1.2327744,-0.0566443,19.5791094,-0.6148615,41.5463761,0.0000000,0.0000000,0.3940467,0.9999941,0.0000000,0.0000000,0.0034387,-0.0231937,0.0099573,-0.1099319,0.0000000,0.0000000,9.8066500,27.0380211
2,1,0.3000,FALL,-0.0613034,0.0814017,9.6930500,-2.2878354,1.0132867,-0.2165265,20.3371396,-0.4939693,41.3835717,0.0000000,0.0000000,0.3941494,0.9999941,0.0000000,0.0000000,0.0034396,-0.0347882,0.0797320,-0.0758002,0.0000000,0.0000000,9.8066500,27.0776390
2,1,0.3100,FALL,-0.0352821,0.0566820,9.8617467,-1.0917375,2.3814116,-1.4667611,20.7095187,-0.5617800,41.2786483,0.0000000,0.0000000,0.3942512,0.9999941,0.0000000,0.0000000,0.0034405,-0.0344232,-0.0008314,0.0298776,0.0000000,0.0000000,9.8066500,27.0543649
2,1,0.3200,FALL,-0.0828768,-0.0074732,9.7346515,-0.7206858,0.0640182,-2.1380193,20.9470913,-0.0638385,41.3797050,0.0000000,0.0000000,0.3943521,0.9999941,0.0000000,0.0000000,0.0034414,-0.0374960,-0.0032129,-0.0997474,0.0000000,0.0000000,9.8066500,26.9782537
2,1,0.3300,FALL,-0.0481575,0.1805677,9.6867873,-2.0280722,0.1453945,-1.4619381,20.2969667,-0.0636640,41.6283937,0.0000000,0.0000000,0.3944521,0.9999941,0.0000000,0.0000000,0.0034422,-0.0609530,0.0849863,-0.1128569,0.0000000,0.0000000,9.8066500,27.0281127
2,1,0.3400,FALL,-0.1333188,0.0055056,9.8431919,-1.5440425,-0.2507072,-0.2668244,20.2594581,-0.2286846,41.6037906,0.0000000,0.0000000,0.3945513,0.9999941,0.0000000,0.0000000,0.0034431,-0.1434709,-0.0753365,0.0012532,0.0000000,0.0000000,9.8066500,27.0095330
2,1,0.3500,FALL,0.0372078,-0.1210716,9.9200429,-0.9890901,0.6689283,-1.3789668,20.4414614,-0.7426265,41.2964441,0.0000000,0.0000000,0.3946495,0.9999941,0.0000000,0.0000000,0.0034440,0.0855080,-0.0727658,0.0469618,0.0000000,0.0000000,9.8066500,26.9850846
2,1,0.3600,FALL,-0.0557010,0.1359630,9.8141772,-0.6560831,0.1882668,-0.6981978,20.5741092,-0.0016945,41.6526595,0.0000000,0.0000000,0.3947469,0.9999941,0.0000000,0.0000000,0.0034448,-0.0037780,0.1429618,-0.0125919,0.0000000,0.0000000,9.8066500,26.9852832
2,1,0.3700,FALL,-0.0294779,-0.0118040,9.8331657,-2.0912041,0.5020380,-0.8089092,20.3097732,-0.0967014,41.4025813,0.0000000,0.0000000,0.3948433,0.9999941,0.0000000,0.0000000,0.0034457,0.0145121,-0.0678819,0.0026705,0.0000000,0.0000000,9.8066500,27.0204090
2,1,0.3800,FALL,0.1849400,-0.0752535,9.8352719,-2.7582467,-0.0429604,-1.7323681,21.1423703,-0.7108846,40.6819571,0.0000000,0.0000000,0.3949389,0.9999941,0.0000000,0.0000000,0.0034465,0.1926565,-0.0857814,0.0132850,0.0000000,0.0000000,9.8066500,27.0427181
2,1,0.3900,FALL,-0.1008761,0.0136318,9.6424219,-1.3584251,0.7175315,-0.6039260,20.4942373,-0.1168216,41.0861720,0.0000000,0.0000000,0.3950336,0.9999941,0.0000000,0.0000000,0.0034473,-0.0801002,0.0315209,-0.0770969,0.0000000,0.0000000,9.8066500,27.0263995
2,1,0.4000,FALL,0.0749268,-0.0296846,9.9186464,-1.2952346,2.5657194,0.7368921,21.1225019,-0.6316003,41.1823243,0.0000000,0.0000000,0.3951274,0.9999941,0.0000000,0.0000000,0.0034481,0.1334957,-0.0080065,0.0250428,0.0000000,0.0000000,9.8066500,27.0664825
2,1,0.4100,FALL,-0.0232500,-0.0110093,9.9293095,-2.0648828,1.6861954,-0.8715844,20.4525767,-0.5075625,41.0970326,0.0000000,0.0000000,0.3952204,0.9999941,0.0000000,0.0000000,0.0034489,-0.0083431,-0.0526991,0.0640349,0.0000000,0.0000000,9.8066500,26.9908629
2,1,0.4200,FALL,0.0412992,0.0814923,9.7731757,-1.5338506,-0.2730265,-0.4628424,21.2536675,0.0329672,40.9208477,0.0000000,0.0000000,0.3953124,0.9999940,0.0000000,0.0000000,0.0034497,-0.0476660,0.0487285,-0.0739646,0.0000000,0.0000000,9.8066500,27.1029344
2,1,0.4300,FALL,0.0593520,0.1526634,9.7801286,-1.4598598,-0.0224739,-2.1402392,21.0795398,-1.0005183,41.3439065,0.0000000,0.0000000,0.3954035,0.9999940,0.0000000,0.0000000,0.0034505,-0.0885781,0.1381764,0.0724467,0.0000000,0.0000000,9.8066500,27.0110021
2,1,0.4400,FALL,0.1184205,0.1047129,9.8576352,-0.8463919,0.1336585,-0.5073392,20.2961270,-0.0626360,41.3876291,0.0000000,0.0000000,0.3954938,0.9999940,0.0000000,0.0000000,0.0034513,0.0862809,-0.0212362,0.0510198,0.0000000,0.0000000,9.8066500,27.0212399
2,1,0.4500,FALL,-0.0332852,-0.0846928,9.8552606,-0.6741202,2.2624624,-2.2654771,20.3241677,0.1721172,40.6892336,0.0000000,0.0000000,0.3955832,0.9999940,0.0000000,0.0000000,0.0034521,-0.0868404,-0.2202379,0.0654458,0.0000000,0.0000000,9.8066500,26.9951286
2,1,0.4600,FALL,0.1066421,0.1471858,9.7983983,-2.0145189,0.1269089,-1.1238638,20.2658873,-0.4552235,41.5170784,0.0000000,0.0000000,0.3956716,0.9999940,0.0000000,0.0000000,0.0034529,0.0165356,0.0935985,0.0341397,0.0000000,0.0000000,9.8066500,27.0016617
2,1,0.4700,FALL,0.0128179,0.1075640,9.8046186,-2.7919409,0.9895291,0.1900252,20.4077304,-0.4316740,40.8758616,0.0000000,0.0000000,0.3957592,0.9999940,0.0000000,0.0000000,0.0034536,-0.0633688,0.0292295,0.0341050,0.0000000,0.0000000,9.8066500,27.0601055
2,1,0.4800,FALL,0.0483760,0.0720907,9.8663660,-0.3156731,0.9548321,-1.5944283,21.0602171,-0.6296293,41.0736990,0.0000000,0.0000000,0.3958459,0.9999940,0.0000000,0.0000000,0.0034544,-0.0138775,-0.0145205,0.0744356,0.0000000,0.0000000,9.8066500,27.0136981
2,1,0.4900,FALL,0.0487751,0.1095456,9.8632899,-1.9029704,-0.2339365,-1.6359664,20.7161384,-0.2107642,41.3292107,0.0000000,0.0000000,0.3959317,0.9999940,0.0000000,0.0000000,0.0034551,0.0268243,0.0027874,0.0615369,0.0000000,0.0000000,9.8066500,27.0443360
2,1,0.5000,FALL,0.1040005,-0.0792118,9.9044814,-0.6582705,1.4057081,-0.4477225,20.3456241,-0.1132902,41.3054667,0.0000000,0.0000000,0.3960166,0.9999940,0.0000000,0.0000000,0.0034559,0.0151050,-0.0730956,0.1216831,0.0000000,0.0000000,9.8066500,27.0305512
2,1,0.5100,FALL,-0.0287991,-0.0043870,9.9565519,-1.6656012,1.2891188,-1.0202985,20.9835348,-0.7742814,40.9232233,0.0000000,0.0000000,0.3961006,0.9999940,0.0000000,0.0000000,0.0034566,-0.0238432,-0.1597963,0.1131916,0.0000000,0.0000000,9.8066500,27.0270102
2,1,0.5200,FALL,0.1930043,0.0055900,9.9623417,-1.7294134,0.3048928,-1.8252462,20.4470941,-0.6156635,41.6582460,0.0000000,0.0000000,0.3961838,0.9999940,0.0000000,0.0000000,0.0034573,0.1237348,-0.0848977,0.1227463,0.0000000,0.0000000,9.8066500,27.0818196
2,1,0.5300,FALL,0.0970134,0.1404794,9.8524736,-2.1858638,0.6430439,-1.0817114,19.6761872,-0.7614732,41.3506654,0.0000000,0.0000000,0.3962660,0.9999940,0.0000000,0.0000000,0.0034581,0.1056579,0.0777881,0.0749452,0.0000000,0.0000000,9.8066500,27.0145231
2,1,0.5400,FALL,0.0061134,-0.1378983,9.8086405,-1.2397366,1.0499239,-0.2159717,20.4798773,-0.2688768,41.3109942,0.0000000,0.0000000,0.3963473,0.9999940,0.0000000,0.0000000,0.0034588,0.0308117,-0.1133184,-0.0499297,0.0000000,0.0000000,9.8066500,26.9881685
2,1,0.5500,FALL,-0.0545056,0.0376056,9.8374422,-1.9149989,1.5846127,-1.4358226,20.4725329,-0.1654205,41.6386542,0.0000000,0.0000000,0.3964278,0.9999940,0.0000000,0.0000000,0.0034595,-0.0891408,0.0540178,-0.0418172,0.0000000,0.0000000,9.8066500,27.0400074
2,1,0.5600,FALL,0.1379501,0.0643056,9.6974173,-2.0712480,0.4009775,-0.6728578,20.3912221,-0.2683442,41.6520266,0.0000000,0.0000000,0.3965074,0.9999940,0.0000000,0.0000000,0.0034602,0.0878115,0.0363803,-0.0661217,0.0000000,0.0000000,9.8066500,27.0677026
2,1,0.5700,FALL,0.1079509,-0.1091199,9.7852046,-1.8432349,0.1114847,-1.9175405,20.0730834,-0.0829877,41.0174565,0.0000000,0.0000000,0.3965860,0.9999940,0.0000000,0.0000000,0.0034609,0.1112891,-0.1833746,-0.0299131,0.0000000,0.0000000,9.8066500,26.9995491
2,1,0.5800,FALL,-0.0234830,0.0962601,9.8493374,-2.2838634,0.1452547,-1.2196232,21.1953779,-0.8803154,41.3575618,0.0000000,0.0000000,0.3966638,0.9999940,0.0000000,0.0000000,0.0034615,-0.1163063,-0.0201123,0.0585975,0.0000000,0.0000000,9.8066500,27.0824964
2,1,0.5900,FALL,-0.1526406,0.0081878,9.8729833,-2.3654813,1.2214350,-1.2626646,20.5916104,-0.0329941,41.3292058,0.0000000,0.0000000,0.3967407,0.9999940,0.0000000,0.0000000,0.0034622,-0.1428755,0.0245754,0.1144515,0.0000000,0.0000000,9.8066500,27.0441909
2,1,0.6000,FALL,0.0112872,-0.0257468,9.6529732,-3.2950235,1.8227306,-0.8648584,19.5432564,0.2207212,41.1383265,0.0000000,0.0000000,0.3968167,0.9999940,0.0000000,0.0000000,0.0034629,-0.0231454,-0.0883304,-0.1190641,0.0000000,0.0000000,9.8066500,27.0434296
2,1,0.6100,FALL,-0.1620149,-0.0765969,9.8082773,-1.5972591,0.4069827,-1.2412643,20.4340133,-0.2740579,41.3899891,0.0000000,0.0000000,0.3968918,0.9999940,0.0000000,0.0000000,0.0034635,-0.0988546,-0.0989920,0.0028097,0.0000000,0.0000000,9.8066500,27.0501164
2,1,0.6200,FALL,0.0043079,0.0721750,9.8873934,-2.0534732,1.0773383,-1.2994219,20.8662079,-0.1309781,41.4749612,0.0000000,0.0000000,0.3969660,0.9999940,0.0000000,0.0000000,0.0034642,0.1508006,0.0484929,0.0578438,0.0000000,0.0000000,9.8066500,27.0060649
2,1,0.6300,FALL,-0.1365055,0.1555587,9.8861238,-0.6268652,0.8488765,-1.5562892,19.8826093,-0.3909327,41.2100888,0.0000000,0.0000000,0.3970393,0.9999940,0.0000000,0.0000000,0.0034648,-0.1311359,0.1051955,0.0809522,0.0000000,0.0000000,9.8066500,27.0352896
2,1,0.6400,FALL,0.1568497,0.0994761,9.8175522,-2.3837949,0.4931034,-2.6330184,20.1134786,-0.9089491,41.4058368,0.0000000,0.0000000,0.3971117,0.9999940,0.0000000,0.0000000,0.0034654,0.1180679,0.0732679,-0.0176872,0.0000000,0.0000000,9.8066500,27.0452563
2,1,0.6500,FALL,-0.0063443,-0.0152000,9.6197373,-0.4718331,1.3757091,-0.5864429,20.2414981,-0.8393454,41.5364111,0.0000000,0.0000000,0.3971833,0.9999940,0.0000000,0.0000000,0.0034661,-0.1052143,-0.1035909,-0.1806578,0.0000000,0.0000000,9.8066500,27.0777595
2,1,0.6600,FALL,0.0442348,0.1554192,9.7070180,-0.3661035,0.2528131,-1.2351994,20.7902075,0.3394420,41.4844329,0.0000000,0.0000000,0.3972539,0.9999940,0.0000000,0.0000000,0.0034667,0.0350898,0.0434034,-0.0717789,0.0000000,0.0000000,9.8066500,27.0299039
2,1,0.6700,FALL,0.0131163,0.1101577,9.8205118,-1.2470811,0.9304320,-2.2359077,19.6856688,-0.5073469,41.2165446,0.0000000,0.0000000,0.3973236,0.9999940,0.0000000,0.0000000,0.0034673,0.0023915,0.0417809,0.0343629,0.0000000,0.0000000,9.8066500,27.0721829
2,1,0.6800,FALL,0.1157112,0.0998992,9.7081613,-0.3811646,0.2714998,-1.4553744,20.2714108,-0.3980579,41.3492814,0.0000000,0.0000000,0.3973925,0.9999940,0.0000000,0.0000000,0.0034679,0.0854759,0.0918090,-0.1091532,0.0000000,0.0000000,9.8066500,27.0513723
2,1,0.6900,FALL,0.0234403,0.1869679,9.5174350,-1.3878471,0.3038775,-1.2040726,20.1492547,-0.7724516,41.4681743,0.0000000,0.0000000,0.3974604,0.9999940,0.0000000,0.0000000,0.0034685,0.0094176,0.1115189,-0.2182034,0.0000000,0.0000000,9.8066500,27.0533705
2,1,0.7000,FALL,0.1682801,0.0863694,9.4841614,-2.2476942,1.4110779,-2.8953645,20.4488976,-0.3254534,41.4070698,0.0000000,0.0000000,0.3975275,0.9999940,0.0000000,0.0000000,0.0034691,0.0453078,0.0572016,-0.3332579,0.0000000,0.0000000,9.8066500,27.0612009
2,1,0.7100,FALL,0.4039684,0.0594975,9.3511696,-2.2744658,0.3247586,-0.2529208,20.5433426,-0.0410013,41.1678629,0.0000000,0.0000000,0.3975936,0.9999940,0.0000000,0.0000000,0.0034697,0.3743297,0.0225312,-0.5038628,0.0000000,0.0000000,9.8066500,27.0941099
2,1,0.7200,FALL,0.4755781,0.1951143,9.4093264,-2.5015175,0.0703762,-0.8354738,20.7602973,-0.3810136,41.2561566,0.0000000,0.0000000,0.3976589,0.9999940,0.0000000,0.0000000,0.0034702,0.4855074,0.1110102,-0.4361980,0.0000000,0.0000000,9.8066500,26.9926547
2,1,0.7300,FALL,0.8151727,0.2441467,8.7197926,-0.8348327,0.1336965,-1.4578217,20.0610070,-0.5936774,41.3655249,0.0000000,0.0000000,0.3977233,0.9999940,0.0000000,0.0000000,0.0034708,0.7832623,0.2176551,-1.0470417,0.0000000,0.0000000,9.8066500,27.0501629
2,1,0.7400,FALL,0.9621407,0.0949545,8.2396475,-2.1284314,-0.0553907,-1.4732928,20.0420076,-0.5458806,41.4808388,0.0000000,0.0000000,0.3977868,0.9999940,0.0000000,0.0000000,0.0034713,0.9473830,-0.0153749,-1.6252451,0.0000000,0.0000000,9.8066500,27.0025452
2,1,0.7500,FALL,1.5413619,0.1859423,7.4347520,-0.2876824,-0.1993224,-0.8710935,21.0756977,-0.1143271,40.0948572,0.0000000,0.0000000,0.3978493,0.9999940,0.0000000,0.0000000,0.0034719,1.4762407,0.1518716,-2.3157856,0.0000000,0.0000000,9.8066500,27.0557132
2,1,0.7600,FALL,2.2998027,0.0328391,6.3696847,-2.0690860,0.9983271,-0.8660922,20.3849643,-0.1495163,40.6078297,0.0000000,0.0000000,0.3979110,0.9999940,0.0000000,0.0000000,0.0034724,2.2253200,-0.1252339,-3.4249695,0.0000000,0.0000000,9.8066500,27.0389839
2,1,0.7700,FALL,3.0838891,-0.0325469,5.2306559,-1.2123722,1.3489180,-1.6058116,20.8847685,-0.2206528,40.9678686,0.0000000,0.0000000,0.3979718,0.9999940,0.0000000,0.0000000,0.0034730,2.9985611,-0.0889612,-4.6811036,0.0000000,0.0000000,9.8066500,27.0951867
2,1,0.7800,FALL,4.2224002,0.0984157,3.7624752,-2.0967756,0.7324207,-0.7327797,20.2653032,-0.2427133,40.9525334,0.0000000,0.0000000,0.3980317,0.9999940,0.0000000,0.0000000,0.0034735,4.1720298,-0.0258575,-5.9646948,0.0000000,0.0000000,9.8066500,27.0183089
2,1,0.7900,FALL,4.9034597,0.0599936,2.4317195,-1.5802713,0.2655511,-0.3423566,20.1272443,-0.2221111,41.6090920,0.0000000,0.0000000,0.3980907,0.9999940,0.0000000,0.0000000,0.0034740,4.9801614,0.0865953,-7.3850345,0.0000000,0.0000000,9.8066500,27.0667466
2,1,0.8000,FALL,5.8543144,0.2224625,0.8716496,-0.7995131,1.6820778,-2.0489216,20.4741945,-0.2686776,41.9653813,0.0000000,0.0000000,0.3981488,0.9999940,0.0000000,0.0000000,0.0034745,5.8459579,0.1125100,-8.9310227,0.0000000,0.0000000,9.8066500,27.0442161
2,1,0.8100,FALL,6.9008725,0.0875508,-0.4077405,-1.6259086,1.0277774,0.1878162,20.6937293,-0.1776327,41.0930362,0.0000000,0.0000000,0.3982060,0.9999940,0.0000000,0.0000000,0.0034750,6.8446241,0.0502415,-10.2395142,0.0000000,0.0000000,9.8066500,27.0387295
2,1,0.8200,FALL,7.4466422,0.0597696,-1.5094899,-1.1984465,1.5529674,-0.6484863,20.3325371,-0.3983547,41.9263926,0.0000000,0.0000000,0.3982623,0.9999940,0.0000000,0.0000000,0.0034755,7.4322464,-0.0967345,-11.2587341,0.0000000,0.0000000,9.8066500,27.0546800
2,1,0.8300,FALL,7.8704116,0.0985554,-2.0466145,-1.0601454,1.0414350,-1.0290410,20.2094854,-1.2111751,40.9779151,0.0000000,0.0000000,0.3983178,0.9999940,0.0000000,0.0000000,0.0034760,7.9012689,0.0857428,-11.7782835,0.0000000,0.0000000,9.8066500,27.0276216
2,1,0.8400,FALL,8.0600446,0.0295765,-2.2543336,213.8900274,0.0838347,-0.0783301,20.2736624,-0.7369384,41.4994398,0.0000000,0.0000000,0.3983723,0.9999940,0.0000000,0.0000000,0.0034764,8.0395736,-0.0325770,-12.0493422,0.0000000,0.0000000,9.8066500,27.0114480
2,1,0.8500,FALL,8.0042772,0.6747146,-2.3098195,208.1069079,0.4410908,-1.7300440,20.7033487,2.5804619,40.6817946,3.3322815,0.0000000,0.3984259,0.9995712,0.0290754,0.0001011,0.0034754,7.9576256,0.0411420,-12.0450058,0.0000000,0.5700263,9.7900692,27.1046469
2,1,0.8600,FALL,7.6562013,0.9276960,-1.6294660,195.7630632,0.4005545,-1.8634825,20.0056378,3.8762497,41.1163759,6.4626704,0.0000000,0.3984786,0.9984040,0.0563672,0.0001960,0.0034718,7.6285479,-0.2000454,-11.3426893,-0.0000000,1.1037959,9.7443327,27.0215411
2,1,0.8700,FALL,6.7900328,1.6920418,-0.4624124,178.9887117,-0.2361129,-1.7363999,20.6303133,6.6238950,41.1146755,9.4033985,0.0000000,0.3985305,0.9966289,0.0819676,0.0002851,0.0034661,6.7811309,0.0256454,-10.1171456,0.0000000,1.6022544,9.6748729,27.0514548
2,1,0.8800,FALL,5.8052008,2.1414248,0.7126603,158.6368723,-0.5700109,-1.9054289,20.6324240,8.3482709,40.4816161,12.1659569,0.0000000,0.3985814,0.9943635,0.1059680,0.0003686,0.0034587,5.7650598,0.0090276,-8.8616415,0.0000000,2.0666928,9.5864052,27.0521463
2,1,0.8900,FALL,4.8582272,2.5843819,2.1411859,135.7698591,-0.0745706,-0.6984072,20.3682374,10.5165461,39.8931423,14.7611404,0.0000000,0.3986314,0.9917088,0.1284585,0.0004469,0.0034499,4.8173518,0.0425565,-7.3718723,0.0000000,2.4986361,9.4829954,27.0702761
2,1,0.9000,FALL,3.9676224,2.9939701,3.5433594,113.7783165,0.9970988,-0.2522668,20.2249792,11.9031685,39.1797660,17.1990897,0.0000000,0.3986806,0.9887516,0.1495266,0.0005202,0.0034400,3.9079520,0.0721773,-5.9261400,0.0000000,2.8997565,9.3681266,27.0441961
2,1,0.9100,FALL,3.1951229,3.2948871,4.5952937,93.2216805,0.5257670,-0.6920217,20.8746093,13.7654595,38.9478436,19.4893310,0.0000000,0.3987288,0.9855659,0.1692567,0.0005889,0.0034294,3.1941278,0.0021828,-4.6713595,0.0000000,3.2718056,9.2447646,27.0872025
2,1,0.9200,FALL,2.2113993,3.4992975,5.5829098,74.4602525,0.8814810,-1.8498253,20.1056603,15.6771315,38.4923971,21.6408137,0.0000000,0.3987762,0.9822145,0.1877300,0.0006533,0.0034181,2.2008157,-0.1175784,-3.4564594,0.0000000,3.6165628,9.1154187,27.0493730
2,1,0.9300,FALL,1.6483110,3.9751564,6.4829400,57.1986249,1.0849650,-1.0038867,20.0108171,16.1659243,38.5523823,23.6619446,0.0000000,0.3988226,0.9787508,0.2050239,0.0007136,0.0034064,1.6302804,-0.0124538,-2.4557500,0.0000000,3.9357961,8.9821987,27.0489483
2,1,0.9400,FALL,1.1596692,4.2434865,7.1827296,47.2600644,-0.1989717,-1.4909264,20.6471814,18.0987206,37.2144854,25.5606214,0.0000000,0.3988682,0.9752195,0.2212120,0.0007700,0.0033945,1.1635869,-0.0579227,-1.6649113,0.0000000,4.2312344,8.8468661,27.1064701
2,1,0.9500,FALL,0.8063213,4.7245152,7.4936289,36.7831272,0.0805704,-1.5524452,20.2759592,19.3694735,37.3255436,27.3442632,0.0000000,0.3989128,0.9716583,0.2363641,0.0008228,0.0033825,0.9022620,0.1119223,-1.1851578,0.0000000,4.5045465,8.7108808,27.0985004
2,1,0.9600,FALL,0.4744660,4.8562410,7.8711149,29.0804912,0.9085681,-3.1354972,20.5035971,20.4769304,35.9155125,29.0198396,0.0000000,0.3989566,0.9680984,0.2505461,0.0008723,0.0033705,0.4388721,-0.0162326,-0.7842433,-0.0000000,4.7573279,8.5754426,27.0993460
2,1,0.9700,FALL,0.3273632,5.0116139,8.0888646,25.0247285,0.1890036,-0.8380674,20.7659472,21.3679862,35.6254784,30.5938979,0.0000000,0.3989995,0.9645656,0.2638201,0.0009186,0.0033586,0.2991483,-0.1127271,-0.3336445,0.0000000,4.9910920,8.4415274,27.0262544
2,1,0.9800,FALL,0.2143669,5.1886664,8.0125955,21.4534628,0.2118946,-1.9090148,21.0732148,21.6686241,34.5779382,32.0725889,0.0000000,0.3990414,0.9610811,0.2762445,0.0009620,0.0033468,0.2465871,0.0265880,-0.2808687,0.0000000,5.2072649,8.3099204,27.0277751
2,1,0.9900,FALL,0.1496202,5.4974547,7.9831812,18.5408681,0.2569879,-0.6053618,19.8145792,23.0847447,33.9234070,33.4616905,0.0000000,0.3990825,0.9576618,0.2878744,0.0010026,0.0033352,0.1228609,0.0136579,-0.1927253,0.0000000,5.4071839,8.1812436,27.0697596
2,1,1.0000,FALL,0.1131512,5.6004197,7.9674229,16.7336120,0.3428115,-0.5617803,20.2067220,23.1575818,34.2505379,34.7666307,0.0000000,0.3991226,0.9543216,0.2987611,0.0010406,0.0033239,0.1178497,-0.0842184,-0.1339516,0.0000000,5.5920973,8.0559811,27.1210741
2,1,1.0100,FALL,-0.0332615,5.8362944,7.8638167,17.2143185,0.8498645,-1.3058648,20.5547616,24.0222454,33.1193480,35.9925086,0.0000000,0.3991619,0.9510709,0.3089529,0.0010762,0.0033129,0.0181904,0.0647401,-0.0387160,0.0000000,5.7631669,7.9345001,27.0965206
2,1,1.0200,FALL,0.1330686,5.9038799,7.7782728,15.4425341,0.7115003,-1.6598275,19.8482571,24.6167110,32.6166670,37.1441143,0.0000000,0.3992003,0.9479181,0.3184951,0.0011095,0.0033023,0.0606466,-0.0277166,-0.0251387,0.0000000,5.9214700,7.8170696,27.0283039
2,1,1.0300,FALL,0.0308276,6.0379486,7.7345758,14.7304976,0.2370641,-0.6052744,21.0259665,26.0126002,32.1825564,38.2259477,0.0000000,0.3992378,0.9448691,0.3274299,0.0011408,0.0032919,0.0527776,-0.0907712,0.0184317,0.0000000,6.0680042,7.7038763,27.0596839
2,1,1.0400,FALL,0.0533658,6.3975438,7.6719210,12.8402562,-0.9610515,-1.8429943,20.4265222,26.3578444,31.8013580,39.2422362,0.0000000,0.3992743,0.9419280,0.3357967,0.0011700,0.0032820,0.0127750,0.0756041,0.0507148,0.0000000,6.2036906,7.5950383,27.1046017
2,1,1.0500,FALL,0.0237197,6.3971246,7.2693279,13.4265848,1.5156387,-2.0864401,20.7008137,27.6762154,31.5761646,40.1969508,0.0000000,0.3993100,0.9390977,0.3436326,0.0011974,0.0032724,0.0347522,0.0962383,-0.2518719,0.0000000,6.3293790,7.4906172,27.0704004
2,1,1.0600,FALL,-0.0816600,6.4909883,7.3777864,10.2741229,0.0923833,-1.4887251,20.9567471,27.2554955,31.4163245,41.0938222,0.0000000,0.3993448,0.9363795,0.3509720,0.0012231,0.0032632,-0.0684997,-0.0255323,-0.0425856,0.0000000,6.4458521,7.3906275,27.0578801
2,1,1.0700,FALL,0.0900606,6.6437614,7.3067525,11.4460588,0.9537285,-2.0092160,20.4511689,27.7823838,30.6998296,41.9363549,0.0000000,0.3993787,0.9337737,0.3578472,0.0012472,0.0032544,0.0186170,0.0152410,0.0918248,0.0000000,6.5538303,7.2950458,27.1164644
2,1,1.0800,FALL,0.0334038,6.5828928,7.2144134,12.6251038,1.0548122,-1.2493963,20.0122595,28.4027307,31.0703920,42.7278412,0.0000000,0.3994116,0.9312797,0.3642882,0.0012697,0.0032460,-0.0375601,-0.1117803,0.0339931,0.0000000,6.6539758,7.2038178,27.0610188
2,1,1.0900,FALL,-0.0511862,6.8410419,7.1139966,10.7312436,0.3093095,-1.4254868,20.9386625,28.2775293,30.3262792,43.4713737,0.0000000,0.3994437,0.9288964,0.3703231,0.0012909,0.0032380,0.0121416,-0.0101100,0.0087999,0.0000000,6.7468975,7.1168644,27.1105600
2,1,1.1000,FALL,-0.2226908,6.8976880,7.0659152,9.8804992,1.4514322,-0.2575344,20.9795243,28.3057999,29.4141461,44.1698579,0.0000000,0.3994749,0.9266219,0.3759783,0.0013107,0.0032303,-0.3027232,0.0343576,0.1059821,0.0000000,6.8331546,7.0340872,27.0668894
2,1,1.1100,FALL,0.0471305,7.0778660,6.9675451,8.9069739,-0.8005753,-1.8710227,20.9666546,30.1922537,29.1447517,44.8260230,0.0000000,0.3995052,0.9244539,0.3812780,0.0013293,0.0032230,0.0374302,0.1149527,0.0878453,0.0000000,6.9132608,6.9553727,27.0507438
2,1,1.1200,FALL,0.0171895,7.0784236,6.8291485,9.3116734,0.7609567,-1.7383645,21.1385701,29.9138577,28.2366408,45.4424331,0.0000000,0.3995346,0.9223895,0.3862453,0.0013467,0.0032160,-0.0413457,0.0242317,-0.0295115,0.0000000,6.9876879,6.8805961,27.0940998
2,1,1.1300,FALL,0.0858408,7.2161201,6.8572089,9.7720256,-0.6451940,-1.8841588,20.2843387,29.9384343,28.1947477,46.0214968,0.0000000,0.3995631,0.9204259,0.3909014,0.0013630,0.0032094,0.1051731,0.0813697,0.0924318,0.0000000,7.0568691,6.8096243,27.0509364
2,1,1.1400,FALL,-0.0151560,7.1194144,6.7870078,8.4452071,1.1206329,-1.4335391,20.5592810,30.2557865,28.2846103,46.5654768,0.0000000,0.3995907,0.9185599,0.3952664,0.0013783,0.0032031,-0.0349778,-0.0017108,0.0701975,0.0000000,7.1212023,6.7423188,27.0637802
2,1,1.1500,FALL,-0.2053965,7.2108062,6.6387405,8.4685928,0.1760984,0.2557003,20.4924361,30.4552669,27.7827262,47.0764987,0.0000000,0.3996173,0.9167881,0.3993588,0.0013927,0.0031971,-0.1603862,0.0137667,-0.0356479,-0.0000000,7.1810531,6.6785374,27.0634161
2,1,1.1600,FALL,0.0615217,7.3433297,6.6195728,8.1409289,1.3803736,-1.7676584,20.5389327,29.8521282,27.4351809,47.5565594,0.0000000,0.3996431,0.9151070,0.4031960,0.0014062,0.0031915,0.0088095,-0.0022836,0.0122364,0.0000000,7.2367574,6.6181362,27.0681517
2,1,1.1700,FALL,0.0150047,7.3537778,6.4616497,7.0491744,1.5236453,-3.1349460,20.3832511,30.7468526,27.1130966,48.0075347,0.0000000,0.3996680,0.9135132,0.4067942,0.0014188,0.0031861,0.0937502,-0.0169259,-0.0932820,0.0000000,7.2886241,6.5609712,27.0386760
2,1,1.1800,FALL,-0.0638797,7.4440826,6.5647376,6.7698639,0.8182998,-0.2409781,20.7171529,31.2427056,27.1980687,48.4311867,0.0000000,0.3996920,0.9120030,0.4101688,0.0014307,0.0031811,0.0030234,-0.0000287,0.0785517,0.0000000,7.3369370,6.5068994,27.0354312
2,1,1.1900,FALL,0.0970432,7.5768873,6.4960530,7.3342815,-0.0339710,-1.3281591,19.9155619,31.6280363,27.1469580,48.8291710,0.0000000,0.3997151,0.9105729,0.4133337,0.0014418,0.0031762,0.1052191,0.1819730,0.1257529,0.0000000,7.3819575,6.4557795,27.0794430
2,1,1.2000,FALL,0.0092725,7.5007037,6.5088443,4.0305993,0.8670655,-0.5475519,20.5982698,30.8571368,27.6130264,49.2030426,0.0000000,0.3997373,0.9092195,0.4163024,0.0014522,0.0031717,-0.0876735,0.0545117,0.0588596,0.0000000,7.4239258,6.4074729,27.0572752
2,1,1.2100,FALL,0.1636548,7.5551191,6.4177882,6.2034660,0.8083667,0.5557530,20.6693194,31.7111501,27.1751087,49.5542625,0.0000000,0.3997586,0.9079393,0.4190872,0.0014620,0.0031674,0.1471862,0.1155689,0.0332711,0.0000000,7.4630636,6.3618446,27.0717479
2,1,1.2200,FALL,0.0134560,7.7113817,6.2251206,6.3739393,0.0327019,-0.7183407,21.1851190,32.1293384,26.8938072,49.8842031,0.0000000,0.3997790,0.9067289,0.4216996,0.0014712,0.0031633,-0.0299351,0.2058964,-0.0350983,0.0000000,7.4995746,6.3187629,27.0834305
2,1,1.2300,FALL,0.0735014,7.5395240,6.2898829,5.9658669,2.0784871,0.3988356,20.6982689,32.0810055,26.3658819,50.1941536,0.0000000,0.3997985,0.9055849,0.4241506,0.0014798,0.0031595,0.0420530,-0.0088156,-0.0356048,0.0000000,7.5336470,6.2781005,27.0760039
2,1,1.2400,FALL,0.2226546,7.6113292,6.4318879,4.9872737,0.1038505,-0.9741787,20.3641268,30.8473192,26.1732823,50.4853251,0.0000000,0.3998171,0.9045043,0.4264503,0.0014879,0.0031559,0.1755219,-0.0980287,0.1116624,0.0000000,7.5654543,6.2397344,27.0443639
2,1,1.2500,FALL,-0.0749685,7.6924691,6.2865586,-0.3596963,0.1132018,-2.2519149,20.7190674,32.6647313,25.9266169,50.7588554,0.0000000,0.3998348,0.9034837,0.4286082,0.0014955,0.0031525,-0.0690523,0.0529996,0.0411478,0.0000000,7.5951565,6.2035459,27.0691439
2,1,1.2600,FALL,0.0894574,7.6199954,6.1308161,0.1680584,0.8649688,-0.7865836,20.6047254,32.5804607,25.3678169,51.0158134,0.0000000,0.3998516,0.9025204,0.4306330,0.0015026,0.0031492,0.0476838,0.0147806,0.0224097,0.0000000,7.6229015,6.1694212,27.0479385
2,1,1.2700,FALL,0.0029511,7.7614318,6.1834909,-0.5627087,0.3108602,-1.2836193,20.3074567,33.3210519,25.4412249,51.2572030,0.0000000,0.3998674,0.9016112,0.4325332,0.0015093,0.0031462,-0.0625280,0.0574695,0.0400563,0.0000000,7.6488258,6.1372509,27.1110953
2,1,1.2800,FALL,0.0465249,7.7640006,6.1923225,0.4774009,0.0356614,-1.3624317,20.3147185,32.1960621,25.7729852,51.4839676,0.0000000,0.3998824,0.9007535,0.4343166,0.0015156,0.0031433,-0.0112091,0.0117360,-0.0373479,0.0000000,7.6730558,6.1069305,27.1211129
2,1,1.2900,FALL,0.0439742,7.8330097,6.0990838,0.7785175,-0.0285809,-1.5551518,20.3661601,32.7807143,25.6052964,51.6969933,0.0000000,0.3998965,0.8999446,0.4359903,0.0015215,0.0031406,0.0651464,0.0160865,-0.0196451,0.0000000,7.6957082,6.0783599,27.0730558
2,1,1.3000,FALL,0.0292223,7.7874404,5.9992443,0.5420018,0.2772274,-1.1048641,20.7364115,32.7158582,25.2659678,51.8971123,0.0000000,0.3999097,0.8991818,0.4375613,0.0015270,0.0031380,-0.0030388,0.0449170,-0.0074163,0.0000000,7.7168914,6.0514438,27.1224390
2,1,1.3100,FALL,0.0922366,7.8284311,5.9714027,-0.6079270,0.4477159,-1.6679879,19.9774402,33.1200656,25.2749135,52.0851068,0.0000000,0.3999220,0.8984627,0.4390359,0.0015322,0.0031356,0.0261345,-0.0054396,-0.0376330,0.0000000,7.7367053,6.0260912,27.0424173
2,1,1.3200,FALL,-0.0117472,7.7303607,6.0314668,0.4328548,1.1211883,-1.5604343,20.8694031,32.4753927,25.2394402,52.2617112,0.0000000,0.3999334,0.8977851,0.4404200,0.0015371,0.0031334,0.0224917,-0.0932789,-0.0071467,-0.0000000,7.7552429,6.0022155,27.0825682
2,1,1.3300,FALL,-0.0124351,7.7629022,5.9600981,-0.5795475,-0.0683880,-0.8103326,20.2331493,32.6338117,25.2637199,52.4276158,0.0000000,0.3999439,0.8971465,0.4417194,0.0015417,0.0031312,-0.0098229,0.0146148,0.0108921,0.0000000,7.7725903,5.9797345,27.0720083
2,1,1.3400,FALL,0.0857297,7.8220148,5.9303924,0.0541205,0.4317401,-0.9894470,20.8516696,33.2124743,24.7724147,52.5834687,0.0000000,0.3999535,0.8965449,0.4429392,0.0015460,0.0031292,0.0239387,-0.0138896,0.0054580,0.0000000,7.7888273,5.9585698,27.0785097
2,1,1.3500,FALL,0.0867240,7.8563397,5.8968373,-0.8107147,0.8866722,-1.0425250,20.7127126,32.2110181,24.9618375,52.7298789,0.0000000,0.3999622,0.8959782,0.4440843,0.0015500,0.0031273,0.0134910,0.0373079,0.0129449,0.0000000,7.8040280,5.9386473,27.0343903
2,1,1.3600,FALL,0.0143011,7.8883970,5.9113692,-0.1164713,0.9706789,-0.0909727,21.2085869,33.3578111,25.3113336,52.8674186,0.0000000,0.3999700,0.8954446,0.4451594,0.0015538,0.0031255,-0.0503388,-0.0139220,0.0624003,0.0000000,7.8182613,5.9198964,27.0722443
2,1,1.3700,FALL,0.0080500,7.8529202,5.8021916,-1.0821294,0.5579999,-1.0074280,20.6301587,33.1916437,24.3917796,52.9966251,0.0000000,0.3999769,0.8949421,0.4461687,0.0015573,0.0031238,0.0266263,0.0156384,0.0276725,0.0000000,7.8315913,5.9022506,27.0745441
2,1,1.3800,FALL,0.0917832,7.9005847,5.8722357,-0.9982528,0.5616529,-0.8890585,20.8028183,33.3466080,24.7272155,53.1180035,0.0000000,0.3999829,0.8944690,0.4471164,0.0015607,0.0031222,0.0205162,-0.0235223,0.0041513,0.0000000,7.8440773,5.8856465,27.1120158
2,1,1.3900,FALL,0.0217859,7.9077264,5.8697337,-0.3474986,0.3645188,-1.9262276,20.2405538,34.0304241,24.7322215,53.2320279,0.0000000,0.3999880,0.8940236,0.4480063,0.0015638,0.0031207,-0.0211151,-0.0578101,-0.0359931,-0.0000000,7.8557748,5.8700244,27.0580802
2,1,1.4000,FALL,0.0468630,7.8862463,5.9207830,-0.3282491,1.0186403,-1.5184096,20.5785322,33.2254407,24.7201135,53.3391439,0.0000000,0.3999922,0.8936044,0.4488418,0.0015667,0.0031192,-0.0409457,-0.0137898,-0.0152885,0.0000000,7.8667353,5.8553275,27.1054537
2,1,1.4100,FALL,0.0450080,7.9221236,5.8610066,-0.9709951,1.0642426,-1.6353609,20.4770860,33.3438505,24.2046011,53.4397701,0.0000000,0.3999955,0.8932100,0.4496263,0.0015695,0.0031179,0.0178600,-0.0067673,0.0122633,-0.0000000,7.8770066,5.8415025,27.1049569
2,1,1.4200,FALL,0.0963439,7.8898806,5.8116317,-0.8185381,0.4751603,-0.8725945,20.3732015,32.9549277,24.3021105,53.5342996,0.0000000,0.3999979,0.8928387,0.4503630,0.0015721,0.0031166,0.0317397,-0.0016491,0.0131563,-0.0000000,7.8866335,5.8284987,27.1121993
2,1,1.4300,FALL,0.0535191,7.8889735,5.8042646,-0.2709268,0.3401495,-0.5853374,20.6460550,33.5749527,24.2756097,53.6231019,0.0000000,0.3999994,0.8924895,0.4510547,0.0015745,0.0031154,0.0178757,-0.0392549,0.0391450,0.0000000,7.8956575,5.8162682,27.1157473
2,1,1.4400,FALL,0.0080554,7.9194675,5.8203664,-0.7488761,0.9155837,-1.6684946,21.0004247,33.7341073,24.6078200,53.7065240,0.0000000,0.4000000,0.8921609,0.4517043,0.0015768,0.0031142,0.0333253,0.0076185,-0.0032884,0.0000000,7.9041176,5.8047661,27.1062490
2,1,1.4500,FALL,0.0434938,8.0057924,5.7647813,-0.9878281,1.3943601,-1.0771110,20.2749960,33.3823311,24.0293494,53.7848917,0.0000000,0.3999997,0.8918517,0.4523144,0.0015789,0.0031132,0.0782209,0.0792413,-0.0380729,0.0000000,7.9120498,5.7939496,27.1009392
2,1,1.4600,FALL,0.0040572,8.0338910,5.7298622,-0.6760222,0.4865496,-0.5239712,20.2632883,34.3289505,24.4788137,53.8585114,0.0000000,0.3999985,0.8915610,0.4528873,0.0015809,0.0031121,-0.0103499,0.0085506,0.0337238,-0.0000000,7.9194880,5.7837786,27.0510059
2,1,1.4700,FALL,0.0693183,8.0681769,5.7187978,-0.2289203,0.4122500,-0.6686693,20.4376225,33.4040576,24.2123323,53.9276707,0.0000000,0.3999964,0.8912875,0.4534253,0.0015827,0.0031112,0.0236795,-0.0159820,-0.0477797,-0.0000000,7.9264635,5.7742151,27.1244429
2,1,1.4800,FALL,0.0461543,7.9183101,5.7262502,-0.9828599,0.2039756,-1.1988536,20.2826522,33.7375530,24.1092856,53.9926399,0.0000000,0.3999934,0.8910303,0.4539305,0.0015845,0.0031102,-0.0007714,-0.0202903,0.0114130,0.0000000,7.9330060,5.7652234,27.1193943
2,1,1.4900,FALL,0.0302724,7.9479984,5.8365763,-1.0924802,0.5534155,-1.1266994,20.3810844,33.7897213,23.9429611,54.0536727,0.0000000,0.3999895,0.8907884,0.4544050,0.0015861,0.0031094,0.0375333,0.0114030,0.0095478,0.0000000,7.9391427,5.7567697,27.1016659
2,1,1.5000,FALL,0.0332341,8.0426398,5.7232976,-1.1098698,0.4109898,-1.2409338,20.5313728,33.5855918,23.8239213,54.1110078,0.0000000,0.3999847,0.8905609,0.4548507,0.0015877,0.0031085,0.0127244,0.0205771,0.0106006,0.0000000,7.9448995,5.7488222,27.1559138
2,1,1.5100,FALL,0.0046707,7.9845148,5.7580154,-1.2744899,1.1549676,-1.5973079,20.3583798,33.4951126,23.7623992,54.1648691,0.0000000,0.3999790,0.8903470,0.4552692,0.0015891,0.0031077,-0.0051816,-0.0572916,0.0080412,0.0000000,7.9503002,5.7413510,27.1575551
2,1,1.5200,FALL,-0.0091505,8.0458980,5.7711886,-1.6427985,0.9046166,-0.6530969,20.3551384,33.7451196,23.4827540,54.2154671,0.0000000,0.3999724,0.8901459,0.4556623,0.0015905,0.0031070,-0.0712410,-0.0435950,0.0179848,0.0000000,7.9553673,5.7343278,27.0860832
2,1,1.5300,FALL,-0.0280067,8.0133454,5.6975443,-1.1096089,1.0357549,-0.9570875,20.5537526,33.8565747,24.3084706,54.2629996,0.0000000,0.3999649,0.8899568,0.4560315,0.0015917,0.0031063,-0.0111783,-0.0411888,-0.0201069,0.0000000,7.9601217,5.7277261,27.0673785
2,1,1.5400,FALL,0.0894266,8.0774885,5.6970131,-1.4778018,0.2803671,-0.3689846,20.2381152,34.2851264,23.2679417,54.3076522,0.0000000,0.3999565,0.8897790,0.4563782,0.0015929,0.0031056,0.0464511,0.0048998,-0.0399704,0.0000000,7.9645831,5.7215208,27.0635492
2,1,1.5500,FALL,-0.0185360,8.0408161,5.6405692,-1.5760294,0.4948216,-1.1346104,20.9321791,34.0240690,23.9191998,54.3495994,0.0000000,0.3999472,0.8896119,0.4567039,0.0015940,0.0031049,-0.0390475,0.0044997,-0.0009074,0.0000000,7.9687698,5.7156882,27.1524904
2,1,1.5600,FALL,0.0118930,8.0497607,5.6504172,-1.4301126,0.7167650,-0.9219152,20.2121915,33.4637652,23.8731472,54.3890052,0.0000000,0.3999370,0.8894548,0.4570098,0.0015950,0.0031043,-0.0006970,0.0472903,-0.0143708,-0.0000000,7.9726990,5.7102063,27.1257830
2,1,1.5700,FALL,0.0190789,8.0127749,5.7691503,-1.4012699,0.7440915,-1.2694404,20.0880657,34.1019732,24.1880735,54.4260235,0.0000000,0.3999258,0.8893071,0.4572971,0.0015960,0.0031037,0.0060001,0.0068495,-0.0048296,0.0000000,7.9763866,5.7050540,27.0638112
2,1,1.5800,FALL,0.0341789,8.0512284,5.6422309,-1.0595493,0.7230840,-1.5379236,20.5380234,33.5851826,23.9275107,54.4607990,0.0000000,0.3999138,0.8891683,0.4575670,0.0015969,0.0031031,-0.0273357,0.0513255,-0.0398382,0.0000000,7.9798478,5.7002117,27.0900027
2,1,1.5900,FALL,0.0232459,8.0493312,5.6088573,-1.1581440,0.8723289,-1.0543860,20.8260141,33.6407773,23.4982672,54.4934675,0.0000000,0.3999009,0.8890378,0.4578204,0.0015977,0.0031026,-0.0758455,-0.0584467,-0.0792457,0.0000000,7.9830966,5.6956609,27.0935963
2,1,1.6000,FALL,0.0532220,8.1063480,5.8077079,-1.5498035,0.9911762,-1.5522990,20.3186901,33.2926513,23.5861332,54.5241568,0.0000000,0.3998871,0.8889152,0.4580585,0.0015985,0.0031020,-0.0435198,0.0352356,0.0605235,0.0000000,7.9861462,5.6913841,27.1017923
2,1,1.6100,FALL,0.0659058,8.0822284,5.6925406,-1.1879858,0.6495971,-1.3559836,20.0930263,34.1107216,23.6457863,54.5529866,0.0000000,0.3998724,0.8887999,0.4582822,0.0015992,0.0031015,0.0410912,-0.0524619,0.0143048,0.0000000,7.9890090,5.6873649,27.1259815
2,1,1.6200,FALL,-0.0234688,8.0459650,5.5897513,-1.1521029,0.8900461,-1.4463814,20.6442634,34.1275614,23.3105646,54.5800698,0.0000000,0.3998568,0.8886916,0.4584922,0.0015999,0.0031010,-0.0102802,-0.0015093,-0.0289963,-0.0000000,7.9916965,5.6835879,27.1013937
2,1,1.6300,FALL,0.0799771,8.0623916,5.6892156,-1.7351236,0.9991567,-1.0395756,20.3233996,33.8871172,24.0677428,54.6055121,0.0000000,0.3998403,0.8885898,0.4586895,0.0016005,0.0031005,0.0334077,-0.0104115,0.0698930,-0.0000000,7.9942195,5.6800387,27.1255739
2,1,1.6400,FALL,0.0094760,8.0182911,5.6736659,-0.9028064,1.2162969,-1.5149762,20.2445057,33.4349074,24.0235698,54.6294129,0.0000000,0.3998229,0.8884941,0.4588748,0.0016011,0.0031001,-0.0229826,-0.0344425,0.0241248,-0.0000000,7.9965882,5.6767034,27.1022187
2,1,1.6500,FALL,-0.0083968,8.0337177,5.6469440,-1.1023277,0.9131670,-0.4681151,20.3940845,33.4381361,24.1327587,54.6518657,0.0000000,0.3998046,0.8884041,0.4590489,0.0016016,0.0030996,0.0106546,0.0298442,-0.0281121,-0.0000000,7.9988121,5.6735693,27.0956138
2,1,1.6600,FALL,0.0149818,8.0740056,5.6584741,-1.0137800,0.1059841,-1.2533472,20.4384790,33.7461482,23.2319496,54.6729580,0.0000000,0.3997854,0.8883196,0.4592124,0.0016021,0.0030992,0.0027183,0.0633164,0.0766072,0.0000000,8.0009002,5.6706243,27.0536033
2,1,1.6700,FALL,0.0464928,8.0693503,5.7089474,-1.7398647,0.7169267,-0.6498253,20.4813290,33.8600634,23.3841042,54.6927725,0.0000000,0.3997653,0.8882402,0.4593660,0.0016026,0.0030987,0.0263724,0.0029479,0.0106681,-0.0000000,8.0028608,5.6678570,27.0689317
2,1,1.6800,FALL,0.0342703,8.0377383,5.6426801,-1.0567506,0.9186952,-1.6630177,19.9760063,34.5476748,24.1889558,54.7113865,0.0000000,0.3997443,0.8881656,0.4595103,0.0016030,0.0030983,0.0491786,-0.0625617,-0.0627781,-0.0000000,8.0047017,5.6652568,27.1094873
2,1,1.6900,FALL,0.0060435,8.1131676,5.6626226,-1.5954992,0.1788018,-0.9453683,20.1525887,34.0741678,23.9294106,54.7288727,0.0000000,0.3997224,0.8880955,0.4596458,0.0016034,0.0030979,-0.0506539,-0.0001901,-0.0125569,0.0000000,8.0064303,5.6628136,27.1235760
2,1,1.7000,FALL,0.0697636,8.0490832,5.7488503,-1.3591527,1.5061985,-1.1686014,20.2903698,34.4427253,24.0781503,54.7452995,0.0000000,0.3996996,0.8880296,0.4597731,0.0016037,0.0030975,0.0381969,0.0257689,0.0026460,-0.0000000,8.0080535,5.6605179,27.1289245
2,1,1.7100,FALL,-0.0288073,8.0769012,5.7001044,-1.7640059,0.3311749,-0.8559718,20.0348457,34.3108753,22.9527238,54.7607310,0.0000000,0.3996759,0.8879676,0.4598927,0.0016040,0.0030971,0.0203827,-0.0170686,0.0136629,0.0000000,8.0095778,5.6583609,27.0436812
2,1,1.7200,FALL,0.0336914,8.1301269,5.5636523,-1.2576232,1.1436212,-0.9324944,20.2754444,33.9024037,23.5872586,54.7752276,0.0000000,0.3996513,0.8879095,0.4600050,0.0016043,0.0030967,0.0127346,-0.0155440,-0.0476548,0.0000000,8.0110092,5.6563341,27.1322490
2,1,1.7300,FALL,0.0330827,8.0122200,5.6421690,-0.5413821,0.9763508,-1.4480078,20.3705114,33.9716044,23.6752531,54.7888458,0.0000000,0.3996259,0.8878548,0.4601106,0.0016046,0.0030963,0.0366025,0.0203089,0.0140112,0.0000000,8.0123534,5.6544299,27.1204048
2,1,1.7400,FALL,-0.0510005,8.0723366,5.6477902,-1.9868215,1.2241074,-1.1103800,19.5471280,33.9589101,24.0183800,54.8016390,0.0000000,0.3995995,0.8878034,0.4602097,0.0016048,0.0030959,0.0126202,-0.0163511,-0.0012276,0.0000000,8.0136157,5.6526407,27.0714289
2,1,1.7500,FALL,-0.0879164,8.1221325,5.6961234,-0.8336612,1.0474063,-1.6054377,20.4375110,34.0847288,22.2308389,54.8136571,0.0000000,0.3995722,0.8877551,0.4603028,0.0016050,0.0030955,-0.0987631,0.0288381,0.0071547,0.0000000,8.0148012,5.6509597,27.1520078
2,1,1.7600,FALL,0.0722062,8.1611497,5.6679937,-1.6811761,1.4109686,-1.0748668,20.6881290,33.8784001,23.8630327,54.8249471,0.0000000,0.3995440,0.8877098,0.4603903,0.0016052,0.0030952,-0.0105148,0.0516587,-0.0299521,0.0000000,8.0159146,5.6493803,27.0926334
2,1,1.7700,FALL,-0.0232289,8.0892386,5.6709237,-1.2161020,0.1039869,-1.0649777,21.0887842,33.7614360,23.6906799,54.8355530,0.0000000,0.3995149,0.8876672,0.4604724,0.0016054,0.0030948,-0.0329554,-0.0871439,0.0291313,-0.0000000,8.0169602,5.6478964,27.0574830
2,1,1.7800,FALL,0.0021959,8.0929631,5.6158705,-1.3173075,1.0572978,-1.7577594,20.4538783,33.9960986,23.7600501,54.8455163,0.0000000,0.3994849,0.8876271,0.4605496,0.0016056,0.0030944,-0.0463288,-0.0338434,-0.0242476,0.0000000,8.0179422,5.6465022,27.1206220
2,1,1.7900,FALL,-0.0401079,7.9937313,5.6074314,-1.5270337,0.9768807,-1.6590990,20.7140762,33.7958742,22.7589563,54.8548760,0.0000000,0.3994540,0.8875895,0.4606221,0.0016057,0.0030941,0.0383584,-0.0640688,0.0498043,0.0000000,8.0188645,5.6451924,27.1071386
2,1,1.8000,FALL,-0.0015321,7.9309734,5.6563313,-1.6258893,0.5743999,-1.3641707,20.8420012,34.5129622,23.2098353,54.8636686,0.0000000,0.3994222,0.8875542,0.4606902,0.0016058,0.0030937,-0.0501323,-0.0500737,0.0105010,0.0000000,8.0197307,5.6439617,27.1133997
2,1,1.8100,FALL,0.0452032,8.0749060,5.5934882,-1.5727197,0.2855227,-1.1884488,20.0419870,34.2725925,24.0513218,54.8719285,0.0000000,0.3993895,0.8875210,0.4607542,0.0016059,0.0030933,-0.0194735,0.0207814,-0.0410056,0.0000000,8.0205443,5.6428055,27.1117793
2,1,1.8200,FALL,-0.0529887,7.9225824,5.6746886,-1.3236090,0.6666980,-1.3304278,20.3918931,34.5738961,23.7820278,54.8796880,0.0000000,0.3993559,0.8874898,0.4608143,0.0016060,0.0030929,0.0297885,-0.0723903,0.0050628,0.0000000,8.0213084,5.6417193,27.1031339
2,1,1.8300,FALL,-0.0189037,8.0412004,5.6515183,-1.3221796,0.6350448,-1.7843543,19.7289353,33.8745813,23.9656192,54.8869773,0.0000000,0.3993215,0.8874604,0.4608707,0.0016060,0.0030926,-0.1036276,-0.0193027,-0.0474429,-0.0000000,8.0220261,5.6406987,27.1246806
2,1,1.8400,FALL,-0.0074390,7.9271910,5.6328305,-1.3659835,0.4731428,-1.2777464,20.2692355,34.7716816,23.2526772,54.8938250,0.0000000,0.3992861,0.8874329,0.4609238,0.0016061,0.0030922,0.0105904,-0.0808654,0.0111294,0.0000000,8.0227002,5.6397399,27.1667146
2,1,1.8500,FALL,0.0348768,8.0856981,5.6752337,-1.3186780,0.8508716,-1.6687795,20.6166876,34.2305190,23.3057554,54.9002578,0.0000000,0.3992498,0.8874070,0.4609736,0.0016061,0.0030918,0.0352951,0.0291985,-0.0332422,0.0000000,8.0233333,5.6388391,27.1374823
2,1,1.8600,FALL,0.0163352,8.0494852,5.6273309,-1.5468857,0.8763161,-1.5241482,20.1926146,34.5616803,23.6837405,54.9063009,0.0000000,0.3992126,0.8873827,0.4610204,0.0016061,0.0030915,0.0450122,-0.0263197,0.0046573,0.0000000,8.0239280,5.6379929,27.1472851
2,1,1.8700,FALL,0.0630012,8.0632105,5.6034874,-1.6569766,0.7442852,-1.2726552,21.0835322,34.3426886,23.6056868,54.9119779,0.0000000,0.3991745,0.8873599,0.4610643,0.0016061,0.0030911,0.0129522,-0.1036975,0.0113652,-0.0000000,8.0244866,5.6371978,27.1264713
2,1,1.8800,FALL,0.0188408,8.1051935,5.6757079,-1.8417608,0.1210133,-1.9009541,20.4806498,33.7479978,23.0167149,54.9173108,0.0000000,0.3991356,0.8873384,0.4611056,0.0016061,0.0030907,0.0372188,0.0094450,0.0239797,0.0000000,8.0250112,5.6364509,27.1329900
2,1,1.8900,FALL,0.0541953,8.0745101,5.5603310,-2.0130131,1.0107972,-0.4493362,19.7790783,34.1568787,23.2241380,54.9223207,0.0000000,0.3990957,0.8873183,0.4611444,0.0016061,0.0030903,0.0522693,0.0183567,0.0013418,0.0000000,8.0255041,5.6357492,27.1544199
2,1,1.9000,FALL,-0.0056881,8.1414713,5.6315192,-0.9833196,0.5925849,-0.8435871,20.4663094,33.5898039,23.8118791,54.9270271,0.0000000,0.3990549,0.8872993,0.4611809,0.0016060,0.0030900,0.0181550,0.0257932,-0.0069925,0.0000000,8.0259670,5.6350899,27.1391163
2,1,1.9100,FALL,-0.0024861,8.0370399,5.6391026,-1.4333031,0.4860853,-2.0059460,20.8717739,34.3921153,23.6628183,54.9314483,0.0000000,0.3990132,0.8872815,0.4612151,0.0016060,0.0030896,-0.0222111,0.0014849,-0.0718270,-0.0000000,8.0264018,5.6344706,27.0712253
2,1,1.9200,FALL,0.0152696,8.0738329,5.5980161,-1.4544671,0.8184757,-0.8802979,20.3809497,34.0058581,23.7781247,54.9356016,0.0000000,0.3989707,0.8872648,0.4612473,0.0016059,0.0030892,0.0130509,0.0506665,-0.0252368,0.0000000,8.0268102,5.6338888,27.1768524
2,1,1.9300,FALL,-0.0271950,8.0322348,5.6222767,-0.9107017,-0.4940970,-1.1722059,20.5022587,34.0329289,23.9980005,54.9395033,0.0000000,0.3989272,0.8872491,0.4612775,0.0016059,0.0030888,-0.0290840,0.0083365,-0.0264586,0.0000000,8.0271938,5.6333421,27.1690354
2,1,1.9400,FALL,0.0477135,8.1414985,5.6455134,-1.6349493,0.2717679,-0.8511014,21.3091463,33.9629608,23.2434324,54.9431686,0.0000000,0.3988828,0.8872344,0.4613059,0.0016058,0.0030884,0.0269317,0.0237991,0.0761507,0.0000000,8.0275542,5.6328286,27.1257268
2,1,1.9500,FALL,0.0088974,8.0635854,5.5544164,-1.4659988,0.4563502,-1.1289706,20.8405590,34.0566309,23.5204493,54.9466119,0.0000000,0.3988376,0.8872205,0.4613325,0.0016057,0.0030880,0.0036222,0.0030327,0.0470399,0.0000000,8.0278927,5.6323462,27.1387853
2,1,1.9600,FALL,0.1179232,7.9736572,5.6474709,-1.5108928,1.1781768,-0.8266822,20.8751808,33.4161458,23.7333048,54.9498465,0.0000000,0.3987914,0.8872075,0.4613576,0.0016056,0.0030876,-0.0173136,-0.0110438,0.0042144,-0.0000000,8.0282106,5.6318930,27.1277065
2,1,1.9700,FALL,0.0733004,8.0349768,5.6666279,-1.9089636,1.0288276,-1.1410626,20.1947539,33.6690354,23.4140786,54.9528851,0.0000000,0.3987444,0.8871952,0.4613811,0.0016055,0.0030872,0.0179942,-0.0450673,0.0035614,0.0000000,8.0285093,5.6314672,27.1309833
2,1,1.9800,FALL,-0.0013228,8.0745912,5.6464224,-2.1340196,0.8605399,-0.7489398,20.2324937,33.7803830,23.6682389,54.9557397,0.0000000,0.3986964,0.8871837,0.4614032,0.0016054,0.0030868,-0.0265062,0.0432037,-0.0237457,0.0000000,8.0287899,5.6310672,27.0986625
2,1,1.9900,FALL,0.0591359,8.0634436,5.6583395,-1.7400934,0.5649741,-1.9642781,20.4384640,34.5078363,22.9527045,54.9584213,0.0000000,0.3986476,0.8871729,0.4614239,0.0016052,0.0030864,0.0101798,-0.0519408,0.0834130,0.0000000,8.0290534,5.6306914,27.1176858
